scenario,mode,epsilon,seed,policy,H_malicious_hops,delta_undetected_s,delta_total_s,delta_evade_worst_s,floor_composed,floor_composed_worst,floor_autonomy_only,floor_network_only,floor_composed__kinematic_v15,floor_autonomy_only__kinematic_v15,floor_composed__empirical_receiver,floor_autonomy_only__empirical_receiver,floor_composed__empirical_ekf,floor_autonomy_only__empirical_ekf
1,low,0.25,37,AODV,2,0.0,8.137,0.5,1.0,0.0,0.0,0.0,1.0,0.0,1.0,0.0,1.0,0.0
1,low,0.25,37,DSDV,2,0.0,8.137,0.5,1.0,0.0,0.0,0.0,1.0,0.0,1.0,0.0,1.0,0.0
1,low,0.25,37,DSR,2,0.0,8.137,0.5,1.0,0.0,0.0,0.0,1.0,0.0,1.0,0.0,1.0,0.0
1,low,0.25,37,OLSR,2,0.0,8.137,0.5,1.0,0.0,0.0,0.0,1.0,0.0,1.0,0.0,1.0,0.0
1,low,0.25,38,AODV,2,0.0,8.435,0.5,1.0,0.0,0.0,0.0,1.0,0.0,1.0,0.0,1.0,0.0
1,low,0.25,38,DSDV,2,0.0,8.435,0.5,1.0,0.0,0.0,0.0,1.0,0.0,1.0,0.0,1.0,0.0
1,low,0.25,38,DSR,2,0.0,68.435,0.5,1.0,0.0,0.0,0.0,1.0,0.0,1.0,0.0,1.0,0.0
1,low,0.25,38,OLSR,2,0.0,8.435,0.5,1.0,0.0,0.0,0.0,1.0,0.0,1.0,0.0,1.0,0.0
1,low,0.25,39,AODV,2,0.0,8.435,0.5,1.0,0.0,0.0,0.0,1.0,0.0,1.0,0.0,1.0,0.0
1,low,0.25,39,DSDV,2,0.0,8.435,0.5,1.0,0.0,0.0,0.0,1.0,0.0,1.0,0.0,1.0,0.0
1,low,0.25,39,DSR,2,0.0,68.435,0.5,1.0,0.0,0.0,0.0,1.0,0.0,1.0,0.0,1.0,0.0
1,low,0.25,39,OLSR,2,0.0,8.435,0.5,1.0,0.0,0.0,0.0,1.0,0.0,1.0,0.0,1.0,0.0
1,low,0.25,40,AODV,2,0.0,67.253,0.5,1.0,0.0,0.0,0.0,1.0,0.0,1.0,0.0,1.0,0.0
1,low,0.25,40,DSDV,1,0.0,63.415,0.25,1.0,0.25,0.0,0.0,1.0,0.0,1.0,0.0,1.0,0.0
1,low,0.25,40,DSR,2,0.0,127.253,0.5,1.0,0.0,0.0,0.0,1.0,0.0,1.0,0.0,1.0,0.0
1,low,0.25,40,OLSR,2,0.0,67.253,0.5,1.0,0.0,0.0,0.0,1.0,0.0,1.0,0.0,1.0,0.0
1,low,0.25,41,AODV,1,0.0,3.838,0.25,1.0,0.25,0.0,0.0,1.0,0.0,1.0,0.25,1.0,0.25
1,low,0.25,41,DSDV,1,0.0,3.838,0.25,1.0,0.25,0.0,0.0,1.0,0.0,1.0,0.25,1.0,0.25
1,low,0.25,41,DSR,2,0.0,247.676,0.5,1.0,0.0,0.0,0.0,1.0,0.0,1.0,0.0,1.0,0.0
1,low,0.25,41,OLSR,1,0.0,3.838,0.25,1.0,0.25,0.0,0.0,1.0,0.0,1.0,0.25,1.0,0.25
1,low,0.25,42,AODV,2,0.0,7.457,0.5,1.0,0.0,0.0,0.0,1.0,0.0,1.0,0.0,1.0,0.0
1,low,0.25,42,DSDV,2,0.0,7.457,0.5,1.0,0.0,0.0,0.0,1.0,0.0,1.0,0.0,1.0,0.0
1,low,0.25,42,DSR,2,0.0,67.457,0.5,1.0,0.0,0.0,0.0,1.0,0.0,1.0,0.0,1.0,0.0
1,low,0.25,42,OLSR,2,0.0,7.457,0.5,1.0,0.0,0.0,0.0,1.0,0.0,1.0,0.0,1.0,0.0
1,low,0.25,43,AODV,2,0.0,7.253,0.5,1.0,0.0,0.0,0.0,1.0,0.0,1.0,0.0,1.0,0.0
1,low,0.25,43,DSDV,2,0.0,7.253,0.5,1.0,0.0,0.0,0.0,1.0,0.0,1.0,0.0,1.0,0.0
1,low,0.25,43,DSR,2,0.0,7.253,0.5,1.0,0.0,0.0,0.0,1.0,0.0,1.0,0.0,1.0,0.0
1,low,0.25,43,OLSR,2,0.0,7.253,0.5,1.0,0.0,0.0,0.0,1.0,0.0,1.0,0.0,1.0,0.0
1,low,0.25,44,AODV,2,0.0,7.02,0.5,1.0,0.0,0.0,0.0,1.0,0.0,1.0,0.0,1.0,0.0
1,low,0.25,44,DSDV,2,0.0,7.02,0.5,1.0,0.0,0.0,0.0,1.0,0.0,1.0,0.0,1.0,0.0
1,low,0.25,44,DSR,2,0.0,67.02,0.5,1.0,0.0,0.0,0.0,1.0,0.0,1.0,0.0,1.0,0.0
1,low,0.25,44,OLSR,2,0.0,7.02,0.5,1.0,0.0,0.0,0.0,1.0,0.0,1.0,0.0,1.0,0.0
1,low,0.5,37,AODV,2,0.0,8.137,1.0,1.0,0.0,0.0,0.0,1.0,0.0,1.0,0.0,1.0,0.0
1,low,0.5,37,DSDV,2,0.0,8.137,1.0,1.0,0.0,0.0,0.0,1.0,0.0,1.0,0.0,1.0,0.0
1,low,0.5,37,DSR,2,0.0,8.137,1.0,1.0,0.0,0.0,0.0,1.0,0.0,1.0,0.0,1.0,0.0
1,low,0.5,37,OLSR,2,0.0,8.137,1.0,1.0,0.0,0.0,0.0,1.0,0.0,1.0,0.0,1.0,0.0
1,low,0.5,38,AODV,2,0.0,8.435,1.0,1.0,0.0,0.0,0.0,1.0,0.0,1.0,0.0,1.0,0.0
1,low,0.5,38,DSDV,2,0.0,8.435,1.0,1.0,0.0,0.0,0.0,1.0,0.0,1.0,0.0,1.0,0.0
1,low,0.5,38,DSR,2,0.0,68.435,1.0,1.0,0.0,0.0,0.0,1.0,0.0,1.0,0.0,1.0,0.0
1,low,0.5,38,OLSR,2,0.0,8.435,1.0,1.0,0.0,0.0,0.0,1.0,0.0,1.0,0.0,1.0,0.0
1,low,0.5,39,AODV,2,0.0,8.435,1.0,1.0,0.0,0.0,0.0,1.0,0.0,1.0,0.0,1.0,0.0
1,low,0.5,39,DSDV,2,0.0,8.435,1.0,1.0,0.0,0.0,0.0,1.0,0.0,1.0,0.0,1.0,0.0
1,low,0.5,39,DSR,2,0.0,68.435,1.0,1.0,0.0,0.0,0.0,1.0,0.0,1.0,0.0,1.0,0.0
1,low,0.5,39,OLSR,2,0.0,8.435,1.0,1.0,0.0,0.0,0.0,1.0,0.0,1.0,0.0,1.0,0.0
1,low,0.5,40,AODV,2,0.0,67.253,1.0,1.0,0.0,0.0,0.0,1.0,0.0,1.0,0.0,1.0,0.0
1,low,0.5,40,DSDV,1,0.0,63.415,0.5,1.0,0.0,0.0,0.0,1.0,0.0,1.0,0.0,1.0,0.0
1,low,0.5,40,DSR,2,0.0,127.253,1.0,1.0,0.0,0.0,0.0,1.0,0.0,1.0,0.0,1.0,0.0
1,low,0.5,40,OLSR,2,0.0,67.253,1.0,1.0,0.0,0.0,0.0,1.0,0.0,1.0,0.0,1.0,0.0
1,low,0.5,41,AODV,1,0.0,3.838,0.5,1.0,0.0,0.0,0.0,1.0,0.0,1.0,0.25,1.0,0.25
1,low,0.5,41,DSDV,1,0.0,3.838,0.5,1.0,0.0,0.0,0.0,1.0,0.0,1.0,0.25,1.0,0.25
1,low,0.5,41,DSR,2,0.0,247.676,1.0,1.0,0.0,0.0,0.0,1.0,0.0,1.0,0.0,1.0,0.0
1,low,0.5,41,OLSR,1,0.0,3.838,0.5,1.0,0.0,0.0,0.0,1.0,0.0,1.0,0.25,1.0,0.25
1,low,0.5,42,AODV,2,0.0,7.457,1.0,1.0,0.0,0.0,0.0,1.0,0.0,1.0,0.0,1.0,0.0
1,low,0.5,42,DSDV,2,0.0,7.457,1.0,1.0,0.0,0.0,0.0,1.0,0.0,1.0,0.0,1.0,0.0
1,low,0.5,42,DSR,2,0.0,67.457,1.0,1.0,0.0,0.0,0.0,1.0,0.0,1.0,0.0,1.0,0.0
1,low,0.5,42,OLSR,2,0.0,7.457,1.0,1.0,0.0,0.0,0.0,1.0,0.0,1.0,0.0,1.0,0.0
1,low,0.5,43,AODV,2,0.0,7.253,1.0,1.0,0.0,0.0,0.0,1.0,0.0,1.0,0.0,1.0,0.0
1,low,0.5,43,DSDV,2,0.0,7.253,1.0,1.0,0.0,0.0,0.0,1.0,0.0,1.0,0.0,1.0,0.0
1,low,0.5,43,DSR,2,0.0,7.253,1.0,1.0,0.0,0.0,0.0,1.0,0.0,1.0,0.0,1.0,0.0
1,low,0.5,43,OLSR,2,0.0,7.253,1.0,1.0,0.0,0.0,0.0,1.0,0.0,1.0,0.0,1.0,0.0
1,low,0.5,44,AODV,2,0.0,7.02,1.0,1.0,0.0,0.0,0.0,1.0,0.0,1.0,0.0,1.0,0.0
1,low,0.5,44,DSDV,2,0.0,7.02,1.0,1.0,0.0,0.0,0.0,1.0,0.0,1.0,0.0,1.0,0.0
1,low,0.5,44,DSR,2,0.0,67.02,1.0,1.0,0.0,0.0,0.0,1.0,0.0,1.0,0.0,1.0,0.0
1,low,0.5,44,OLSR,2,0.0,7.02,1.0,1.0,0.0,0.0,0.0,1.0,0.0,1.0,0.0,1.0,0.0
1,low,1.0,37,AODV,2,0.0,8.137,2.0,1.0,0.0,0.0,0.0,1.0,0.0,1.0,0.0,1.0,0.0
1,low,1.0,37,DSDV,2,0.0,8.137,2.0,1.0,0.0,0.0,0.0,1.0,0.0,1.0,0.0,1.0,0.0
1,low,1.0,37,DSR,2,0.0,8.137,2.0,1.0,0.0,0.0,0.0,1.0,0.0,1.0,0.0,1.0,0.0
1,low,1.0,37,OLSR,2,0.0,8.137,2.0,1.0,0.0,0.0,0.0,1.0,0.0,1.0,0.0,1.0,0.0
1,low,1.0,38,AODV,2,0.0,8.435,2.0,1.0,0.0,0.0,0.0,1.0,0.0,1.0,0.0,1.0,0.0
1,low,1.0,38,DSDV,2,0.0,8.435,2.0,1.0,0.0,0.0,0.0,1.0,0.0,1.0,0.0,1.0,0.0
1,low,1.0,38,DSR,2,0.0,68.435,2.0,1.0,0.0,0.0,0.0,1.0,0.0,1.0,0.0,1.0,0.0
1,low,1.0,38,OLSR,2,0.0,8.435,2.0,1.0,0.0,0.0,0.0,1.0,0.0,1.0,0.0,1.0,0.0
1,low,1.0,39,AODV,2,0.0,8.435,2.0,1.0,0.0,0.0,0.0,1.0,0.0,1.0,0.0,1.0,0.0
1,low,1.0,39,DSDV,2,0.0,8.435,2.0,1.0,0.0,0.0,0.0,1.0,0.0,1.0,0.0,1.0,0.0
1,low,1.0,39,DSR,2,0.0,68.435,2.0,1.0,0.0,0.0,0.0,1.0,0.0,1.0,0.0,1.0,0.0
1,low,1.0,39,OLSR,2,0.0,8.435,2.0,1.0,0.0,0.0,0.0,1.0,0.0,1.0,0.0,1.0,0.0
1,low,1.0,40,AODV,2,0.0,67.253,2.0,1.0,0.0,0.0,0.0,1.0,0.0,1.0,0.0,1.0,0.0
1,low,1.0,40,DSDV,1,0.0,63.415,1.0,1.0,0.0,0.0,0.0,1.0,0.0,1.0,0.0,1.0,0.0
1,low,1.0,40,DSR,2,0.0,127.253,2.0,1.0,0.0,0.0,0.0,1.0,0.0,1.0,0.0,1.0,0.0
1,low,1.0,40,OLSR,2,0.0,67.253,2.0,1.0,0.0,0.0,0.0,1.0,0.0,1.0,0.0,1.0,0.0
1,low,1.0,41,AODV,1,0.0,3.838,1.0,1.0,0.0,0.0,0.0,1.0,0.0,1.0,0.25,1.0,0.25
1,low,1.0,41,DSDV,1,0.0,3.838,1.0,1.0,0.0,0.0,0.0,1.0,0.0,1.0,0.25,1.0,0.25
1,low,1.0,41,DSR,2,0.0,247.676,2.0,1.0,0.0,0.0,0.0,1.0,0.0,1.0,0.0,1.0,0.0
1,low,1.0,41,OLSR,1,0.0,3.838,1.0,1.0,0.0,0.0,0.0,1.0,0.0,1.0,0.25,1.0,0.25
1,low,1.0,42,AODV,2,0.0,7.457,2.0,1.0,0.0,0.0,0.0,1.0,0.0,1.0,0.0,1.0,0.0
1,low,1.0,42,DSDV,2,0.0,7.457,2.0,1.0,0.0,0.0,0.0,1.0,0.0,1.0,0.0,1.0,0.0
1,low,1.0,42,DSR,2,0.0,67.457,2.0,1.0,0.0,0.0,0.0,1.0,0.0,1.0,0.0,1.0,0.0
1,low,1.0,42,OLSR,2,0.0,7.457,2.0,1.0,0.0,0.0,0.0,1.0,0.0,1.0,0.0,1.0,0.0
1,low,1.0,43,AODV,2,0.0,7.253,2.0,1.0,0.0,0.0,0.0,1.0,0.0,1.0,0.0,1.0,0.0
1,low,1.0,43,DSDV,2,0.0,7.253,2.0,1.0,0.0,0.0,0.0,1.0,0.0,1.0,0.0,1.0,0.0
1,low,1.0,43,DSR,2,0.0,7.253,2.0,1.0,0.0,0.0,0.0,1.0,0.0,1.0,0.0,1.0,0.0
1,low,1.0,43,OLSR,2,0.0,7.253,2.0,1.0,0.0,0.0,0.0,1.0,0.0,1.0,0.0,1.0,0.0
1,low,1.0,44,AODV,2,0.0,7.02,2.0,1.0,0.0,0.0,0.0,1.0,0.0,1.0,0.0,1.0,0.0
1,low,1.0,44,DSDV,2,0.0,7.02,2.0,1.0,0.0,0.0,0.0,1.0,0.0,1.0,0.0,1.0,0.0
1,low,1.0,44,DSR,2,0.0,67.02,2.0,1.0,0.0,0.0,0.0,1.0,0.0,1.0,0.0,1.0,0.0
1,low,1.0,44,OLSR,2,0.0,7.02,2.0,1.0,0.0,0.0,0.0,1.0,0.0,1.0,0.0,1.0,0.0
1,low,1.5,37,AODV,2,0.0,8.137,3.0,1.0,0.0,0.0,0.0,1.0,0.0,1.0,0.0,1.0,0.0
1,low,1.5,37,DSDV,2,0.0,8.137,3.0,1.0,0.0,0.0,0.0,1.0,0.0,1.0,0.0,1.0,0.0
1,low,1.5,37,DSR,2,0.0,8.137,3.0,1.0,0.0,0.0,0.0,1.0,0.0,1.0,0.0,1.0,0.0
1,low,1.5,37,OLSR,2,0.0,8.137,3.0,1.0,0.0,0.0,0.0,1.0,0.0,1.0,0.0,1.0,0.0
1,low,1.5,38,AODV,2,0.0,8.435,3.0,1.0,0.0,0.0,0.0,1.0,0.0,1.0,0.0,1.0,0.0
1,low,1.5,38,DSDV,2,0.0,8.435,3.0,1.0,0.0,0.0,0.0,1.0,0.0,1.0,0.0,1.0,0.0
1,low,1.5,38,DSR,2,0.0,68.435,3.0,1.0,0.0,0.0,0.0,1.0,0.0,1.0,0.0,1.0,0.0
1,low,1.5,38,OLSR,2,0.0,8.435,3.0,1.0,0.0,0.0,0.0,1.0,0.0,1.0,0.0,1.0,0.0
1,low,1.5,39,AODV,2,0.0,8.435,3.0,1.0,0.0,0.0,0.0,1.0,0.0,1.0,0.0,1.0,0.0
1,low,1.5,39,DSDV,2,0.0,8.435,3.0,1.0,0.0,0.0,0.0,1.0,0.0,1.0,0.0,1.0,0.0
1,low,1.5,39,DSR,2,0.0,68.435,3.0,1.0,0.0,0.0,0.0,1.0,0.0,1.0,0.0,1.0,0.0
1,low,1.5,39,OLSR,2,0.0,8.435,3.0,1.0,0.0,0.0,0.0,1.0,0.0,1.0,0.0,1.0,0.0
1,low,1.5,40,AODV,2,0.0,67.253,3.0,1.0,0.0,0.0,0.0,1.0,0.0,1.0,0.0,1.0,0.0
1,low,1.5,40,DSDV,1,0.0,63.415,1.5,1.0,0.0,0.0,0.0,1.0,0.0,1.0,0.0,1.0,0.0
1,low,1.5,40,DSR,2,0.0,127.253,3.0,1.0,0.0,0.0,0.0,1.0,0.0,1.0,0.0,1.0,0.0
1,low,1.5,40,OLSR,2,0.0,67.253,3.0,1.0,0.0,0.0,0.0,1.0,0.0,1.0,0.0,1.0,0.0
1,low,1.5,41,AODV,1,0.0,3.838,1.5,1.0,0.0,0.0,0.0,1.0,0.0,1.0,0.25,1.0,0.25
1,low,1.5,41,DSDV,1,0.0,3.838,1.5,1.0,0.0,0.0,0.0,1.0,0.0,1.0,0.25,1.0,0.25
1,low,1.5,41,DSR,2,0.0,247.676,3.0,1.0,0.0,0.0,0.0,1.0,0.0,1.0,0.0,1.0,0.0
1,low,1.5,41,OLSR,1,0.0,3.838,1.5,1.0,0.0,0.0,0.0,1.0,0.0,1.0,0.25,1.0,0.25
1,low,1.5,42,AODV,2,0.0,7.457,3.0,1.0,0.0,0.0,0.0,1.0,0.0,1.0,0.0,1.0,0.0
1,low,1.5,42,DSDV,2,0.0,7.457,3.0,1.0,0.0,0.0,0.0,1.0,0.0,1.0,0.0,1.0,0.0
1,low,1.5,42,DSR,2,0.0,67.457,3.0,1.0,0.0,0.0,0.0,1.0,0.0,1.0,0.0,1.0,0.0
1,low,1.5,42,OLSR,2,0.0,7.457,3.0,1.0,0.0,0.0,0.0,1.0,0.0,1.0,0.0,1.0,0.0
1,low,1.5,43,AODV,2,0.0,7.253,3.0,1.0,0.0,0.0,0.0,1.0,0.0,1.0,0.0,1.0,0.0
1,low,1.5,43,DSDV,2,0.0,7.253,3.0,1.0,0.0,0.0,0.0,1.0,0.0,1.0,0.0,1.0,0.0
1,low,1.5,43,DSR,2,0.0,7.253,3.0,1.0,0.0,0.0,0.0,1.0,0.0,1.0,0.0,1.0,0.0
1,low,1.5,43,OLSR,2,0.0,7.253,3.0,1.0,0.0,0.0,0.0,1.0,0.0,1.0,0.0,1.0,0.0
1,low,1.5,44,AODV,2,0.0,7.02,3.0,1.0,0.0,0.0,0.0,1.0,0.0,1.0,0.0,1.0,0.0
1,low,1.5,44,DSDV,2,0.0,7.02,3.0,1.0,0.0,0.0,0.0,1.0,0.0,1.0,0.0,1.0,0.0
1,low,1.5,44,DSR,2,0.0,67.02,3.0,1.0,0.0,0.0,0.0,1.0,0.0,1.0,0.0,1.0,0.0
1,low,1.5,44,OLSR,2,0.0,7.02,3.0,1.0,0.0,0.0,0.0,1.0,0.0,1.0,0.0,1.0,0.0
1,low,10.0,37,AODV,2,8.137,8.137,10.0,0.0,0.0,0.0,0.0,0.0,0.0,0.0,0.0,0.0,0.0
1,low,10.0,37,DSDV,2,8.137,8.137,10.0,0.0,0.0,0.0,0.0,0.0,0.0,0.0,0.0,0.0,0.0
1,low,10.0,37,DSR,2,8.137,8.137,10.0,0.0,0.0,0.0,0.0,0.0,0.0,0.0,0.0,0.0,0.0
1,low,10.0,37,OLSR,2,8.137,8.137,10.0,0.0,0.0,0.0,0.0,0.0,0.0,0.0,0.0,0.0,0.0
1,low,10.0,38,AODV,2,4.303,8.435,10.0,0.0,0.0,0.0,0.0,0.0,0.0,0.25,0.0,0.25,0.0
1,low,10.0,38,DSDV,2,8.435,8.435,10.0,0.0,0.0,0.0,0.0,0.0,0.0,0.0,0.0,0.0,0.0
1,low,10.0,38,DSR,2,4.303,68.435,10.0,0.0,0.0,0.0,0.0,0.0,0.0,0.25,0.0,0.25,0.0
1,low,10.0,38,OLSR,2,8.435,8.435,10.0,0.0,0.0,0.0,0.0,0.0,0.0,0.0,0.0,0.0,0.0
1,low,10.0,39,AODV,2,4.132,8.435,10.0,0.0,0.0,0.0,0.0,0.0,0.0,0.25,0.0,0.25,0.0
1,low,10.0,39,DSDV,2,8.435,8.435,10.0,0.0,0.0,0.0,0.0,0.0,0.0,0.0,0.0,0.0,0.0
1,low,10.0,39,DSR,2,4.132,68.435,10.0,0.0,0.0,0.0,0.0,0.0,0.0,0.25,0.0,0.25,0.0
1,low,10.0,39,OLSR,2,8.435,8.435,10.0,0.0,0.0,0.0,0.0,0.0,0.0,0.0,0.0,0.0,0.0
1,low,10.0,40,AODV,2,3.838,67.253,10.0,0.0,0.0,0.0,0.0,0.0,0.0,0.25,0.0,0.25,0.0
1,low,10.0,40,DSDV,1,0.0,63.415,5.0,1.0,0.0,0.0,0.0,1.0,0.0,1.0,0.0,1.0,0.0
1,low,10.0,40,DSR,2,3.838,127.253,10.0,0.0,0.0,0.0,0.0,0.0,0.0,0.25,0.0,0.25,0.0
1,low,10.0,40,OLSR,2,3.838,67.253,10.0,0.0,0.0,0.0,0.0,0.0,0.0,0.25,0.0,0.25,0.0
1,low,10.0,41,AODV,1,0.0,3.838,5.0,1.0,0.0,0.0,0.0,1.0,0.0,1.0,0.25,1.0,0.25
1,low,10.0,41,DSDV,1,3.838,3.838,5.0,0.0,0.0,0.0,0.0,0.0,0.0,0.25,0.25,0.25,0.25
1,low,10.0,41,DSR,2,0.0,247.676,10.0,1.0,0.0,0.0,0.0,1.0,0.0,1.0,0.0,1.0,0.0
1,low,10.0,41,OLSR,1,3.838,3.838,5.0,0.0,0.0,0.0,0.0,0.0,0.0,0.25,0.25,0.25,0.25
1,low,10.0,42,AODV,2,4.042,7.457,10.0,0.0,0.0,0.0,0.0,0.0,0.0,0.25,0.0,0.25,0.0
1,low,10.0,42,DSDV,2,7.457,7.457,10.0,0.0,0.0,0.0,0.0,0.0,0.0,0.0,0.0,0.0,0.0
1,low,10.0,42,DSR,2,4.042,67.457,10.0,0.0,0.0,0.0,0.0,0.0,0.0,0.25,0.0,0.25,0.0
1,low,10.0,42,OLSR,2,7.457,7.457,10.0,0.0,0.0,0.0,0.0,0.0,0.0,0.0,0.0,0.0,0.0
1,low,10.0,43,AODV,2,7.253,7.253,10.0,0.0,0.0,0.0,0.0,0.0,0.0,0.0,0.0,0.0,0.0
1,low,10.0,43,DSDV,2,7.253,7.253,10.0,0.0,0.0,0.0,0.0,0.0,0.0,0.0,0.0,0.0,0.0
1,low,10.0,43,DSR,2,7.253,7.253,10.0,0.0,0.0,0.0,0.0,0.0,0.0,0.0,0.0,0.0,0.0
1,low,10.0,43,OLSR,2,7.253,7.253,10.0,0.0,0.0,0.0,0.0,0.0,0.0,0.0,0.0,0.0,0.0
1,low,10.0,44,AODV,2,4.018,7.02,10.0,0.0,0.0,0.0,0.0,0.0,0.0,0.25,0.0,0.25,0.0
1,low,10.0,44,DSDV,2,7.02,7.02,10.0,0.0,0.0,0.0,0.0,0.0,0.0,0.0,0.0,0.0,0.0
1,low,10.0,44,DSR,2,4.018,67.02,10.0,0.0,0.0,0.0,0.0,0.0,0.0,0.25,0.0,0.25,0.0
1,low,10.0,44,OLSR,2,7.02,7.02,10.0,0.0,0.0,0.0,0.0,0.0,0.0,0.0,0.0,0.0,0.0
1,low,2.0,37,AODV,2,0.0,8.137,4.0,1.0,0.0,0.0,0.0,1.0,0.0,1.0,0.0,1.0,0.0
1,low,2.0,37,DSDV,2,0.0,8.137,4.0,1.0,0.0,0.0,0.0,1.0,0.0,1.0,0.0,1.0,0.0
1,low,2.0,37,DSR,2,0.0,8.137,4.0,1.0,0.0,0.0,0.0,1.0,0.0,1.0,0.0,1.0,0.0
1,low,2.0,37,OLSR,2,0.0,8.137,4.0,1.0,0.0,0.0,0.0,1.0,0.0,1.0,0.0,1.0,0.0
1,low,2.0,38,AODV,2,0.0,8.435,4.0,1.0,0.0,0.0,0.0,1.0,0.0,1.0,0.0,1.0,0.0
1,low,2.0,38,DSDV,2,0.0,8.435,4.0,1.0,0.0,0.0,0.0,1.0,0.0,1.0,0.0,1.0,0.0
1,low,2.0,38,DSR,2,0.0,68.435,4.0,1.0,0.0,0.0,0.0,1.0,0.0,1.0,0.0,1.0,0.0
1,low,2.0,38,OLSR,2,0.0,8.435,4.0,1.0,0.0,0.0,0.0,1.0,0.0,1.0,0.0,1.0,0.0
1,low,2.0,39,AODV,2,0.0,8.435,4.0,1.0,0.0,0.0,0.0,1.0,0.0,1.0,0.0,1.0,0.0
1,low,2.0,39,DSDV,2,0.0,8.435,4.0,1.0,0.0,0.0,0.0,1.0,0.0,1.0,0.0,1.0,0.0
1,low,2.0,39,DSR,2,0.0,68.435,4.0,1.0,0.0,0.0,0.0,1.0,0.0,1.0,0.0,1.0,0.0
1,low,2.0,39,OLSR,2,0.0,8.435,4.0,1.0,0.0,0.0,0.0,1.0,0.0,1.0,0.0,1.0,0.0
1,low,2.0,40,AODV,2,0.0,67.253,4.0,1.0,0.0,0.0,0.0,1.0,0.0,1.0,0.0,1.0,0.0
1,low,2.0,40,DSDV,1,0.0,63.415,2.0,1.0,0.0,0.0,0.0,1.0,0.0,1.0,0.0,1.0,0.0
1,low,2.0,40,DSR,2,0.0,127.253,4.0,1.0,0.0,0.0,0.0,1.0,0.0,1.0,0.0,1.0,0.0
1,low,2.0,40,OLSR,2,0.0,67.253,4.0,1.0,0.0,0.0,0.0,1.0,0.0,1.0,0.0,1.0,0.0
1,low,2.0,41,AODV,1,0.0,3.838,2.0,1.0,0.0,0.0,0.0,1.0,0.0,1.0,0.25,1.0,0.25
1,low,2.0,41,DSDV,1,0.0,3.838,2.0,1.0,0.0,0.0,0.0,1.0,0.0,1.0,0.25,1.0,0.25
1,low,2.0,41,DSR,2,0.0,247.676,4.0,1.0,0.0,0.0,0.0,1.0,0.0,1.0,0.0,1.0,0.0
1,low,2.0,41,OLSR,1,0.0,3.838,2.0,1.0,0.0,0.0,0.0,1.0,0.0,1.0,0.25,1.0,0.25
1,low,2.0,42,AODV,2,0.0,7.457,4.0,1.0,0.0,0.0,0.0,1.0,0.0,1.0,0.0,1.0,0.0
1,low,2.0,42,DSDV,2,0.0,7.457,4.0,1.0,0.0,0.0,0.0,1.0,0.0,1.0,0.0,1.0,0.0
1,low,2.0,42,DSR,2,0.0,67.457,4.0,1.0,0.0,0.0,0.0,1.0,0.0,1.0,0.0,1.0,0.0
1,low,2.0,42,OLSR,2,0.0,7.457,4.0,1.0,0.0,0.0,0.0,1.0,0.0,1.0,0.0,1.0,0.0
1,low,2.0,43,AODV,2,0.0,7.253,4.0,1.0,0.0,0.0,0.0,1.0,0.0,1.0,0.0,1.0,0.0
1,low,2.0,43,DSDV,2,0.0,7.253,4.0,1.0,0.0,0.0,0.0,1.0,0.0,1.0,0.0,1.0,0.0
1,low,2.0,43,DSR,2,0.0,7.253,4.0,1.0,0.0,0.0,0.0,1.0,0.0,1.0,0.0,1.0,0.0
1,low,2.0,43,OLSR,2,0.0,7.253,4.0,1.0,0.0,0.0,0.0,1.0,0.0,1.0,0.0,1.0,0.0
1,low,2.0,44,AODV,2,0.0,7.02,4.0,1.0,0.0,0.0,0.0,1.0,0.0,1.0,0.0,1.0,0.0
1,low,2.0,44,DSDV,2,0.0,7.02,4.0,1.0,0.0,0.0,0.0,1.0,0.0,1.0,0.0,1.0,0.0
1,low,2.0,44,DSR,2,0.0,67.02,4.0,1.0,0.0,0.0,0.0,1.0,0.0,1.0,0.0,1.0,0.0
1,low,2.0,44,OLSR,2,0.0,7.02,4.0,1.0,0.0,0.0,0.0,1.0,0.0,1.0,0.0,1.0,0.0
1,low,3.0,37,AODV,2,0.0,8.137,6.0,1.0,0.0,0.0,0.0,1.0,0.0,1.0,0.0,1.0,0.0
1,low,3.0,37,DSDV,2,0.0,8.137,6.0,1.0,0.0,0.0,0.0,1.0,0.0,1.0,0.0,1.0,0.0
1,low,3.0,37,DSR,2,0.0,8.137,6.0,1.0,0.0,0.0,0.0,1.0,0.0,1.0,0.0,1.0,0.0
1,low,3.0,37,OLSR,2,0.0,8.137,6.0,1.0,0.0,0.0,0.0,1.0,0.0,1.0,0.0,1.0,0.0
1,low,3.0,38,AODV,2,0.0,8.435,6.0,1.0,0.0,0.0,0.0,1.0,0.0,1.0,0.0,1.0,0.0
1,low,3.0,38,DSDV,2,0.0,8.435,6.0,1.0,0.0,0.0,0.0,1.0,0.0,1.0,0.0,1.0,0.0
1,low,3.0,38,DSR,2,0.0,68.435,6.0,1.0,0.0,0.0,0.0,1.0,0.0,1.0,0.0,1.0,0.0
1,low,3.0,38,OLSR,2,0.0,8.435,6.0,1.0,0.0,0.0,0.0,1.0,0.0,1.0,0.0,1.0,0.0
1,low,3.0,39,AODV,2,0.0,8.435,6.0,1.0,0.0,0.0,0.0,1.0,0.0,1.0,0.0,1.0,0.0
1,low,3.0,39,DSDV,2,0.0,8.435,6.0,1.0,0.0,0.0,0.0,1.0,0.0,1.0,0.0,1.0,0.0
1,low,3.0,39,DSR,2,0.0,68.435,6.0,1.0,0.0,0.0,0.0,1.0,0.0,1.0,0.0,1.0,0.0
1,low,3.0,39,OLSR,2,0.0,8.435,6.0,1.0,0.0,0.0,0.0,1.0,0.0,1.0,0.0,1.0,0.0
1,low,3.0,40,AODV,2,0.0,67.253,6.0,1.0,0.0,0.0,0.0,1.0,0.0,1.0,0.0,1.0,0.0
1,low,3.0,40,DSDV,1,0.0,63.415,3.0,1.0,0.0,0.0,0.0,1.0,0.0,1.0,0.0,1.0,0.0
1,low,3.0,40,DSR,2,0.0,127.253,6.0,1.0,0.0,0.0,0.0,1.0,0.0,1.0,0.0,1.0,0.0
1,low,3.0,40,OLSR,2,0.0,67.253,6.0,1.0,0.0,0.0,0.0,1.0,0.0,1.0,0.0,1.0,0.0
1,low,3.0,41,AODV,1,0.0,3.838,3.0,1.0,0.0,0.0,0.0,1.0,0.0,1.0,0.25,1.0,0.25
1,low,3.0,41,DSDV,1,0.0,3.838,3.0,1.0,0.0,0.0,0.0,1.0,0.0,1.0,0.25,1.0,0.25
1,low,3.0,41,DSR,2,0.0,247.676,6.0,1.0,0.0,0.0,0.0,1.0,0.0,1.0,0.0,1.0,0.0
1,low,3.0,41,OLSR,1,0.0,3.838,3.0,1.0,0.0,0.0,0.0,1.0,0.0,1.0,0.25,1.0,0.25
1,low,3.0,42,AODV,2,0.0,7.457,6.0,1.0,0.0,0.0,0.0,1.0,0.0,1.0,0.0,1.0,0.0
1,low,3.0,42,DSDV,2,0.0,7.457,6.0,1.0,0.0,0.0,0.0,1.0,0.0,1.0,0.0,1.0,0.0
1,low,3.0,42,DSR,2,0.0,67.457,6.0,1.0,0.0,0.0,0.0,1.0,0.0,1.0,0.0,1.0,0.0
1,low,3.0,42,OLSR,2,0.0,7.457,6.0,1.0,0.0,0.0,0.0,1.0,0.0,1.0,0.0,1.0,0.0
1,low,3.0,43,AODV,2,0.0,7.253,6.0,1.0,0.0,0.0,0.0,1.0,0.0,1.0,0.0,1.0,0.0
1,low,3.0,43,DSDV,2,0.0,7.253,6.0,1.0,0.0,0.0,0.0,1.0,0.0,1.0,0.0,1.0,0.0
1,low,3.0,43,DSR,2,0.0,7.253,6.0,1.0,0.0,0.0,0.0,1.0,0.0,1.0,0.0,1.0,0.0
1,low,3.0,43,OLSR,2,0.0,7.253,6.0,1.0,0.0,0.0,0.0,1.0,0.0,1.0,0.0,1.0,0.0
1,low,3.0,44,AODV,2,0.0,7.02,6.0,1.0,0.0,0.0,0.0,1.0,0.0,1.0,0.0,1.0,0.0
1,low,3.0,44,DSDV,2,0.0,7.02,6.0,1.0,0.0,0.0,0.0,1.0,0.0,1.0,0.0,1.0,0.0
1,low,3.0,44,DSR,2,0.0,67.02,6.0,1.0,0.0,0.0,0.0,1.0,0.0,1.0,0.0,1.0,0.0
1,low,3.0,44,OLSR,2,0.0,7.02,6.0,1.0,0.0,0.0,0.0,1.0,0.0,1.0,0.0,1.0,0.0
1,low,4.0,37,AODV,2,3.942,8.137,8.0,0.0,0.0,0.0,0.0,0.0,0.0,0.25,0.0,0.25,0.0
1,low,4.0,37,DSDV,2,3.942,8.137,8.0,0.0,0.0,0.0,0.0,0.0,0.0,0.25,0.0,0.25,0.0
1,low,4.0,37,DSR,2,3.942,8.137,8.0,0.0,0.0,0.0,0.0,0.0,0.0,0.25,0.0,0.25,0.0
1,low,4.0,37,OLSR,2,3.942,8.137,8.0,0.0,0.0,0.0,0.0,0.0,0.0,0.25,0.0,0.25,0.0
1,low,4.0,38,AODV,2,0.0,8.435,8.0,1.0,0.0,0.0,0.0,1.0,0.0,1.0,0.0,1.0,0.0
1,low,4.0,38,DSDV,2,0.0,8.435,8.0,1.0,0.0,0.0,0.0,1.0,0.0,1.0,0.0,1.0,0.0
1,low,4.0,38,DSR,2,0.0,68.435,8.0,1.0,0.0,0.0,0.0,1.0,0.0,1.0,0.0,1.0,0.0
1,low,4.0,38,OLSR,2,0.0,8.435,8.0,1.0,0.0,0.0,0.0,1.0,0.0,1.0,0.0,1.0,0.0
1,low,4.0,39,AODV,2,0.0,8.435,8.0,1.0,0.0,0.0,0.0,1.0,0.0,1.0,0.0,1.0,0.0
1,low,4.0,39,DSDV,2,0.0,8.435,8.0,1.0,0.0,0.0,0.0,1.0,0.0,1.0,0.0,1.0,0.0
1,low,4.0,39,DSR,2,0.0,68.435,8.0,1.0,0.0,0.0,0.0,1.0,0.0,1.0,0.0,1.0,0.0
1,low,4.0,39,OLSR,2,0.0,8.435,8.0,1.0,0.0,0.0,0.0,1.0,0.0,1.0,0.0,1.0,0.0
1,low,4.0,40,AODV,2,3.838,67.253,8.0,0.0,0.0,0.0,0.0,0.0,0.0,0.25,0.0,0.25,0.0
1,low,4.0,40,DSDV,1,0.0,63.415,4.0,1.0,0.0,0.0,0.0,1.0,0.0,1.0,0.0,1.0,0.0
1,low,4.0,40,DSR,2,3.838,127.253,8.0,0.0,0.0,0.0,0.0,0.0,0.0,0.25,0.0,0.25,0.0
1,low,4.0,40,OLSR,2,3.838,67.253,8.0,0.0,0.0,0.0,0.0,0.0,0.0,0.25,0.0,0.25,0.0
1,low,4.0,41,AODV,1,0.0,3.838,4.0,1.0,0.0,0.0,0.0,1.0,0.0,1.0,0.25,1.0,0.25
1,low,4.0,41,DSDV,1,3.838,3.838,4.0,0.0,0.0,0.0,0.0,0.0,0.0,0.25,0.25,0.25,0.25
1,low,4.0,41,DSR,2,0.0,247.676,8.0,1.0,0.0,0.0,0.0,1.0,0.0,1.0,0.0,1.0,0.0
1,low,4.0,41,OLSR,1,3.838,3.838,4.0,0.0,0.0,0.0,0.0,0.0,0.0,0.25,0.25,0.25,0.25
1,low,4.0,42,AODV,2,0.0,7.457,8.0,1.0,0.0,0.0,0.0,1.0,0.0,1.0,0.0,1.0,0.0
1,low,4.0,42,DSDV,2,3.415,7.457,8.0,0.0,0.0,0.0,0.0,0.0,0.0,0.25,0.0,0.25,0.0
1,low,4.0,42,DSR,2,0.0,67.457,8.0,1.0,0.0,0.0,0.0,1.0,0.0,1.0,0.0,1.0,0.0
1,low,4.0,42,OLSR,2,3.415,7.457,8.0,0.0,0.0,0.0,0.0,0.0,0.0,0.25,0.0,0.25,0.0
1,low,4.0,43,AODV,2,7.253,7.253,8.0,0.0,0.0,0.0,0.0,0.0,0.0,0.0,0.0,0.0,0.0
1,low,4.0,43,DSDV,2,7.253,7.253,8.0,0.0,0.0,0.0,0.0,0.0,0.0,0.0,0.0,0.0,0.0
1,low,4.0,43,DSR,2,7.253,7.253,8.0,0.0,0.0,0.0,0.0,0.0,0.0,0.0,0.0,0.0,0.0
1,low,4.0,43,OLSR,2,7.253,7.253,8.0,0.0,0.0,0.0,0.0,0.0,0.0,0.0,0.0,0.0,0.0
1,low,4.0,44,AODV,2,0.0,7.02,8.0,1.0,0.0,0.0,0.0,1.0,0.0,1.0,0.0,1.0,0.0
1,low,4.0,44,DSDV,2,3.002,7.02,8.0,0.0,0.0,0.0,0.0,0.0,0.0,0.5,0.0,0.25,0.0
1,low,4.0,44,DSR,2,0.0,67.02,8.0,1.0,0.0,0.0,0.0,1.0,0.0,1.0,0.0,1.0,0.0
1,low,4.0,44,OLSR,2,3.002,7.02,8.0,0.0,0.0,0.0,0.0,0.0,0.0,0.5,0.0,0.25,0.0
1,low,5.0,37,AODV,2,8.137,8.137,10.0,0.0,0.0,0.0,0.0,0.0,0.0,0.0,0.0,0.0,0.0
1,low,5.0,37,DSDV,2,8.137,8.137,10.0,0.0,0.0,0.0,0.0,0.0,0.0,0.0,0.0,0.0,0.0
1,low,5.0,37,DSR,2,8.137,8.137,10.0,0.0,0.0,0.0,0.0,0.0,0.0,0.0,0.0,0.0,0.0
1,low,5.0,37,OLSR,2,8.137,8.137,10.0,0.0,0.0,0.0,0.0,0.0,0.0,0.0,0.0,0.0,0.0
1,low,5.0,38,AODV,2,4.303,8.435,10.0,0.0,0.0,0.0,0.0,0.0,0.0,0.25,0.0,0.25,0.0
1,low,5.0,38,DSDV,2,8.435,8.435,10.0,0.0,0.0,0.0,0.0,0.0,0.0,0.0,0.0,0.0,0.0
1,low,5.0,38,DSR,2,4.303,68.435,10.0,0.0,0.0,0.0,0.0,0.0,0.0,0.25,0.0,0.25,0.0
1,low,5.0,38,OLSR,2,8.435,8.435,10.0,0.0,0.0,0.0,0.0,0.0,0.0,0.0,0.0,0.0,0.0
1,low,5.0,39,AODV,2,4.132,8.435,10.0,0.0,0.0,0.0,0.0,0.0,0.0,0.25,0.0,0.25,0.0
1,low,5.0,39,DSDV,2,8.435,8.435,10.0,0.0,0.0,0.0,0.0,0.0,0.0,0.0,0.0,0.0,0.0
1,low,5.0,39,DSR,2,4.132,68.435,10.0,0.0,0.0,0.0,0.0,0.0,0.0,0.25,0.0,0.25,0.0
1,low,5.0,39,OLSR,2,8.435,8.435,10.0,0.0,0.0,0.0,0.0,0.0,0.0,0.0,0.0,0.0,0.0
1,low,5.0,40,AODV,2,3.838,67.253,10.0,0.0,0.0,0.0,0.0,0.0,0.0,0.25,0.0,0.25,0.0
1,low,5.0,40,DSDV,1,0.0,63.415,5.0,1.0,0.0,0.0,0.0,1.0,0.0,1.0,0.0,1.0,0.0
1,low,5.0,40,DSR,2,3.838,127.253,10.0,0.0,0.0,0.0,0.0,0.0,0.0,0.25,0.0,0.25,0.0
1,low,5.0,40,OLSR,2,3.838,67.253,10.0,0.0,0.0,0.0,0.0,0.0,0.0,0.25,0.0,0.25,0.0
1,low,5.0,41,AODV,1,0.0,3.838,5.0,1.0,0.0,0.0,0.0,1.0,0.0,1.0,0.25,1.0,0.25
1,low,5.0,41,DSDV,1,3.838,3.838,5.0,0.0,0.0,0.0,0.0,0.0,0.0,0.25,0.25,0.25,0.25
1,low,5.0,41,DSR,2,0.0,247.676,10.0,1.0,0.0,0.0,0.0,1.0,0.0,1.0,0.0,1.0,0.0
1,low,5.0,41,OLSR,1,3.838,3.838,5.0,0.0,0.0,0.0,0.0,0.0,0.0,0.25,0.25,0.25,0.25
1,low,5.0,42,AODV,2,4.042,7.457,10.0,0.0,0.0,0.0,0.0,0.0,0.0,0.25,0.0,0.25,0.0
1,low,5.0,42,DSDV,2,7.457,7.457,10.0,0.0,0.0,0.0,0.0,0.0,0.0,0.0,0.0,0.0,0.0
1,low,5.0,42,DSR,2,4.042,67.457,10.0,0.0,0.0,0.0,0.0,0.0,0.0,0.25,0.0,0.25,0.0
1,low,5.0,42,OLSR,2,7.457,7.457,10.0,0.0,0.0,0.0,0.0,0.0,0.0,0.0,0.0,0.0,0.0
1,low,5.0,43,AODV,2,7.253,7.253,10.0,0.0,0.0,0.0,0.0,0.0,0.0,0.0,0.0,0.0,0.0
1,low,5.0,43,DSDV,2,7.253,7.253,10.0,0.0,0.0,0.0,0.0,0.0,0.0,0.0,0.0,0.0,0.0
1,low,5.0,43,DSR,2,7.253,7.253,10.0,0.0,0.0,0.0,0.0,0.0,0.0,0.0,0.0,0.0,0.0
1,low,5.0,43,OLSR,2,7.253,7.253,10.0,0.0,0.0,0.0,0.0,0.0,0.0,0.0,0.0,0.0,0.0
1,low,5.0,44,AODV,2,4.018,7.02,10.0,0.0,0.0,0.0,0.0,0.0,0.0,0.25,0.0,0.25,0.0
1,low,5.0,44,DSDV,2,7.02,7.02,10.0,0.0,0.0,0.0,0.0,0.0,0.0,0.0,0.0,0.0,0.0
1,low,5.0,44,DSR,2,4.018,67.02,10.0,0.0,0.0,0.0,0.0,0.0,0.0,0.25,0.0,0.25,0.0
1,low,5.0,44,OLSR,2,7.02,7.02,10.0,0.0,0.0,0.0,0.0,0.0,0.0,0.0,0.0,0.0,0.0
1,low,6.0,37,AODV,2,8.137,8.137,10.0,0.0,0.0,0.0,0.0,0.0,0.0,0.0,0.0,0.0,0.0
1,low,6.0,37,DSDV,2,8.137,8.137,10.0,0.0,0.0,0.0,0.0,0.0,0.0,0.0,0.0,0.0,0.0
1,low,6.0,37,DSR,2,8.137,8.137,10.0,0.0,0.0,0.0,0.0,0.0,0.0,0.0,0.0,0.0,0.0
1,low,6.0,37,OLSR,2,8.137,8.137,10.0,0.0,0.0,0.0,0.0,0.0,0.0,0.0,0.0,0.0,0.0
1,low,6.0,38,AODV,2,4.303,8.435,10.0,0.0,0.0,0.0,0.0,0.0,0.0,0.25,0.0,0.25,0.0
1,low,6.0,38,DSDV,2,8.435,8.435,10.0,0.0,0.0,0.0,0.0,0.0,0.0,0.0,0.0,0.0,0.0
1,low,6.0,38,DSR,2,4.303,68.435,10.0,0.0,0.0,0.0,0.0,0.0,0.0,0.25,0.0,0.25,0.0
1,low,6.0,38,OLSR,2,8.435,8.435,10.0,0.0,0.0,0.0,0.0,0.0,0.0,0.0,0.0,0.0,0.0
1,low,6.0,39,AODV,2,4.132,8.435,10.0,0.0,0.0,0.0,0.0,0.0,0.0,0.25,0.0,0.25,0.0
1,low,6.0,39,DSDV,2,8.435,8.435,10.0,0.0,0.0,0.0,0.0,0.0,0.0,0.0,0.0,0.0,0.0
1,low,6.0,39,DSR,2,4.132,68.435,10.0,0.0,0.0,0.0,0.0,0.0,0.0,0.25,0.0,0.25,0.0
1,low,6.0,39,OLSR,2,8.435,8.435,10.0,0.0,0.0,0.0,0.0,0.0,0.0,0.0,0.0,0.0,0.0
1,low,6.0,40,AODV,2,3.838,67.253,10.0,0.0,0.0,0.0,0.0,0.0,0.0,0.25,0.0,0.25,0.0
1,low,6.0,40,DSDV,1,0.0,63.415,5.0,1.0,0.0,0.0,0.0,1.0,0.0,1.0,0.0,1.0,0.0
1,low,6.0,40,DSR,2,3.838,127.253,10.0,0.0,0.0,0.0,0.0,0.0,0.0,0.25,0.0,0.25,0.0
1,low,6.0,40,OLSR,2,3.838,67.253,10.0,0.0,0.0,0.0,0.0,0.0,0.0,0.25,0.0,0.25,0.0
1,low,6.0,41,AODV,1,0.0,3.838,5.0,1.0,0.0,0.0,0.0,1.0,0.0,1.0,0.25,1.0,0.25
1,low,6.0,41,DSDV,1,3.838,3.838,5.0,0.0,0.0,0.0,0.0,0.0,0.0,0.25,0.25,0.25,0.25
1,low,6.0,41,DSR,2,0.0,247.676,10.0,1.0,0.0,0.0,0.0,1.0,0.0,1.0,0.0,1.0,0.0
1,low,6.0,41,OLSR,1,3.838,3.838,5.0,0.0,0.0,0.0,0.0,0.0,0.0,0.25,0.25,0.25,0.25
1,low,6.0,42,AODV,2,4.042,7.457,10.0,0.0,0.0,0.0,0.0,0.0,0.0,0.25,0.0,0.25,0.0
1,low,6.0,42,DSDV,2,7.457,7.457,10.0,0.0,0.0,0.0,0.0,0.0,0.0,0.0,0.0,0.0,0.0
1,low,6.0,42,DSR,2,4.042,67.457,10.0,0.0,0.0,0.0,0.0,0.0,0.0,0.25,0.0,0.25,0.0
1,low,6.0,42,OLSR,2,7.457,7.457,10.0,0.0,0.0,0.0,0.0,0.0,0.0,0.0,0.0,0.0,0.0
1,low,6.0,43,AODV,2,7.253,7.253,10.0,0.0,0.0,0.0,0.0,0.0,0.0,0.0,0.0,0.0,0.0
1,low,6.0,43,DSDV,2,7.253,7.253,10.0,0.0,0.0,0.0,0.0,0.0,0.0,0.0,0.0,0.0,0.0
1,low,6.0,43,DSR,2,7.253,7.253,10.0,0.0,0.0,0.0,0.0,0.0,0.0,0.0,0.0,0.0,0.0
1,low,6.0,43,OLSR,2,7.253,7.253,10.0,0.0,0.0,0.0,0.0,0.0,0.0,0.0,0.0,0.0,0.0
1,low,6.0,44,AODV,2,4.018,7.02,10.0,0.0,0.0,0.0,0.0,0.0,0.0,0.25,0.0,0.25,0.0
1,low,6.0,44,DSDV,2,7.02,7.02,10.0,0.0,0.0,0.0,0.0,0.0,0.0,0.0,0.0,0.0,0.0
1,low,6.0,44,DSR,2,4.018,67.02,10.0,0.0,0.0,0.0,0.0,0.0,0.0,0.25,0.0,0.25,0.0
1,low,6.0,44,OLSR,2,7.02,7.02,10.0,0.0,0.0,0.0,0.0,0.0,0.0,0.0,0.0,0.0,0.0
1,low,6.5,37,AODV,2,8.137,8.137,10.0,0.0,0.0,0.0,0.0,0.0,0.0,0.0,0.0,0.0,0.0
1,low,6.5,37,DSDV,2,8.137,8.137,10.0,0.0,0.0,0.0,0.0,0.0,0.0,0.0,0.0,0.0,0.0
1,low,6.5,37,DSR,2,8.137,8.137,10.0,0.0,0.0,0.0,0.0,0.0,0.0,0.0,0.0,0.0,0.0
1,low,6.5,37,OLSR,2,8.137,8.137,10.0,0.0,0.0,0.0,0.0,0.0,0.0,0.0,0.0,0.0,0.0
1,low,6.5,38,AODV,2,4.303,8.435,10.0,0.0,0.0,0.0,0.0,0.0,0.0,0.25,0.0,0.25,0.0
1,low,6.5,38,DSDV,2,8.435,8.435,10.0,0.0,0.0,0.0,0.0,0.0,0.0,0.0,0.0,0.0,0.0
1,low,6.5,38,DSR,2,4.303,68.435,10.0,0.0,0.0,0.0,0.0,0.0,0.0,0.25,0.0,0.25,0.0
1,low,6.5,38,OLSR,2,8.435,8.435,10.0,0.0,0.0,0.0,0.0,0.0,0.0,0.0,0.0,0.0,0.0
1,low,6.5,39,AODV,2,4.132,8.435,10.0,0.0,0.0,0.0,0.0,0.0,0.0,0.25,0.0,0.25,0.0
1,low,6.5,39,DSDV,2,8.435,8.435,10.0,0.0,0.0,0.0,0.0,0.0,0.0,0.0,0.0,0.0,0.0
1,low,6.5,39,DSR,2,4.132,68.435,10.0,0.0,0.0,0.0,0.0,0.0,0.0,0.25,0.0,0.25,0.0
1,low,6.5,39,OLSR,2,8.435,8.435,10.0,0.0,0.0,0.0,0.0,0.0,0.0,0.0,0.0,0.0,0.0
1,low,6.5,40,AODV,2,3.838,67.253,10.0,0.0,0.0,0.0,0.0,0.0,0.0,0.25,0.0,0.25,0.0
1,low,6.5,40,DSDV,1,0.0,63.415,5.0,1.0,0.0,0.0,0.0,1.0,0.0,1.0,0.0,1.0,0.0
1,low,6.5,40,DSR,2,3.838,127.253,10.0,0.0,0.0,0.0,0.0,0.0,0.0,0.25,0.0,0.25,0.0
1,low,6.5,40,OLSR,2,3.838,67.253,10.0,0.0,0.0,0.0,0.0,0.0,0.0,0.25,0.0,0.25,0.0
1,low,6.5,41,AODV,1,0.0,3.838,5.0,1.0,0.0,0.0,0.0,1.0,0.0,1.0,0.25,1.0,0.25
1,low,6.5,41,DSDV,1,3.838,3.838,5.0,0.0,0.0,0.0,0.0,0.0,0.0,0.25,0.25,0.25,0.25
1,low,6.5,41,DSR,2,0.0,247.676,10.0,1.0,0.0,0.0,0.0,1.0,0.0,1.0,0.0,1.0,0.0
1,low,6.5,41,OLSR,1,3.838,3.838,5.0,0.0,0.0,0.0,0.0,0.0,0.0,0.25,0.25,0.25,0.25
1,low,6.5,42,AODV,2,4.042,7.457,10.0,0.0,0.0,0.0,0.0,0.0,0.0,0.25,0.0,0.25,0.0
1,low,6.5,42,DSDV,2,7.457,7.457,10.0,0.0,0.0,0.0,0.0,0.0,0.0,0.0,0.0,0.0,0.0
1,low,6.5,42,DSR,2,4.042,67.457,10.0,0.0,0.0,0.0,0.0,0.0,0.0,0.25,0.0,0.25,0.0
1,low,6.5,42,OLSR,2,7.457,7.457,10.0,0.0,0.0,0.0,0.0,0.0,0.0,0.0,0.0,0.0,0.0
1,low,6.5,43,AODV,2,7.253,7.253,10.0,0.0,0.0,0.0,0.0,0.0,0.0,0.0,0.0,0.0,0.0
1,low,6.5,43,DSDV,2,7.253,7.253,10.0,0.0,0.0,0.0,0.0,0.0,0.0,0.0,0.0,0.0,0.0
1,low,6.5,43,DSR,2,7.253,7.253,10.0,0.0,0.0,0.0,0.0,0.0,0.0,0.0,0.0,0.0,0.0
1,low,6.5,43,OLSR,2,7.253,7.253,10.0,0.0,0.0,0.0,0.0,0.0,0.0,0.0,0.0,0.0,0.0
1,low,6.5,44,AODV,2,4.018,7.02,10.0,0.0,0.0,0.0,0.0,0.0,0.0,0.25,0.0,0.25,0.0
1,low,6.5,44,DSDV,2,7.02,7.02,10.0,0.0,0.0,0.0,0.0,0.0,0.0,0.0,0.0,0.0,0.0
1,low,6.5,44,DSR,2,4.018,67.02,10.0,0.0,0.0,0.0,0.0,0.0,0.0,0.25,0.0,0.25,0.0
1,low,6.5,44,OLSR,2,7.02,7.02,10.0,0.0,0.0,0.0,0.0,0.0,0.0,0.0,0.0,0.0,0.0
1,low,7.0,37,AODV,2,8.137,8.137,10.0,0.0,0.0,0.0,0.0,0.0,0.0,0.0,0.0,0.0,0.0
1,low,7.0,37,DSDV,2,8.137,8.137,10.0,0.0,0.0,0.0,0.0,0.0,0.0,0.0,0.0,0.0,0.0
1,low,7.0,37,DSR,2,8.137,8.137,10.0,0.0,0.0,0.0,0.0,0.0,0.0,0.0,0.0,0.0,0.0
1,low,7.0,37,OLSR,2,8.137,8.137,10.0,0.0,0.0,0.0,0.0,0.0,0.0,0.0,0.0,0.0,0.0
1,low,7.0,38,AODV,2,4.303,8.435,10.0,0.0,0.0,0.0,0.0,0.0,0.0,0.25,0.0,0.25,0.0
1,low,7.0,38,DSDV,2,8.435,8.435,10.0,0.0,0.0,0.0,0.0,0.0,0.0,0.0,0.0,0.0,0.0
1,low,7.0,38,DSR,2,4.303,68.435,10.0,0.0,0.0,0.0,0.0,0.0,0.0,0.25,0.0,0.25,0.0
1,low,7.0,38,OLSR,2,8.435,8.435,10.0,0.0,0.0,0.0,0.0,0.0,0.0,0.0,0.0,0.0,0.0
1,low,7.0,39,AODV,2,4.132,8.435,10.0,0.0,0.0,0.0,0.0,0.0,0.0,0.25,0.0,0.25,0.0
1,low,7.0,39,DSDV,2,8.435,8.435,10.0,0.0,0.0,0.0,0.0,0.0,0.0,0.0,0.0,0.0,0.0
1,low,7.0,39,DSR,2,4.132,68.435,10.0,0.0,0.0,0.0,0.0,0.0,0.0,0.25,0.0,0.25,0.0
1,low,7.0,39,OLSR,2,8.435,8.435,10.0,0.0,0.0,0.0,0.0,0.0,0.0,0.0,0.0,0.0,0.0
1,low,7.0,40,AODV,2,3.838,67.253,10.0,0.0,0.0,0.0,0.0,0.0,0.0,0.25,0.0,0.25,0.0
1,low,7.0,40,DSDV,1,0.0,63.415,5.0,1.0,0.0,0.0,0.0,1.0,0.0,1.0,0.0,1.0,0.0
1,low,7.0,40,DSR,2,3.838,127.253,10.0,0.0,0.0,0.0,0.0,0.0,0.0,0.25,0.0,0.25,0.0
1,low,7.0,40,OLSR,2,3.838,67.253,10.0,0.0,0.0,0.0,0.0,0.0,0.0,0.25,0.0,0.25,0.0
1,low,7.0,41,AODV,1,0.0,3.838,5.0,1.0,0.0,0.0,0.0,1.0,0.0,1.0,0.25,1.0,0.25
1,low,7.0,41,DSDV,1,3.838,3.838,5.0,0.0,0.0,0.0,0.0,0.0,0.0,0.25,0.25,0.25,0.25
1,low,7.0,41,DSR,2,0.0,247.676,10.0,1.0,0.0,0.0,0.0,1.0,0.0,1.0,0.0,1.0,0.0
1,low,7.0,41,OLSR,1,3.838,3.838,5.0,0.0,0.0,0.0,0.0,0.0,0.0,0.25,0.25,0.25,0.25
1,low,7.0,42,AODV,2,4.042,7.457,10.0,0.0,0.0,0.0,0.0,0.0,0.0,0.25,0.0,0.25,0.0
1,low,7.0,42,DSDV,2,7.457,7.457,10.0,0.0,0.0,0.0,0.0,0.0,0.0,0.0,0.0,0.0,0.0
1,low,7.0,42,DSR,2,4.042,67.457,10.0,0.0,0.0,0.0,0.0,0.0,0.0,0.25,0.0,0.25,0.0
1,low,7.0,42,OLSR,2,7.457,7.457,10.0,0.0,0.0,0.0,0.0,0.0,0.0,0.0,0.0,0.0,0.0
1,low,7.0,43,AODV,2,7.253,7.253,10.0,0.0,0.0,0.0,0.0,0.0,0.0,0.0,0.0,0.0,0.0
1,low,7.0,43,DSDV,2,7.253,7.253,10.0,0.0,0.0,0.0,0.0,0.0,0.0,0.0,0.0,0.0,0.0
1,low,7.0,43,DSR,2,7.253,7.253,10.0,0.0,0.0,0.0,0.0,0.0,0.0,0.0,0.0,0.0,0.0
1,low,7.0,43,OLSR,2,7.253,7.253,10.0,0.0,0.0,0.0,0.0,0.0,0.0,0.0,0.0,0.0,0.0
1,low,7.0,44,AODV,2,4.018,7.02,10.0,0.0,0.0,0.0,0.0,0.0,0.0,0.25,0.0,0.25,0.0
1,low,7.0,44,DSDV,2,7.02,7.02,10.0,0.0,0.0,0.0,0.0,0.0,0.0,0.0,0.0,0.0,0.0
1,low,7.0,44,DSR,2,4.018,67.02,10.0,0.0,0.0,0.0,0.0,0.0,0.0,0.25,0.0,0.25,0.0
1,low,7.0,44,OLSR,2,7.02,7.02,10.0,0.0,0.0,0.0,0.0,0.0,0.0,0.0,0.0,0.0,0.0
1,low,8.0,37,AODV,2,8.137,8.137,10.0,0.0,0.0,0.0,0.0,0.0,0.0,0.0,0.0,0.0,0.0
1,low,8.0,37,DSDV,2,8.137,8.137,10.0,0.0,0.0,0.0,0.0,0.0,0.0,0.0,0.0,0.0,0.0
1,low,8.0,37,DSR,2,8.137,8.137,10.0,0.0,0.0,0.0,0.0,0.0,0.0,0.0,0.0,0.0,0.0
1,low,8.0,37,OLSR,2,8.137,8.137,10.0,0.0,0.0,0.0,0.0,0.0,0.0,0.0,0.0,0.0,0.0
1,low,8.0,38,AODV,2,4.303,8.435,10.0,0.0,0.0,0.0,0.0,0.0,0.0,0.25,0.0,0.25,0.0
1,low,8.0,38,DSDV,2,8.435,8.435,10.0,0.0,0.0,0.0,0.0,0.0,0.0,0.0,0.0,0.0,0.0
1,low,8.0,38,DSR,2,4.303,68.435,10.0,0.0,0.0,0.0,0.0,0.0,0.0,0.25,0.0,0.25,0.0
1,low,8.0,38,OLSR,2,8.435,8.435,10.0,0.0,0.0,0.0,0.0,0.0,0.0,0.0,0.0,0.0,0.0
1,low,8.0,39,AODV,2,4.132,8.435,10.0,0.0,0.0,0.0,0.0,0.0,0.0,0.25,0.0,0.25,0.0
1,low,8.0,39,DSDV,2,8.435,8.435,10.0,0.0,0.0,0.0,0.0,0.0,0.0,0.0,0.0,0.0,0.0
1,low,8.0,39,DSR,2,4.132,68.435,10.0,0.0,0.0,0.0,0.0,0.0,0.0,0.25,0.0,0.25,0.0
1,low,8.0,39,OLSR,2,8.435,8.435,10.0,0.0,0.0,0.0,0.0,0.0,0.0,0.0,0.0,0.0,0.0
1,low,8.0,40,AODV,2,3.838,67.253,10.0,0.0,0.0,0.0,0.0,0.0,0.0,0.25,0.0,0.25,0.0
1,low,8.0,40,DSDV,1,0.0,63.415,5.0,1.0,0.0,0.0,0.0,1.0,0.0,1.0,0.0,1.0,0.0
1,low,8.0,40,DSR,2,3.838,127.253,10.0,0.0,0.0,0.0,0.0,0.0,0.0,0.25,0.0,0.25,0.0
1,low,8.0,40,OLSR,2,3.838,67.253,10.0,0.0,0.0,0.0,0.0,0.0,0.0,0.25,0.0,0.25,0.0
1,low,8.0,41,AODV,1,0.0,3.838,5.0,1.0,0.0,0.0,0.0,1.0,0.0,1.0,0.25,1.0,0.25
1,low,8.0,41,DSDV,1,3.838,3.838,5.0,0.0,0.0,0.0,0.0,0.0,0.0,0.25,0.25,0.25,0.25
1,low,8.0,41,DSR,2,0.0,247.676,10.0,1.0,0.0,0.0,0.0,1.0,0.0,1.0,0.0,1.0,0.0
1,low,8.0,41,OLSR,1,3.838,3.838,5.0,0.0,0.0,0.0,0.0,0.0,0.0,0.25,0.25,0.25,0.25
1,low,8.0,42,AODV,2,4.042,7.457,10.0,0.0,0.0,0.0,0.0,0.0,0.0,0.25,0.0,0.25,0.0
1,low,8.0,42,DSDV,2,7.457,7.457,10.0,0.0,0.0,0.0,0.0,0.0,0.0,0.0,0.0,0.0,0.0
1,low,8.0,42,DSR,2,4.042,67.457,10.0,0.0,0.0,0.0,0.0,0.0,0.0,0.25,0.0,0.25,0.0
1,low,8.0,42,OLSR,2,7.457,7.457,10.0,0.0,0.0,0.0,0.0,0.0,0.0,0.0,0.0,0.0,0.0
1,low,8.0,43,AODV,2,7.253,7.253,10.0,0.0,0.0,0.0,0.0,0.0,0.0,0.0,0.0,0.0,0.0
1,low,8.0,43,DSDV,2,7.253,7.253,10.0,0.0,0.0,0.0,0.0,0.0,0.0,0.0,0.0,0.0,0.0
1,low,8.0,43,DSR,2,7.253,7.253,10.0,0.0,0.0,0.0,0.0,0.0,0.0,0.0,0.0,0.0,0.0
1,low,8.0,43,OLSR,2,7.253,7.253,10.0,0.0,0.0,0.0,0.0,0.0,0.0,0.0,0.0,0.0,0.0
1,low,8.0,44,AODV,2,4.018,7.02,10.0,0.0,0.0,0.0,0.0,0.0,0.0,0.25,0.0,0.25,0.0
1,low,8.0,44,DSDV,2,7.02,7.02,10.0,0.0,0.0,0.0,0.0,0.0,0.0,0.0,0.0,0.0,0.0
1,low,8.0,44,DSR,2,4.018,67.02,10.0,0.0,0.0,0.0,0.0,0.0,0.0,0.25,0.0,0.25,0.0
1,low,8.0,44,OLSR,2,7.02,7.02,10.0,0.0,0.0,0.0,0.0,0.0,0.0,0.0,0.0,0.0,0.0
1,medium,0.25,37,AODV,1,0.0,182.984,0.25,1.0,0.25,0.0,0.0,1.0,0.0,1.0,0.0,1.0,0.0
1,medium,0.25,37,DSDV,1,0.0,242.984,0.25,1.0,0.25,0.0,0.0,1.0,0.0,1.0,0.0,1.0,0.0
1,medium,0.25,37,DSR,2,0.0,605.968,0.5,1.0,0.0,0.0,0.0,1.0,0.0,1.0,0.0,1.0,0.0
1,medium,0.25,37,OLSR,1,0.0,182.984,0.25,1.0,0.25,0.0,0.0,1.0,0.0,1.0,0.0,1.0,0.0
1,medium,0.25,38,AODV,2,0.0,247.49,0.5,1.0,0.0,0.0,0.0,1.0,0.0,1.0,0.0,1.0,0.0
1,medium,0.25,38,DSDV,1,0.0,124.506,0.25,1.0,0.25,0.0,0.0,1.0,0.0,1.0,0.0,1.0,0.0
1,medium,0.25,38,DSR,2,0.0,487.49,0.5,1.0,0.0,0.0,0.0,1.0,0.0,1.0,0.0,1.0,0.0
1,medium,0.25,38,OLSR,2,0.0,247.49,0.5,1.0,0.0,0.0,0.0,1.0,0.0,1.0,0.0,1.0,0.0
1,medium,0.25,39,AODV,2,0.0,187.49,0.5,1.0,0.0,0.0,0.0,1.0,0.0,1.0,0.0,1.0,0.0
1,medium,0.25,39,DSDV,1,0.0,64.506,0.25,1.0,0.25,0.0,0.0,1.0,0.0,1.0,0.0,1.0,0.0
1,medium,0.25,39,DSR,2,0.0,367.49,0.5,1.0,0.0,0.0,0.0,1.0,0.0,1.0,0.0,1.0,0.0
1,medium,0.25,39,OLSR,2,0.0,187.49,0.5,1.0,0.0,0.0,0.0,1.0,0.0,1.0,0.0,1.0,0.0
1,medium,0.25,40,AODV,2,0.0,189.388,0.5,1.0,0.0,0.0,0.0,1.0,0.0,1.0,0.0,1.0,0.0
1,medium,0.25,40,DSDV,1,0.0,64.566,0.25,1.0,0.25,0.0,0.0,1.0,0.0,1.0,0.0,1.0,0.0
1,medium,0.25,40,DSR,2,0.0,369.388,0.5,1.0,0.0,0.0,0.0,1.0,0.0,1.0,0.0,1.0,0.0
1,medium,0.25,40,OLSR,2,0.0,189.388,0.5,1.0,0.0,0.0,0.0,1.0,0.0,1.0,0.0,1.0,0.0
1,medium,0.25,41,AODV,2,0.0,129.44,0.5,1.0,0.0,0.0,0.0,1.0,0.0,1.0,0.0,1.0,0.0
1,medium,0.25,41,DSDV,1,0.0,124.566,0.25,1.0,0.25,0.0,0.0,1.0,0.0,1.0,0.0,1.0,0.0
1,medium,0.25,41,DSR,2,0.0,309.44,0.5,1.0,0.0,0.0,0.0,1.0,0.0,1.0,0.0,1.0,0.0
1,medium,0.25,41,OLSR,1,0.0,124.566,0.25,1.0,0.25,0.0,0.0,1.0,0.0,1.0,0.0,1.0,0.0
1,medium,0.25,42,AODV,1,0.0,184.822,0.25,1.0,0.25,0.0,0.0,1.0,0.0,1.0,0.0,1.0,0.0
1,medium,0.25,42,DSDV,1,0.0,244.822,0.25,1.0,0.25,0.0,0.0,1.0,0.0,1.0,0.0,1.0,0.0
1,medium,0.25,42,DSR,2,0.0,429.295,0.5,1.0,0.0,0.0,0.0,1.0,0.0,1.0,0.0,1.0,0.0
1,medium,0.25,42,OLSR,2,0.0,249.295,0.5,1.0,0.0,0.0,0.0,1.0,0.0,1.0,0.0,1.0,0.0
1,medium,0.25,43,AODV,2,0.0,69.132,0.5,1.0,0.0,0.0,0.0,1.0,0.0,1.0,0.0,1.0,0.0
1,medium,0.25,43,DSDV,2,0.0,129.132,0.5,1.0,0.0,0.0,0.0,1.0,0.0,1.0,0.0,1.0,0.0
1,medium,0.25,43,DSR,2,0.0,189.132,0.5,1.0,0.0,0.0,0.0,1.0,0.0,1.0,0.0,1.0,0.0
1,medium,0.25,43,OLSR,2,0.0,69.132,0.5,1.0,0.0,0.0,0.0,1.0,0.0,1.0,0.0,1.0,0.0
1,medium,0.25,44,AODV,1,0.0,2.573,0.25,1.0,0.25,0.0,0.0,1.0,0.0,1.0,0.5,1.0,0.5
1,medium,0.25,44,DSDV,1,0.0,2.573,0.25,1.0,0.25,0.0,0.0,1.0,0.0,1.0,0.5,1.0,0.5
1,medium,0.25,44,DSR,2,0.0,66.52,0.5,1.0,0.0,0.0,0.0,1.0,0.0,1.0,0.0,1.0,0.0
1,medium,0.25,44,OLSR,1,0.0,2.573,0.25,1.0,0.25,0.0,0.0,1.0,0.0,1.0,0.5,1.0,0.5
1,medium,0.5,37,AODV,1,0.0,182.984,0.5,1.0,0.0,0.0,0.0,1.0,0.0,1.0,0.0,1.0,0.0
1,medium,0.5,37,DSDV,1,0.0,242.984,0.5,1.0,0.0,0.0,0.0,1.0,0.0,1.0,0.0,1.0,0.0
1,medium,0.5,37,DSR,2,0.0,605.968,1.0,1.0,0.0,0.0,0.0,1.0,0.0,1.0,0.0,1.0,0.0
1,medium,0.5,37,OLSR,1,0.0,182.984,0.5,1.0,0.0,0.0,0.0,1.0,0.0,1.0,0.0,1.0,0.0
1,medium,0.5,38,AODV,2,0.0,247.49,1.0,1.0,0.0,0.0,0.0,1.0,0.0,1.0,0.0,1.0,0.0
1,medium,0.5,38,DSDV,1,0.0,124.506,0.5,1.0,0.0,0.0,0.0,1.0,0.0,1.0,0.0,1.0,0.0
1,medium,0.5,38,DSR,2,0.0,487.49,1.0,1.0,0.0,0.0,0.0,1.0,0.0,1.0,0.0,1.0,0.0
1,medium,0.5,38,OLSR,2,0.0,247.49,1.0,1.0,0.0,0.0,0.0,1.0,0.0,1.0,0.0,1.0,0.0
1,medium,0.5,39,AODV,2,0.0,187.49,1.0,1.0,0.0,0.0,0.0,1.0,0.0,1.0,0.0,1.0,0.0
1,medium,0.5,39,DSDV,1,0.0,64.506,0.5,1.0,0.0,0.0,0.0,1.0,0.0,1.0,0.0,1.0,0.0
1,medium,0.5,39,DSR,2,0.0,367.49,1.0,1.0,0.0,0.0,0.0,1.0,0.0,1.0,0.0,1.0,0.0
1,medium,0.5,39,OLSR,2,0.0,187.49,1.0,1.0,0.0,0.0,0.0,1.0,0.0,1.0,0.0,1.0,0.0
1,medium,0.5,40,AODV,2,0.0,189.388,1.0,1.0,0.0,0.0,0.0,1.0,0.0,1.0,0.0,1.0,0.0
1,medium,0.5,40,DSDV,1,0.0,64.566,0.5,1.0,0.0,0.0,0.0,1.0,0.0,1.0,0.0,1.0,0.0
1,medium,0.5,40,DSR,2,0.0,369.388,1.0,1.0,0.0,0.0,0.0,1.0,0.0,1.0,0.0,1.0,0.0
1,medium,0.5,40,OLSR,2,0.0,189.388,1.0,1.0,0.0,0.0,0.0,1.0,0.0,1.0,0.0,1.0,0.0
1,medium,0.5,41,AODV,2,0.0,129.44,1.0,1.0,0.0,0.0,0.0,1.0,0.0,1.0,0.0,1.0,0.0
1,medium,0.5,41,DSDV,1,0.0,124.566,0.5,1.0,0.0,0.0,0.0,1.0,0.0,1.0,0.0,1.0,0.0
1,medium,0.5,41,DSR,2,0.0,309.44,1.0,1.0,0.0,0.0,0.0,1.0,0.0,1.0,0.0,1.0,0.0
1,medium,0.5,41,OLSR,1,0.0,124.566,0.5,1.0,0.0,0.0,0.0,1.0,0.0,1.0,0.0,1.0,0.0
1,medium,0.5,42,AODV,1,0.0,184.822,0.5,1.0,0.0,0.0,0.0,1.0,0.0,1.0,0.0,1.0,0.0
1,medium,0.5,42,DSDV,1,0.0,244.822,0.5,1.0,0.0,0.0,0.0,1.0,0.0,1.0,0.0,1.0,0.0
1,medium,0.5,42,DSR,2,0.0,429.295,1.0,1.0,0.0,0.0,0.0,1.0,0.0,1.0,0.0,1.0,0.0
1,medium,0.5,42,OLSR,2,0.0,249.295,1.0,1.0,0.0,0.0,0.0,1.0,0.0,1.0,0.0,1.0,0.0
1,medium,0.5,43,AODV,2,0.0,69.132,1.0,1.0,0.0,0.0,0.0,1.0,0.0,1.0,0.0,1.0,0.0
1,medium,0.5,43,DSDV,2,0.0,129.132,1.0,1.0,0.0,0.0,0.0,1.0,0.0,1.0,0.0,1.0,0.0
1,medium,0.5,43,DSR,2,0.0,189.132,1.0,1.0,0.0,0.0,0.0,1.0,0.0,1.0,0.0,1.0,0.0
1,medium,0.5,43,OLSR,2,0.0,69.132,1.0,1.0,0.0,0.0,0.0,1.0,0.0,1.0,0.0,1.0,0.0
1,medium,0.5,44,AODV,1,0.0,2.573,0.5,1.0,0.0,0.0,0.0,1.0,0.0,1.0,0.5,1.0,0.5
1,medium,0.5,44,DSDV,1,0.0,2.573,0.5,1.0,0.0,0.0,0.0,1.0,0.0,1.0,0.5,1.0,0.5
1,medium,0.5,44,DSR,2,0.0,66.52,1.0,1.0,0.0,0.0,0.0,1.0,0.0,1.0,0.0,1.0,0.0
1,medium,0.5,44,OLSR,1,0.0,2.573,0.5,1.0,0.0,0.0,0.0,1.0,0.0,1.0,0.5,1.0,0.5
1,medium,1.0,37,AODV,1,0.0,182.984,1.0,1.0,0.0,0.0,0.0,1.0,0.0,1.0,0.0,1.0,0.0
1,medium,1.0,37,DSDV,1,0.0,242.984,1.0,1.0,0.0,0.0,0.0,1.0,0.0,1.0,0.0,1.0,0.0
1,medium,1.0,37,DSR,2,0.0,605.968,2.0,1.0,0.0,0.0,0.0,1.0,0.0,1.0,0.0,1.0,0.0
1,medium,1.0,37,OLSR,1,0.0,182.984,1.0,1.0,0.0,0.0,0.0,1.0,0.0,1.0,0.0,1.0,0.0
1,medium,1.0,38,AODV,2,0.0,247.49,2.0,1.0,0.0,0.0,0.0,1.0,0.0,1.0,0.0,1.0,0.0
1,medium,1.0,38,DSDV,1,0.0,124.506,1.0,1.0,0.0,0.0,0.0,1.0,0.0,1.0,0.0,1.0,0.0
1,medium,1.0,38,DSR,2,0.0,487.49,2.0,1.0,0.0,0.0,0.0,1.0,0.0,1.0,0.0,1.0,0.0
1,medium,1.0,38,OLSR,2,0.0,247.49,2.0,1.0,0.0,0.0,0.0,1.0,0.0,1.0,0.0,1.0,0.0
1,medium,1.0,39,AODV,2,0.0,187.49,2.0,1.0,0.0,0.0,0.0,1.0,0.0,1.0,0.0,1.0,0.0
1,medium,1.0,39,DSDV,1,0.0,64.506,1.0,1.0,0.0,0.0,0.0,1.0,0.0,1.0,0.0,1.0,0.0
1,medium,1.0,39,DSR,2,0.0,367.49,2.0,1.0,0.0,0.0,0.0,1.0,0.0,1.0,0.0,1.0,0.0
1,medium,1.0,39,OLSR,2,0.0,187.49,2.0,1.0,0.0,0.0,0.0,1.0,0.0,1.0,0.0,1.0,0.0
1,medium,1.0,40,AODV,2,0.0,189.388,2.0,1.0,0.0,0.0,0.0,1.0,0.0,1.0,0.0,1.0,0.0
1,medium,1.0,40,DSDV,1,0.0,64.566,1.0,1.0,0.0,0.0,0.0,1.0,0.0,1.0,0.0,1.0,0.0
1,medium,1.0,40,DSR,2,0.0,369.388,2.0,1.0,0.0,0.0,0.0,1.0,0.0,1.0,0.0,1.0,0.0
1,medium,1.0,40,OLSR,2,0.0,189.388,2.0,1.0,0.0,0.0,0.0,1.0,0.0,1.0,0.0,1.0,0.0
1,medium,1.0,41,AODV,2,0.0,129.44,2.0,1.0,0.0,0.0,0.0,1.0,0.0,1.0,0.0,1.0,0.0
1,medium,1.0,41,DSDV,1,0.0,124.566,1.0,1.0,0.0,0.0,0.0,1.0,0.0,1.0,0.0,1.0,0.0
1,medium,1.0,41,DSR,2,0.0,309.44,2.0,1.0,0.0,0.0,0.0,1.0,0.0,1.0,0.0,1.0,0.0
1,medium,1.0,41,OLSR,1,0.0,124.566,1.0,1.0,0.0,0.0,0.0,1.0,0.0,1.0,0.0,1.0,0.0
1,medium,1.0,42,AODV,1,0.0,184.822,1.0,1.0,0.0,0.0,0.0,1.0,0.0,1.0,0.0,1.0,0.0
1,medium,1.0,42,DSDV,1,0.0,244.822,1.0,1.0,0.0,0.0,0.0,1.0,0.0,1.0,0.0,1.0,0.0
1,medium,1.0,42,DSR,2,0.0,429.295,2.0,1.0,0.0,0.0,0.0,1.0,0.0,1.0,0.0,1.0,0.0
1,medium,1.0,42,OLSR,2,0.0,249.295,2.0,1.0,0.0,0.0,0.0,1.0,0.0,1.0,0.0,1.0,0.0
1,medium,1.0,43,AODV,2,0.0,69.132,2.0,1.0,0.0,0.0,0.0,1.0,0.0,1.0,0.0,1.0,0.0
1,medium,1.0,43,DSDV,2,0.0,129.132,2.0,1.0,0.0,0.0,0.0,1.0,0.0,1.0,0.0,1.0,0.0
1,medium,1.0,43,DSR,2,0.0,189.132,2.0,1.0,0.0,0.0,0.0,1.0,0.0,1.0,0.0,1.0,0.0
1,medium,1.0,43,OLSR,2,0.0,69.132,2.0,1.0,0.0,0.0,0.0,1.0,0.0,1.0,0.0,1.0,0.0
1,medium,1.0,44,AODV,1,0.0,2.573,1.0,1.0,0.0,0.0,0.0,1.0,0.0,1.0,0.5,1.0,0.5
1,medium,1.0,44,DSDV,1,0.0,2.573,1.0,1.0,0.0,0.0,0.0,1.0,0.0,1.0,0.5,1.0,0.5
1,medium,1.0,44,DSR,2,0.0,66.52,2.0,1.0,0.0,0.0,0.0,1.0,0.0,1.0,0.0,1.0,0.0
1,medium,1.0,44,OLSR,1,0.0,2.573,1.0,1.0,0.0,0.0,0.0,1.0,0.0,1.0,0.5,1.0,0.5
1,medium,1.5,37,AODV,1,0.0,182.984,1.5,1.0,0.0,0.0,0.0,1.0,0.0,1.0,0.0,1.0,0.0
1,medium,1.5,37,DSDV,1,0.0,242.984,1.5,1.0,0.0,0.0,0.0,1.0,0.0,1.0,0.0,1.0,0.0
1,medium,1.5,37,DSR,2,0.0,605.968,3.0,1.0,0.0,0.0,0.0,1.0,0.0,1.0,0.0,1.0,0.0
1,medium,1.5,37,OLSR,1,0.0,182.984,1.5,1.0,0.0,0.0,0.0,1.0,0.0,1.0,0.0,1.0,0.0
1,medium,1.5,38,AODV,2,0.0,247.49,3.0,1.0,0.0,0.0,0.0,1.0,0.0,1.0,0.0,1.0,0.0
1,medium,1.5,38,DSDV,1,0.0,124.506,1.5,1.0,0.0,0.0,0.0,1.0,0.0,1.0,0.0,1.0,0.0
1,medium,1.5,38,DSR,2,0.0,487.49,3.0,1.0,0.0,0.0,0.0,1.0,0.0,1.0,0.0,1.0,0.0
1,medium,1.5,38,OLSR,2,0.0,247.49,3.0,1.0,0.0,0.0,0.0,1.0,0.0,1.0,0.0,1.0,0.0
1,medium,1.5,39,AODV,2,0.0,187.49,3.0,1.0,0.0,0.0,0.0,1.0,0.0,1.0,0.0,1.0,0.0
1,medium,1.5,39,DSDV,1,0.0,64.506,1.5,1.0,0.0,0.0,0.0,1.0,0.0,1.0,0.0,1.0,0.0
1,medium,1.5,39,DSR,2,0.0,367.49,3.0,1.0,0.0,0.0,0.0,1.0,0.0,1.0,0.0,1.0,0.0
1,medium,1.5,39,OLSR,2,0.0,187.49,3.0,1.0,0.0,0.0,0.0,1.0,0.0,1.0,0.0,1.0,0.0
1,medium,1.5,40,AODV,2,0.0,189.388,3.0,1.0,0.0,0.0,0.0,1.0,0.0,1.0,0.0,1.0,0.0
1,medium,1.5,40,DSDV,1,0.0,64.566,1.5,1.0,0.0,0.0,0.0,1.0,0.0,1.0,0.0,1.0,0.0
1,medium,1.5,40,DSR,2,0.0,369.388,3.0,1.0,0.0,0.0,0.0,1.0,0.0,1.0,0.0,1.0,0.0
1,medium,1.5,40,OLSR,2,0.0,189.388,3.0,1.0,0.0,0.0,0.0,1.0,0.0,1.0,0.0,1.0,0.0
1,medium,1.5,41,AODV,2,0.0,129.44,3.0,1.0,0.0,0.0,0.0,1.0,0.0,1.0,0.0,1.0,0.0
1,medium,1.5,41,DSDV,1,0.0,124.566,1.5,1.0,0.0,0.0,0.0,1.0,0.0,1.0,0.0,1.0,0.0
1,medium,1.5,41,DSR,2,0.0,309.44,3.0,1.0,0.0,0.0,0.0,1.0,0.0,1.0,0.0,1.0,0.0
1,medium,1.5,41,OLSR,1,0.0,124.566,1.5,1.0,0.0,0.0,0.0,1.0,0.0,1.0,0.0,1.0,0.0
1,medium,1.5,42,AODV,1,0.0,184.822,1.5,1.0,0.0,0.0,0.0,1.0,0.0,1.0,0.0,1.0,0.0
1,medium,1.5,42,DSDV,1,0.0,244.822,1.5,1.0,0.0,0.0,0.0,1.0,0.0,1.0,0.0,1.0,0.0
1,medium,1.5,42,DSR,2,0.0,429.295,3.0,1.0,0.0,0.0,0.0,1.0,0.0,1.0,0.0,1.0,0.0
1,medium,1.5,42,OLSR,2,0.0,249.295,3.0,1.0,0.0,0.0,0.0,1.0,0.0,1.0,0.0,1.0,0.0
1,medium,1.5,43,AODV,2,0.0,69.132,3.0,1.0,0.0,0.0,0.0,1.0,0.0,1.0,0.0,1.0,0.0
1,medium,1.5,43,DSDV,2,0.0,129.132,3.0,1.0,0.0,0.0,0.0,1.0,0.0,1.0,0.0,1.0,0.0
1,medium,1.5,43,DSR,2,0.0,189.132,3.0,1.0,0.0,0.0,0.0,1.0,0.0,1.0,0.0,1.0,0.0
1,medium,1.5,43,OLSR,2,0.0,69.132,3.0,1.0,0.0,0.0,0.0,1.0,0.0,1.0,0.0,1.0,0.0
1,medium,1.5,44,AODV,1,0.0,2.573,1.5,1.0,0.0,0.0,0.0,1.0,0.0,1.0,0.5,1.0,0.5
1,medium,1.5,44,DSDV,1,0.0,2.573,1.5,1.0,0.0,0.0,0.0,1.0,0.0,1.0,0.5,1.0,0.5
1,medium,1.5,44,DSR,2,0.0,66.52,3.0,1.0,0.0,0.0,0.0,1.0,0.0,1.0,0.0,1.0,0.0
1,medium,1.5,44,OLSR,1,0.0,2.573,1.5,1.0,0.0,0.0,0.0,1.0,0.0,1.0,0.5,1.0,0.5
1,medium,10.0,37,AODV,1,0.0,182.984,5.0,1.0,0.0,0.0,0.0,1.0,0.0,1.0,0.0,1.0,0.0
1,medium,10.0,37,DSDV,1,0.0,242.984,5.0,1.0,0.0,0.0,0.0,1.0,0.0,1.0,0.0,1.0,0.0
1,medium,10.0,37,DSR,2,0.0,605.968,10.0,1.0,0.0,0.0,0.0,1.0,0.0,1.0,0.0,1.0,0.0
1,medium,10.0,37,OLSR,1,0.0,182.984,5.0,1.0,0.0,0.0,0.0,1.0,0.0,1.0,0.0,1.0,0.0
1,medium,10.0,38,AODV,2,0.0,247.49,10.0,1.0,0.0,0.0,0.0,1.0,0.0,1.0,0.0,1.0,0.0
1,medium,10.0,38,DSDV,1,0.0,124.506,5.0,1.0,0.0,0.0,0.0,1.0,0.0,1.0,0.0,1.0,0.0
1,medium,10.0,38,DSR,2,0.0,487.49,10.0,1.0,0.0,0.0,0.0,1.0,0.0,1.0,0.0,1.0,0.0
1,medium,10.0,38,OLSR,2,0.0,247.49,10.0,1.0,0.0,0.0,0.0,1.0,0.0,1.0,0.0,1.0,0.0
1,medium,10.0,39,AODV,2,0.0,187.49,10.0,1.0,0.0,0.0,0.0,1.0,0.0,1.0,0.0,1.0,0.0
1,medium,10.0,39,DSDV,1,0.0,64.506,5.0,1.0,0.0,0.0,0.0,1.0,0.0,1.0,0.0,1.0,0.0
1,medium,10.0,39,DSR,2,0.0,367.49,10.0,1.0,0.0,0.0,0.0,1.0,0.0,1.0,0.0,1.0,0.0
1,medium,10.0,39,OLSR,2,0.0,187.49,10.0,1.0,0.0,0.0,0.0,1.0,0.0,1.0,0.0,1.0,0.0
1,medium,10.0,40,AODV,2,0.0,189.388,10.0,1.0,0.0,0.0,0.0,1.0,0.0,1.0,0.0,1.0,0.0
1,medium,10.0,40,DSDV,1,0.0,64.566,5.0,1.0,0.0,0.0,0.0,1.0,0.0,1.0,0.0,1.0,0.0
1,medium,10.0,40,DSR,2,0.0,369.388,10.0,1.0,0.0,0.0,0.0,1.0,0.0,1.0,0.0,1.0,0.0
1,medium,10.0,40,OLSR,2,0.0,189.388,10.0,1.0,0.0,0.0,0.0,1.0,0.0,1.0,0.0,1.0,0.0
1,medium,10.0,41,AODV,2,0.0,129.44,10.0,1.0,0.0,0.0,0.0,1.0,0.0,1.0,0.0,1.0,0.0
1,medium,10.0,41,DSDV,1,0.0,124.566,5.0,1.0,0.0,0.0,0.0,1.0,0.0,1.0,0.0,1.0,0.0
1,medium,10.0,41,DSR,2,0.0,309.44,10.0,1.0,0.0,0.0,0.0,1.0,0.0,1.0,0.0,1.0,0.0
1,medium,10.0,41,OLSR,1,0.0,124.566,5.0,1.0,0.0,0.0,0.0,1.0,0.0,1.0,0.0,1.0,0.0
1,medium,10.0,42,AODV,1,0.0,184.822,5.0,1.0,0.0,0.0,0.0,1.0,0.0,1.0,0.0,1.0,0.0
1,medium,10.0,42,DSDV,1,0.0,244.822,5.0,1.0,0.0,0.0,0.0,1.0,0.0,1.0,0.0,1.0,0.0
1,medium,10.0,42,DSR,2,4.473,429.295,10.0,0.0,0.0,0.0,0.0,0.0,0.0,0.25,0.0,0.25,0.0
1,medium,10.0,42,OLSR,2,4.473,249.295,10.0,0.0,0.0,0.0,0.0,0.0,0.0,0.25,0.0,0.25,0.0
1,medium,10.0,43,AODV,2,4.566,69.132,10.0,0.0,0.0,0.0,0.0,0.0,0.0,0.25,0.0,0.25,0.0
1,medium,10.0,43,DSDV,2,4.566,129.132,10.0,0.0,0.0,0.0,0.0,0.0,0.0,0.25,0.0,0.25,0.0
1,medium,10.0,43,DSR,2,4.566,189.132,10.0,0.0,0.0,0.0,0.0,0.0,0.0,0.25,0.0,0.25,0.0
1,medium,10.0,43,OLSR,2,4.566,69.132,10.0,0.0,0.0,0.0,0.0,0.0,0.0,0.25,0.0,0.25,0.0
1,medium,10.0,44,AODV,1,0.0,2.573,5.0,1.0,0.0,0.0,0.0,1.0,0.0,1.0,0.5,1.0,0.5
1,medium,10.0,44,DSDV,1,2.573,2.573,5.0,0.0,0.0,0.0,0.0,0.0,0.0,0.5,0.5,0.5,0.5
1,medium,10.0,44,DSR,2,3.947,66.52,10.0,0.0,0.0,0.0,0.0,0.0,0.0,0.25,0.0,0.25,0.0
1,medium,10.0,44,OLSR,1,2.573,2.573,5.0,0.0,0.0,0.0,0.0,0.0,0.0,0.5,0.5,0.5,0.5
1,medium,2.0,37,AODV,1,0.0,182.984,2.0,1.0,0.0,0.0,0.0,1.0,0.0,1.0,0.0,1.0,0.0
1,medium,2.0,37,DSDV,1,0.0,242.984,2.0,1.0,0.0,0.0,0.0,1.0,0.0,1.0,0.0,1.0,0.0
1,medium,2.0,37,DSR,2,0.0,605.968,4.0,1.0,0.0,0.0,0.0,1.0,0.0,1.0,0.0,1.0,0.0
1,medium,2.0,37,OLSR,1,0.0,182.984,2.0,1.0,0.0,0.0,0.0,1.0,0.0,1.0,0.0,1.0,0.0
1,medium,2.0,38,AODV,2,0.0,247.49,4.0,1.0,0.0,0.0,0.0,1.0,0.0,1.0,0.0,1.0,0.0
1,medium,2.0,38,DSDV,1,0.0,124.506,2.0,1.0,0.0,0.0,0.0,1.0,0.0,1.0,0.0,1.0,0.0
1,medium,2.0,38,DSR,2,0.0,487.49,4.0,1.0,0.0,0.0,0.0,1.0,0.0,1.0,0.0,1.0,0.0
1,medium,2.0,38,OLSR,2,0.0,247.49,4.0,1.0,0.0,0.0,0.0,1.0,0.0,1.0,0.0,1.0,0.0
1,medium,2.0,39,AODV,2,0.0,187.49,4.0,1.0,0.0,0.0,0.0,1.0,0.0,1.0,0.0,1.0,0.0
1,medium,2.0,39,DSDV,1,0.0,64.506,2.0,1.0,0.0,0.0,0.0,1.0,0.0,1.0,0.0,1.0,0.0
1,medium,2.0,39,DSR,2,0.0,367.49,4.0,1.0,0.0,0.0,0.0,1.0,0.0,1.0,0.0,1.0,0.0
1,medium,2.0,39,OLSR,2,0.0,187.49,4.0,1.0,0.0,0.0,0.0,1.0,0.0,1.0,0.0,1.0,0.0
1,medium,2.0,40,AODV,2,0.0,189.388,4.0,1.0,0.0,0.0,0.0,1.0,0.0,1.0,0.0,1.0,0.0
1,medium,2.0,40,DSDV,1,0.0,64.566,2.0,1.0,0.0,0.0,0.0,1.0,0.0,1.0,0.0,1.0,0.0
1,medium,2.0,40,DSR,2,0.0,369.388,4.0,1.0,0.0,0.0,0.0,1.0,0.0,1.0,0.0,1.0,0.0
1,medium,2.0,40,OLSR,2,0.0,189.388,4.0,1.0,0.0,0.0,0.0,1.0,0.0,1.0,0.0,1.0,0.0
1,medium,2.0,41,AODV,2,0.0,129.44,4.0,1.0,0.0,0.0,0.0,1.0,0.0,1.0,0.0,1.0,0.0
1,medium,2.0,41,DSDV,1,0.0,124.566,2.0,1.0,0.0,0.0,0.0,1.0,0.0,1.0,0.0,1.0,0.0
1,medium,2.0,41,DSR,2,0.0,309.44,4.0,1.0,0.0,0.0,0.0,1.0,0.0,1.0,0.0,1.0,0.0
1,medium,2.0,41,OLSR,1,0.0,124.566,2.0,1.0,0.0,0.0,0.0,1.0,0.0,1.0,0.0,1.0,0.0
1,medium,2.0,42,AODV,1,0.0,184.822,2.0,1.0,0.0,0.0,0.0,1.0,0.0,1.0,0.0,1.0,0.0
1,medium,2.0,42,DSDV,1,0.0,244.822,2.0,1.0,0.0,0.0,0.0,1.0,0.0,1.0,0.0,1.0,0.0
1,medium,2.0,42,DSR,2,0.0,429.295,4.0,1.0,0.0,0.0,0.0,1.0,0.0,1.0,0.0,1.0,0.0
1,medium,2.0,42,OLSR,2,0.0,249.295,4.0,1.0,0.0,0.0,0.0,1.0,0.0,1.0,0.0,1.0,0.0
1,medium,2.0,43,AODV,2,0.0,69.132,4.0,1.0,0.0,0.0,0.0,1.0,0.0,1.0,0.0,1.0,0.0
1,medium,2.0,43,DSDV,2,0.0,129.132,4.0,1.0,0.0,0.0,0.0,1.0,0.0,1.0,0.0,1.0,0.0
1,medium,2.0,43,DSR,2,0.0,189.132,4.0,1.0,0.0,0.0,0.0,1.0,0.0,1.0,0.0,1.0,0.0
1,medium,2.0,43,OLSR,2,0.0,69.132,4.0,1.0,0.0,0.0,0.0,1.0,0.0,1.0,0.0,1.0,0.0
1,medium,2.0,44,AODV,1,0.0,2.573,2.0,1.0,0.0,0.0,0.0,1.0,0.0,1.0,0.5,1.0,0.5
1,medium,2.0,44,DSDV,1,0.0,2.573,2.0,1.0,0.0,0.0,0.0,1.0,0.0,1.0,0.5,1.0,0.5
1,medium,2.0,44,DSR,2,0.0,66.52,4.0,1.0,0.0,0.0,0.0,1.0,0.0,1.0,0.0,1.0,0.0
1,medium,2.0,44,OLSR,1,0.0,2.573,2.0,1.0,0.0,0.0,0.0,1.0,0.0,1.0,0.5,1.0,0.5
1,medium,3.0,37,AODV,1,0.0,182.984,3.0,1.0,0.0,0.0,0.0,1.0,0.0,1.0,0.0,1.0,0.0
1,medium,3.0,37,DSDV,1,0.0,242.984,3.0,1.0,0.0,0.0,0.0,1.0,0.0,1.0,0.0,1.0,0.0
1,medium,3.0,37,DSR,2,0.0,605.968,6.0,1.0,0.0,0.0,0.0,1.0,0.0,1.0,0.0,1.0,0.0
1,medium,3.0,37,OLSR,1,0.0,182.984,3.0,1.0,0.0,0.0,0.0,1.0,0.0,1.0,0.0,1.0,0.0
1,medium,3.0,38,AODV,2,0.0,247.49,6.0,1.0,0.0,0.0,0.0,1.0,0.0,1.0,0.0,1.0,0.0
1,medium,3.0,38,DSDV,1,0.0,124.506,3.0,1.0,0.0,0.0,0.0,1.0,0.0,1.0,0.0,1.0,0.0
1,medium,3.0,38,DSR,2,0.0,487.49,6.0,1.0,0.0,0.0,0.0,1.0,0.0,1.0,0.0,1.0,0.0
1,medium,3.0,38,OLSR,2,0.0,247.49,6.0,1.0,0.0,0.0,0.0,1.0,0.0,1.0,0.0,1.0,0.0
1,medium,3.0,39,AODV,2,0.0,187.49,6.0,1.0,0.0,0.0,0.0,1.0,0.0,1.0,0.0,1.0,0.0
1,medium,3.0,39,DSDV,1,0.0,64.506,3.0,1.0,0.0,0.0,0.0,1.0,0.0,1.0,0.0,1.0,0.0
1,medium,3.0,39,DSR,2,0.0,367.49,6.0,1.0,0.0,0.0,0.0,1.0,0.0,1.0,0.0,1.0,0.0
1,medium,3.0,39,OLSR,2,0.0,187.49,6.0,1.0,0.0,0.0,0.0,1.0,0.0,1.0,0.0,1.0,0.0
1,medium,3.0,40,AODV,2,0.0,189.388,6.0,1.0,0.0,0.0,0.0,1.0,0.0,1.0,0.0,1.0,0.0
1,medium,3.0,40,DSDV,1,0.0,64.566,3.0,1.0,0.0,0.0,0.0,1.0,0.0,1.0,0.0,1.0,0.0
1,medium,3.0,40,DSR,2,0.0,369.388,6.0,1.0,0.0,0.0,0.0,1.0,0.0,1.0,0.0,1.0,0.0
1,medium,3.0,40,OLSR,2,0.0,189.388,6.0,1.0,0.0,0.0,0.0,1.0,0.0,1.0,0.0,1.0,0.0
1,medium,3.0,41,AODV,2,0.0,129.44,6.0,1.0,0.0,0.0,0.0,1.0,0.0,1.0,0.0,1.0,0.0
1,medium,3.0,41,DSDV,1,0.0,124.566,3.0,1.0,0.0,0.0,0.0,1.0,0.0,1.0,0.0,1.0,0.0
1,medium,3.0,41,DSR,2,0.0,309.44,6.0,1.0,0.0,0.0,0.0,1.0,0.0,1.0,0.0,1.0,0.0
1,medium,3.0,41,OLSR,1,0.0,124.566,3.0,1.0,0.0,0.0,0.0,1.0,0.0,1.0,0.0,1.0,0.0
1,medium,3.0,42,AODV,1,0.0,184.822,3.0,1.0,0.0,0.0,0.0,1.0,0.0,1.0,0.0,1.0,0.0
1,medium,3.0,42,DSDV,1,0.0,244.822,3.0,1.0,0.0,0.0,0.0,1.0,0.0,1.0,0.0,1.0,0.0
1,medium,3.0,42,DSR,2,0.0,429.295,6.0,1.0,0.0,0.0,0.0,1.0,0.0,1.0,0.0,1.0,0.0
1,medium,3.0,42,OLSR,2,0.0,249.295,6.0,1.0,0.0,0.0,0.0,1.0,0.0,1.0,0.0,1.0,0.0
1,medium,3.0,43,AODV,2,0.0,69.132,6.0,1.0,0.0,0.0,0.0,1.0,0.0,1.0,0.0,1.0,0.0
1,medium,3.0,43,DSDV,2,0.0,129.132,6.0,1.0,0.0,0.0,0.0,1.0,0.0,1.0,0.0,1.0,0.0
1,medium,3.0,43,DSR,2,0.0,189.132,6.0,1.0,0.0,0.0,0.0,1.0,0.0,1.0,0.0,1.0,0.0
1,medium,3.0,43,OLSR,2,0.0,69.132,6.0,1.0,0.0,0.0,0.0,1.0,0.0,1.0,0.0,1.0,0.0
1,medium,3.0,44,AODV,1,0.0,2.573,3.0,1.0,0.0,0.0,0.0,1.0,0.0,1.0,0.5,1.0,0.5
1,medium,3.0,44,DSDV,1,2.573,2.573,3.0,0.0,0.0,0.0,0.0,0.0,0.0,0.5,0.5,0.5,0.5
1,medium,3.0,44,DSR,2,0.0,66.52,6.0,1.0,0.0,0.0,0.0,1.0,0.0,1.0,0.0,1.0,0.0
1,medium,3.0,44,OLSR,1,2.573,2.573,3.0,0.0,0.0,0.0,0.0,0.0,0.0,0.5,0.5,0.5,0.5
1,medium,4.0,37,AODV,1,0.0,182.984,4.0,1.0,0.0,0.0,0.0,1.0,0.0,1.0,0.0,1.0,0.0
1,medium,4.0,37,DSDV,1,0.0,242.984,4.0,1.0,0.0,0.0,0.0,1.0,0.0,1.0,0.0,1.0,0.0
1,medium,4.0,37,DSR,2,0.0,605.968,8.0,1.0,0.0,0.0,0.0,1.0,0.0,1.0,0.0,1.0,0.0
1,medium,4.0,37,OLSR,1,0.0,182.984,4.0,1.0,0.0,0.0,0.0,1.0,0.0,1.0,0.0,1.0,0.0
1,medium,4.0,38,AODV,2,0.0,247.49,8.0,1.0,0.0,0.0,0.0,1.0,0.0,1.0,0.0,1.0,0.0
1,medium,4.0,38,DSDV,1,0.0,124.506,4.0,1.0,0.0,0.0,0.0,1.0,0.0,1.0,0.0,1.0,0.0
1,medium,4.0,38,DSR,2,0.0,487.49,8.0,1.0,0.0,0.0,0.0,1.0,0.0,1.0,0.0,1.0,0.0
1,medium,4.0,38,OLSR,2,0.0,247.49,8.0,1.0,0.0,0.0,0.0,1.0,0.0,1.0,0.0,1.0,0.0
1,medium,4.0,39,AODV,2,0.0,187.49,8.0,1.0,0.0,0.0,0.0,1.0,0.0,1.0,0.0,1.0,0.0
1,medium,4.0,39,DSDV,1,0.0,64.506,4.0,1.0,0.0,0.0,0.0,1.0,0.0,1.0,0.0,1.0,0.0
1,medium,4.0,39,DSR,2,0.0,367.49,8.0,1.0,0.0,0.0,0.0,1.0,0.0,1.0,0.0,1.0,0.0
1,medium,4.0,39,OLSR,2,0.0,187.49,8.0,1.0,0.0,0.0,0.0,1.0,0.0,1.0,0.0,1.0,0.0
1,medium,4.0,40,AODV,2,0.0,189.388,8.0,1.0,0.0,0.0,0.0,1.0,0.0,1.0,0.0,1.0,0.0
1,medium,4.0,40,DSDV,1,0.0,64.566,4.0,1.0,0.0,0.0,0.0,1.0,0.0,1.0,0.0,1.0,0.0
1,medium,4.0,40,DSR,2,0.0,369.388,8.0,1.0,0.0,0.0,0.0,1.0,0.0,1.0,0.0,1.0,0.0
1,medium,4.0,40,OLSR,2,0.0,189.388,8.0,1.0,0.0,0.0,0.0,1.0,0.0,1.0,0.0,1.0,0.0
1,medium,4.0,41,AODV,2,0.0,129.44,8.0,1.0,0.0,0.0,0.0,1.0,0.0,1.0,0.0,1.0,0.0
1,medium,4.0,41,DSDV,1,0.0,124.566,4.0,1.0,0.0,0.0,0.0,1.0,0.0,1.0,0.0,1.0,0.0
1,medium,4.0,41,DSR,2,0.0,309.44,8.0,1.0,0.0,0.0,0.0,1.0,0.0,1.0,0.0,1.0,0.0
1,medium,4.0,41,OLSR,1,0.0,124.566,4.0,1.0,0.0,0.0,0.0,1.0,0.0,1.0,0.0,1.0,0.0
1,medium,4.0,42,AODV,1,0.0,184.822,4.0,1.0,0.0,0.0,0.0,1.0,0.0,1.0,0.0,1.0,0.0
1,medium,4.0,42,DSDV,1,0.0,244.822,4.0,1.0,0.0,0.0,0.0,1.0,0.0,1.0,0.0,1.0,0.0
1,medium,4.0,42,DSR,2,0.0,429.295,8.0,1.0,0.0,0.0,0.0,1.0,0.0,1.0,0.0,1.0,0.0
1,medium,4.0,42,OLSR,2,0.0,249.295,8.0,1.0,0.0,0.0,0.0,1.0,0.0,1.0,0.0,1.0,0.0
1,medium,4.0,43,AODV,2,0.0,69.132,8.0,1.0,0.0,0.0,0.0,1.0,0.0,1.0,0.0,1.0,0.0
1,medium,4.0,43,DSDV,2,0.0,129.132,8.0,1.0,0.0,0.0,0.0,1.0,0.0,1.0,0.0,1.0,0.0
1,medium,4.0,43,DSR,2,0.0,189.132,8.0,1.0,0.0,0.0,0.0,1.0,0.0,1.0,0.0,1.0,0.0
1,medium,4.0,43,OLSR,2,0.0,69.132,8.0,1.0,0.0,0.0,0.0,1.0,0.0,1.0,0.0,1.0,0.0
1,medium,4.0,44,AODV,1,0.0,2.573,4.0,1.0,0.0,0.0,0.0,1.0,0.0,1.0,0.5,1.0,0.5
1,medium,4.0,44,DSDV,1,2.573,2.573,4.0,0.0,0.0,0.0,0.0,0.0,0.0,0.5,0.5,0.5,0.5
1,medium,4.0,44,DSR,2,3.947,66.52,8.0,0.0,0.0,0.0,0.0,0.0,0.0,0.25,0.0,0.25,0.0
1,medium,4.0,44,OLSR,1,2.573,2.573,4.0,0.0,0.0,0.0,0.0,0.0,0.0,0.5,0.5,0.5,0.5
1,medium,5.0,37,AODV,1,0.0,182.984,5.0,1.0,0.0,0.0,0.0,1.0,0.0,1.0,0.0,1.0,0.0
1,medium,5.0,37,DSDV,1,0.0,242.984,5.0,1.0,0.0,0.0,0.0,1.0,0.0,1.0,0.0,1.0,0.0
1,medium,5.0,37,DSR,2,0.0,605.968,10.0,1.0,0.0,0.0,0.0,1.0,0.0,1.0,0.0,1.0,0.0
1,medium,5.0,37,OLSR,1,0.0,182.984,5.0,1.0,0.0,0.0,0.0,1.0,0.0,1.0,0.0,1.0,0.0
1,medium,5.0,38,AODV,2,0.0,247.49,10.0,1.0,0.0,0.0,0.0,1.0,0.0,1.0,0.0,1.0,0.0
1,medium,5.0,38,DSDV,1,0.0,124.506,5.0,1.0,0.0,0.0,0.0,1.0,0.0,1.0,0.0,1.0,0.0
1,medium,5.0,38,DSR,2,0.0,487.49,10.0,1.0,0.0,0.0,0.0,1.0,0.0,1.0,0.0,1.0,0.0
1,medium,5.0,38,OLSR,2,0.0,247.49,10.0,1.0,0.0,0.0,0.0,1.0,0.0,1.0,0.0,1.0,0.0
1,medium,5.0,39,AODV,2,0.0,187.49,10.0,1.0,0.0,0.0,0.0,1.0,0.0,1.0,0.0,1.0,0.0
1,medium,5.0,39,DSDV,1,0.0,64.506,5.0,1.0,0.0,0.0,0.0,1.0,0.0,1.0,0.0,1.0,0.0
1,medium,5.0,39,DSR,2,0.0,367.49,10.0,1.0,0.0,0.0,0.0,1.0,0.0,1.0,0.0,1.0,0.0
1,medium,5.0,39,OLSR,2,0.0,187.49,10.0,1.0,0.0,0.0,0.0,1.0,0.0,1.0,0.0,1.0,0.0
1,medium,5.0,40,AODV,2,0.0,189.388,10.0,1.0,0.0,0.0,0.0,1.0,0.0,1.0,0.0,1.0,0.0
1,medium,5.0,40,DSDV,1,0.0,64.566,5.0,1.0,0.0,0.0,0.0,1.0,0.0,1.0,0.0,1.0,0.0
1,medium,5.0,40,DSR,2,0.0,369.388,10.0,1.0,0.0,0.0,0.0,1.0,0.0,1.0,0.0,1.0,0.0
1,medium,5.0,40,OLSR,2,0.0,189.388,10.0,1.0,0.0,0.0,0.0,1.0,0.0,1.0,0.0,1.0,0.0
1,medium,5.0,41,AODV,2,0.0,129.44,10.0,1.0,0.0,0.0,0.0,1.0,0.0,1.0,0.0,1.0,0.0
1,medium,5.0,41,DSDV,1,0.0,124.566,5.0,1.0,0.0,0.0,0.0,1.0,0.0,1.0,0.0,1.0,0.0
1,medium,5.0,41,DSR,2,0.0,309.44,10.0,1.0,0.0,0.0,0.0,1.0,0.0,1.0,0.0,1.0,0.0
1,medium,5.0,41,OLSR,1,0.0,124.566,5.0,1.0,0.0,0.0,0.0,1.0,0.0,1.0,0.0,1.0,0.0
1,medium,5.0,42,AODV,1,0.0,184.822,5.0,1.0,0.0,0.0,0.0,1.0,0.0,1.0,0.0,1.0,0.0
1,medium,5.0,42,DSDV,1,0.0,244.822,5.0,1.0,0.0,0.0,0.0,1.0,0.0,1.0,0.0,1.0,0.0
1,medium,5.0,42,DSR,2,4.473,429.295,10.0,0.0,0.0,0.0,0.0,0.0,0.0,0.25,0.0,0.25,0.0
1,medium,5.0,42,OLSR,2,4.473,249.295,10.0,0.0,0.0,0.0,0.0,0.0,0.0,0.25,0.0,0.25,0.0
1,medium,5.0,43,AODV,2,4.566,69.132,10.0,0.0,0.0,0.0,0.0,0.0,0.0,0.25,0.0,0.25,0.0
1,medium,5.0,43,DSDV,2,4.566,129.132,10.0,0.0,0.0,0.0,0.0,0.0,0.0,0.25,0.0,0.25,0.0
1,medium,5.0,43,DSR,2,4.566,189.132,10.0,0.0,0.0,0.0,0.0,0.0,0.0,0.25,0.0,0.25,0.0
1,medium,5.0,43,OLSR,2,4.566,69.132,10.0,0.0,0.0,0.0,0.0,0.0,0.0,0.25,0.0,0.25,0.0
1,medium,5.0,44,AODV,1,0.0,2.573,5.0,1.0,0.0,0.0,0.0,1.0,0.0,1.0,0.5,1.0,0.5
1,medium,5.0,44,DSDV,1,2.573,2.573,5.0,0.0,0.0,0.0,0.0,0.0,0.0,0.5,0.5,0.5,0.5
1,medium,5.0,44,DSR,2,3.947,66.52,10.0,0.0,0.0,0.0,0.0,0.0,0.0,0.25,0.0,0.25,0.0
1,medium,5.0,44,OLSR,1,2.573,2.573,5.0,0.0,0.0,0.0,0.0,0.0,0.0,0.5,0.5,0.5,0.5
1,medium,6.0,37,AODV,1,0.0,182.984,5.0,1.0,0.0,0.0,0.0,1.0,0.0,1.0,0.0,1.0,0.0
1,medium,6.0,37,DSDV,1,0.0,242.984,5.0,1.0,0.0,0.0,0.0,1.0,0.0,1.0,0.0,1.0,0.0
1,medium,6.0,37,DSR,2,0.0,605.968,10.0,1.0,0.0,0.0,0.0,1.0,0.0,1.0,0.0,1.0,0.0
1,medium,6.0,37,OLSR,1,0.0,182.984,5.0,1.0,0.0,0.0,0.0,1.0,0.0,1.0,0.0,1.0,0.0
1,medium,6.0,38,AODV,2,0.0,247.49,10.0,1.0,0.0,0.0,0.0,1.0,0.0,1.0,0.0,1.0,0.0
1,medium,6.0,38,DSDV,1,0.0,124.506,5.0,1.0,0.0,0.0,0.0,1.0,0.0,1.0,0.0,1.0,0.0
1,medium,6.0,38,DSR,2,0.0,487.49,10.0,1.0,0.0,0.0,0.0,1.0,0.0,1.0,0.0,1.0,0.0
1,medium,6.0,38,OLSR,2,0.0,247.49,10.0,1.0,0.0,0.0,0.0,1.0,0.0,1.0,0.0,1.0,0.0
1,medium,6.0,39,AODV,2,0.0,187.49,10.0,1.0,0.0,0.0,0.0,1.0,0.0,1.0,0.0,1.0,0.0
1,medium,6.0,39,DSDV,1,0.0,64.506,5.0,1.0,0.0,0.0,0.0,1.0,0.0,1.0,0.0,1.0,0.0
1,medium,6.0,39,DSR,2,0.0,367.49,10.0,1.0,0.0,0.0,0.0,1.0,0.0,1.0,0.0,1.0,0.0
1,medium,6.0,39,OLSR,2,0.0,187.49,10.0,1.0,0.0,0.0,0.0,1.0,0.0,1.0,0.0,1.0,0.0
1,medium,6.0,40,AODV,2,0.0,189.388,10.0,1.0,0.0,0.0,0.0,1.0,0.0,1.0,0.0,1.0,0.0
1,medium,6.0,40,DSDV,1,0.0,64.566,5.0,1.0,0.0,0.0,0.0,1.0,0.0,1.0,0.0,1.0,0.0
1,medium,6.0,40,DSR,2,0.0,369.388,10.0,1.0,0.0,0.0,0.0,1.0,0.0,1.0,0.0,1.0,0.0
1,medium,6.0,40,OLSR,2,0.0,189.388,10.0,1.0,0.0,0.0,0.0,1.0,0.0,1.0,0.0,1.0,0.0
1,medium,6.0,41,AODV,2,0.0,129.44,10.0,1.0,0.0,0.0,0.0,1.0,0.0,1.0,0.0,1.0,0.0
1,medium,6.0,41,DSDV,1,0.0,124.566,5.0,1.0,0.0,0.0,0.0,1.0,0.0,1.0,0.0,1.0,0.0
1,medium,6.0,41,DSR,2,0.0,309.44,10.0,1.0,0.0,0.0,0.0,1.0,0.0,1.0,0.0,1.0,0.0
1,medium,6.0,41,OLSR,1,0.0,124.566,5.0,1.0,0.0,0.0,0.0,1.0,0.0,1.0,0.0,1.0,0.0
1,medium,6.0,42,AODV,1,0.0,184.822,5.0,1.0,0.0,0.0,0.0,1.0,0.0,1.0,0.0,1.0,0.0
1,medium,6.0,42,DSDV,1,0.0,244.822,5.0,1.0,0.0,0.0,0.0,1.0,0.0,1.0,0.0,1.0,0.0
1,medium,6.0,42,DSR,2,4.473,429.295,10.0,0.0,0.0,0.0,0.0,0.0,0.0,0.25,0.0,0.25,0.0
1,medium,6.0,42,OLSR,2,4.473,249.295,10.0,0.0,0.0,0.0,0.0,0.0,0.0,0.25,0.0,0.25,0.0
1,medium,6.0,43,AODV,2,4.566,69.132,10.0,0.0,0.0,0.0,0.0,0.0,0.0,0.25,0.0,0.25,0.0
1,medium,6.0,43,DSDV,2,4.566,129.132,10.0,0.0,0.0,0.0,0.0,0.0,0.0,0.25,0.0,0.25,0.0
1,medium,6.0,43,DSR,2,4.566,189.132,10.0,0.0,0.0,0.0,0.0,0.0,0.0,0.25,0.0,0.25,0.0
1,medium,6.0,43,OLSR,2,4.566,69.132,10.0,0.0,0.0,0.0,0.0,0.0,0.0,0.25,0.0,0.25,0.0
1,medium,6.0,44,AODV,1,0.0,2.573,5.0,1.0,0.0,0.0,0.0,1.0,0.0,1.0,0.5,1.0,0.5
1,medium,6.0,44,DSDV,1,2.573,2.573,5.0,0.0,0.0,0.0,0.0,0.0,0.0,0.5,0.5,0.5,0.5
1,medium,6.0,44,DSR,2,3.947,66.52,10.0,0.0,0.0,0.0,0.0,0.0,0.0,0.25,0.0,0.25,0.0
1,medium,6.0,44,OLSR,1,2.573,2.573,5.0,0.0,0.0,0.0,0.0,0.0,0.0,0.5,0.5,0.5,0.5
1,medium,6.5,37,AODV,1,0.0,182.984,5.0,1.0,0.0,0.0,0.0,1.0,0.0,1.0,0.0,1.0,0.0
1,medium,6.5,37,DSDV,1,0.0,242.984,5.0,1.0,0.0,0.0,0.0,1.0,0.0,1.0,0.0,1.0,0.0
1,medium,6.5,37,DSR,2,0.0,605.968,10.0,1.0,0.0,0.0,0.0,1.0,0.0,1.0,0.0,1.0,0.0
1,medium,6.5,37,OLSR,1,0.0,182.984,5.0,1.0,0.0,0.0,0.0,1.0,0.0,1.0,0.0,1.0,0.0
1,medium,6.5,38,AODV,2,0.0,247.49,10.0,1.0,0.0,0.0,0.0,1.0,0.0,1.0,0.0,1.0,0.0
1,medium,6.5,38,DSDV,1,0.0,124.506,5.0,1.0,0.0,0.0,0.0,1.0,0.0,1.0,0.0,1.0,0.0
1,medium,6.5,38,DSR,2,0.0,487.49,10.0,1.0,0.0,0.0,0.0,1.0,0.0,1.0,0.0,1.0,0.0
1,medium,6.5,38,OLSR,2,0.0,247.49,10.0,1.0,0.0,0.0,0.0,1.0,0.0,1.0,0.0,1.0,0.0
1,medium,6.5,39,AODV,2,0.0,187.49,10.0,1.0,0.0,0.0,0.0,1.0,0.0,1.0,0.0,1.0,0.0
1,medium,6.5,39,DSDV,1,0.0,64.506,5.0,1.0,0.0,0.0,0.0,1.0,0.0,1.0,0.0,1.0,0.0
1,medium,6.5,39,DSR,2,0.0,367.49,10.0,1.0,0.0,0.0,0.0,1.0,0.0,1.0,0.0,1.0,0.0
1,medium,6.5,39,OLSR,2,0.0,187.49,10.0,1.0,0.0,0.0,0.0,1.0,0.0,1.0,0.0,1.0,0.0
1,medium,6.5,40,AODV,2,0.0,189.388,10.0,1.0,0.0,0.0,0.0,1.0,0.0,1.0,0.0,1.0,0.0
1,medium,6.5,40,DSDV,1,0.0,64.566,5.0,1.0,0.0,0.0,0.0,1.0,0.0,1.0,0.0,1.0,0.0
1,medium,6.5,40,DSR,2,0.0,369.388,10.0,1.0,0.0,0.0,0.0,1.0,0.0,1.0,0.0,1.0,0.0
1,medium,6.5,40,OLSR,2,0.0,189.388,10.0,1.0,0.0,0.0,0.0,1.0,0.0,1.0,0.0,1.0,0.0
1,medium,6.5,41,AODV,2,0.0,129.44,10.0,1.0,0.0,0.0,0.0,1.0,0.0,1.0,0.0,1.0,0.0
1,medium,6.5,41,DSDV,1,0.0,124.566,5.0,1.0,0.0,0.0,0.0,1.0,0.0,1.0,0.0,1.0,0.0
1,medium,6.5,41,DSR,2,0.0,309.44,10.0,1.0,0.0,0.0,0.0,1.0,0.0,1.0,0.0,1.0,0.0
1,medium,6.5,41,OLSR,1,0.0,124.566,5.0,1.0,0.0,0.0,0.0,1.0,0.0,1.0,0.0,1.0,0.0
1,medium,6.5,42,AODV,1,0.0,184.822,5.0,1.0,0.0,0.0,0.0,1.0,0.0,1.0,0.0,1.0,0.0
1,medium,6.5,42,DSDV,1,0.0,244.822,5.0,1.0,0.0,0.0,0.0,1.0,0.0,1.0,0.0,1.0,0.0
1,medium,6.5,42,DSR,2,4.473,429.295,10.0,0.0,0.0,0.0,0.0,0.0,0.0,0.25,0.0,0.25,0.0
1,medium,6.5,42,OLSR,2,4.473,249.295,10.0,0.0,0.0,0.0,0.0,0.0,0.0,0.25,0.0,0.25,0.0
1,medium,6.5,43,AODV,2,4.566,69.132,10.0,0.0,0.0,0.0,0.0,0.0,0.0,0.25,0.0,0.25,0.0
1,medium,6.5,43,DSDV,2,4.566,129.132,10.0,0.0,0.0,0.0,0.0,0.0,0.0,0.25,0.0,0.25,0.0
1,medium,6.5,43,DSR,2,4.566,189.132,10.0,0.0,0.0,0.0,0.0,0.0,0.0,0.25,0.0,0.25,0.0
1,medium,6.5,43,OLSR,2,4.566,69.132,10.0,0.0,0.0,0.0,0.0,0.0,0.0,0.25,0.0,0.25,0.0
1,medium,6.5,44,AODV,1,0.0,2.573,5.0,1.0,0.0,0.0,0.0,1.0,0.0,1.0,0.5,1.0,0.5
1,medium,6.5,44,DSDV,1,2.573,2.573,5.0,0.0,0.0,0.0,0.0,0.0,0.0,0.5,0.5,0.5,0.5
1,medium,6.5,44,DSR,2,3.947,66.52,10.0,0.0,0.0,0.0,0.0,0.0,0.0,0.25,0.0,0.25,0.0
1,medium,6.5,44,OLSR,1,2.573,2.573,5.0,0.0,0.0,0.0,0.0,0.0,0.0,0.5,0.5,0.5,0.5
1,medium,7.0,37,AODV,1,0.0,182.984,5.0,1.0,0.0,0.0,0.0,1.0,0.0,1.0,0.0,1.0,0.0
1,medium,7.0,37,DSDV,1,0.0,242.984,5.0,1.0,0.0,0.0,0.0,1.0,0.0,1.0,0.0,1.0,0.0
1,medium,7.0,37,DSR,2,0.0,605.968,10.0,1.0,0.0,0.0,0.0,1.0,0.0,1.0,0.0,1.0,0.0
1,medium,7.0,37,OLSR,1,0.0,182.984,5.0,1.0,0.0,0.0,0.0,1.0,0.0,1.0,0.0,1.0,0.0
1,medium,7.0,38,AODV,2,0.0,247.49,10.0,1.0,0.0,0.0,0.0,1.0,0.0,1.0,0.0,1.0,0.0
1,medium,7.0,38,DSDV,1,0.0,124.506,5.0,1.0,0.0,0.0,0.0,1.0,0.0,1.0,0.0,1.0,0.0
1,medium,7.0,38,DSR,2,0.0,487.49,10.0,1.0,0.0,0.0,0.0,1.0,0.0,1.0,0.0,1.0,0.0
1,medium,7.0,38,OLSR,2,0.0,247.49,10.0,1.0,0.0,0.0,0.0,1.0,0.0,1.0,0.0,1.0,0.0
1,medium,7.0,39,AODV,2,0.0,187.49,10.0,1.0,0.0,0.0,0.0,1.0,0.0,1.0,0.0,1.0,0.0
1,medium,7.0,39,DSDV,1,0.0,64.506,5.0,1.0,0.0,0.0,0.0,1.0,0.0,1.0,0.0,1.0,0.0
1,medium,7.0,39,DSR,2,0.0,367.49,10.0,1.0,0.0,0.0,0.0,1.0,0.0,1.0,0.0,1.0,0.0
1,medium,7.0,39,OLSR,2,0.0,187.49,10.0,1.0,0.0,0.0,0.0,1.0,0.0,1.0,0.0,1.0,0.0
1,medium,7.0,40,AODV,2,0.0,189.388,10.0,1.0,0.0,0.0,0.0,1.0,0.0,1.0,0.0,1.0,0.0
1,medium,7.0,40,DSDV,1,0.0,64.566,5.0,1.0,0.0,0.0,0.0,1.0,0.0,1.0,0.0,1.0,0.0
1,medium,7.0,40,DSR,2,0.0,369.388,10.0,1.0,0.0,0.0,0.0,1.0,0.0,1.0,0.0,1.0,0.0
1,medium,7.0,40,OLSR,2,0.0,189.388,10.0,1.0,0.0,0.0,0.0,1.0,0.0,1.0,0.0,1.0,0.0
1,medium,7.0,41,AODV,2,0.0,129.44,10.0,1.0,0.0,0.0,0.0,1.0,0.0,1.0,0.0,1.0,0.0
1,medium,7.0,41,DSDV,1,0.0,124.566,5.0,1.0,0.0,0.0,0.0,1.0,0.0,1.0,0.0,1.0,0.0
1,medium,7.0,41,DSR,2,0.0,309.44,10.0,1.0,0.0,0.0,0.0,1.0,0.0,1.0,0.0,1.0,0.0
1,medium,7.0,41,OLSR,1,0.0,124.566,5.0,1.0,0.0,0.0,0.0,1.0,0.0,1.0,0.0,1.0,0.0
1,medium,7.0,42,AODV,1,0.0,184.822,5.0,1.0,0.0,0.0,0.0,1.0,0.0,1.0,0.0,1.0,0.0
1,medium,7.0,42,DSDV,1,0.0,244.822,5.0,1.0,0.0,0.0,0.0,1.0,0.0,1.0,0.0,1.0,0.0
1,medium,7.0,42,DSR,2,4.473,429.295,10.0,0.0,0.0,0.0,0.0,0.0,0.0,0.25,0.0,0.25,0.0
1,medium,7.0,42,OLSR,2,4.473,249.295,10.0,0.0,0.0,0.0,0.0,0.0,0.0,0.25,0.0,0.25,0.0
1,medium,7.0,43,AODV,2,4.566,69.132,10.0,0.0,0.0,0.0,0.0,0.0,0.0,0.25,0.0,0.25,0.0
1,medium,7.0,43,DSDV,2,4.566,129.132,10.0,0.0,0.0,0.0,0.0,0.0,0.0,0.25,0.0,0.25,0.0
1,medium,7.0,43,DSR,2,4.566,189.132,10.0,0.0,0.0,0.0,0.0,0.0,0.0,0.25,0.0,0.25,0.0
1,medium,7.0,43,OLSR,2,4.566,69.132,10.0,0.0,0.0,0.0,0.0,0.0,0.0,0.25,0.0,0.25,0.0
1,medium,7.0,44,AODV,1,0.0,2.573,5.0,1.0,0.0,0.0,0.0,1.0,0.0,1.0,0.5,1.0,0.5
1,medium,7.0,44,DSDV,1,2.573,2.573,5.0,0.0,0.0,0.0,0.0,0.0,0.0,0.5,0.5,0.5,0.5
1,medium,7.0,44,DSR,2,3.947,66.52,10.0,0.0,0.0,0.0,0.0,0.0,0.0,0.25,0.0,0.25,0.0
1,medium,7.0,44,OLSR,1,2.573,2.573,5.0,0.0,0.0,0.0,0.0,0.0,0.0,0.5,0.5,0.5,0.5
1,medium,8.0,37,AODV,1,0.0,182.984,5.0,1.0,0.0,0.0,0.0,1.0,0.0,1.0,0.0,1.0,0.0
1,medium,8.0,37,DSDV,1,0.0,242.984,5.0,1.0,0.0,0.0,0.0,1.0,0.0,1.0,0.0,1.0,0.0
1,medium,8.0,37,DSR,2,0.0,605.968,10.0,1.0,0.0,0.0,0.0,1.0,0.0,1.0,0.0,1.0,0.0
1,medium,8.0,37,OLSR,1,0.0,182.984,5.0,1.0,0.0,0.0,0.0,1.0,0.0,1.0,0.0,1.0,0.0
1,medium,8.0,38,AODV,2,0.0,247.49,10.0,1.0,0.0,0.0,0.0,1.0,0.0,1.0,0.0,1.0,0.0
1,medium,8.0,38,DSDV,1,0.0,124.506,5.0,1.0,0.0,0.0,0.0,1.0,0.0,1.0,0.0,1.0,0.0
1,medium,8.0,38,DSR,2,0.0,487.49,10.0,1.0,0.0,0.0,0.0,1.0,0.0,1.0,0.0,1.0,0.0
1,medium,8.0,38,OLSR,2,0.0,247.49,10.0,1.0,0.0,0.0,0.0,1.0,0.0,1.0,0.0,1.0,0.0
1,medium,8.0,39,AODV,2,0.0,187.49,10.0,1.0,0.0,0.0,0.0,1.0,0.0,1.0,0.0,1.0,0.0
1,medium,8.0,39,DSDV,1,0.0,64.506,5.0,1.0,0.0,0.0,0.0,1.0,0.0,1.0,0.0,1.0,0.0
1,medium,8.0,39,DSR,2,0.0,367.49,10.0,1.0,0.0,0.0,0.0,1.0,0.0,1.0,0.0,1.0,0.0
1,medium,8.0,39,OLSR,2,0.0,187.49,10.0,1.0,0.0,0.0,0.0,1.0,0.0,1.0,0.0,1.0,0.0
1,medium,8.0,40,AODV,2,0.0,189.388,10.0,1.0,0.0,0.0,0.0,1.0,0.0,1.0,0.0,1.0,0.0
1,medium,8.0,40,DSDV,1,0.0,64.566,5.0,1.0,0.0,0.0,0.0,1.0,0.0,1.0,0.0,1.0,0.0
1,medium,8.0,40,DSR,2,0.0,369.388,10.0,1.0,0.0,0.0,0.0,1.0,0.0,1.0,0.0,1.0,0.0
1,medium,8.0,40,OLSR,2,0.0,189.388,10.0,1.0,0.0,0.0,0.0,1.0,0.0,1.0,0.0,1.0,0.0
1,medium,8.0,41,AODV,2,0.0,129.44,10.0,1.0,0.0,0.0,0.0,1.0,0.0,1.0,0.0,1.0,0.0
1,medium,8.0,41,DSDV,1,0.0,124.566,5.0,1.0,0.0,0.0,0.0,1.0,0.0,1.0,0.0,1.0,0.0
1,medium,8.0,41,DSR,2,0.0,309.44,10.0,1.0,0.0,0.0,0.0,1.0,0.0,1.0,0.0,1.0,0.0
1,medium,8.0,41,OLSR,1,0.0,124.566,5.0,1.0,0.0,0.0,0.0,1.0,0.0,1.0,0.0,1.0,0.0
1,medium,8.0,42,AODV,1,0.0,184.822,5.0,1.0,0.0,0.0,0.0,1.0,0.0,1.0,0.0,1.0,0.0
1,medium,8.0,42,DSDV,1,0.0,244.822,5.0,1.0,0.0,0.0,0.0,1.0,0.0,1.0,0.0,1.0,0.0
1,medium,8.0,42,DSR,2,4.473,429.295,10.0,0.0,0.0,0.0,0.0,0.0,0.0,0.25,0.0,0.25,0.0
1,medium,8.0,42,OLSR,2,4.473,249.295,10.0,0.0,0.0,0.0,0.0,0.0,0.0,0.25,0.0,0.25,0.0
1,medium,8.0,43,AODV,2,4.566,69.132,10.0,0.0,0.0,0.0,0.0,0.0,0.0,0.25,0.0,0.25,0.0
1,medium,8.0,43,DSDV,2,4.566,129.132,10.0,0.0,0.0,0.0,0.0,0.0,0.0,0.25,0.0,0.25,0.0
1,medium,8.0,43,DSR,2,4.566,189.132,10.0,0.0,0.0,0.0,0.0,0.0,0.0,0.25,0.0,0.25,0.0
1,medium,8.0,43,OLSR,2,4.566,69.132,10.0,0.0,0.0,0.0,0.0,0.0,0.0,0.25,0.0,0.25,0.0
1,medium,8.0,44,AODV,1,0.0,2.573,5.0,1.0,0.0,0.0,0.0,1.0,0.0,1.0,0.5,1.0,0.5
1,medium,8.0,44,DSDV,1,2.573,2.573,5.0,0.0,0.0,0.0,0.0,0.0,0.0,0.5,0.5,0.5,0.5
1,medium,8.0,44,DSR,2,3.947,66.52,10.0,0.0,0.0,0.0,0.0,0.0,0.0,0.25,0.0,0.25,0.0
1,medium,8.0,44,OLSR,1,2.573,2.573,5.0,0.0,0.0,0.0,0.0,0.0,0.0,0.5,0.5,0.5,0.5
2,low,0.25,37,AODV,2,0.0,6.982,0.5,1.0,0.0,0.0,0.0,1.0,0.0,1.0,0.0,1.0,0.0
2,low,0.25,37,DSDV,2,0.0,6.982,0.5,1.0,0.0,0.0,0.0,1.0,0.0,1.0,0.0,1.0,0.0
2,low,0.25,37,DSR,2,0.0,6.982,0.5,1.0,0.0,0.0,0.0,1.0,0.0,1.0,0.0,1.0,0.0
2,low,0.25,37,OLSR,2,0.0,6.982,0.5,1.0,0.0,0.0,0.0,1.0,0.0,1.0,0.0,1.0,0.0
2,low,0.25,38,AODV,2,0.0,7.36,0.5,1.0,0.0,0.0,0.0,1.0,0.0,1.0,0.0,1.0,0.0
2,low,0.25,38,DSDV,2,0.0,7.36,0.5,1.0,0.0,0.0,0.0,1.0,0.0,1.0,0.0,1.0,0.0
2,low,0.25,38,DSR,2,0.0,7.36,0.5,1.0,0.0,0.0,0.0,1.0,0.0,1.0,0.0,1.0,0.0
2,low,0.25,38,OLSR,2,0.0,7.36,0.5,1.0,0.0,0.0,0.0,1.0,0.0,1.0,0.0,1.0,0.0
2,low,0.25,39,AODV,2,0.0,5.763,0.5,1.0,0.0,0.0,0.0,1.0,0.0,1.0,0.25,1.0,0.0
2,low,0.25,39,DSDV,2,0.0,5.763,0.5,1.0,0.0,0.0,0.0,1.0,0.0,1.0,0.25,1.0,0.0
2,low,0.25,39,DSR,2,0.0,5.763,0.5,1.0,0.0,0.0,0.0,1.0,0.0,1.0,0.25,1.0,0.0
2,low,0.25,39,OLSR,2,0.0,5.763,0.5,1.0,0.0,0.0,0.0,1.0,0.0,1.0,0.25,1.0,0.0
2,low,0.25,40,AODV,2,0.0,67.061,0.5,1.0,0.0,0.0,0.0,1.0,0.0,1.0,0.0,1.0,0.0
2,low,0.25,40,DSDV,2,0.0,67.061,0.5,1.0,0.0,0.0,0.0,1.0,0.0,1.0,0.0,1.0,0.0
2,low,0.25,40,DSR,2,0.0,67.061,0.5,1.0,0.0,0.0,0.0,1.0,0.0,1.0,0.0,1.0,0.0
2,low,0.25,40,OLSR,2,0.0,67.061,0.5,1.0,0.0,0.0,0.0,1.0,0.0,1.0,0.0,1.0,0.0
2,low,0.25,41,AODV,2,0.0,127.433,0.5,1.0,0.0,0.0,0.0,1.0,0.0,1.0,0.0,1.0,0.0
2,low,0.25,41,DSDV,2,0.0,127.433,0.5,1.0,0.0,0.0,0.0,1.0,0.0,1.0,0.0,1.0,0.0
2,low,0.25,41,DSR,2,0.0,127.433,0.5,1.0,0.0,0.0,0.0,1.0,0.0,1.0,0.0,1.0,0.0
2,low,0.25,41,OLSR,2,0.0,127.433,0.5,1.0,0.0,0.0,0.0,1.0,0.0,1.0,0.0,1.0,0.0
2,low,0.25,42,AODV,2,0.0,7.433,0.5,1.0,0.0,0.0,0.0,1.0,0.0,1.0,0.0,1.0,0.0
2,low,0.25,42,DSDV,2,0.0,7.433,0.5,1.0,0.0,0.0,0.0,1.0,0.0,1.0,0.0,1.0,0.0
2,low,0.25,42,DSR,2,0.0,7.433,0.5,1.0,0.0,0.0,0.0,1.0,0.0,1.0,0.0,1.0,0.0
2,low,0.25,42,OLSR,2,0.0,7.433,0.5,1.0,0.0,0.0,0.0,1.0,0.0,1.0,0.0,1.0,0.0
2,low,0.25,43,AODV,2,0.0,7.044,0.5,1.0,0.0,0.0,0.0,1.0,0.0,1.0,0.0,1.0,0.0
2,low,0.25,43,DSDV,2,0.0,7.044,0.5,1.0,0.0,0.0,0.0,1.0,0.0,1.0,0.0,1.0,0.0
2,low,0.25,43,DSR,2,0.0,7.044,0.5,1.0,0.0,0.0,0.0,1.0,0.0,1.0,0.0,1.0,0.0
2,low,0.25,43,OLSR,2,0.0,7.044,0.5,1.0,0.0,0.0,0.0,1.0,0.0,1.0,0.0,1.0,0.0
2,low,0.25,44,AODV,2,0.0,7.044,0.5,1.0,0.0,0.0,0.0,1.0,0.0,1.0,0.0,1.0,0.0
2,low,0.25,44,DSDV,2,0.0,7.044,0.5,1.0,0.0,0.0,0.0,1.0,0.0,1.0,0.0,1.0,0.0
2,low,0.25,44,DSR,2,0.0,7.044,0.5,1.0,0.0,0.0,0.0,1.0,0.0,1.0,0.0,1.0,0.0
2,low,0.25,44,OLSR,2,0.0,7.044,0.5,1.0,0.0,0.0,0.0,1.0,0.0,1.0,0.0,1.0,0.0
2,low,0.5,37,AODV,2,0.0,6.982,1.0,1.0,0.0,0.0,0.0,1.0,0.0,1.0,0.0,1.0,0.0
2,low,0.5,37,DSDV,2,0.0,6.982,1.0,1.0,0.0,0.0,0.0,1.0,0.0,1.0,0.0,1.0,0.0
2,low,0.5,37,DSR,2,0.0,6.982,1.0,1.0,0.0,0.0,0.0,1.0,0.0,1.0,0.0,1.0,0.0
2,low,0.5,37,OLSR,2,0.0,6.982,1.0,1.0,0.0,0.0,0.0,1.0,0.0,1.0,0.0,1.0,0.0
2,low,0.5,38,AODV,2,0.0,7.36,1.0,1.0,0.0,0.0,0.0,1.0,0.0,1.0,0.0,1.0,0.0
2,low,0.5,38,DSDV,2,0.0,7.36,1.0,1.0,0.0,0.0,0.0,1.0,0.0,1.0,0.0,1.0,0.0
2,low,0.5,38,DSR,2,0.0,7.36,1.0,1.0,0.0,0.0,0.0,1.0,0.0,1.0,0.0,1.0,0.0
2,low,0.5,38,OLSR,2,0.0,7.36,1.0,1.0,0.0,0.0,0.0,1.0,0.0,1.0,0.0,1.0,0.0
2,low,0.5,39,AODV,2,0.0,5.763,1.0,1.0,0.0,0.0,0.0,1.0,0.0,1.0,0.25,1.0,0.0
2,low,0.5,39,DSDV,2,0.0,5.763,1.0,1.0,0.0,0.0,0.0,1.0,0.0,1.0,0.25,1.0,0.0
2,low,0.5,39,DSR,2,0.0,5.763,1.0,1.0,0.0,0.0,0.0,1.0,0.0,1.0,0.25,1.0,0.0
2,low,0.5,39,OLSR,2,0.0,5.763,1.0,1.0,0.0,0.0,0.0,1.0,0.0,1.0,0.25,1.0,0.0
2,low,0.5,40,AODV,2,0.0,67.061,1.0,1.0,0.0,0.0,0.0,1.0,0.0,1.0,0.0,1.0,0.0
2,low,0.5,40,DSDV,2,0.0,67.061,1.0,1.0,0.0,0.0,0.0,1.0,0.0,1.0,0.0,1.0,0.0
2,low,0.5,40,DSR,2,0.0,67.061,1.0,1.0,0.0,0.0,0.0,1.0,0.0,1.0,0.0,1.0,0.0
2,low,0.5,40,OLSR,2,0.0,67.061,1.0,1.0,0.0,0.0,0.0,1.0,0.0,1.0,0.0,1.0,0.0
2,low,0.5,41,AODV,2,0.0,127.433,1.0,1.0,0.0,0.0,0.0,1.0,0.0,1.0,0.0,1.0,0.0
2,low,0.5,41,DSDV,2,0.0,127.433,1.0,1.0,0.0,0.0,0.0,1.0,0.0,1.0,0.0,1.0,0.0
2,low,0.5,41,DSR,2,0.0,127.433,1.0,1.0,0.0,0.0,0.0,1.0,0.0,1.0,0.0,1.0,0.0
2,low,0.5,41,OLSR,2,0.0,127.433,1.0,1.0,0.0,0.0,0.0,1.0,0.0,1.0,0.0,1.0,0.0
2,low,0.5,42,AODV,2,0.0,7.433,1.0,1.0,0.0,0.0,0.0,1.0,0.0,1.0,0.0,1.0,0.0
2,low,0.5,42,DSDV,2,0.0,7.433,1.0,1.0,0.0,0.0,0.0,1.0,0.0,1.0,0.0,1.0,0.0
2,low,0.5,42,DSR,2,0.0,7.433,1.0,1.0,0.0,0.0,0.0,1.0,0.0,1.0,0.0,1.0,0.0
2,low,0.5,42,OLSR,2,0.0,7.433,1.0,1.0,0.0,0.0,0.0,1.0,0.0,1.0,0.0,1.0,0.0
2,low,0.5,43,AODV,2,0.0,7.044,1.0,1.0,0.0,0.0,0.0,1.0,0.0,1.0,0.0,1.0,0.0
2,low,0.5,43,DSDV,2,0.0,7.044,1.0,1.0,0.0,0.0,0.0,1.0,0.0,1.0,0.0,1.0,0.0
2,low,0.5,43,DSR,2,0.0,7.044,1.0,1.0,0.0,0.0,0.0,1.0,0.0,1.0,0.0,1.0,0.0
2,low,0.5,43,OLSR,2,0.0,7.044,1.0,1.0,0.0,0.0,0.0,1.0,0.0,1.0,0.0,1.0,0.0
2,low,0.5,44,AODV,2,0.0,7.044,1.0,1.0,0.0,0.0,0.0,1.0,0.0,1.0,0.0,1.0,0.0
2,low,0.5,44,DSDV,2,0.0,7.044,1.0,1.0,0.0,0.0,0.0,1.0,0.0,1.0,0.0,1.0,0.0
2,low,0.5,44,DSR,2,0.0,7.044,1.0,1.0,0.0,0.0,0.0,1.0,0.0,1.0,0.0,1.0,0.0
2,low,0.5,44,OLSR,2,0.0,7.044,1.0,1.0,0.0,0.0,0.0,1.0,0.0,1.0,0.0,1.0,0.0
2,low,1.0,37,AODV,2,0.0,6.982,2.0,1.0,0.0,0.0,0.0,1.0,0.0,1.0,0.0,1.0,0.0
2,low,1.0,37,DSDV,2,0.0,6.982,2.0,1.0,0.0,0.0,0.0,1.0,0.0,1.0,0.0,1.0,0.0
2,low,1.0,37,DSR,2,0.0,6.982,2.0,1.0,0.0,0.0,0.0,1.0,0.0,1.0,0.0,1.0,0.0
2,low,1.0,37,OLSR,2,0.0,6.982,2.0,1.0,0.0,0.0,0.0,1.0,0.0,1.0,0.0,1.0,0.0
2,low,1.0,38,AODV,2,0.0,7.36,2.0,1.0,0.0,0.0,0.0,1.0,0.0,1.0,0.0,1.0,0.0
2,low,1.0,38,DSDV,2,0.0,7.36,2.0,1.0,0.0,0.0,0.0,1.0,0.0,1.0,0.0,1.0,0.0
2,low,1.0,38,DSR,2,0.0,7.36,2.0,1.0,0.0,0.0,0.0,1.0,0.0,1.0,0.0,1.0,0.0
2,low,1.0,38,OLSR,2,0.0,7.36,2.0,1.0,0.0,0.0,0.0,1.0,0.0,1.0,0.0,1.0,0.0
2,low,1.0,39,AODV,2,0.0,5.763,2.0,1.0,0.0,0.0,0.0,1.0,0.0,1.0,0.25,1.0,0.0
2,low,1.0,39,DSDV,2,0.0,5.763,2.0,1.0,0.0,0.0,0.0,1.0,0.0,1.0,0.25,1.0,0.0
2,low,1.0,39,DSR,2,0.0,5.763,2.0,1.0,0.0,0.0,0.0,1.0,0.0,1.0,0.25,1.0,0.0
2,low,1.0,39,OLSR,2,0.0,5.763,2.0,1.0,0.0,0.0,0.0,1.0,0.0,1.0,0.25,1.0,0.0
2,low,1.0,40,AODV,2,0.0,67.061,2.0,1.0,0.0,0.0,0.0,1.0,0.0,1.0,0.0,1.0,0.0
2,low,1.0,40,DSDV,2,0.0,67.061,2.0,1.0,0.0,0.0,0.0,1.0,0.0,1.0,0.0,1.0,0.0
2,low,1.0,40,DSR,2,0.0,67.061,2.0,1.0,0.0,0.0,0.0,1.0,0.0,1.0,0.0,1.0,0.0
2,low,1.0,40,OLSR,2,0.0,67.061,2.0,1.0,0.0,0.0,0.0,1.0,0.0,1.0,0.0,1.0,0.0
2,low,1.0,41,AODV,2,0.0,127.433,2.0,1.0,0.0,0.0,0.0,1.0,0.0,1.0,0.0,1.0,0.0
2,low,1.0,41,DSDV,2,0.0,127.433,2.0,1.0,0.0,0.0,0.0,1.0,0.0,1.0,0.0,1.0,0.0
2,low,1.0,41,DSR,2,0.0,127.433,2.0,1.0,0.0,0.0,0.0,1.0,0.0,1.0,0.0,1.0,0.0
2,low,1.0,41,OLSR,2,0.0,127.433,2.0,1.0,0.0,0.0,0.0,1.0,0.0,1.0,0.0,1.0,0.0
2,low,1.0,42,AODV,2,0.0,7.433,2.0,1.0,0.0,0.0,0.0,1.0,0.0,1.0,0.0,1.0,0.0
2,low,1.0,42,DSDV,2,0.0,7.433,2.0,1.0,0.0,0.0,0.0,1.0,0.0,1.0,0.0,1.0,0.0
2,low,1.0,42,DSR,2,0.0,7.433,2.0,1.0,0.0,0.0,0.0,1.0,0.0,1.0,0.0,1.0,0.0
2,low,1.0,42,OLSR,2,0.0,7.433,2.0,1.0,0.0,0.0,0.0,1.0,0.0,1.0,0.0,1.0,0.0
2,low,1.0,43,AODV,2,0.0,7.044,2.0,1.0,0.0,0.0,0.0,1.0,0.0,1.0,0.0,1.0,0.0
2,low,1.0,43,DSDV,2,0.0,7.044,2.0,1.0,0.0,0.0,0.0,1.0,0.0,1.0,0.0,1.0,0.0
2,low,1.0,43,DSR,2,0.0,7.044,2.0,1.0,0.0,0.0,0.0,1.0,0.0,1.0,0.0,1.0,0.0
2,low,1.0,43,OLSR,2,0.0,7.044,2.0,1.0,0.0,0.0,0.0,1.0,0.0,1.0,0.0,1.0,0.0
2,low,1.0,44,AODV,2,0.0,7.044,2.0,1.0,0.0,0.0,0.0,1.0,0.0,1.0,0.0,1.0,0.0
2,low,1.0,44,DSDV,2,0.0,7.044,2.0,1.0,0.0,0.0,0.0,1.0,0.0,1.0,0.0,1.0,0.0
2,low,1.0,44,DSR,2,0.0,7.044,2.0,1.0,0.0,0.0,0.0,1.0,0.0,1.0,0.0,1.0,0.0
2,low,1.0,44,OLSR,2,0.0,7.044,2.0,1.0,0.0,0.0,0.0,1.0,0.0,1.0,0.0,1.0,0.0
2,low,1.5,37,AODV,2,0.0,6.982,3.0,1.0,0.0,0.0,0.0,1.0,0.0,1.0,0.0,1.0,0.0
2,low,1.5,37,DSDV,2,0.0,6.982,3.0,1.0,0.0,0.0,0.0,1.0,0.0,1.0,0.0,1.0,0.0
2,low,1.5,37,DSR,2,0.0,6.982,3.0,1.0,0.0,0.0,0.0,1.0,0.0,1.0,0.0,1.0,0.0
2,low,1.5,37,OLSR,2,0.0,6.982,3.0,1.0,0.0,0.0,0.0,1.0,0.0,1.0,0.0,1.0,0.0
2,low,1.5,38,AODV,2,0.0,7.36,3.0,1.0,0.0,0.0,0.0,1.0,0.0,1.0,0.0,1.0,0.0
2,low,1.5,38,DSDV,2,0.0,7.36,3.0,1.0,0.0,0.0,0.0,1.0,0.0,1.0,0.0,1.0,0.0
2,low,1.5,38,DSR,2,0.0,7.36,3.0,1.0,0.0,0.0,0.0,1.0,0.0,1.0,0.0,1.0,0.0
2,low,1.5,38,OLSR,2,0.0,7.36,3.0,1.0,0.0,0.0,0.0,1.0,0.0,1.0,0.0,1.0,0.0
2,low,1.5,39,AODV,2,1.46,5.763,3.0,0.0,0.0,0.0,0.0,0.0,0.0,0.75,0.25,0.5,0.0
2,low,1.5,39,DSDV,2,1.46,5.763,3.0,0.0,0.0,0.0,0.0,0.0,0.0,0.75,0.25,0.5,0.0
2,low,1.5,39,DSR,2,1.46,5.763,3.0,0.0,0.0,0.0,0.0,0.0,0.0,0.75,0.25,0.5,0.0
2,low,1.5,39,OLSR,2,1.46,5.763,3.0,0.0,0.0,0.0,0.0,0.0,0.0,0.75,0.25,0.5,0.0
2,low,1.5,40,AODV,2,0.0,67.061,3.0,1.0,0.0,0.0,0.0,1.0,0.0,1.0,0.0,1.0,0.0
2,low,1.5,40,DSDV,2,0.0,67.061,3.0,1.0,0.0,0.0,0.0,1.0,0.0,1.0,0.0,1.0,0.0
2,low,1.5,40,DSR,2,0.0,67.061,3.0,1.0,0.0,0.0,0.0,1.0,0.0,1.0,0.0,1.0,0.0
2,low,1.5,40,OLSR,2,0.0,67.061,3.0,1.0,0.0,0.0,0.0,1.0,0.0,1.0,0.0,1.0,0.0
2,low,1.5,41,AODV,2,0.0,127.433,3.0,1.0,0.0,0.0,0.0,1.0,0.0,1.0,0.0,1.0,0.0
2,low,1.5,41,DSDV,2,0.0,127.433,3.0,1.0,0.0,0.0,0.0,1.0,0.0,1.0,0.0,1.0,0.0
2,low,1.5,41,DSR,2,0.0,127.433,3.0,1.0,0.0,0.0,0.0,1.0,0.0,1.0,0.0,1.0,0.0
2,low,1.5,41,OLSR,2,0.0,127.433,3.0,1.0,0.0,0.0,0.0,1.0,0.0,1.0,0.0,1.0,0.0
2,low,1.5,42,AODV,2,0.0,7.433,3.0,1.0,0.0,0.0,0.0,1.0,0.0,1.0,0.0,1.0,0.0
2,low,1.5,42,DSDV,2,0.0,7.433,3.0,1.0,0.0,0.0,0.0,1.0,0.0,1.0,0.0,1.0,0.0
2,low,1.5,42,DSR,2,0.0,7.433,3.0,1.0,0.0,0.0,0.0,1.0,0.0,1.0,0.0,1.0,0.0
2,low,1.5,42,OLSR,2,0.0,7.433,3.0,1.0,0.0,0.0,0.0,1.0,0.0,1.0,0.0,1.0,0.0
2,low,1.5,43,AODV,2,0.0,7.044,3.0,1.0,0.0,0.0,0.0,1.0,0.0,1.0,0.0,1.0,0.0
2,low,1.5,43,DSDV,2,0.0,7.044,3.0,1.0,0.0,0.0,0.0,1.0,0.0,1.0,0.0,1.0,0.0
2,low,1.5,43,DSR,2,0.0,7.044,3.0,1.0,0.0,0.0,0.0,1.0,0.0,1.0,0.0,1.0,0.0
2,low,1.5,43,OLSR,2,0.0,7.044,3.0,1.0,0.0,0.0,0.0,1.0,0.0,1.0,0.0,1.0,0.0
2,low,1.5,44,AODV,2,0.0,7.044,3.0,1.0,0.0,0.0,0.0,1.0,0.0,1.0,0.0,1.0,0.0
2,low,1.5,44,DSDV,2,0.0,7.044,3.0,1.0,0.0,0.0,0.0,1.0,0.0,1.0,0.0,1.0,0.0
2,low,1.5,44,DSR,2,0.0,7.044,3.0,1.0,0.0,0.0,0.0,1.0,0.0,1.0,0.0,1.0,0.0
2,low,1.5,44,OLSR,2,0.0,7.044,3.0,1.0,0.0,0.0,0.0,1.0,0.0,1.0,0.0,1.0,0.0
2,low,10.0,37,AODV,2,6.982,6.982,10.0,0.0,0.0,0.0,0.0,0.0,0.0,0.0,0.0,0.0,0.0
2,low,10.0,37,DSDV,2,6.982,6.982,10.0,0.0,0.0,0.0,0.0,0.0,0.0,0.0,0.0,0.0,0.0
2,low,10.0,37,DSR,2,6.982,6.982,10.0,0.0,0.0,0.0,0.0,0.0,0.0,0.0,0.0,0.0,0.0
2,low,10.0,37,OLSR,2,6.982,6.982,10.0,0.0,0.0,0.0,0.0,0.0,0.0,0.0,0.0,0.0,0.0
2,low,10.0,38,AODV,2,7.36,7.36,10.0,0.0,0.0,0.0,0.0,0.0,0.0,0.0,0.0,0.0,0.0
2,low,10.0,38,DSDV,2,7.36,7.36,10.0,0.0,0.0,0.0,0.0,0.0,0.0,0.0,0.0,0.0,0.0
2,low,10.0,38,DSR,2,7.36,7.36,10.0,0.0,0.0,0.0,0.0,0.0,0.0,0.0,0.0,0.0,0.0
2,low,10.0,38,OLSR,2,7.36,7.36,10.0,0.0,0.0,0.0,0.0,0.0,0.0,0.0,0.0,0.0,0.0
2,low,10.0,39,AODV,2,5.763,5.763,10.0,0.0,0.0,0.0,0.0,0.0,0.0,0.25,0.25,0.0,0.0
2,low,10.0,39,DSDV,2,5.763,5.763,10.0,0.0,0.0,0.0,0.0,0.0,0.0,0.25,0.25,0.0,0.0
2,low,10.0,39,DSR,2,5.763,5.763,10.0,0.0,0.0,0.0,0.0,0.0,0.0,0.25,0.25,0.0,0.0
2,low,10.0,39,OLSR,2,5.763,5.763,10.0,0.0,0.0,0.0,0.0,0.0,0.0,0.25,0.25,0.0,0.0
2,low,10.0,40,AODV,2,3.223,67.061,10.0,0.0,0.0,0.0,0.0,0.0,0.0,0.25,0.0,0.25,0.0
2,low,10.0,40,DSDV,2,3.223,67.061,10.0,0.0,0.0,0.0,0.0,0.0,0.0,0.25,0.0,0.25,0.0
2,low,10.0,40,DSR,2,3.223,67.061,10.0,0.0,0.0,0.0,0.0,0.0,0.0,0.25,0.0,0.25,0.0
2,low,10.0,40,OLSR,2,3.223,67.061,10.0,0.0,0.0,0.0,0.0,0.0,0.0,0.25,0.0,0.25,0.0
2,low,10.0,41,AODV,2,4.018,127.433,10.0,0.0,0.0,0.0,0.0,0.0,0.0,0.25,0.0,0.25,0.0
2,low,10.0,41,DSDV,2,4.018,127.433,10.0,0.0,0.0,0.0,0.0,0.0,0.0,0.25,0.0,0.25,0.0
2,low,10.0,41,DSR,2,4.018,127.433,10.0,0.0,0.0,0.0,0.0,0.0,0.0,0.25,0.0,0.25,0.0
2,low,10.0,41,OLSR,2,4.018,127.433,10.0,0.0,0.0,0.0,0.0,0.0,0.0,0.25,0.0,0.25,0.0
2,low,10.0,42,AODV,2,7.433,7.433,10.0,0.0,0.0,0.0,0.0,0.0,0.0,0.0,0.0,0.0,0.0
2,low,10.0,42,DSDV,2,7.433,7.433,10.0,0.0,0.0,0.0,0.0,0.0,0.0,0.0,0.0,0.0,0.0
2,low,10.0,42,DSR,2,7.433,7.433,10.0,0.0,0.0,0.0,0.0,0.0,0.0,0.0,0.0,0.0,0.0
2,low,10.0,42,OLSR,2,7.433,7.433,10.0,0.0,0.0,0.0,0.0,0.0,0.0,0.0,0.0,0.0,0.0
2,low,10.0,43,AODV,2,7.044,7.044,10.0,0.0,0.0,0.0,0.0,0.0,0.0,0.0,0.0,0.0,0.0
2,low,10.0,43,DSDV,2,7.044,7.044,10.0,0.0,0.0,0.0,0.0,0.0,0.0,0.0,0.0,0.0,0.0
2,low,10.0,43,DSR,2,7.044,7.044,10.0,0.0,0.0,0.0,0.0,0.0,0.0,0.0,0.0,0.0,0.0
2,low,10.0,43,OLSR,2,7.044,7.044,10.0,0.0,0.0,0.0,0.0,0.0,0.0,0.0,0.0,0.0,0.0
2,low,10.0,44,AODV,2,7.044,7.044,10.0,0.0,0.0,0.0,0.0,0.0,0.0,0.0,0.0,0.0,0.0
2,low,10.0,44,DSDV,2,7.044,7.044,10.0,0.0,0.0,0.0,0.0,0.0,0.0,0.0,0.0,0.0,0.0
2,low,10.0,44,DSR,2,7.044,7.044,10.0,0.0,0.0,0.0,0.0,0.0,0.0,0.0,0.0,0.0,0.0
2,low,10.0,44,OLSR,2,7.044,7.044,10.0,0.0,0.0,0.0,0.0,0.0,0.0,0.0,0.0,0.0,0.0
2,low,2.0,37,AODV,2,0.0,6.982,4.0,1.0,0.0,0.0,0.0,1.0,0.0,1.0,0.0,1.0,0.0
2,low,2.0,37,DSDV,2,0.0,6.982,4.0,1.0,0.0,0.0,0.0,1.0,0.0,1.0,0.0,1.0,0.0
2,low,2.0,37,DSR,2,0.0,6.982,4.0,1.0,0.0,0.0,0.0,1.0,0.0,1.0,0.0,1.0,0.0
2,low,2.0,37,OLSR,2,0.0,6.982,4.0,1.0,0.0,0.0,0.0,1.0,0.0,1.0,0.0,1.0,0.0
2,low,2.0,38,AODV,2,0.0,7.36,4.0,1.0,0.0,0.0,0.0,1.0,0.0,1.0,0.0,1.0,0.0
2,low,2.0,38,DSDV,2,0.0,7.36,4.0,1.0,0.0,0.0,0.0,1.0,0.0,1.0,0.0,1.0,0.0
2,low,2.0,38,DSR,2,0.0,7.36,4.0,1.0,0.0,0.0,0.0,1.0,0.0,1.0,0.0,1.0,0.0
2,low,2.0,38,OLSR,2,0.0,7.36,4.0,1.0,0.0,0.0,0.0,1.0,0.0,1.0,0.0,1.0,0.0
2,low,2.0,39,AODV,2,1.46,5.763,4.0,0.0,0.0,0.0,0.0,0.0,0.0,0.75,0.25,0.5,0.0
2,low,2.0,39,DSDV,2,1.46,5.763,4.0,0.0,0.0,0.0,0.0,0.0,0.0,0.75,0.25,0.5,0.0
2,low,2.0,39,DSR,2,1.46,5.763,4.0,0.0,0.0,0.0,0.0,0.0,0.0,0.75,0.25,0.5,0.0
2,low,2.0,39,OLSR,2,1.46,5.763,4.0,0.0,0.0,0.0,0.0,0.0,0.0,0.75,0.25,0.5,0.0
2,low,2.0,40,AODV,2,0.0,67.061,4.0,1.0,0.0,0.0,0.0,1.0,0.0,1.0,0.0,1.0,0.0
2,low,2.0,40,DSDV,2,0.0,67.061,4.0,1.0,0.0,0.0,0.0,1.0,0.0,1.0,0.0,1.0,0.0
2,low,2.0,40,DSR,2,0.0,67.061,4.0,1.0,0.0,0.0,0.0,1.0,0.0,1.0,0.0,1.0,0.0
2,low,2.0,40,OLSR,2,0.0,67.061,4.0,1.0,0.0,0.0,0.0,1.0,0.0,1.0,0.0,1.0,0.0
2,low,2.0,41,AODV,2,0.0,127.433,4.0,1.0,0.0,0.0,0.0,1.0,0.0,1.0,0.0,1.0,0.0
2,low,2.0,41,DSDV,2,0.0,127.433,4.0,1.0,0.0,0.0,0.0,1.0,0.0,1.0,0.0,1.0,0.0
2,low,2.0,41,DSR,2,0.0,127.433,4.0,1.0,0.0,0.0,0.0,1.0,0.0,1.0,0.0,1.0,0.0
2,low,2.0,41,OLSR,2,0.0,127.433,4.0,1.0,0.0,0.0,0.0,1.0,0.0,1.0,0.0,1.0,0.0
2,low,2.0,42,AODV,2,0.0,7.433,4.0,1.0,0.0,0.0,0.0,1.0,0.0,1.0,0.0,1.0,0.0
2,low,2.0,42,DSDV,2,0.0,7.433,4.0,1.0,0.0,0.0,0.0,1.0,0.0,1.0,0.0,1.0,0.0
2,low,2.0,42,DSR,2,0.0,7.433,4.0,1.0,0.0,0.0,0.0,1.0,0.0,1.0,0.0,1.0,0.0
2,low,2.0,42,OLSR,2,0.0,7.433,4.0,1.0,0.0,0.0,0.0,1.0,0.0,1.0,0.0,1.0,0.0
2,low,2.0,43,AODV,2,0.0,7.044,4.0,1.0,0.0,0.0,0.0,1.0,0.0,1.0,0.0,1.0,0.0
2,low,2.0,43,DSDV,2,0.0,7.044,4.0,1.0,0.0,0.0,0.0,1.0,0.0,1.0,0.0,1.0,0.0
2,low,2.0,43,DSR,2,0.0,7.044,4.0,1.0,0.0,0.0,0.0,1.0,0.0,1.0,0.0,1.0,0.0
2,low,2.0,43,OLSR,2,0.0,7.044,4.0,1.0,0.0,0.0,0.0,1.0,0.0,1.0,0.0,1.0,0.0
2,low,2.0,44,AODV,2,0.0,7.044,4.0,1.0,0.0,0.0,0.0,1.0,0.0,1.0,0.0,1.0,0.0
2,low,2.0,44,DSDV,2,0.0,7.044,4.0,1.0,0.0,0.0,0.0,1.0,0.0,1.0,0.0,1.0,0.0
2,low,2.0,44,DSR,2,0.0,7.044,4.0,1.0,0.0,0.0,0.0,1.0,0.0,1.0,0.0,1.0,0.0
2,low,2.0,44,OLSR,2,0.0,7.044,4.0,1.0,0.0,0.0,0.0,1.0,0.0,1.0,0.0,1.0,0.0
2,low,3.0,37,AODV,2,0.0,6.982,6.0,1.0,0.0,0.0,0.0,1.0,0.0,1.0,0.0,1.0,0.0
2,low,3.0,37,DSDV,2,0.0,6.982,6.0,1.0,0.0,0.0,0.0,1.0,0.0,1.0,0.0,1.0,0.0
2,low,3.0,37,DSR,2,0.0,6.982,6.0,1.0,0.0,0.0,0.0,1.0,0.0,1.0,0.0,1.0,0.0
2,low,3.0,37,OLSR,2,0.0,6.982,6.0,1.0,0.0,0.0,0.0,1.0,0.0,1.0,0.0,1.0,0.0
2,low,3.0,38,AODV,2,0.0,7.36,6.0,1.0,0.0,0.0,0.0,1.0,0.0,1.0,0.0,1.0,0.0
2,low,3.0,38,DSDV,2,0.0,7.36,6.0,1.0,0.0,0.0,0.0,1.0,0.0,1.0,0.0,1.0,0.0
2,low,3.0,38,DSR,2,0.0,7.36,6.0,1.0,0.0,0.0,0.0,1.0,0.0,1.0,0.0,1.0,0.0
2,low,3.0,38,OLSR,2,0.0,7.36,6.0,1.0,0.0,0.0,0.0,1.0,0.0,1.0,0.0,1.0,0.0
2,low,3.0,39,AODV,2,1.46,5.763,6.0,0.0,0.0,0.0,0.0,0.0,0.0,0.75,0.25,0.5,0.0
2,low,3.0,39,DSDV,2,1.46,5.763,6.0,0.0,0.0,0.0,0.0,0.0,0.0,0.75,0.25,0.5,0.0
2,low,3.0,39,DSR,2,1.46,5.763,6.0,0.0,0.0,0.0,0.0,0.0,0.0,0.75,0.25,0.5,0.0
2,low,3.0,39,OLSR,2,1.46,5.763,6.0,0.0,0.0,0.0,0.0,0.0,0.0,0.75,0.25,0.5,0.0
2,low,3.0,40,AODV,2,0.0,67.061,6.0,1.0,0.0,0.0,0.0,1.0,0.0,1.0,0.0,1.0,0.0
2,low,3.0,40,DSDV,2,0.0,67.061,6.0,1.0,0.0,0.0,0.0,1.0,0.0,1.0,0.0,1.0,0.0
2,low,3.0,40,DSR,2,0.0,67.061,6.0,1.0,0.0,0.0,0.0,1.0,0.0,1.0,0.0,1.0,0.0
2,low,3.0,40,OLSR,2,0.0,67.061,6.0,1.0,0.0,0.0,0.0,1.0,0.0,1.0,0.0,1.0,0.0
2,low,3.0,41,AODV,2,0.0,127.433,6.0,1.0,0.0,0.0,0.0,1.0,0.0,1.0,0.0,1.0,0.0
2,low,3.0,41,DSDV,2,0.0,127.433,6.0,1.0,0.0,0.0,0.0,1.0,0.0,1.0,0.0,1.0,0.0
2,low,3.0,41,DSR,2,0.0,127.433,6.0,1.0,0.0,0.0,0.0,1.0,0.0,1.0,0.0,1.0,0.0
2,low,3.0,41,OLSR,2,0.0,127.433,6.0,1.0,0.0,0.0,0.0,1.0,0.0,1.0,0.0,1.0,0.0
2,low,3.0,42,AODV,2,0.0,7.433,6.0,1.0,0.0,0.0,0.0,1.0,0.0,1.0,0.0,1.0,0.0
2,low,3.0,42,DSDV,2,0.0,7.433,6.0,1.0,0.0,0.0,0.0,1.0,0.0,1.0,0.0,1.0,0.0
2,low,3.0,42,DSR,2,0.0,7.433,6.0,1.0,0.0,0.0,0.0,1.0,0.0,1.0,0.0,1.0,0.0
2,low,3.0,42,OLSR,2,0.0,7.433,6.0,1.0,0.0,0.0,0.0,1.0,0.0,1.0,0.0,1.0,0.0
2,low,3.0,43,AODV,2,0.0,7.044,6.0,1.0,0.0,0.0,0.0,1.0,0.0,1.0,0.0,1.0,0.0
2,low,3.0,43,DSDV,2,0.0,7.044,6.0,1.0,0.0,0.0,0.0,1.0,0.0,1.0,0.0,1.0,0.0
2,low,3.0,43,DSR,2,0.0,7.044,6.0,1.0,0.0,0.0,0.0,1.0,0.0,1.0,0.0,1.0,0.0
2,low,3.0,43,OLSR,2,0.0,7.044,6.0,1.0,0.0,0.0,0.0,1.0,0.0,1.0,0.0,1.0,0.0
2,low,3.0,44,AODV,2,0.0,7.044,6.0,1.0,0.0,0.0,0.0,1.0,0.0,1.0,0.0,1.0,0.0
2,low,3.0,44,DSDV,2,0.0,7.044,6.0,1.0,0.0,0.0,0.0,1.0,0.0,1.0,0.0,1.0,0.0
2,low,3.0,44,DSR,2,0.0,7.044,6.0,1.0,0.0,0.0,0.0,1.0,0.0,1.0,0.0,1.0,0.0
2,low,3.0,44,OLSR,2,0.0,7.044,6.0,1.0,0.0,0.0,0.0,1.0,0.0,1.0,0.0,1.0,0.0
2,low,4.0,37,AODV,2,6.982,6.982,8.0,0.0,0.0,0.0,0.0,0.0,0.0,0.0,0.0,0.0,0.0
2,low,4.0,37,DSDV,2,6.982,6.982,8.0,0.0,0.0,0.0,0.0,0.0,0.0,0.0,0.0,0.0,0.0
2,low,4.0,37,DSR,2,6.982,6.982,8.0,0.0,0.0,0.0,0.0,0.0,0.0,0.0,0.0,0.0,0.0
2,low,4.0,37,OLSR,2,6.982,6.982,8.0,0.0,0.0,0.0,0.0,0.0,0.0,0.0,0.0,0.0,0.0
2,low,4.0,38,AODV,2,3.228,7.36,8.0,0.0,0.0,0.0,0.0,0.0,0.0,0.25,0.0,0.25,0.0
2,low,4.0,38,DSDV,2,3.228,7.36,8.0,0.0,0.0,0.0,0.0,0.0,0.0,0.25,0.0,0.25,0.0
2,low,4.0,38,DSR,2,3.228,7.36,8.0,0.0,0.0,0.0,0.0,0.0,0.0,0.25,0.0,0.25,0.0
2,low,4.0,38,OLSR,2,3.228,7.36,8.0,0.0,0.0,0.0,0.0,0.0,0.0,0.25,0.0,0.25,0.0
2,low,4.0,39,AODV,2,1.46,5.763,8.0,0.0,0.0,0.0,0.0,0.0,0.0,0.75,0.25,0.5,0.0
2,low,4.0,39,DSDV,2,1.46,5.763,8.0,0.0,0.0,0.0,0.0,0.0,0.0,0.75,0.25,0.5,0.0
2,low,4.0,39,DSR,2,1.46,5.763,8.0,0.0,0.0,0.0,0.0,0.0,0.0,0.75,0.25,0.5,0.0
2,low,4.0,39,OLSR,2,1.46,5.763,8.0,0.0,0.0,0.0,0.0,0.0,0.0,0.75,0.25,0.5,0.0
2,low,4.0,40,AODV,2,3.223,67.061,8.0,0.0,0.0,0.0,0.0,0.0,0.0,0.25,0.0,0.25,0.0
2,low,4.0,40,DSDV,2,3.223,67.061,8.0,0.0,0.0,0.0,0.0,0.0,0.0,0.25,0.0,0.25,0.0
2,low,4.0,40,DSR,2,3.223,67.061,8.0,0.0,0.0,0.0,0.0,0.0,0.0,0.25,0.0,0.25,0.0
2,low,4.0,40,OLSR,2,3.223,67.061,8.0,0.0,0.0,0.0,0.0,0.0,0.0,0.25,0.0,0.25,0.0
2,low,4.0,41,AODV,2,0.0,127.433,8.0,1.0,0.0,0.0,0.0,1.0,0.0,1.0,0.0,1.0,0.0
2,low,4.0,41,DSDV,2,0.0,127.433,8.0,1.0,0.0,0.0,0.0,1.0,0.0,1.0,0.0,1.0,0.0
2,low,4.0,41,DSR,2,0.0,127.433,8.0,1.0,0.0,0.0,0.0,1.0,0.0,1.0,0.0,1.0,0.0
2,low,4.0,41,OLSR,2,0.0,127.433,8.0,1.0,0.0,0.0,0.0,1.0,0.0,1.0,0.0,1.0,0.0
2,low,4.0,42,AODV,2,3.415,7.433,8.0,0.0,0.0,0.0,0.0,0.0,0.0,0.25,0.0,0.25,0.0
2,low,4.0,42,DSDV,2,3.415,7.433,8.0,0.0,0.0,0.0,0.0,0.0,0.0,0.25,0.0,0.25,0.0
2,low,4.0,42,DSR,2,3.415,7.433,8.0,0.0,0.0,0.0,0.0,0.0,0.0,0.25,0.0,0.25,0.0
2,low,4.0,42,OLSR,2,3.415,7.433,8.0,0.0,0.0,0.0,0.0,0.0,0.0,0.25,0.0,0.25,0.0
2,low,4.0,43,AODV,2,3.002,7.044,8.0,0.0,0.0,0.0,0.0,0.0,0.0,0.5,0.0,0.25,0.0
2,low,4.0,43,DSDV,2,3.002,7.044,8.0,0.0,0.0,0.0,0.0,0.0,0.0,0.5,0.0,0.25,0.0
2,low,4.0,43,DSR,2,3.002,7.044,8.0,0.0,0.0,0.0,0.0,0.0,0.0,0.5,0.0,0.25,0.0
2,low,4.0,43,OLSR,2,3.002,7.044,8.0,0.0,0.0,0.0,0.0,0.0,0.0,0.5,0.0,0.25,0.0
2,low,4.0,44,AODV,2,3.002,7.044,8.0,0.0,0.0,0.0,0.0,0.0,0.0,0.5,0.0,0.25,0.0
2,low,4.0,44,DSDV,2,3.002,7.044,8.0,0.0,0.0,0.0,0.0,0.0,0.0,0.5,0.0,0.25,0.0
2,low,4.0,44,DSR,2,3.002,7.044,8.0,0.0,0.0,0.0,0.0,0.0,0.0,0.5,0.0,0.25,0.0
2,low,4.0,44,OLSR,2,3.002,7.044,8.0,0.0,0.0,0.0,0.0,0.0,0.0,0.5,0.0,0.25,0.0
2,low,5.0,37,AODV,2,6.982,6.982,10.0,0.0,0.0,0.0,0.0,0.0,0.0,0.0,0.0,0.0,0.0
2,low,5.0,37,DSDV,2,6.982,6.982,10.0,0.0,0.0,0.0,0.0,0.0,0.0,0.0,0.0,0.0,0.0
2,low,5.0,37,DSR,2,6.982,6.982,10.0,0.0,0.0,0.0,0.0,0.0,0.0,0.0,0.0,0.0,0.0
2,low,5.0,37,OLSR,2,6.982,6.982,10.0,0.0,0.0,0.0,0.0,0.0,0.0,0.0,0.0,0.0,0.0
2,low,5.0,38,AODV,2,7.36,7.36,10.0,0.0,0.0,0.0,0.0,0.0,0.0,0.0,0.0,0.0,0.0
2,low,5.0,38,DSDV,2,7.36,7.36,10.0,0.0,0.0,0.0,0.0,0.0,0.0,0.0,0.0,0.0,0.0
2,low,5.0,38,DSR,2,7.36,7.36,10.0,0.0,0.0,0.0,0.0,0.0,0.0,0.0,0.0,0.0,0.0
2,low,5.0,38,OLSR,2,7.36,7.36,10.0,0.0,0.0,0.0,0.0,0.0,0.0,0.0,0.0,0.0,0.0
2,low,5.0,39,AODV,2,5.763,5.763,10.0,0.0,0.0,0.0,0.0,0.0,0.0,0.25,0.25,0.0,0.0
2,low,5.0,39,DSDV,2,5.763,5.763,10.0,0.0,0.0,0.0,0.0,0.0,0.0,0.25,0.25,0.0,0.0
2,low,5.0,39,DSR,2,5.763,5.763,10.0,0.0,0.0,0.0,0.0,0.0,0.0,0.25,0.25,0.0,0.0
2,low,5.0,39,OLSR,2,5.763,5.763,10.0,0.0,0.0,0.0,0.0,0.0,0.0,0.25,0.25,0.0,0.0
2,low,5.0,40,AODV,2,3.223,67.061,10.0,0.0,0.0,0.0,0.0,0.0,0.0,0.25,0.0,0.25,0.0
2,low,5.0,40,DSDV,2,3.223,67.061,10.0,0.0,0.0,0.0,0.0,0.0,0.0,0.25,0.0,0.25,0.0
2,low,5.0,40,DSR,2,3.223,67.061,10.0,0.0,0.0,0.0,0.0,0.0,0.0,0.25,0.0,0.25,0.0
2,low,5.0,40,OLSR,2,3.223,67.061,10.0,0.0,0.0,0.0,0.0,0.0,0.0,0.25,0.0,0.25,0.0
2,low,5.0,41,AODV,2,4.018,127.433,10.0,0.0,0.0,0.0,0.0,0.0,0.0,0.25,0.0,0.25,0.0
2,low,5.0,41,DSDV,2,4.018,127.433,10.0,0.0,0.0,0.0,0.0,0.0,0.0,0.25,0.0,0.25,0.0
2,low,5.0,41,DSR,2,4.018,127.433,10.0,0.0,0.0,0.0,0.0,0.0,0.0,0.25,0.0,0.25,0.0
2,low,5.0,41,OLSR,2,4.018,127.433,10.0,0.0,0.0,0.0,0.0,0.0,0.0,0.25,0.0,0.25,0.0
2,low,5.0,42,AODV,2,7.433,7.433,10.0,0.0,0.0,0.0,0.0,0.0,0.0,0.0,0.0,0.0,0.0
2,low,5.0,42,DSDV,2,7.433,7.433,10.0,0.0,0.0,0.0,0.0,0.0,0.0,0.0,0.0,0.0,0.0
2,low,5.0,42,DSR,2,7.433,7.433,10.0,0.0,0.0,0.0,0.0,0.0,0.0,0.0,0.0,0.0,0.0
2,low,5.0,42,OLSR,2,7.433,7.433,10.0,0.0,0.0,0.0,0.0,0.0,0.0,0.0,0.0,0.0,0.0
2,low,5.0,43,AODV,2,7.044,7.044,10.0,0.0,0.0,0.0,0.0,0.0,0.0,0.0,0.0,0.0,0.0
2,low,5.0,43,DSDV,2,7.044,7.044,10.0,0.0,0.0,0.0,0.0,0.0,0.0,0.0,0.0,0.0,0.0
2,low,5.0,43,DSR,2,7.044,7.044,10.0,0.0,0.0,0.0,0.0,0.0,0.0,0.0,0.0,0.0,0.0
2,low,5.0,43,OLSR,2,7.044,7.044,10.0,0.0,0.0,0.0,0.0,0.0,0.0,0.0,0.0,0.0,0.0
2,low,5.0,44,AODV,2,7.044,7.044,10.0,0.0,0.0,0.0,0.0,0.0,0.0,0.0,0.0,0.0,0.0
2,low,5.0,44,DSDV,2,7.044,7.044,10.0,0.0,0.0,0.0,0.0,0.0,0.0,0.0,0.0,0.0,0.0
2,low,5.0,44,DSR,2,7.044,7.044,10.0,0.0,0.0,0.0,0.0,0.0,0.0,0.0,0.0,0.0,0.0
2,low,5.0,44,OLSR,2,7.044,7.044,10.0,0.0,0.0,0.0,0.0,0.0,0.0,0.0,0.0,0.0,0.0
2,low,6.0,37,AODV,2,6.982,6.982,10.0,0.0,0.0,0.0,0.0,0.0,0.0,0.0,0.0,0.0,0.0
2,low,6.0,37,DSDV,2,6.982,6.982,10.0,0.0,0.0,0.0,0.0,0.0,0.0,0.0,0.0,0.0,0.0
2,low,6.0,37,DSR,2,6.982,6.982,10.0,0.0,0.0,0.0,0.0,0.0,0.0,0.0,0.0,0.0,0.0
2,low,6.0,37,OLSR,2,6.982,6.982,10.0,0.0,0.0,0.0,0.0,0.0,0.0,0.0,0.0,0.0,0.0
2,low,6.0,38,AODV,2,7.36,7.36,10.0,0.0,0.0,0.0,0.0,0.0,0.0,0.0,0.0,0.0,0.0
2,low,6.0,38,DSDV,2,7.36,7.36,10.0,0.0,0.0,0.0,0.0,0.0,0.0,0.0,0.0,0.0,0.0
2,low,6.0,38,DSR,2,7.36,7.36,10.0,0.0,0.0,0.0,0.0,0.0,0.0,0.0,0.0,0.0,0.0
2,low,6.0,38,OLSR,2,7.36,7.36,10.0,0.0,0.0,0.0,0.0,0.0,0.0,0.0,0.0,0.0,0.0
2,low,6.0,39,AODV,2,5.763,5.763,10.0,0.0,0.0,0.0,0.0,0.0,0.0,0.25,0.25,0.0,0.0
2,low,6.0,39,DSDV,2,5.763,5.763,10.0,0.0,0.0,0.0,0.0,0.0,0.0,0.25,0.25,0.0,0.0
2,low,6.0,39,DSR,2,5.763,5.763,10.0,0.0,0.0,0.0,0.0,0.0,0.0,0.25,0.25,0.0,0.0
2,low,6.0,39,OLSR,2,5.763,5.763,10.0,0.0,0.0,0.0,0.0,0.0,0.0,0.25,0.25,0.0,0.0
2,low,6.0,40,AODV,2,3.223,67.061,10.0,0.0,0.0,0.0,0.0,0.0,0.0,0.25,0.0,0.25,0.0
2,low,6.0,40,DSDV,2,3.223,67.061,10.0,0.0,0.0,0.0,0.0,0.0,0.0,0.25,0.0,0.25,0.0
2,low,6.0,40,DSR,2,3.223,67.061,10.0,0.0,0.0,0.0,0.0,0.0,0.0,0.25,0.0,0.25,0.0
2,low,6.0,40,OLSR,2,3.223,67.061,10.0,0.0,0.0,0.0,0.0,0.0,0.0,0.25,0.0,0.25,0.0
2,low,6.0,41,AODV,2,4.018,127.433,10.0,0.0,0.0,0.0,0.0,0.0,0.0,0.25,0.0,0.25,0.0
2,low,6.0,41,DSDV,2,4.018,127.433,10.0,0.0,0.0,0.0,0.0,0.0,0.0,0.25,0.0,0.25,0.0
2,low,6.0,41,DSR,2,4.018,127.433,10.0,0.0,0.0,0.0,0.0,0.0,0.0,0.25,0.0,0.25,0.0
2,low,6.0,41,OLSR,2,4.018,127.433,10.0,0.0,0.0,0.0,0.0,0.0,0.0,0.25,0.0,0.25,0.0
2,low,6.0,42,AODV,2,7.433,7.433,10.0,0.0,0.0,0.0,0.0,0.0,0.0,0.0,0.0,0.0,0.0
2,low,6.0,42,DSDV,2,7.433,7.433,10.0,0.0,0.0,0.0,0.0,0.0,0.0,0.0,0.0,0.0,0.0
2,low,6.0,42,DSR,2,7.433,7.433,10.0,0.0,0.0,0.0,0.0,0.0,0.0,0.0,0.0,0.0,0.0
2,low,6.0,42,OLSR,2,7.433,7.433,10.0,0.0,0.0,0.0,0.0,0.0,0.0,0.0,0.0,0.0,0.0
2,low,6.0,43,AODV,2,7.044,7.044,10.0,0.0,0.0,0.0,0.0,0.0,0.0,0.0,0.0,0.0,0.0
2,low,6.0,43,DSDV,2,7.044,7.044,10.0,0.0,0.0,0.0,0.0,0.0,0.0,0.0,0.0,0.0,0.0
2,low,6.0,43,DSR,2,7.044,7.044,10.0,0.0,0.0,0.0,0.0,0.0,0.0,0.0,0.0,0.0,0.0
2,low,6.0,43,OLSR,2,7.044,7.044,10.0,0.0,0.0,0.0,0.0,0.0,0.0,0.0,0.0,0.0,0.0
2,low,6.0,44,AODV,2,7.044,7.044,10.0,0.0,0.0,0.0,0.0,0.0,0.0,0.0,0.0,0.0,0.0
2,low,6.0,44,DSDV,2,7.044,7.044,10.0,0.0,0.0,0.0,0.0,0.0,0.0,0.0,0.0,0.0,0.0
2,low,6.0,44,DSR,2,7.044,7.044,10.0,0.0,0.0,0.0,0.0,0.0,0.0,0.0,0.0,0.0,0.0
2,low,6.0,44,OLSR,2,7.044,7.044,10.0,0.0,0.0,0.0,0.0,0.0,0.0,0.0,0.0,0.0,0.0
2,low,6.5,37,AODV,2,6.982,6.982,10.0,0.0,0.0,0.0,0.0,0.0,0.0,0.0,0.0,0.0,0.0
2,low,6.5,37,DSDV,2,6.982,6.982,10.0,0.0,0.0,0.0,0.0,0.0,0.0,0.0,0.0,0.0,0.0
2,low,6.5,37,DSR,2,6.982,6.982,10.0,0.0,0.0,0.0,0.0,0.0,0.0,0.0,0.0,0.0,0.0
2,low,6.5,37,OLSR,2,6.982,6.982,10.0,0.0,0.0,0.0,0.0,0.0,0.0,0.0,0.0,0.0,0.0
2,low,6.5,38,AODV,2,7.36,7.36,10.0,0.0,0.0,0.0,0.0,0.0,0.0,0.0,0.0,0.0,0.0
2,low,6.5,38,DSDV,2,7.36,7.36,10.0,0.0,0.0,0.0,0.0,0.0,0.0,0.0,0.0,0.0,0.0
2,low,6.5,38,DSR,2,7.36,7.36,10.0,0.0,0.0,0.0,0.0,0.0,0.0,0.0,0.0,0.0,0.0
2,low,6.5,38,OLSR,2,7.36,7.36,10.0,0.0,0.0,0.0,0.0,0.0,0.0,0.0,0.0,0.0,0.0
2,low,6.5,39,AODV,2,5.763,5.763,10.0,0.0,0.0,0.0,0.0,0.0,0.0,0.25,0.25,0.0,0.0
2,low,6.5,39,DSDV,2,5.763,5.763,10.0,0.0,0.0,0.0,0.0,0.0,0.0,0.25,0.25,0.0,0.0
2,low,6.5,39,DSR,2,5.763,5.763,10.0,0.0,0.0,0.0,0.0,0.0,0.0,0.25,0.25,0.0,0.0
2,low,6.5,39,OLSR,2,5.763,5.763,10.0,0.0,0.0,0.0,0.0,0.0,0.0,0.25,0.25,0.0,0.0
2,low,6.5,40,AODV,2,3.223,67.061,10.0,0.0,0.0,0.0,0.0,0.0,0.0,0.25,0.0,0.25,0.0
2,low,6.5,40,DSDV,2,3.223,67.061,10.0,0.0,0.0,0.0,0.0,0.0,0.0,0.25,0.0,0.25,0.0
2,low,6.5,40,DSR,2,3.223,67.061,10.0,0.0,0.0,0.0,0.0,0.0,0.0,0.25,0.0,0.25,0.0
2,low,6.5,40,OLSR,2,3.223,67.061,10.0,0.0,0.0,0.0,0.0,0.0,0.0,0.25,0.0,0.25,0.0
2,low,6.5,41,AODV,2,4.018,127.433,10.0,0.0,0.0,0.0,0.0,0.0,0.0,0.25,0.0,0.25,0.0
2,low,6.5,41,DSDV,2,4.018,127.433,10.0,0.0,0.0,0.0,0.0,0.0,0.0,0.25,0.0,0.25,0.0
2,low,6.5,41,DSR,2,4.018,127.433,10.0,0.0,0.0,0.0,0.0,0.0,0.0,0.25,0.0,0.25,0.0
2,low,6.5,41,OLSR,2,4.018,127.433,10.0,0.0,0.0,0.0,0.0,0.0,0.0,0.25,0.0,0.25,0.0
2,low,6.5,42,AODV,2,7.433,7.433,10.0,0.0,0.0,0.0,0.0,0.0,0.0,0.0,0.0,0.0,0.0
2,low,6.5,42,DSDV,2,7.433,7.433,10.0,0.0,0.0,0.0,0.0,0.0,0.0,0.0,0.0,0.0,0.0
2,low,6.5,42,DSR,2,7.433,7.433,10.0,0.0,0.0,0.0,0.0,0.0,0.0,0.0,0.0,0.0,0.0
2,low,6.5,42,OLSR,2,7.433,7.433,10.0,0.0,0.0,0.0,0.0,0.0,0.0,0.0,0.0,0.0,0.0
2,low,6.5,43,AODV,2,7.044,7.044,10.0,0.0,0.0,0.0,0.0,0.0,0.0,0.0,0.0,0.0,0.0
2,low,6.5,43,DSDV,2,7.044,7.044,10.0,0.0,0.0,0.0,0.0,0.0,0.0,0.0,0.0,0.0,0.0
2,low,6.5,43,DSR,2,7.044,7.044,10.0,0.0,0.0,0.0,0.0,0.0,0.0,0.0,0.0,0.0,0.0
2,low,6.5,43,OLSR,2,7.044,7.044,10.0,0.0,0.0,0.0,0.0,0.0,0.0,0.0,0.0,0.0,0.0
2,low,6.5,44,AODV,2,7.044,7.044,10.0,0.0,0.0,0.0,0.0,0.0,0.0,0.0,0.0,0.0,0.0
2,low,6.5,44,DSDV,2,7.044,7.044,10.0,0.0,0.0,0.0,0.0,0.0,0.0,0.0,0.0,0.0,0.0
2,low,6.5,44,DSR,2,7.044,7.044,10.0,0.0,0.0,0.0,0.0,0.0,0.0,0.0,0.0,0.0,0.0
2,low,6.5,44,OLSR,2,7.044,7.044,10.0,0.0,0.0,0.0,0.0,0.0,0.0,0.0,0.0,0.0,0.0
2,low,7.0,37,AODV,2,6.982,6.982,10.0,0.0,0.0,0.0,0.0,0.0,0.0,0.0,0.0,0.0,0.0
2,low,7.0,37,DSDV,2,6.982,6.982,10.0,0.0,0.0,0.0,0.0,0.0,0.0,0.0,0.0,0.0,0.0
2,low,7.0,37,DSR,2,6.982,6.982,10.0,0.0,0.0,0.0,0.0,0.0,0.0,0.0,0.0,0.0,0.0
2,low,7.0,37,OLSR,2,6.982,6.982,10.0,0.0,0.0,0.0,0.0,0.0,0.0,0.0,0.0,0.0,0.0
2,low,7.0,38,AODV,2,7.36,7.36,10.0,0.0,0.0,0.0,0.0,0.0,0.0,0.0,0.0,0.0,0.0
2,low,7.0,38,DSDV,2,7.36,7.36,10.0,0.0,0.0,0.0,0.0,0.0,0.0,0.0,0.0,0.0,0.0
2,low,7.0,38,DSR,2,7.36,7.36,10.0,0.0,0.0,0.0,0.0,0.0,0.0,0.0,0.0,0.0,0.0
2,low,7.0,38,OLSR,2,7.36,7.36,10.0,0.0,0.0,0.0,0.0,0.0,0.0,0.0,0.0,0.0,0.0
2,low,7.0,39,AODV,2,5.763,5.763,10.0,0.0,0.0,0.0,0.0,0.0,0.0,0.25,0.25,0.0,0.0
2,low,7.0,39,DSDV,2,5.763,5.763,10.0,0.0,0.0,0.0,0.0,0.0,0.0,0.25,0.25,0.0,0.0
2,low,7.0,39,DSR,2,5.763,5.763,10.0,0.0,0.0,0.0,0.0,0.0,0.0,0.25,0.25,0.0,0.0
2,low,7.0,39,OLSR,2,5.763,5.763,10.0,0.0,0.0,0.0,0.0,0.0,0.0,0.25,0.25,0.0,0.0
2,low,7.0,40,AODV,2,3.223,67.061,10.0,0.0,0.0,0.0,0.0,0.0,0.0,0.25,0.0,0.25,0.0
2,low,7.0,40,DSDV,2,3.223,67.061,10.0,0.0,0.0,0.0,0.0,0.0,0.0,0.25,0.0,0.25,0.0
2,low,7.0,40,DSR,2,3.223,67.061,10.0,0.0,0.0,0.0,0.0,0.0,0.0,0.25,0.0,0.25,0.0
2,low,7.0,40,OLSR,2,3.223,67.061,10.0,0.0,0.0,0.0,0.0,0.0,0.0,0.25,0.0,0.25,0.0
2,low,7.0,41,AODV,2,4.018,127.433,10.0,0.0,0.0,0.0,0.0,0.0,0.0,0.25,0.0,0.25,0.0
2,low,7.0,41,DSDV,2,4.018,127.433,10.0,0.0,0.0,0.0,0.0,0.0,0.0,0.25,0.0,0.25,0.0
2,low,7.0,41,DSR,2,4.018,127.433,10.0,0.0,0.0,0.0,0.0,0.0,0.0,0.25,0.0,0.25,0.0
2,low,7.0,41,OLSR,2,4.018,127.433,10.0,0.0,0.0,0.0,0.0,0.0,0.0,0.25,0.0,0.25,0.0
2,low,7.0,42,AODV,2,7.433,7.433,10.0,0.0,0.0,0.0,0.0,0.0,0.0,0.0,0.0,0.0,0.0
2,low,7.0,42,DSDV,2,7.433,7.433,10.0,0.0,0.0,0.0,0.0,0.0,0.0,0.0,0.0,0.0,0.0
2,low,7.0,42,DSR,2,7.433,7.433,10.0,0.0,0.0,0.0,0.0,0.0,0.0,0.0,0.0,0.0,0.0
2,low,7.0,42,OLSR,2,7.433,7.433,10.0,0.0,0.0,0.0,0.0,0.0,0.0,0.0,0.0,0.0,0.0
2,low,7.0,43,AODV,2,7.044,7.044,10.0,0.0,0.0,0.0,0.0,0.0,0.0,0.0,0.0,0.0,0.0
2,low,7.0,43,DSDV,2,7.044,7.044,10.0,0.0,0.0,0.0,0.0,0.0,0.0,0.0,0.0,0.0,0.0
2,low,7.0,43,DSR,2,7.044,7.044,10.0,0.0,0.0,0.0,0.0,0.0,0.0,0.0,0.0,0.0,0.0
2,low,7.0,43,OLSR,2,7.044,7.044,10.0,0.0,0.0,0.0,0.0,0.0,0.0,0.0,0.0,0.0,0.0
2,low,7.0,44,AODV,2,7.044,7.044,10.0,0.0,0.0,0.0,0.0,0.0,0.0,0.0,0.0,0.0,0.0
2,low,7.0,44,DSDV,2,7.044,7.044,10.0,0.0,0.0,0.0,0.0,0.0,0.0,0.0,0.0,0.0,0.0
2,low,7.0,44,DSR,2,7.044,7.044,10.0,0.0,0.0,0.0,0.0,0.0,0.0,0.0,0.0,0.0,0.0
2,low,7.0,44,OLSR,2,7.044,7.044,10.0,0.0,0.0,0.0,0.0,0.0,0.0,0.0,0.0,0.0,0.0
2,low,8.0,37,AODV,2,6.982,6.982,10.0,0.0,0.0,0.0,0.0,0.0,0.0,0.0,0.0,0.0,0.0
2,low,8.0,37,DSDV,2,6.982,6.982,10.0,0.0,0.0,0.0,0.0,0.0,0.0,0.0,0.0,0.0,0.0
2,low,8.0,37,DSR,2,6.982,6.982,10.0,0.0,0.0,0.0,0.0,0.0,0.0,0.0,0.0,0.0,0.0
2,low,8.0,37,OLSR,2,6.982,6.982,10.0,0.0,0.0,0.0,0.0,0.0,0.0,0.0,0.0,0.0,0.0
2,low,8.0,38,AODV,2,7.36,7.36,10.0,0.0,0.0,0.0,0.0,0.0,0.0,0.0,0.0,0.0,0.0
2,low,8.0,38,DSDV,2,7.36,7.36,10.0,0.0,0.0,0.0,0.0,0.0,0.0,0.0,0.0,0.0,0.0
2,low,8.0,38,DSR,2,7.36,7.36,10.0,0.0,0.0,0.0,0.0,0.0,0.0,0.0,0.0,0.0,0.0
2,low,8.0,38,OLSR,2,7.36,7.36,10.0,0.0,0.0,0.0,0.0,0.0,0.0,0.0,0.0,0.0,0.0
2,low,8.0,39,AODV,2,5.763,5.763,10.0,0.0,0.0,0.0,0.0,0.0,0.0,0.25,0.25,0.0,0.0
2,low,8.0,39,DSDV,2,5.763,5.763,10.0,0.0,0.0,0.0,0.0,0.0,0.0,0.25,0.25,0.0,0.0
2,low,8.0,39,DSR,2,5.763,5.763,10.0,0.0,0.0,0.0,0.0,0.0,0.0,0.25,0.25,0.0,0.0
2,low,8.0,39,OLSR,2,5.763,5.763,10.0,0.0,0.0,0.0,0.0,0.0,0.0,0.25,0.25,0.0,0.0
2,low,8.0,40,AODV,2,3.223,67.061,10.0,0.0,0.0,0.0,0.0,0.0,0.0,0.25,0.0,0.25,0.0
2,low,8.0,40,DSDV,2,3.223,67.061,10.0,0.0,0.0,0.0,0.0,0.0,0.0,0.25,0.0,0.25,0.0
2,low,8.0,40,DSR,2,3.223,67.061,10.0,0.0,0.0,0.0,0.0,0.0,0.0,0.25,0.0,0.25,0.0
2,low,8.0,40,OLSR,2,3.223,67.061,10.0,0.0,0.0,0.0,0.0,0.0,0.0,0.25,0.0,0.25,0.0
2,low,8.0,41,AODV,2,4.018,127.433,10.0,0.0,0.0,0.0,0.0,0.0,0.0,0.25,0.0,0.25,0.0
2,low,8.0,41,DSDV,2,4.018,127.433,10.0,0.0,0.0,0.0,0.0,0.0,0.0,0.25,0.0,0.25,0.0
2,low,8.0,41,DSR,2,4.018,127.433,10.0,0.0,0.0,0.0,0.0,0.0,0.0,0.25,0.0,0.25,0.0
2,low,8.0,41,OLSR,2,4.018,127.433,10.0,0.0,0.0,0.0,0.0,0.0,0.0,0.25,0.0,0.25,0.0
2,low,8.0,42,AODV,2,7.433,7.433,10.0,0.0,0.0,0.0,0.0,0.0,0.0,0.0,0.0,0.0,0.0
2,low,8.0,42,DSDV,2,7.433,7.433,10.0,0.0,0.0,0.0,0.0,0.0,0.0,0.0,0.0,0.0,0.0
2,low,8.0,42,DSR,2,7.433,7.433,10.0,0.0,0.0,0.0,0.0,0.0,0.0,0.0,0.0,0.0,0.0
2,low,8.0,42,OLSR,2,7.433,7.433,10.0,0.0,0.0,0.0,0.0,0.0,0.0,0.0,0.0,0.0,0.0
2,low,8.0,43,AODV,2,7.044,7.044,10.0,0.0,0.0,0.0,0.0,0.0,0.0,0.0,0.0,0.0,0.0
2,low,8.0,43,DSDV,2,7.044,7.044,10.0,0.0,0.0,0.0,0.0,0.0,0.0,0.0,0.0,0.0,0.0
2,low,8.0,43,DSR,2,7.044,7.044,10.0,0.0,0.0,0.0,0.0,0.0,0.0,0.0,0.0,0.0,0.0
2,low,8.0,43,OLSR,2,7.044,7.044,10.0,0.0,0.0,0.0,0.0,0.0,0.0,0.0,0.0,0.0,0.0
2,low,8.0,44,AODV,2,7.044,7.044,10.0,0.0,0.0,0.0,0.0,0.0,0.0,0.0,0.0,0.0,0.0
2,low,8.0,44,DSDV,2,7.044,7.044,10.0,0.0,0.0,0.0,0.0,0.0,0.0,0.0,0.0,0.0,0.0
2,low,8.0,44,DSR,2,7.044,7.044,10.0,0.0,0.0,0.0,0.0,0.0,0.0,0.0,0.0,0.0,0.0
2,low,8.0,44,OLSR,2,7.044,7.044,10.0,0.0,0.0,0.0,0.0,0.0,0.0,0.0,0.0,0.0,0.0
2,medium,0.25,37,AODV,2,0.0,9.349,0.5,1.0,0.0,0.0,0.0,1.0,0.0,1.0,0.0,1.0,0.0
2,medium,0.25,37,DSDV,2,0.0,9.349,0.5,1.0,0.0,0.0,0.0,1.0,0.0,1.0,0.0,1.0,0.0
2,medium,0.25,37,DSR,2,0.0,9.349,0.5,1.0,0.0,0.0,0.0,1.0,0.0,1.0,0.0,1.0,0.0
2,medium,0.25,37,OLSR,2,0.0,9.349,0.5,1.0,0.0,0.0,0.0,1.0,0.0,1.0,0.0,1.0,0.0
2,medium,0.25,38,AODV,2,0.0,129.349,0.5,1.0,0.0,0.0,0.0,1.0,0.0,1.0,0.0,1.0,0.0
2,medium,0.25,38,DSDV,2,0.0,129.349,0.5,1.0,0.0,0.0,0.0,1.0,0.0,1.0,0.0,1.0,0.0
2,medium,0.25,38,DSR,2,0.0,129.349,0.5,1.0,0.0,0.0,0.0,1.0,0.0,1.0,0.0,1.0,0.0
2,medium,0.25,38,OLSR,2,0.0,129.349,0.5,1.0,0.0,0.0,0.0,1.0,0.0,1.0,0.0,1.0,0.0
2,medium,0.25,39,AODV,2,0.0,249.349,0.5,1.0,0.0,0.0,0.0,1.0,0.0,1.0,0.0,1.0,0.0
2,medium,0.25,39,DSDV,2,0.0,249.349,0.5,1.0,0.0,0.0,0.0,1.0,0.0,1.0,0.0,1.0,0.0
2,medium,0.25,39,DSR,2,0.0,249.349,0.5,1.0,0.0,0.0,0.0,1.0,0.0,1.0,0.0,1.0,0.0
2,medium,0.25,39,OLSR,2,0.0,249.349,0.5,1.0,0.0,0.0,0.0,1.0,0.0,1.0,0.0,1.0,0.0
2,medium,0.25,40,AODV,2,0.0,487.875,0.5,1.0,0.0,0.0,0.0,1.0,0.0,1.0,0.0,1.0,0.0
2,medium,0.25,40,DSDV,2,0.0,487.875,0.5,1.0,0.0,0.0,0.0,1.0,0.0,1.0,0.0,1.0,0.0
2,medium,0.25,40,DSR,2,0.0,487.875,0.5,1.0,0.0,0.0,0.0,1.0,0.0,1.0,0.0,1.0,0.0
2,medium,0.25,40,OLSR,2,0.0,487.875,0.5,1.0,0.0,0.0,0.0,1.0,0.0,1.0,0.0,1.0,0.0
2,medium,0.25,41,AODV,2,0.0,188.841,0.5,1.0,0.0,0.0,0.0,1.0,0.0,1.0,0.0,1.0,0.0
2,medium,0.25,41,DSDV,2,0.0,188.841,0.5,1.0,0.0,0.0,0.0,1.0,0.0,1.0,0.0,1.0,0.0
2,medium,0.25,41,DSR,2,0.0,188.841,0.5,1.0,0.0,0.0,0.0,1.0,0.0,1.0,0.0,1.0,0.0
2,medium,0.25,41,OLSR,2,0.0,188.841,0.5,1.0,0.0,0.0,0.0,1.0,0.0,1.0,0.0,1.0,0.0
2,medium,0.25,42,AODV,2,0.0,68.335,0.5,1.0,0.0,0.0,0.0,1.0,0.0,1.0,0.0,1.0,0.0
2,medium,0.25,42,DSDV,2,0.0,68.335,0.5,1.0,0.0,0.0,0.0,1.0,0.0,1.0,0.0,1.0,0.0
2,medium,0.25,42,DSR,2,0.0,68.335,0.5,1.0,0.0,0.0,0.0,1.0,0.0,1.0,0.0,1.0,0.0
2,medium,0.25,42,OLSR,2,0.0,68.335,0.5,1.0,0.0,0.0,0.0,1.0,0.0,1.0,0.0,1.0,0.0
2,medium,0.25,43,AODV,2,0.0,487.376,0.5,1.0,0.0,0.0,0.0,1.0,0.0,1.0,0.0,1.0,0.0
2,medium,0.25,43,DSDV,2,0.0,487.376,0.5,1.0,0.0,0.0,0.0,1.0,0.0,1.0,0.0,1.0,0.0
2,medium,0.25,43,DSR,2,0.0,487.376,0.5,1.0,0.0,0.0,0.0,1.0,0.0,1.0,0.0,1.0,0.0
2,medium,0.25,43,OLSR,2,0.0,487.376,0.5,1.0,0.0,0.0,0.0,1.0,0.0,1.0,0.0,1.0,0.0
2,medium,0.25,44,AODV,2,0.0,308.769,0.5,1.0,0.0,0.0,0.0,1.0,0.0,1.0,0.0,1.0,0.0
2,medium,0.25,44,DSDV,2,0.0,308.769,0.5,1.0,0.0,0.0,0.0,1.0,0.0,1.0,0.0,1.0,0.0
2,medium,0.25,44,DSR,2,0.0,308.769,0.5,1.0,0.0,0.0,0.0,1.0,0.0,1.0,0.0,1.0,0.0
2,medium,0.25,44,OLSR,2,0.0,308.769,0.5,1.0,0.0,0.0,0.0,1.0,0.0,1.0,0.0,1.0,0.0
2,medium,0.5,37,AODV,2,0.0,9.349,1.0,1.0,0.0,0.0,0.0,1.0,0.0,1.0,0.0,1.0,0.0
2,medium,0.5,37,DSDV,2,0.0,9.349,1.0,1.0,0.0,0.0,0.0,1.0,0.0,1.0,0.0,1.0,0.0
2,medium,0.5,37,DSR,2,0.0,9.349,1.0,1.0,0.0,0.0,0.0,1.0,0.0,1.0,0.0,1.0,0.0
2,medium,0.5,37,OLSR,2,0.0,9.349,1.0,1.0,0.0,0.0,0.0,1.0,0.0,1.0,0.0,1.0,0.0
2,medium,0.5,38,AODV,2,0.0,129.349,1.0,1.0,0.0,0.0,0.0,1.0,0.0,1.0,0.0,1.0,0.0
2,medium,0.5,38,DSDV,2,0.0,129.349,1.0,1.0,0.0,0.0,0.0,1.0,0.0,1.0,0.0,1.0,0.0
2,medium,0.5,38,DSR,2,0.0,129.349,1.0,1.0,0.0,0.0,0.0,1.0,0.0,1.0,0.0,1.0,0.0
2,medium,0.5,38,OLSR,2,0.0,129.349,1.0,1.0,0.0,0.0,0.0,1.0,0.0,1.0,0.0,1.0,0.0
2,medium,0.5,39,AODV,2,0.0,249.349,1.0,1.0,0.0,0.0,0.0,1.0,0.0,1.0,0.0,1.0,0.0
2,medium,0.5,39,DSDV,2,0.0,249.349,1.0,1.0,0.0,0.0,0.0,1.0,0.0,1.0,0.0,1.0,0.0
2,medium,0.5,39,DSR,2,0.0,249.349,1.0,1.0,0.0,0.0,0.0,1.0,0.0,1.0,0.0,1.0,0.0
2,medium,0.5,39,OLSR,2,0.0,249.349,1.0,1.0,0.0,0.0,0.0,1.0,0.0,1.0,0.0,1.0,0.0
2,medium,0.5,40,AODV,2,0.0,487.875,1.0,1.0,0.0,0.0,0.0,1.0,0.0,1.0,0.0,1.0,0.0
2,medium,0.5,40,DSDV,2,0.0,487.875,1.0,1.0,0.0,0.0,0.0,1.0,0.0,1.0,0.0,1.0,0.0
2,medium,0.5,40,DSR,2,0.0,487.875,1.0,1.0,0.0,0.0,0.0,1.0,0.0,1.0,0.0,1.0,0.0
2,medium,0.5,40,OLSR,2,0.0,487.875,1.0,1.0,0.0,0.0,0.0,1.0,0.0,1.0,0.0,1.0,0.0
2,medium,0.5,41,AODV,2,0.0,188.841,1.0,1.0,0.0,0.0,0.0,1.0,0.0,1.0,0.0,1.0,0.0
2,medium,0.5,41,DSDV,2,0.0,188.841,1.0,1.0,0.0,0.0,0.0,1.0,0.0,1.0,0.0,1.0,0.0
2,medium,0.5,41,DSR,2,0.0,188.841,1.0,1.0,0.0,0.0,0.0,1.0,0.0,1.0,0.0,1.0,0.0
2,medium,0.5,41,OLSR,2,0.0,188.841,1.0,1.0,0.0,0.0,0.0,1.0,0.0,1.0,0.0,1.0,0.0
2,medium,0.5,42,AODV,2,0.0,68.335,1.0,1.0,0.0,0.0,0.0,1.0,0.0,1.0,0.0,1.0,0.0
2,medium,0.5,42,DSDV,2,0.0,68.335,1.0,1.0,0.0,0.0,0.0,1.0,0.0,1.0,0.0,1.0,0.0
2,medium,0.5,42,DSR,2,0.0,68.335,1.0,1.0,0.0,0.0,0.0,1.0,0.0,1.0,0.0,1.0,0.0
2,medium,0.5,42,OLSR,2,0.0,68.335,1.0,1.0,0.0,0.0,0.0,1.0,0.0,1.0,0.0,1.0,0.0
2,medium,0.5,43,AODV,2,0.0,487.376,1.0,1.0,0.0,0.0,0.0,1.0,0.0,1.0,0.0,1.0,0.0
2,medium,0.5,43,DSDV,2,0.0,487.376,1.0,1.0,0.0,0.0,0.0,1.0,0.0,1.0,0.0,1.0,0.0
2,medium,0.5,43,DSR,2,0.0,487.376,1.0,1.0,0.0,0.0,0.0,1.0,0.0,1.0,0.0,1.0,0.0
2,medium,0.5,43,OLSR,2,0.0,487.376,1.0,1.0,0.0,0.0,0.0,1.0,0.0,1.0,0.0,1.0,0.0
2,medium,0.5,44,AODV,2,0.0,308.769,1.0,1.0,0.0,0.0,0.0,1.0,0.0,1.0,0.0,1.0,0.0
2,medium,0.5,44,DSDV,2,0.0,308.769,1.0,1.0,0.0,0.0,0.0,1.0,0.0,1.0,0.0,1.0,0.0
2,medium,0.5,44,DSR,2,0.0,308.769,1.0,1.0,0.0,0.0,0.0,1.0,0.0,1.0,0.0,1.0,0.0
2,medium,0.5,44,OLSR,2,0.0,308.769,1.0,1.0,0.0,0.0,0.0,1.0,0.0,1.0,0.0,1.0,0.0
2,medium,1.0,37,AODV,2,0.0,9.349,2.0,1.0,0.0,0.0,0.0,1.0,0.0,1.0,0.0,1.0,0.0
2,medium,1.0,37,DSDV,2,0.0,9.349,2.0,1.0,0.0,0.0,0.0,1.0,0.0,1.0,0.0,1.0,0.0
2,medium,1.0,37,DSR,2,0.0,9.349,2.0,1.0,0.0,0.0,0.0,1.0,0.0,1.0,0.0,1.0,0.0
2,medium,1.0,37,OLSR,2,0.0,9.349,2.0,1.0,0.0,0.0,0.0,1.0,0.0,1.0,0.0,1.0,0.0
2,medium,1.0,38,AODV,2,0.0,129.349,2.0,1.0,0.0,0.0,0.0,1.0,0.0,1.0,0.0,1.0,0.0
2,medium,1.0,38,DSDV,2,0.0,129.349,2.0,1.0,0.0,0.0,0.0,1.0,0.0,1.0,0.0,1.0,0.0
2,medium,1.0,38,DSR,2,0.0,129.349,2.0,1.0,0.0,0.0,0.0,1.0,0.0,1.0,0.0,1.0,0.0
2,medium,1.0,38,OLSR,2,0.0,129.349,2.0,1.0,0.0,0.0,0.0,1.0,0.0,1.0,0.0,1.0,0.0
2,medium,1.0,39,AODV,2,0.0,249.349,2.0,1.0,0.0,0.0,0.0,1.0,0.0,1.0,0.0,1.0,0.0
2,medium,1.0,39,DSDV,2,0.0,249.349,2.0,1.0,0.0,0.0,0.0,1.0,0.0,1.0,0.0,1.0,0.0
2,medium,1.0,39,DSR,2,0.0,249.349,2.0,1.0,0.0,0.0,0.0,1.0,0.0,1.0,0.0,1.0,0.0
2,medium,1.0,39,OLSR,2,0.0,249.349,2.0,1.0,0.0,0.0,0.0,1.0,0.0,1.0,0.0,1.0,0.0
2,medium,1.0,40,AODV,2,0.0,487.875,2.0,1.0,0.0,0.0,0.0,1.0,0.0,1.0,0.0,1.0,0.0
2,medium,1.0,40,DSDV,2,0.0,487.875,2.0,1.0,0.0,0.0,0.0,1.0,0.0,1.0,0.0,1.0,0.0
2,medium,1.0,40,DSR,2,0.0,487.875,2.0,1.0,0.0,0.0,0.0,1.0,0.0,1.0,0.0,1.0,0.0
2,medium,1.0,40,OLSR,2,0.0,487.875,2.0,1.0,0.0,0.0,0.0,1.0,0.0,1.0,0.0,1.0,0.0
2,medium,1.0,41,AODV,2,0.0,188.841,2.0,1.0,0.0,0.0,0.0,1.0,0.0,1.0,0.0,1.0,0.0
2,medium,1.0,41,DSDV,2,0.0,188.841,2.0,1.0,0.0,0.0,0.0,1.0,0.0,1.0,0.0,1.0,0.0
2,medium,1.0,41,DSR,2,0.0,188.841,2.0,1.0,0.0,0.0,0.0,1.0,0.0,1.0,0.0,1.0,0.0
2,medium,1.0,41,OLSR,2,0.0,188.841,2.0,1.0,0.0,0.0,0.0,1.0,0.0,1.0,0.0,1.0,0.0
2,medium,1.0,42,AODV,2,0.0,68.335,2.0,1.0,0.0,0.0,0.0,1.0,0.0,1.0,0.0,1.0,0.0
2,medium,1.0,42,DSDV,2,0.0,68.335,2.0,1.0,0.0,0.0,0.0,1.0,0.0,1.0,0.0,1.0,0.0
2,medium,1.0,42,DSR,2,0.0,68.335,2.0,1.0,0.0,0.0,0.0,1.0,0.0,1.0,0.0,1.0,0.0
2,medium,1.0,42,OLSR,2,0.0,68.335,2.0,1.0,0.0,0.0,0.0,1.0,0.0,1.0,0.0,1.0,0.0
2,medium,1.0,43,AODV,2,0.0,487.376,2.0,1.0,0.0,0.0,0.0,1.0,0.0,1.0,0.0,1.0,0.0
2,medium,1.0,43,DSDV,2,0.0,487.376,2.0,1.0,0.0,0.0,0.0,1.0,0.0,1.0,0.0,1.0,0.0
2,medium,1.0,43,DSR,2,0.0,487.376,2.0,1.0,0.0,0.0,0.0,1.0,0.0,1.0,0.0,1.0,0.0
2,medium,1.0,43,OLSR,2,0.0,487.376,2.0,1.0,0.0,0.0,0.0,1.0,0.0,1.0,0.0,1.0,0.0
2,medium,1.0,44,AODV,2,0.0,308.769,2.0,1.0,0.0,0.0,0.0,1.0,0.0,1.0,0.0,1.0,0.0
2,medium,1.0,44,DSDV,2,0.0,308.769,2.0,1.0,0.0,0.0,0.0,1.0,0.0,1.0,0.0,1.0,0.0
2,medium,1.0,44,DSR,2,0.0,308.769,2.0,1.0,0.0,0.0,0.0,1.0,0.0,1.0,0.0,1.0,0.0
2,medium,1.0,44,OLSR,2,0.0,308.769,2.0,1.0,0.0,0.0,0.0,1.0,0.0,1.0,0.0,1.0,0.0
2,medium,1.5,37,AODV,2,0.0,9.349,3.0,1.0,0.0,0.0,0.0,1.0,0.0,1.0,0.0,1.0,0.0
2,medium,1.5,37,DSDV,2,0.0,9.349,3.0,1.0,0.0,0.0,0.0,1.0,0.0,1.0,0.0,1.0,0.0
2,medium,1.5,37,DSR,2,0.0,9.349,3.0,1.0,0.0,0.0,0.0,1.0,0.0,1.0,0.0,1.0,0.0
2,medium,1.5,37,OLSR,2,0.0,9.349,3.0,1.0,0.0,0.0,0.0,1.0,0.0,1.0,0.0,1.0,0.0
2,medium,1.5,38,AODV,2,0.0,129.349,3.0,1.0,0.0,0.0,0.0,1.0,0.0,1.0,0.0,1.0,0.0
2,medium,1.5,38,DSDV,2,0.0,129.349,3.0,1.0,0.0,0.0,0.0,1.0,0.0,1.0,0.0,1.0,0.0
2,medium,1.5,38,DSR,2,0.0,129.349,3.0,1.0,0.0,0.0,0.0,1.0,0.0,1.0,0.0,1.0,0.0
2,medium,1.5,38,OLSR,2,0.0,129.349,3.0,1.0,0.0,0.0,0.0,1.0,0.0,1.0,0.0,1.0,0.0
2,medium,1.5,39,AODV,2,0.0,249.349,3.0,1.0,0.0,0.0,0.0,1.0,0.0,1.0,0.0,1.0,0.0
2,medium,1.5,39,DSDV,2,0.0,249.349,3.0,1.0,0.0,0.0,0.0,1.0,0.0,1.0,0.0,1.0,0.0
2,medium,1.5,39,DSR,2,0.0,249.349,3.0,1.0,0.0,0.0,0.0,1.0,0.0,1.0,0.0,1.0,0.0
2,medium,1.5,39,OLSR,2,0.0,249.349,3.0,1.0,0.0,0.0,0.0,1.0,0.0,1.0,0.0,1.0,0.0
2,medium,1.5,40,AODV,2,0.0,487.875,3.0,1.0,0.0,0.0,0.0,1.0,0.0,1.0,0.0,1.0,0.0
2,medium,1.5,40,DSDV,2,0.0,487.875,3.0,1.0,0.0,0.0,0.0,1.0,0.0,1.0,0.0,1.0,0.0
2,medium,1.5,40,DSR,2,0.0,487.875,3.0,1.0,0.0,0.0,0.0,1.0,0.0,1.0,0.0,1.0,0.0
2,medium,1.5,40,OLSR,2,0.0,487.875,3.0,1.0,0.0,0.0,0.0,1.0,0.0,1.0,0.0,1.0,0.0
2,medium,1.5,41,AODV,2,0.0,188.841,3.0,1.0,0.0,0.0,0.0,1.0,0.0,1.0,0.0,1.0,0.0
2,medium,1.5,41,DSDV,2,0.0,188.841,3.0,1.0,0.0,0.0,0.0,1.0,0.0,1.0,0.0,1.0,0.0
2,medium,1.5,41,DSR,2,0.0,188.841,3.0,1.0,0.0,0.0,0.0,1.0,0.0,1.0,0.0,1.0,0.0
2,medium,1.5,41,OLSR,2,0.0,188.841,3.0,1.0,0.0,0.0,0.0,1.0,0.0,1.0,0.0,1.0,0.0
2,medium,1.5,42,AODV,2,0.0,68.335,3.0,1.0,0.0,0.0,0.0,1.0,0.0,1.0,0.0,1.0,0.0
2,medium,1.5,42,DSDV,2,0.0,68.335,3.0,1.0,0.0,0.0,0.0,1.0,0.0,1.0,0.0,1.0,0.0
2,medium,1.5,42,DSR,2,0.0,68.335,3.0,1.0,0.0,0.0,0.0,1.0,0.0,1.0,0.0,1.0,0.0
2,medium,1.5,42,OLSR,2,0.0,68.335,3.0,1.0,0.0,0.0,0.0,1.0,0.0,1.0,0.0,1.0,0.0
2,medium,1.5,43,AODV,2,0.0,487.376,3.0,1.0,0.0,0.0,0.0,1.0,0.0,1.0,0.0,1.0,0.0
2,medium,1.5,43,DSDV,2,0.0,487.376,3.0,1.0,0.0,0.0,0.0,1.0,0.0,1.0,0.0,1.0,0.0
2,medium,1.5,43,DSR,2,0.0,487.376,3.0,1.0,0.0,0.0,0.0,1.0,0.0,1.0,0.0,1.0,0.0
2,medium,1.5,43,OLSR,2,0.0,487.376,3.0,1.0,0.0,0.0,0.0,1.0,0.0,1.0,0.0,1.0,0.0
2,medium,1.5,44,AODV,2,0.0,308.769,3.0,1.0,0.0,0.0,0.0,1.0,0.0,1.0,0.0,1.0,0.0
2,medium,1.5,44,DSDV,2,0.0,308.769,3.0,1.0,0.0,0.0,0.0,1.0,0.0,1.0,0.0,1.0,0.0
2,medium,1.5,44,DSR,2,0.0,308.769,3.0,1.0,0.0,0.0,0.0,1.0,0.0,1.0,0.0,1.0,0.0
2,medium,1.5,44,OLSR,2,0.0,308.769,3.0,1.0,0.0,0.0,0.0,1.0,0.0,1.0,0.0,1.0,0.0
2,medium,10.0,37,AODV,2,9.349,9.349,10.0,0.0,0.0,0.0,0.0,0.0,0.0,0.0,0.0,0.0,0.0
2,medium,10.0,37,DSDV,2,9.349,9.349,10.0,0.0,0.0,0.0,0.0,0.0,0.0,0.0,0.0,0.0,0.0
2,medium,10.0,37,DSR,2,9.349,9.349,10.0,0.0,0.0,0.0,0.0,0.0,0.0,0.0,0.0,0.0,0.0
2,medium,10.0,37,OLSR,2,9.349,9.349,10.0,0.0,0.0,0.0,0.0,0.0,0.0,0.0,0.0,0.0,0.0
2,medium,10.0,38,AODV,2,4.843,129.349,10.0,0.0,0.0,0.0,0.0,0.0,0.0,0.25,0.0,0.25,0.0
2,medium,10.0,38,DSDV,2,4.843,129.349,10.0,0.0,0.0,0.0,0.0,0.0,0.0,0.25,0.0,0.25,0.0
2,medium,10.0,38,DSR,2,4.843,129.349,10.0,0.0,0.0,0.0,0.0,0.0,0.0,0.25,0.0,0.25,0.0
2,medium,10.0,38,OLSR,2,4.843,129.349,10.0,0.0,0.0,0.0,0.0,0.0,0.0,0.25,0.0,0.25,0.0
2,medium,10.0,39,AODV,2,4.843,249.349,10.0,0.0,0.0,0.0,0.0,0.0,0.0,0.25,0.0,0.25,0.0
2,medium,10.0,39,DSDV,2,4.843,249.349,10.0,0.0,0.0,0.0,0.0,0.0,0.0,0.25,0.0,0.25,0.0
2,medium,10.0,39,DSR,2,4.843,249.349,10.0,0.0,0.0,0.0,0.0,0.0,0.0,0.25,0.0,0.25,0.0
2,medium,10.0,39,OLSR,2,4.843,249.349,10.0,0.0,0.0,0.0,0.0,0.0,0.0,0.25,0.0,0.25,0.0
2,medium,10.0,40,AODV,2,0.0,487.875,10.0,1.0,0.0,0.0,0.0,1.0,0.0,1.0,0.0,1.0,0.0
2,medium,10.0,40,DSDV,2,0.0,487.875,10.0,1.0,0.0,0.0,0.0,1.0,0.0,1.0,0.0,1.0,0.0
2,medium,10.0,40,DSR,2,0.0,487.875,10.0,1.0,0.0,0.0,0.0,1.0,0.0,1.0,0.0,1.0,0.0
2,medium,10.0,40,OLSR,2,0.0,487.875,10.0,1.0,0.0,0.0,0.0,1.0,0.0,1.0,0.0,1.0,0.0
2,medium,10.0,41,AODV,2,0.0,188.841,10.0,1.0,0.0,0.0,0.0,1.0,0.0,1.0,0.0,1.0,0.0
2,medium,10.0,41,DSDV,2,0.0,188.841,10.0,1.0,0.0,0.0,0.0,1.0,0.0,1.0,0.0,1.0,0.0
2,medium,10.0,41,DSR,2,0.0,188.841,10.0,1.0,0.0,0.0,0.0,1.0,0.0,1.0,0.0,1.0,0.0
2,medium,10.0,41,OLSR,2,0.0,188.841,10.0,1.0,0.0,0.0,0.0,1.0,0.0,1.0,0.0,1.0,0.0
2,medium,10.0,42,AODV,2,4.566,68.335,10.0,0.0,0.0,0.0,0.0,0.0,0.0,0.25,0.0,0.25,0.0
2,medium,10.0,42,DSDV,2,4.566,68.335,10.0,0.0,0.0,0.0,0.0,0.0,0.0,0.25,0.0,0.25,0.0
2,medium,10.0,42,DSR,2,4.566,68.335,10.0,0.0,0.0,0.0,0.0,0.0,0.0,0.25,0.0,0.25,0.0
2,medium,10.0,42,OLSR,2,4.566,68.335,10.0,0.0,0.0,0.0,0.0,0.0,0.0,0.25,0.0,0.25,0.0
2,medium,10.0,43,AODV,2,0.0,487.376,10.0,1.0,0.0,0.0,0.0,1.0,0.0,1.0,0.0,1.0,0.0
2,medium,10.0,43,DSDV,2,0.0,487.376,10.0,1.0,0.0,0.0,0.0,1.0,0.0,1.0,0.0,1.0,0.0
2,medium,10.0,43,DSR,2,0.0,487.376,10.0,1.0,0.0,0.0,0.0,1.0,0.0,1.0,0.0,1.0,0.0
2,medium,10.0,43,OLSR,2,0.0,487.376,10.0,1.0,0.0,0.0,0.0,1.0,0.0,1.0,0.0,1.0,0.0
2,medium,10.0,44,AODV,2,3.947,308.769,10.0,0.0,0.0,0.0,0.0,0.0,0.0,0.25,0.0,0.25,0.0
2,medium,10.0,44,DSDV,2,3.947,308.769,10.0,0.0,0.0,0.0,0.0,0.0,0.0,0.25,0.0,0.25,0.0
2,medium,10.0,44,DSR,2,3.947,308.769,10.0,0.0,0.0,0.0,0.0,0.0,0.0,0.25,0.0,0.25,0.0
2,medium,10.0,44,OLSR,2,3.947,308.769,10.0,0.0,0.0,0.0,0.0,0.0,0.0,0.25,0.0,0.25,0.0
2,medium,2.0,37,AODV,2,0.0,9.349,4.0,1.0,0.0,0.0,0.0,1.0,0.0,1.0,0.0,1.0,0.0
2,medium,2.0,37,DSDV,2,0.0,9.349,4.0,1.0,0.0,0.0,0.0,1.0,0.0,1.0,0.0,1.0,0.0
2,medium,2.0,37,DSR,2,0.0,9.349,4.0,1.0,0.0,0.0,0.0,1.0,0.0,1.0,0.0,1.0,0.0
2,medium,2.0,37,OLSR,2,0.0,9.349,4.0,1.0,0.0,0.0,0.0,1.0,0.0,1.0,0.0,1.0,0.0
2,medium,2.0,38,AODV,2,0.0,129.349,4.0,1.0,0.0,0.0,0.0,1.0,0.0,1.0,0.0,1.0,0.0
2,medium,2.0,38,DSDV,2,0.0,129.349,4.0,1.0,0.0,0.0,0.0,1.0,0.0,1.0,0.0,1.0,0.0
2,medium,2.0,38,DSR,2,0.0,129.349,4.0,1.0,0.0,0.0,0.0,1.0,0.0,1.0,0.0,1.0,0.0
2,medium,2.0,38,OLSR,2,0.0,129.349,4.0,1.0,0.0,0.0,0.0,1.0,0.0,1.0,0.0,1.0,0.0
2,medium,2.0,39,AODV,2,0.0,249.349,4.0,1.0,0.0,0.0,0.0,1.0,0.0,1.0,0.0,1.0,0.0
2,medium,2.0,39,DSDV,2,0.0,249.349,4.0,1.0,0.0,0.0,0.0,1.0,0.0,1.0,0.0,1.0,0.0
2,medium,2.0,39,DSR,2,0.0,249.349,4.0,1.0,0.0,0.0,0.0,1.0,0.0,1.0,0.0,1.0,0.0
2,medium,2.0,39,OLSR,2,0.0,249.349,4.0,1.0,0.0,0.0,0.0,1.0,0.0,1.0,0.0,1.0,0.0
2,medium,2.0,40,AODV,2,0.0,487.875,4.0,1.0,0.0,0.0,0.0,1.0,0.0,1.0,0.0,1.0,0.0
2,medium,2.0,40,DSDV,2,0.0,487.875,4.0,1.0,0.0,0.0,0.0,1.0,0.0,1.0,0.0,1.0,0.0
2,medium,2.0,40,DSR,2,0.0,487.875,4.0,1.0,0.0,0.0,0.0,1.0,0.0,1.0,0.0,1.0,0.0
2,medium,2.0,40,OLSR,2,0.0,487.875,4.0,1.0,0.0,0.0,0.0,1.0,0.0,1.0,0.0,1.0,0.0
2,medium,2.0,41,AODV,2,0.0,188.841,4.0,1.0,0.0,0.0,0.0,1.0,0.0,1.0,0.0,1.0,0.0
2,medium,2.0,41,DSDV,2,0.0,188.841,4.0,1.0,0.0,0.0,0.0,1.0,0.0,1.0,0.0,1.0,0.0
2,medium,2.0,41,DSR,2,0.0,188.841,4.0,1.0,0.0,0.0,0.0,1.0,0.0,1.0,0.0,1.0,0.0
2,medium,2.0,41,OLSR,2,0.0,188.841,4.0,1.0,0.0,0.0,0.0,1.0,0.0,1.0,0.0,1.0,0.0
2,medium,2.0,42,AODV,2,0.0,68.335,4.0,1.0,0.0,0.0,0.0,1.0,0.0,1.0,0.0,1.0,0.0
2,medium,2.0,42,DSDV,2,0.0,68.335,4.0,1.0,0.0,0.0,0.0,1.0,0.0,1.0,0.0,1.0,0.0
2,medium,2.0,42,DSR,2,0.0,68.335,4.0,1.0,0.0,0.0,0.0,1.0,0.0,1.0,0.0,1.0,0.0
2,medium,2.0,42,OLSR,2,0.0,68.335,4.0,1.0,0.0,0.0,0.0,1.0,0.0,1.0,0.0,1.0,0.0
2,medium,2.0,43,AODV,2,0.0,487.376,4.0,1.0,0.0,0.0,0.0,1.0,0.0,1.0,0.0,1.0,0.0
2,medium,2.0,43,DSDV,2,0.0,487.376,4.0,1.0,0.0,0.0,0.0,1.0,0.0,1.0,0.0,1.0,0.0
2,medium,2.0,43,DSR,2,0.0,487.376,4.0,1.0,0.0,0.0,0.0,1.0,0.0,1.0,0.0,1.0,0.0
2,medium,2.0,43,OLSR,2,0.0,487.376,4.0,1.0,0.0,0.0,0.0,1.0,0.0,1.0,0.0,1.0,0.0
2,medium,2.0,44,AODV,2,0.0,308.769,4.0,1.0,0.0,0.0,0.0,1.0,0.0,1.0,0.0,1.0,0.0
2,medium,2.0,44,DSDV,2,0.0,308.769,4.0,1.0,0.0,0.0,0.0,1.0,0.0,1.0,0.0,1.0,0.0
2,medium,2.0,44,DSR,2,0.0,308.769,4.0,1.0,0.0,0.0,0.0,1.0,0.0,1.0,0.0,1.0,0.0
2,medium,2.0,44,OLSR,2,0.0,308.769,4.0,1.0,0.0,0.0,0.0,1.0,0.0,1.0,0.0,1.0,0.0
2,medium,3.0,37,AODV,2,0.0,9.349,6.0,1.0,0.0,0.0,0.0,1.0,0.0,1.0,0.0,1.0,0.0
2,medium,3.0,37,DSDV,2,0.0,9.349,6.0,1.0,0.0,0.0,0.0,1.0,0.0,1.0,0.0,1.0,0.0
2,medium,3.0,37,DSR,2,0.0,9.349,6.0,1.0,0.0,0.0,0.0,1.0,0.0,1.0,0.0,1.0,0.0
2,medium,3.0,37,OLSR,2,0.0,9.349,6.0,1.0,0.0,0.0,0.0,1.0,0.0,1.0,0.0,1.0,0.0
2,medium,3.0,38,AODV,2,0.0,129.349,6.0,1.0,0.0,0.0,0.0,1.0,0.0,1.0,0.0,1.0,0.0
2,medium,3.0,38,DSDV,2,0.0,129.349,6.0,1.0,0.0,0.0,0.0,1.0,0.0,1.0,0.0,1.0,0.0
2,medium,3.0,38,DSR,2,0.0,129.349,6.0,1.0,0.0,0.0,0.0,1.0,0.0,1.0,0.0,1.0,0.0
2,medium,3.0,38,OLSR,2,0.0,129.349,6.0,1.0,0.0,0.0,0.0,1.0,0.0,1.0,0.0,1.0,0.0
2,medium,3.0,39,AODV,2,0.0,249.349,6.0,1.0,0.0,0.0,0.0,1.0,0.0,1.0,0.0,1.0,0.0
2,medium,3.0,39,DSDV,2,0.0,249.349,6.0,1.0,0.0,0.0,0.0,1.0,0.0,1.0,0.0,1.0,0.0
2,medium,3.0,39,DSR,2,0.0,249.349,6.0,1.0,0.0,0.0,0.0,1.0,0.0,1.0,0.0,1.0,0.0
2,medium,3.0,39,OLSR,2,0.0,249.349,6.0,1.0,0.0,0.0,0.0,1.0,0.0,1.0,0.0,1.0,0.0
2,medium,3.0,40,AODV,2,0.0,487.875,6.0,1.0,0.0,0.0,0.0,1.0,0.0,1.0,0.0,1.0,0.0
2,medium,3.0,40,DSDV,2,0.0,487.875,6.0,1.0,0.0,0.0,0.0,1.0,0.0,1.0,0.0,1.0,0.0
2,medium,3.0,40,DSR,2,0.0,487.875,6.0,1.0,0.0,0.0,0.0,1.0,0.0,1.0,0.0,1.0,0.0
2,medium,3.0,40,OLSR,2,0.0,487.875,6.0,1.0,0.0,0.0,0.0,1.0,0.0,1.0,0.0,1.0,0.0
2,medium,3.0,41,AODV,2,0.0,188.841,6.0,1.0,0.0,0.0,0.0,1.0,0.0,1.0,0.0,1.0,0.0
2,medium,3.0,41,DSDV,2,0.0,188.841,6.0,1.0,0.0,0.0,0.0,1.0,0.0,1.0,0.0,1.0,0.0
2,medium,3.0,41,DSR,2,0.0,188.841,6.0,1.0,0.0,0.0,0.0,1.0,0.0,1.0,0.0,1.0,0.0
2,medium,3.0,41,OLSR,2,0.0,188.841,6.0,1.0,0.0,0.0,0.0,1.0,0.0,1.0,0.0,1.0,0.0
2,medium,3.0,42,AODV,2,0.0,68.335,6.0,1.0,0.0,0.0,0.0,1.0,0.0,1.0,0.0,1.0,0.0
2,medium,3.0,42,DSDV,2,0.0,68.335,6.0,1.0,0.0,0.0,0.0,1.0,0.0,1.0,0.0,1.0,0.0
2,medium,3.0,42,DSR,2,0.0,68.335,6.0,1.0,0.0,0.0,0.0,1.0,0.0,1.0,0.0,1.0,0.0
2,medium,3.0,42,OLSR,2,0.0,68.335,6.0,1.0,0.0,0.0,0.0,1.0,0.0,1.0,0.0,1.0,0.0
2,medium,3.0,43,AODV,2,0.0,487.376,6.0,1.0,0.0,0.0,0.0,1.0,0.0,1.0,0.0,1.0,0.0
2,medium,3.0,43,DSDV,2,0.0,487.376,6.0,1.0,0.0,0.0,0.0,1.0,0.0,1.0,0.0,1.0,0.0
2,medium,3.0,43,DSR,2,0.0,487.376,6.0,1.0,0.0,0.0,0.0,1.0,0.0,1.0,0.0,1.0,0.0
2,medium,3.0,43,OLSR,2,0.0,487.376,6.0,1.0,0.0,0.0,0.0,1.0,0.0,1.0,0.0,1.0,0.0
2,medium,3.0,44,AODV,2,0.0,308.769,6.0,1.0,0.0,0.0,0.0,1.0,0.0,1.0,0.0,1.0,0.0
2,medium,3.0,44,DSDV,2,0.0,308.769,6.0,1.0,0.0,0.0,0.0,1.0,0.0,1.0,0.0,1.0,0.0
2,medium,3.0,44,DSR,2,0.0,308.769,6.0,1.0,0.0,0.0,0.0,1.0,0.0,1.0,0.0,1.0,0.0
2,medium,3.0,44,OLSR,2,0.0,308.769,6.0,1.0,0.0,0.0,0.0,1.0,0.0,1.0,0.0,1.0,0.0
2,medium,4.0,37,AODV,2,0.0,9.349,8.0,1.0,0.0,0.0,0.0,1.0,0.0,1.0,0.0,1.0,0.0
2,medium,4.0,37,DSDV,2,0.0,9.349,8.0,1.0,0.0,0.0,0.0,1.0,0.0,1.0,0.0,1.0,0.0
2,medium,4.0,37,DSR,2,0.0,9.349,8.0,1.0,0.0,0.0,0.0,1.0,0.0,1.0,0.0,1.0,0.0
2,medium,4.0,37,OLSR,2,0.0,9.349,8.0,1.0,0.0,0.0,0.0,1.0,0.0,1.0,0.0,1.0,0.0
2,medium,4.0,38,AODV,2,0.0,129.349,8.0,1.0,0.0,0.0,0.0,1.0,0.0,1.0,0.0,1.0,0.0
2,medium,4.0,38,DSDV,2,0.0,129.349,8.0,1.0,0.0,0.0,0.0,1.0,0.0,1.0,0.0,1.0,0.0
2,medium,4.0,38,DSR,2,0.0,129.349,8.0,1.0,0.0,0.0,0.0,1.0,0.0,1.0,0.0,1.0,0.0
2,medium,4.0,38,OLSR,2,0.0,129.349,8.0,1.0,0.0,0.0,0.0,1.0,0.0,1.0,0.0,1.0,0.0
2,medium,4.0,39,AODV,2,0.0,249.349,8.0,1.0,0.0,0.0,0.0,1.0,0.0,1.0,0.0,1.0,0.0
2,medium,4.0,39,DSDV,2,0.0,249.349,8.0,1.0,0.0,0.0,0.0,1.0,0.0,1.0,0.0,1.0,0.0
2,medium,4.0,39,DSR,2,0.0,249.349,8.0,1.0,0.0,0.0,0.0,1.0,0.0,1.0,0.0,1.0,0.0
2,medium,4.0,39,OLSR,2,0.0,249.349,8.0,1.0,0.0,0.0,0.0,1.0,0.0,1.0,0.0,1.0,0.0
2,medium,4.0,40,AODV,2,0.0,487.875,8.0,1.0,0.0,0.0,0.0,1.0,0.0,1.0,0.0,1.0,0.0
2,medium,4.0,40,DSDV,2,0.0,487.875,8.0,1.0,0.0,0.0,0.0,1.0,0.0,1.0,0.0,1.0,0.0
2,medium,4.0,40,DSR,2,0.0,487.875,8.0,1.0,0.0,0.0,0.0,1.0,0.0,1.0,0.0,1.0,0.0
2,medium,4.0,40,OLSR,2,0.0,487.875,8.0,1.0,0.0,0.0,0.0,1.0,0.0,1.0,0.0,1.0,0.0
2,medium,4.0,41,AODV,2,0.0,188.841,8.0,1.0,0.0,0.0,0.0,1.0,0.0,1.0,0.0,1.0,0.0
2,medium,4.0,41,DSDV,2,0.0,188.841,8.0,1.0,0.0,0.0,0.0,1.0,0.0,1.0,0.0,1.0,0.0
2,medium,4.0,41,DSR,2,0.0,188.841,8.0,1.0,0.0,0.0,0.0,1.0,0.0,1.0,0.0,1.0,0.0
2,medium,4.0,41,OLSR,2,0.0,188.841,8.0,1.0,0.0,0.0,0.0,1.0,0.0,1.0,0.0,1.0,0.0
2,medium,4.0,42,AODV,2,0.0,68.335,8.0,1.0,0.0,0.0,0.0,1.0,0.0,1.0,0.0,1.0,0.0
2,medium,4.0,42,DSDV,2,0.0,68.335,8.0,1.0,0.0,0.0,0.0,1.0,0.0,1.0,0.0,1.0,0.0
2,medium,4.0,42,DSR,2,0.0,68.335,8.0,1.0,0.0,0.0,0.0,1.0,0.0,1.0,0.0,1.0,0.0
2,medium,4.0,42,OLSR,2,0.0,68.335,8.0,1.0,0.0,0.0,0.0,1.0,0.0,1.0,0.0,1.0,0.0
2,medium,4.0,43,AODV,2,0.0,487.376,8.0,1.0,0.0,0.0,0.0,1.0,0.0,1.0,0.0,1.0,0.0
2,medium,4.0,43,DSDV,2,0.0,487.376,8.0,1.0,0.0,0.0,0.0,1.0,0.0,1.0,0.0,1.0,0.0
2,medium,4.0,43,DSR,2,0.0,487.376,8.0,1.0,0.0,0.0,0.0,1.0,0.0,1.0,0.0,1.0,0.0
2,medium,4.0,43,OLSR,2,0.0,487.376,8.0,1.0,0.0,0.0,0.0,1.0,0.0,1.0,0.0,1.0,0.0
2,medium,4.0,44,AODV,2,3.947,308.769,8.0,0.0,0.0,0.0,0.0,0.0,0.0,0.25,0.0,0.25,0.0
2,medium,4.0,44,DSDV,2,3.947,308.769,8.0,0.0,0.0,0.0,0.0,0.0,0.0,0.25,0.0,0.25,0.0
2,medium,4.0,44,DSR,2,3.947,308.769,8.0,0.0,0.0,0.0,0.0,0.0,0.0,0.25,0.0,0.25,0.0
2,medium,4.0,44,OLSR,2,3.947,308.769,8.0,0.0,0.0,0.0,0.0,0.0,0.0,0.25,0.0,0.25,0.0
2,medium,5.0,37,AODV,2,9.349,9.349,10.0,0.0,0.0,0.0,0.0,0.0,0.0,0.0,0.0,0.0,0.0
2,medium,5.0,37,DSDV,2,9.349,9.349,10.0,0.0,0.0,0.0,0.0,0.0,0.0,0.0,0.0,0.0,0.0
2,medium,5.0,37,DSR,2,9.349,9.349,10.0,0.0,0.0,0.0,0.0,0.0,0.0,0.0,0.0,0.0,0.0
2,medium,5.0,37,OLSR,2,9.349,9.349,10.0,0.0,0.0,0.0,0.0,0.0,0.0,0.0,0.0,0.0,0.0
2,medium,5.0,38,AODV,2,4.843,129.349,10.0,0.0,0.0,0.0,0.0,0.0,0.0,0.25,0.0,0.25,0.0
2,medium,5.0,38,DSDV,2,4.843,129.349,10.0,0.0,0.0,0.0,0.0,0.0,0.0,0.25,0.0,0.25,0.0
2,medium,5.0,38,DSR,2,4.843,129.349,10.0,0.0,0.0,0.0,0.0,0.0,0.0,0.25,0.0,0.25,0.0
2,medium,5.0,38,OLSR,2,4.843,129.349,10.0,0.0,0.0,0.0,0.0,0.0,0.0,0.25,0.0,0.25,0.0
2,medium,5.0,39,AODV,2,4.843,249.349,10.0,0.0,0.0,0.0,0.0,0.0,0.0,0.25,0.0,0.25,0.0
2,medium,5.0,39,DSDV,2,4.843,249.349,10.0,0.0,0.0,0.0,0.0,0.0,0.0,0.25,0.0,0.25,0.0
2,medium,5.0,39,DSR,2,4.843,249.349,10.0,0.0,0.0,0.0,0.0,0.0,0.0,0.25,0.0,0.25,0.0
2,medium,5.0,39,OLSR,2,4.843,249.349,10.0,0.0,0.0,0.0,0.0,0.0,0.0,0.25,0.0,0.25,0.0
2,medium,5.0,40,AODV,2,0.0,487.875,10.0,1.0,0.0,0.0,0.0,1.0,0.0,1.0,0.0,1.0,0.0
2,medium,5.0,40,DSDV,2,0.0,487.875,10.0,1.0,0.0,0.0,0.0,1.0,0.0,1.0,0.0,1.0,0.0
2,medium,5.0,40,DSR,2,0.0,487.875,10.0,1.0,0.0,0.0,0.0,1.0,0.0,1.0,0.0,1.0,0.0
2,medium,5.0,40,OLSR,2,0.0,487.875,10.0,1.0,0.0,0.0,0.0,1.0,0.0,1.0,0.0,1.0,0.0
2,medium,5.0,41,AODV,2,0.0,188.841,10.0,1.0,0.0,0.0,0.0,1.0,0.0,1.0,0.0,1.0,0.0
2,medium,5.0,41,DSDV,2,0.0,188.841,10.0,1.0,0.0,0.0,0.0,1.0,0.0,1.0,0.0,1.0,0.0
2,medium,5.0,41,DSR,2,0.0,188.841,10.0,1.0,0.0,0.0,0.0,1.0,0.0,1.0,0.0,1.0,0.0
2,medium,5.0,41,OLSR,2,0.0,188.841,10.0,1.0,0.0,0.0,0.0,1.0,0.0,1.0,0.0,1.0,0.0
2,medium,5.0,42,AODV,2,4.566,68.335,10.0,0.0,0.0,0.0,0.0,0.0,0.0,0.25,0.0,0.25,0.0
2,medium,5.0,42,DSDV,2,4.566,68.335,10.0,0.0,0.0,0.0,0.0,0.0,0.0,0.25,0.0,0.25,0.0
2,medium,5.0,42,DSR,2,4.566,68.335,10.0,0.0,0.0,0.0,0.0,0.0,0.0,0.25,0.0,0.25,0.0
2,medium,5.0,42,OLSR,2,4.566,68.335,10.0,0.0,0.0,0.0,0.0,0.0,0.0,0.25,0.0,0.25,0.0
2,medium,5.0,43,AODV,2,0.0,487.376,10.0,1.0,0.0,0.0,0.0,1.0,0.0,1.0,0.0,1.0,0.0
2,medium,5.0,43,DSDV,2,0.0,487.376,10.0,1.0,0.0,0.0,0.0,1.0,0.0,1.0,0.0,1.0,0.0
2,medium,5.0,43,DSR,2,0.0,487.376,10.0,1.0,0.0,0.0,0.0,1.0,0.0,1.0,0.0,1.0,0.0
2,medium,5.0,43,OLSR,2,0.0,487.376,10.0,1.0,0.0,0.0,0.0,1.0,0.0,1.0,0.0,1.0,0.0
2,medium,5.0,44,AODV,2,3.947,308.769,10.0,0.0,0.0,0.0,0.0,0.0,0.0,0.25,0.0,0.25,0.0
2,medium,5.0,44,DSDV,2,3.947,308.769,10.0,0.0,0.0,0.0,0.0,0.0,0.0,0.25,0.0,0.25,0.0
2,medium,5.0,44,DSR,2,3.947,308.769,10.0,0.0,0.0,0.0,0.0,0.0,0.0,0.25,0.0,0.25,0.0
2,medium,5.0,44,OLSR,2,3.947,308.769,10.0,0.0,0.0,0.0,0.0,0.0,0.0,0.25,0.0,0.25,0.0
2,medium,6.0,37,AODV,2,9.349,9.349,10.0,0.0,0.0,0.0,0.0,0.0,0.0,0.0,0.0,0.0,0.0
2,medium,6.0,37,DSDV,2,9.349,9.349,10.0,0.0,0.0,0.0,0.0,0.0,0.0,0.0,0.0,0.0,0.0
2,medium,6.0,37,DSR,2,9.349,9.349,10.0,0.0,0.0,0.0,0.0,0.0,0.0,0.0,0.0,0.0,0.0
2,medium,6.0,37,OLSR,2,9.349,9.349,10.0,0.0,0.0,0.0,0.0,0.0,0.0,0.0,0.0,0.0,0.0
2,medium,6.0,38,AODV,2,4.843,129.349,10.0,0.0,0.0,0.0,0.0,0.0,0.0,0.25,0.0,0.25,0.0
2,medium,6.0,38,DSDV,2,4.843,129.349,10.0,0.0,0.0,0.0,0.0,0.0,0.0,0.25,0.0,0.25,0.0
2,medium,6.0,38,DSR,2,4.843,129.349,10.0,0.0,0.0,0.0,0.0,0.0,0.0,0.25,0.0,0.25,0.0
2,medium,6.0,38,OLSR,2,4.843,129.349,10.0,0.0,0.0,0.0,0.0,0.0,0.0,0.25,0.0,0.25,0.0
2,medium,6.0,39,AODV,2,4.843,249.349,10.0,0.0,0.0,0.0,0.0,0.0,0.0,0.25,0.0,0.25,0.0
2,medium,6.0,39,DSDV,2,4.843,249.349,10.0,0.0,0.0,0.0,0.0,0.0,0.0,0.25,0.0,0.25,0.0
2,medium,6.0,39,DSR,2,4.843,249.349,10.0,0.0,0.0,0.0,0.0,0.0,0.0,0.25,0.0,0.25,0.0
2,medium,6.0,39,OLSR,2,4.843,249.349,10.0,0.0,0.0,0.0,0.0,0.0,0.0,0.25,0.0,0.25,0.0
2,medium,6.0,40,AODV,2,0.0,487.875,10.0,1.0,0.0,0.0,0.0,1.0,0.0,1.0,0.0,1.0,0.0
2,medium,6.0,40,DSDV,2,0.0,487.875,10.0,1.0,0.0,0.0,0.0,1.0,0.0,1.0,0.0,1.0,0.0
2,medium,6.0,40,DSR,2,0.0,487.875,10.0,1.0,0.0,0.0,0.0,1.0,0.0,1.0,0.0,1.0,0.0
2,medium,6.0,40,OLSR,2,0.0,487.875,10.0,1.0,0.0,0.0,0.0,1.0,0.0,1.0,0.0,1.0,0.0
2,medium,6.0,41,AODV,2,0.0,188.841,10.0,1.0,0.0,0.0,0.0,1.0,0.0,1.0,0.0,1.0,0.0
2,medium,6.0,41,DSDV,2,0.0,188.841,10.0,1.0,0.0,0.0,0.0,1.0,0.0,1.0,0.0,1.0,0.0
2,medium,6.0,41,DSR,2,0.0,188.841,10.0,1.0,0.0,0.0,0.0,1.0,0.0,1.0,0.0,1.0,0.0
2,medium,6.0,41,OLSR,2,0.0,188.841,10.0,1.0,0.0,0.0,0.0,1.0,0.0,1.0,0.0,1.0,0.0
2,medium,6.0,42,AODV,2,4.566,68.335,10.0,0.0,0.0,0.0,0.0,0.0,0.0,0.25,0.0,0.25,0.0
2,medium,6.0,42,DSDV,2,4.566,68.335,10.0,0.0,0.0,0.0,0.0,0.0,0.0,0.25,0.0,0.25,0.0
2,medium,6.0,42,DSR,2,4.566,68.335,10.0,0.0,0.0,0.0,0.0,0.0,0.0,0.25,0.0,0.25,0.0
2,medium,6.0,42,OLSR,2,4.566,68.335,10.0,0.0,0.0,0.0,0.0,0.0,0.0,0.25,0.0,0.25,0.0
2,medium,6.0,43,AODV,2,0.0,487.376,10.0,1.0,0.0,0.0,0.0,1.0,0.0,1.0,0.0,1.0,0.0
2,medium,6.0,43,DSDV,2,0.0,487.376,10.0,1.0,0.0,0.0,0.0,1.0,0.0,1.0,0.0,1.0,0.0
2,medium,6.0,43,DSR,2,0.0,487.376,10.0,1.0,0.0,0.0,0.0,1.0,0.0,1.0,0.0,1.0,0.0
2,medium,6.0,43,OLSR,2,0.0,487.376,10.0,1.0,0.0,0.0,0.0,1.0,0.0,1.0,0.0,1.0,0.0
2,medium,6.0,44,AODV,2,3.947,308.769,10.0,0.0,0.0,0.0,0.0,0.0,0.0,0.25,0.0,0.25,0.0
2,medium,6.0,44,DSDV,2,3.947,308.769,10.0,0.0,0.0,0.0,0.0,0.0,0.0,0.25,0.0,0.25,0.0
2,medium,6.0,44,DSR,2,3.947,308.769,10.0,0.0,0.0,0.0,0.0,0.0,0.0,0.25,0.0,0.25,0.0
2,medium,6.0,44,OLSR,2,3.947,308.769,10.0,0.0,0.0,0.0,0.0,0.0,0.0,0.25,0.0,0.25,0.0
2,medium,6.5,37,AODV,2,9.349,9.349,10.0,0.0,0.0,0.0,0.0,0.0,0.0,0.0,0.0,0.0,0.0
2,medium,6.5,37,DSDV,2,9.349,9.349,10.0,0.0,0.0,0.0,0.0,0.0,0.0,0.0,0.0,0.0,0.0
2,medium,6.5,37,DSR,2,9.349,9.349,10.0,0.0,0.0,0.0,0.0,0.0,0.0,0.0,0.0,0.0,0.0
2,medium,6.5,37,OLSR,2,9.349,9.349,10.0,0.0,0.0,0.0,0.0,0.0,0.0,0.0,0.0,0.0,0.0
2,medium,6.5,38,AODV,2,4.843,129.349,10.0,0.0,0.0,0.0,0.0,0.0,0.0,0.25,0.0,0.25,0.0
2,medium,6.5,38,DSDV,2,4.843,129.349,10.0,0.0,0.0,0.0,0.0,0.0,0.0,0.25,0.0,0.25,0.0
2,medium,6.5,38,DSR,2,4.843,129.349,10.0,0.0,0.0,0.0,0.0,0.0,0.0,0.25,0.0,0.25,0.0
2,medium,6.5,38,OLSR,2,4.843,129.349,10.0,0.0,0.0,0.0,0.0,0.0,0.0,0.25,0.0,0.25,0.0
2,medium,6.5,39,AODV,2,4.843,249.349,10.0,0.0,0.0,0.0,0.0,0.0,0.0,0.25,0.0,0.25,0.0
2,medium,6.5,39,DSDV,2,4.843,249.349,10.0,0.0,0.0,0.0,0.0,0.0,0.0,0.25,0.0,0.25,0.0
2,medium,6.5,39,DSR,2,4.843,249.349,10.0,0.0,0.0,0.0,0.0,0.0,0.0,0.25,0.0,0.25,0.0
2,medium,6.5,39,OLSR,2,4.843,249.349,10.0,0.0,0.0,0.0,0.0,0.0,0.0,0.25,0.0,0.25,0.0
2,medium,6.5,40,AODV,2,0.0,487.875,10.0,1.0,0.0,0.0,0.0,1.0,0.0,1.0,0.0,1.0,0.0
2,medium,6.5,40,DSDV,2,0.0,487.875,10.0,1.0,0.0,0.0,0.0,1.0,0.0,1.0,0.0,1.0,0.0
2,medium,6.5,40,DSR,2,0.0,487.875,10.0,1.0,0.0,0.0,0.0,1.0,0.0,1.0,0.0,1.0,0.0
2,medium,6.5,40,OLSR,2,0.0,487.875,10.0,1.0,0.0,0.0,0.0,1.0,0.0,1.0,0.0,1.0,0.0
2,medium,6.5,41,AODV,2,0.0,188.841,10.0,1.0,0.0,0.0,0.0,1.0,0.0,1.0,0.0,1.0,0.0
2,medium,6.5,41,DSDV,2,0.0,188.841,10.0,1.0,0.0,0.0,0.0,1.0,0.0,1.0,0.0,1.0,0.0
2,medium,6.5,41,DSR,2,0.0,188.841,10.0,1.0,0.0,0.0,0.0,1.0,0.0,1.0,0.0,1.0,0.0
2,medium,6.5,41,OLSR,2,0.0,188.841,10.0,1.0,0.0,0.0,0.0,1.0,0.0,1.0,0.0,1.0,0.0
2,medium,6.5,42,AODV,2,4.566,68.335,10.0,0.0,0.0,0.0,0.0,0.0,0.0,0.25,0.0,0.25,0.0
2,medium,6.5,42,DSDV,2,4.566,68.335,10.0,0.0,0.0,0.0,0.0,0.0,0.0,0.25,0.0,0.25,0.0
2,medium,6.5,42,DSR,2,4.566,68.335,10.0,0.0,0.0,0.0,0.0,0.0,0.0,0.25,0.0,0.25,0.0
2,medium,6.5,42,OLSR,2,4.566,68.335,10.0,0.0,0.0,0.0,0.0,0.0,0.0,0.25,0.0,0.25,0.0
2,medium,6.5,43,AODV,2,0.0,487.376,10.0,1.0,0.0,0.0,0.0,1.0,0.0,1.0,0.0,1.0,0.0
2,medium,6.5,43,DSDV,2,0.0,487.376,10.0,1.0,0.0,0.0,0.0,1.0,0.0,1.0,0.0,1.0,0.0
2,medium,6.5,43,DSR,2,0.0,487.376,10.0,1.0,0.0,0.0,0.0,1.0,0.0,1.0,0.0,1.0,0.0
2,medium,6.5,43,OLSR,2,0.0,487.376,10.0,1.0,0.0,0.0,0.0,1.0,0.0,1.0,0.0,1.0,0.0
2,medium,6.5,44,AODV,2,3.947,308.769,10.0,0.0,0.0,0.0,0.0,0.0,0.0,0.25,0.0,0.25,0.0
2,medium,6.5,44,DSDV,2,3.947,308.769,10.0,0.0,0.0,0.0,0.0,0.0,0.0,0.25,0.0,0.25,0.0
2,medium,6.5,44,DSR,2,3.947,308.769,10.0,0.0,0.0,0.0,0.0,0.0,0.0,0.25,0.0,0.25,0.0
2,medium,6.5,44,OLSR,2,3.947,308.769,10.0,0.0,0.0,0.0,0.0,0.0,0.0,0.25,0.0,0.25,0.0
2,medium,7.0,37,AODV,2,9.349,9.349,10.0,0.0,0.0,0.0,0.0,0.0,0.0,0.0,0.0,0.0,0.0
2,medium,7.0,37,DSDV,2,9.349,9.349,10.0,0.0,0.0,0.0,0.0,0.0,0.0,0.0,0.0,0.0,0.0
2,medium,7.0,37,DSR,2,9.349,9.349,10.0,0.0,0.0,0.0,0.0,0.0,0.0,0.0,0.0,0.0,0.0
2,medium,7.0,37,OLSR,2,9.349,9.349,10.0,0.0,0.0,0.0,0.0,0.0,0.0,0.0,0.0,0.0,0.0
2,medium,7.0,38,AODV,2,4.843,129.349,10.0,0.0,0.0,0.0,0.0,0.0,0.0,0.25,0.0,0.25,0.0
2,medium,7.0,38,DSDV,2,4.843,129.349,10.0,0.0,0.0,0.0,0.0,0.0,0.0,0.25,0.0,0.25,0.0
2,medium,7.0,38,DSR,2,4.843,129.349,10.0,0.0,0.0,0.0,0.0,0.0,0.0,0.25,0.0,0.25,0.0
2,medium,7.0,38,OLSR,2,4.843,129.349,10.0,0.0,0.0,0.0,0.0,0.0,0.0,0.25,0.0,0.25,0.0
2,medium,7.0,39,AODV,2,4.843,249.349,10.0,0.0,0.0,0.0,0.0,0.0,0.0,0.25,0.0,0.25,0.0
2,medium,7.0,39,DSDV,2,4.843,249.349,10.0,0.0,0.0,0.0,0.0,0.0,0.0,0.25,0.0,0.25,0.0
2,medium,7.0,39,DSR,2,4.843,249.349,10.0,0.0,0.0,0.0,0.0,0.0,0.0,0.25,0.0,0.25,0.0
2,medium,7.0,39,OLSR,2,4.843,249.349,10.0,0.0,0.0,0.0,0.0,0.0,0.0,0.25,0.0,0.25,0.0
2,medium,7.0,40,AODV,2,0.0,487.875,10.0,1.0,0.0,0.0,0.0,1.0,0.0,1.0,0.0,1.0,0.0
2,medium,7.0,40,DSDV,2,0.0,487.875,10.0,1.0,0.0,0.0,0.0,1.0,0.0,1.0,0.0,1.0,0.0
2,medium,7.0,40,DSR,2,0.0,487.875,10.0,1.0,0.0,0.0,0.0,1.0,0.0,1.0,0.0,1.0,0.0
2,medium,7.0,40,OLSR,2,0.0,487.875,10.0,1.0,0.0,0.0,0.0,1.0,0.0,1.0,0.0,1.0,0.0
2,medium,7.0,41,AODV,2,0.0,188.841,10.0,1.0,0.0,0.0,0.0,1.0,0.0,1.0,0.0,1.0,0.0
2,medium,7.0,41,DSDV,2,0.0,188.841,10.0,1.0,0.0,0.0,0.0,1.0,0.0,1.0,0.0,1.0,0.0
2,medium,7.0,41,DSR,2,0.0,188.841,10.0,1.0,0.0,0.0,0.0,1.0,0.0,1.0,0.0,1.0,0.0
2,medium,7.0,41,OLSR,2,0.0,188.841,10.0,1.0,0.0,0.0,0.0,1.0,0.0,1.0,0.0,1.0,0.0
2,medium,7.0,42,AODV,2,4.566,68.335,10.0,0.0,0.0,0.0,0.0,0.0,0.0,0.25,0.0,0.25,0.0
2,medium,7.0,42,DSDV,2,4.566,68.335,10.0,0.0,0.0,0.0,0.0,0.0,0.0,0.25,0.0,0.25,0.0
2,medium,7.0,42,DSR,2,4.566,68.335,10.0,0.0,0.0,0.0,0.0,0.0,0.0,0.25,0.0,0.25,0.0
2,medium,7.0,42,OLSR,2,4.566,68.335,10.0,0.0,0.0,0.0,0.0,0.0,0.0,0.25,0.0,0.25,0.0
2,medium,7.0,43,AODV,2,0.0,487.376,10.0,1.0,0.0,0.0,0.0,1.0,0.0,1.0,0.0,1.0,0.0
2,medium,7.0,43,DSDV,2,0.0,487.376,10.0,1.0,0.0,0.0,0.0,1.0,0.0,1.0,0.0,1.0,0.0
2,medium,7.0,43,DSR,2,0.0,487.376,10.0,1.0,0.0,0.0,0.0,1.0,0.0,1.0,0.0,1.0,0.0
2,medium,7.0,43,OLSR,2,0.0,487.376,10.0,1.0,0.0,0.0,0.0,1.0,0.0,1.0,0.0,1.0,0.0
2,medium,7.0,44,AODV,2,3.947,308.769,10.0,0.0,0.0,0.0,0.0,0.0,0.0,0.25,0.0,0.25,0.0
2,medium,7.0,44,DSDV,2,3.947,308.769,10.0,0.0,0.0,0.0,0.0,0.0,0.0,0.25,0.0,0.25,0.0
2,medium,7.0,44,DSR,2,3.947,308.769,10.0,0.0,0.0,0.0,0.0,0.0,0.0,0.25,0.0,0.25,0.0
2,medium,7.0,44,OLSR,2,3.947,308.769,10.0,0.0,0.0,0.0,0.0,0.0,0.0,0.25,0.0,0.25,0.0
2,medium,8.0,37,AODV,2,9.349,9.349,10.0,0.0,0.0,0.0,0.0,0.0,0.0,0.0,0.0,0.0,0.0
2,medium,8.0,37,DSDV,2,9.349,9.349,10.0,0.0,0.0,0.0,0.0,0.0,0.0,0.0,0.0,0.0,0.0
2,medium,8.0,37,DSR,2,9.349,9.349,10.0,0.0,0.0,0.0,0.0,0.0,0.0,0.0,0.0,0.0,0.0
2,medium,8.0,37,OLSR,2,9.349,9.349,10.0,0.0,0.0,0.0,0.0,0.0,0.0,0.0,0.0,0.0,0.0
2,medium,8.0,38,AODV,2,4.843,129.349,10.0,0.0,0.0,0.0,0.0,0.0,0.0,0.25,0.0,0.25,0.0
2,medium,8.0,38,DSDV,2,4.843,129.349,10.0,0.0,0.0,0.0,0.0,0.0,0.0,0.25,0.0,0.25,0.0
2,medium,8.0,38,DSR,2,4.843,129.349,10.0,0.0,0.0,0.0,0.0,0.0,0.0,0.25,0.0,0.25,0.0
2,medium,8.0,38,OLSR,2,4.843,129.349,10.0,0.0,0.0,0.0,0.0,0.0,0.0,0.25,0.0,0.25,0.0
2,medium,8.0,39,AODV,2,4.843,249.349,10.0,0.0,0.0,0.0,0.0,0.0,0.0,0.25,0.0,0.25,0.0
2,medium,8.0,39,DSDV,2,4.843,249.349,10.0,0.0,0.0,0.0,0.0,0.0,0.0,0.25,0.0,0.25,0.0
2,medium,8.0,39,DSR,2,4.843,249.349,10.0,0.0,0.0,0.0,0.0,0.0,0.0,0.25,0.0,0.25,0.0
2,medium,8.0,39,OLSR,2,4.843,249.349,10.0,0.0,0.0,0.0,0.0,0.0,0.0,0.25,0.0,0.25,0.0
2,medium,8.0,40,AODV,2,0.0,487.875,10.0,1.0,0.0,0.0,0.0,1.0,0.0,1.0,0.0,1.0,0.0
2,medium,8.0,40,DSDV,2,0.0,487.875,10.0,1.0,0.0,0.0,0.0,1.0,0.0,1.0,0.0,1.0,0.0
2,medium,8.0,40,DSR,2,0.0,487.875,10.0,1.0,0.0,0.0,0.0,1.0,0.0,1.0,0.0,1.0,0.0
2,medium,8.0,40,OLSR,2,0.0,487.875,10.0,1.0,0.0,0.0,0.0,1.0,0.0,1.0,0.0,1.0,0.0
2,medium,8.0,41,AODV,2,0.0,188.841,10.0,1.0,0.0,0.0,0.0,1.0,0.0,1.0,0.0,1.0,0.0
2,medium,8.0,41,DSDV,2,0.0,188.841,10.0,1.0,0.0,0.0,0.0,1.0,0.0,1.0,0.0,1.0,0.0
2,medium,8.0,41,DSR,2,0.0,188.841,10.0,1.0,0.0,0.0,0.0,1.0,0.0,1.0,0.0,1.0,0.0
2,medium,8.0,41,OLSR,2,0.0,188.841,10.0,1.0,0.0,0.0,0.0,1.0,0.0,1.0,0.0,1.0,0.0
2,medium,8.0,42,AODV,2,4.566,68.335,10.0,0.0,0.0,0.0,0.0,0.0,0.0,0.25,0.0,0.25,0.0
2,medium,8.0,42,DSDV,2,4.566,68.335,10.0,0.0,0.0,0.0,0.0,0.0,0.0,0.25,0.0,0.25,0.0
2,medium,8.0,42,DSR,2,4.566,68.335,10.0,0.0,0.0,0.0,0.0,0.0,0.0,0.25,0.0,0.25,0.0
2,medium,8.0,42,OLSR,2,4.566,68.335,10.0,0.0,0.0,0.0,0.0,0.0,0.0,0.25,0.0,0.25,0.0
2,medium,8.0,43,AODV,2,0.0,487.376,10.0,1.0,0.0,0.0,0.0,1.0,0.0,1.0,0.0,1.0,0.0
2,medium,8.0,43,DSDV,2,0.0,487.376,10.0,1.0,0.0,0.0,0.0,1.0,0.0,1.0,0.0,1.0,0.0
2,medium,8.0,43,DSR,2,0.0,487.376,10.0,1.0,0.0,0.0,0.0,1.0,0.0,1.0,0.0,1.0,0.0
2,medium,8.0,43,OLSR,2,0.0,487.376,10.0,1.0,0.0,0.0,0.0,1.0,0.0,1.0,0.0,1.0,0.0
2,medium,8.0,44,AODV,2,3.947,308.769,10.0,0.0,0.0,0.0,0.0,0.0,0.0,0.25,0.0,0.25,0.0
2,medium,8.0,44,DSDV,2,3.947,308.769,10.0,0.0,0.0,0.0,0.0,0.0,0.0,0.25,0.0,0.25,0.0
2,medium,8.0,44,DSR,2,3.947,308.769,10.0,0.0,0.0,0.0,0.0,0.0,0.0,0.25,0.0,0.25,0.0
2,medium,8.0,44,OLSR,2,3.947,308.769,10.0,0.0,0.0,0.0,0.0,0.0,0.0,0.25,0.0,0.25,0.0
3,low,0.25,37,AODV,2,0.0,67.552,0.5,1.0,0.0,0.0,0.0,1.0,0.0,1.0,0.0,1.0,0.0
3,low,0.25,37,DSDV,2,0.0,67.552,0.5,1.0,0.0,0.0,0.0,1.0,0.0,1.0,0.0,1.0,0.0
3,low,0.25,37,DSR,2,0.0,67.552,0.5,1.0,0.0,0.0,0.0,1.0,0.0,1.0,0.0,1.0,0.0
3,low,0.25,37,OLSR,2,0.0,67.552,0.5,1.0,0.0,0.0,0.0,1.0,0.0,1.0,0.0,1.0,0.0
3,low,0.25,38,AODV,2,0.0,7.225,0.5,1.0,0.0,0.0,0.0,1.0,0.0,1.0,0.0,1.0,0.0
3,low,0.25,38,DSDV,2,0.0,7.225,0.5,1.0,0.0,0.0,0.0,1.0,0.0,1.0,0.0,1.0,0.0
3,low,0.25,38,DSR,2,0.0,7.225,0.5,1.0,0.0,0.0,0.0,1.0,0.0,1.0,0.0,1.0,0.0
3,low,0.25,38,OLSR,2,0.0,7.225,0.5,1.0,0.0,0.0,0.0,1.0,0.0,1.0,0.0,1.0,0.0
3,low,0.25,39,AODV,2,0.0,6.545,0.5,1.0,0.0,0.0,0.0,1.0,0.0,1.0,0.0,1.0,0.0
3,low,0.25,39,DSDV,2,0.0,6.545,0.5,1.0,0.0,0.0,0.0,1.0,0.0,1.0,0.0,1.0,0.0
3,low,0.25,39,DSR,2,0.0,6.545,0.5,1.0,0.0,0.0,0.0,1.0,0.0,1.0,0.0,1.0,0.0
3,low,0.25,39,OLSR,2,0.0,6.545,0.5,1.0,0.0,0.0,0.0,1.0,0.0,1.0,0.0,1.0,0.0
3,low,0.25,40,AODV,2,0.0,127.265,0.5,1.0,0.0,0.0,0.0,1.0,0.0,1.0,0.0,1.0,0.0
3,low,0.25,40,DSDV,2,0.0,127.265,0.5,1.0,0.0,0.0,0.0,1.0,0.0,1.0,0.0,1.0,0.0
3,low,0.25,40,DSR,2,0.0,127.265,0.5,1.0,0.0,0.0,0.0,1.0,0.0,1.0,0.0,1.0,0.0
3,low,0.25,40,OLSR,2,0.0,127.265,0.5,1.0,0.0,0.0,0.0,1.0,0.0,1.0,0.0,1.0,0.0
3,low,0.25,41,AODV,2,0.0,66.671,0.5,1.0,0.0,0.0,0.0,1.0,0.0,1.0,0.0,1.0,0.0
3,low,0.25,41,DSDV,2,0.0,66.671,0.5,1.0,0.0,0.0,0.0,1.0,0.0,1.0,0.0,1.0,0.0
3,low,0.25,41,DSR,2,0.0,66.671,0.5,1.0,0.0,0.0,0.0,1.0,0.0,1.0,0.0,1.0,0.0
3,low,0.25,41,OLSR,2,0.0,66.671,0.5,1.0,0.0,0.0,0.0,1.0,0.0,1.0,0.0,1.0,0.0
3,low,0.25,42,AODV,2,0.0,5.511,0.5,1.0,0.0,0.0,0.0,1.0,0.0,1.0,0.25,1.0,0.0
3,low,0.25,42,DSDV,2,0.0,5.511,0.5,1.0,0.0,0.0,0.0,1.0,0.0,1.0,0.25,1.0,0.0
3,low,0.25,42,DSR,2,0.0,5.511,0.5,1.0,0.0,0.0,0.0,1.0,0.0,1.0,0.25,1.0,0.0
3,low,0.25,42,OLSR,2,0.0,5.511,0.5,1.0,0.0,0.0,0.0,1.0,0.0,1.0,0.25,1.0,0.0
3,low,0.25,43,AODV,2,0.0,7.265,0.5,1.0,0.0,0.0,0.0,1.0,0.0,1.0,0.0,1.0,0.0
3,low,0.25,43,DSDV,2,0.0,7.265,0.5,1.0,0.0,0.0,0.0,1.0,0.0,1.0,0.0,1.0,0.0
3,low,0.25,43,DSR,2,0.0,7.265,0.5,1.0,0.0,0.0,0.0,1.0,0.0,1.0,0.0,1.0,0.0
3,low,0.25,43,OLSR,2,0.0,7.265,0.5,1.0,0.0,0.0,0.0,1.0,0.0,1.0,0.0,1.0,0.0
3,low,0.25,44,AODV,2,0.0,186.93,0.5,1.0,0.0,0.0,0.0,1.0,0.0,1.0,0.0,1.0,0.0
3,low,0.25,44,DSDV,2,0.0,186.93,0.5,1.0,0.0,0.0,0.0,1.0,0.0,1.0,0.0,1.0,0.0
3,low,0.25,44,DSR,2,0.0,186.93,0.5,1.0,0.0,0.0,0.0,1.0,0.0,1.0,0.0,1.0,0.0
3,low,0.25,44,OLSR,2,0.0,186.93,0.5,1.0,0.0,0.0,0.0,1.0,0.0,1.0,0.0,1.0,0.0
3,low,0.5,37,AODV,2,0.0,67.552,1.0,1.0,0.0,0.0,0.0,1.0,0.0,1.0,0.0,1.0,0.0
3,low,0.5,37,DSDV,2,0.0,67.552,1.0,1.0,0.0,0.0,0.0,1.0,0.0,1.0,0.0,1.0,0.0
3,low,0.5,37,DSR,2,0.0,67.552,1.0,1.0,0.0,0.0,0.0,1.0,0.0,1.0,0.0,1.0,0.0
3,low,0.5,37,OLSR,2,0.0,67.552,1.0,1.0,0.0,0.0,0.0,1.0,0.0,1.0,0.0,1.0,0.0
3,low,0.5,38,AODV,2,0.0,7.225,1.0,1.0,0.0,0.0,0.0,1.0,0.0,1.0,0.0,1.0,0.0
3,low,0.5,38,DSDV,2,0.0,7.225,1.0,1.0,0.0,0.0,0.0,1.0,0.0,1.0,0.0,1.0,0.0
3,low,0.5,38,DSR,2,0.0,7.225,1.0,1.0,0.0,0.0,0.0,1.0,0.0,1.0,0.0,1.0,0.0
3,low,0.5,38,OLSR,2,0.0,7.225,1.0,1.0,0.0,0.0,0.0,1.0,0.0,1.0,0.0,1.0,0.0
3,low,0.5,39,AODV,2,0.0,6.545,1.0,1.0,0.0,0.0,0.0,1.0,0.0,1.0,0.0,1.0,0.0
3,low,0.5,39,DSDV,2,0.0,6.545,1.0,1.0,0.0,0.0,0.0,1.0,0.0,1.0,0.0,1.0,0.0
3,low,0.5,39,DSR,2,0.0,6.545,1.0,1.0,0.0,0.0,0.0,1.0,0.0,1.0,0.0,1.0,0.0
3,low,0.5,39,OLSR,2,0.0,6.545,1.0,1.0,0.0,0.0,0.0,1.0,0.0,1.0,0.0,1.0,0.0
3,low,0.5,40,AODV,2,0.0,127.265,1.0,1.0,0.0,0.0,0.0,1.0,0.0,1.0,0.0,1.0,0.0
3,low,0.5,40,DSDV,2,0.0,127.265,1.0,1.0,0.0,0.0,0.0,1.0,0.0,1.0,0.0,1.0,0.0
3,low,0.5,40,DSR,2,0.0,127.265,1.0,1.0,0.0,0.0,0.0,1.0,0.0,1.0,0.0,1.0,0.0
3,low,0.5,40,OLSR,2,0.0,127.265,1.0,1.0,0.0,0.0,0.0,1.0,0.0,1.0,0.0,1.0,0.0
3,low,0.5,41,AODV,2,0.0,66.671,1.0,1.0,0.0,0.0,0.0,1.0,0.0,1.0,0.0,1.0,0.0
3,low,0.5,41,DSDV,2,0.0,66.671,1.0,1.0,0.0,0.0,0.0,1.0,0.0,1.0,0.0,1.0,0.0
3,low,0.5,41,DSR,2,0.0,66.671,1.0,1.0,0.0,0.0,0.0,1.0,0.0,1.0,0.0,1.0,0.0
3,low,0.5,41,OLSR,2,0.0,66.671,1.0,1.0,0.0,0.0,0.0,1.0,0.0,1.0,0.0,1.0,0.0
3,low,0.5,42,AODV,2,0.0,5.511,1.0,1.0,0.0,0.0,0.0,1.0,0.0,1.0,0.25,1.0,0.0
3,low,0.5,42,DSDV,2,0.0,5.511,1.0,1.0,0.0,0.0,0.0,1.0,0.0,1.0,0.25,1.0,0.0
3,low,0.5,42,DSR,2,0.0,5.511,1.0,1.0,0.0,0.0,0.0,1.0,0.0,1.0,0.25,1.0,0.0
3,low,0.5,42,OLSR,2,0.0,5.511,1.0,1.0,0.0,0.0,0.0,1.0,0.0,1.0,0.25,1.0,0.0
3,low,0.5,43,AODV,2,0.0,7.265,1.0,1.0,0.0,0.0,0.0,1.0,0.0,1.0,0.0,1.0,0.0
3,low,0.5,43,DSDV,2,0.0,7.265,1.0,1.0,0.0,0.0,0.0,1.0,0.0,1.0,0.0,1.0,0.0
3,low,0.5,43,DSR,2,0.0,7.265,1.0,1.0,0.0,0.0,0.0,1.0,0.0,1.0,0.0,1.0,0.0
3,low,0.5,43,OLSR,2,0.0,7.265,1.0,1.0,0.0,0.0,0.0,1.0,0.0,1.0,0.0,1.0,0.0
3,low,0.5,44,AODV,2,0.0,186.93,1.0,1.0,0.0,0.0,0.0,1.0,0.0,1.0,0.0,1.0,0.0
3,low,0.5,44,DSDV,2,0.0,186.93,1.0,1.0,0.0,0.0,0.0,1.0,0.0,1.0,0.0,1.0,0.0
3,low,0.5,44,DSR,2,0.0,186.93,1.0,1.0,0.0,0.0,0.0,1.0,0.0,1.0,0.0,1.0,0.0
3,low,0.5,44,OLSR,2,0.0,186.93,1.0,1.0,0.0,0.0,0.0,1.0,0.0,1.0,0.0,1.0,0.0
3,low,1.0,37,AODV,2,0.0,67.552,2.0,1.0,0.0,0.0,0.0,1.0,0.0,1.0,0.0,1.0,0.0
3,low,1.0,37,DSDV,2,0.0,67.552,2.0,1.0,0.0,0.0,0.0,1.0,0.0,1.0,0.0,1.0,0.0
3,low,1.0,37,DSR,2,0.0,67.552,2.0,1.0,0.0,0.0,0.0,1.0,0.0,1.0,0.0,1.0,0.0
3,low,1.0,37,OLSR,2,0.0,67.552,2.0,1.0,0.0,0.0,0.0,1.0,0.0,1.0,0.0,1.0,0.0
3,low,1.0,38,AODV,2,0.0,7.225,2.0,1.0,0.0,0.0,0.0,1.0,0.0,1.0,0.0,1.0,0.0
3,low,1.0,38,DSDV,2,0.0,7.225,2.0,1.0,0.0,0.0,0.0,1.0,0.0,1.0,0.0,1.0,0.0
3,low,1.0,38,DSR,2,0.0,7.225,2.0,1.0,0.0,0.0,0.0,1.0,0.0,1.0,0.0,1.0,0.0
3,low,1.0,38,OLSR,2,0.0,7.225,2.0,1.0,0.0,0.0,0.0,1.0,0.0,1.0,0.0,1.0,0.0
3,low,1.0,39,AODV,2,0.0,6.545,2.0,1.0,0.0,0.0,0.0,1.0,0.0,1.0,0.0,1.0,0.0
3,low,1.0,39,DSDV,2,0.0,6.545,2.0,1.0,0.0,0.0,0.0,1.0,0.0,1.0,0.0,1.0,0.0
3,low,1.0,39,DSR,2,0.0,6.545,2.0,1.0,0.0,0.0,0.0,1.0,0.0,1.0,0.0,1.0,0.0
3,low,1.0,39,OLSR,2,0.0,6.545,2.0,1.0,0.0,0.0,0.0,1.0,0.0,1.0,0.0,1.0,0.0
3,low,1.0,40,AODV,2,0.0,127.265,2.0,1.0,0.0,0.0,0.0,1.0,0.0,1.0,0.0,1.0,0.0
3,low,1.0,40,DSDV,2,0.0,127.265,2.0,1.0,0.0,0.0,0.0,1.0,0.0,1.0,0.0,1.0,0.0
3,low,1.0,40,DSR,2,0.0,127.265,2.0,1.0,0.0,0.0,0.0,1.0,0.0,1.0,0.0,1.0,0.0
3,low,1.0,40,OLSR,2,0.0,127.265,2.0,1.0,0.0,0.0,0.0,1.0,0.0,1.0,0.0,1.0,0.0
3,low,1.0,41,AODV,2,0.0,66.671,2.0,1.0,0.0,0.0,0.0,1.0,0.0,1.0,0.0,1.0,0.0
3,low,1.0,41,DSDV,2,0.0,66.671,2.0,1.0,0.0,0.0,0.0,1.0,0.0,1.0,0.0,1.0,0.0
3,low,1.0,41,DSR,2,0.0,66.671,2.0,1.0,0.0,0.0,0.0,1.0,0.0,1.0,0.0,1.0,0.0
3,low,1.0,41,OLSR,2,0.0,66.671,2.0,1.0,0.0,0.0,0.0,1.0,0.0,1.0,0.0,1.0,0.0
3,low,1.0,42,AODV,2,0.0,5.511,2.0,1.0,0.0,0.0,0.0,1.0,0.0,1.0,0.25,1.0,0.0
3,low,1.0,42,DSDV,2,0.0,5.511,2.0,1.0,0.0,0.0,0.0,1.0,0.0,1.0,0.25,1.0,0.0
3,low,1.0,42,DSR,2,0.0,5.511,2.0,1.0,0.0,0.0,0.0,1.0,0.0,1.0,0.25,1.0,0.0
3,low,1.0,42,OLSR,2,0.0,5.511,2.0,1.0,0.0,0.0,0.0,1.0,0.0,1.0,0.25,1.0,0.0
3,low,1.0,43,AODV,2,0.0,7.265,2.0,1.0,0.0,0.0,0.0,1.0,0.0,1.0,0.0,1.0,0.0
3,low,1.0,43,DSDV,2,0.0,7.265,2.0,1.0,0.0,0.0,0.0,1.0,0.0,1.0,0.0,1.0,0.0
3,low,1.0,43,DSR,2,0.0,7.265,2.0,1.0,0.0,0.0,0.0,1.0,0.0,1.0,0.0,1.0,0.0
3,low,1.0,43,OLSR,2,0.0,7.265,2.0,1.0,0.0,0.0,0.0,1.0,0.0,1.0,0.0,1.0,0.0
3,low,1.0,44,AODV,2,0.0,186.93,2.0,1.0,0.0,0.0,0.0,1.0,0.0,1.0,0.0,1.0,0.0
3,low,1.0,44,DSDV,2,0.0,186.93,2.0,1.0,0.0,0.0,0.0,1.0,0.0,1.0,0.0,1.0,0.0
3,low,1.0,44,DSR,2,0.0,186.93,2.0,1.0,0.0,0.0,0.0,1.0,0.0,1.0,0.0,1.0,0.0
3,low,1.0,44,OLSR,2,0.0,186.93,2.0,1.0,0.0,0.0,0.0,1.0,0.0,1.0,0.0,1.0,0.0
3,low,1.5,37,AODV,2,0.0,67.552,3.0,1.0,0.0,0.0,0.0,1.0,0.0,1.0,0.0,1.0,0.0
3,low,1.5,37,DSDV,2,0.0,67.552,3.0,1.0,0.0,0.0,0.0,1.0,0.0,1.0,0.0,1.0,0.0
3,low,1.5,37,DSR,2,0.0,67.552,3.0,1.0,0.0,0.0,0.0,1.0,0.0,1.0,0.0,1.0,0.0
3,low,1.5,37,OLSR,2,0.0,67.552,3.0,1.0,0.0,0.0,0.0,1.0,0.0,1.0,0.0,1.0,0.0
3,low,1.5,38,AODV,2,0.0,7.225,3.0,1.0,0.0,0.0,0.0,1.0,0.0,1.0,0.0,1.0,0.0
3,low,1.5,38,DSDV,2,0.0,7.225,3.0,1.0,0.0,0.0,0.0,1.0,0.0,1.0,0.0,1.0,0.0
3,low,1.5,38,DSR,2,0.0,7.225,3.0,1.0,0.0,0.0,0.0,1.0,0.0,1.0,0.0,1.0,0.0
3,low,1.5,38,OLSR,2,0.0,7.225,3.0,1.0,0.0,0.0,0.0,1.0,0.0,1.0,0.0,1.0,0.0
3,low,1.5,39,AODV,2,0.0,6.545,3.0,1.0,0.0,0.0,0.0,1.0,0.0,1.0,0.0,1.0,0.0
3,low,1.5,39,DSDV,2,0.0,6.545,3.0,1.0,0.0,0.0,0.0,1.0,0.0,1.0,0.0,1.0,0.0
3,low,1.5,39,DSR,2,0.0,6.545,3.0,1.0,0.0,0.0,0.0,1.0,0.0,1.0,0.0,1.0,0.0
3,low,1.5,39,OLSR,2,0.0,6.545,3.0,1.0,0.0,0.0,0.0,1.0,0.0,1.0,0.0,1.0,0.0
3,low,1.5,40,AODV,2,0.0,127.265,3.0,1.0,0.0,0.0,0.0,1.0,0.0,1.0,0.0,1.0,0.0
3,low,1.5,40,DSDV,2,0.0,127.265,3.0,1.0,0.0,0.0,0.0,1.0,0.0,1.0,0.0,1.0,0.0
3,low,1.5,40,DSR,2,0.0,127.265,3.0,1.0,0.0,0.0,0.0,1.0,0.0,1.0,0.0,1.0,0.0
3,low,1.5,40,OLSR,2,0.0,127.265,3.0,1.0,0.0,0.0,0.0,1.0,0.0,1.0,0.0,1.0,0.0
3,low,1.5,41,AODV,2,0.0,66.671,3.0,1.0,0.0,0.0,0.0,1.0,0.0,1.0,0.0,1.0,0.0
3,low,1.5,41,DSDV,2,0.0,66.671,3.0,1.0,0.0,0.0,0.0,1.0,0.0,1.0,0.0,1.0,0.0
3,low,1.5,41,DSR,2,0.0,66.671,3.0,1.0,0.0,0.0,0.0,1.0,0.0,1.0,0.0,1.0,0.0
3,low,1.5,41,OLSR,2,0.0,66.671,3.0,1.0,0.0,0.0,0.0,1.0,0.0,1.0,0.0,1.0,0.0
3,low,1.5,42,AODV,2,0.0,5.511,3.0,1.0,0.0,0.0,0.0,1.0,0.0,1.0,0.25,1.0,0.0
3,low,1.5,42,DSDV,2,0.0,5.511,3.0,1.0,0.0,0.0,0.0,1.0,0.0,1.0,0.25,1.0,0.0
3,low,1.5,42,DSR,2,0.0,5.511,3.0,1.0,0.0,0.0,0.0,1.0,0.0,1.0,0.25,1.0,0.0
3,low,1.5,42,OLSR,2,0.0,5.511,3.0,1.0,0.0,0.0,0.0,1.0,0.0,1.0,0.25,1.0,0.0
3,low,1.5,43,AODV,2,0.0,7.265,3.0,1.0,0.0,0.0,0.0,1.0,0.0,1.0,0.0,1.0,0.0
3,low,1.5,43,DSDV,2,0.0,7.265,3.0,1.0,0.0,0.0,0.0,1.0,0.0,1.0,0.0,1.0,0.0
3,low,1.5,43,DSR,2,0.0,7.265,3.0,1.0,0.0,0.0,0.0,1.0,0.0,1.0,0.0,1.0,0.0
3,low,1.5,43,OLSR,2,0.0,7.265,3.0,1.0,0.0,0.0,0.0,1.0,0.0,1.0,0.0,1.0,0.0
3,low,1.5,44,AODV,2,0.0,186.93,3.0,1.0,0.0,0.0,0.0,1.0,0.0,1.0,0.0,1.0,0.0
3,low,1.5,44,DSDV,2,0.0,186.93,3.0,1.0,0.0,0.0,0.0,1.0,0.0,1.0,0.0,1.0,0.0
3,low,1.5,44,DSR,2,0.0,186.93,3.0,1.0,0.0,0.0,0.0,1.0,0.0,1.0,0.0,1.0,0.0
3,low,1.5,44,OLSR,2,0.0,186.93,3.0,1.0,0.0,0.0,0.0,1.0,0.0,1.0,0.0,1.0,0.0
3,low,10.0,37,AODV,2,3.942,67.552,10.0,0.0,0.0,0.0,0.0,0.0,0.0,0.25,0.0,0.25,0.0
3,low,10.0,37,DSDV,2,3.942,67.552,10.0,0.0,0.0,0.0,0.0,0.0,0.0,0.25,0.0,0.25,0.0
3,low,10.0,37,DSR,2,3.942,67.552,10.0,0.0,0.0,0.0,0.0,0.0,0.0,0.25,0.0,0.25,0.0
3,low,10.0,37,OLSR,2,3.942,67.552,10.0,0.0,0.0,0.0,0.0,0.0,0.0,0.25,0.0,0.25,0.0
3,low,10.0,38,AODV,2,7.225,7.225,10.0,0.0,0.0,0.0,0.0,0.0,0.0,0.0,0.0,0.0,0.0
3,low,10.0,38,DSDV,2,7.225,7.225,10.0,0.0,0.0,0.0,0.0,0.0,0.0,0.0,0.0,0.0,0.0
3,low,10.0,38,DSR,2,7.225,7.225,10.0,0.0,0.0,0.0,0.0,0.0,0.0,0.0,0.0,0.0,0.0
3,low,10.0,38,OLSR,2,7.225,7.225,10.0,0.0,0.0,0.0,0.0,0.0,0.0,0.0,0.0,0.0,0.0
3,low,10.0,39,AODV,2,6.545,6.545,10.0,0.0,0.0,0.0,0.0,0.0,0.0,0.0,0.0,0.0,0.0
3,low,10.0,39,DSDV,2,6.545,6.545,10.0,0.0,0.0,0.0,0.0,0.0,0.0,0.0,0.0,0.0,0.0
3,low,10.0,39,DSR,2,6.545,6.545,10.0,0.0,0.0,0.0,0.0,0.0,0.0,0.0,0.0,0.0,0.0
3,low,10.0,39,OLSR,2,6.545,6.545,10.0,0.0,0.0,0.0,0.0,0.0,0.0,0.0,0.0,0.0,0.0
3,low,10.0,40,AODV,2,4.042,127.265,10.0,0.0,0.0,0.0,0.0,0.0,0.0,0.25,0.0,0.25,0.0
3,low,10.0,40,DSDV,2,4.042,127.265,10.0,0.0,0.0,0.0,0.0,0.0,0.0,0.25,0.0,0.25,0.0
3,low,10.0,40,DSR,2,4.042,127.265,10.0,0.0,0.0,0.0,0.0,0.0,0.0,0.25,0.0,0.25,0.0
3,low,10.0,40,OLSR,2,4.042,127.265,10.0,0.0,0.0,0.0,0.0,0.0,0.0,0.25,0.0,0.25,0.0
3,low,10.0,41,AODV,2,2.888,66.671,10.0,0.0,0.0,0.0,0.0,0.0,0.0,0.5,0.0,0.25,0.0
3,low,10.0,41,DSDV,2,2.888,66.671,10.0,0.0,0.0,0.0,0.0,0.0,0.0,0.5,0.0,0.25,0.0
3,low,10.0,41,DSR,2,2.888,66.671,10.0,0.0,0.0,0.0,0.0,0.0,0.0,0.5,0.0,0.25,0.0
3,low,10.0,41,OLSR,2,2.888,66.671,10.0,0.0,0.0,0.0,0.0,0.0,0.0,0.5,0.0,0.25,0.0
3,low,10.0,42,AODV,2,5.511,5.511,10.0,0.0,0.0,0.0,0.0,0.0,0.0,0.25,0.25,0.0,0.0
3,low,10.0,42,DSDV,2,5.511,5.511,10.0,0.0,0.0,0.0,0.0,0.0,0.0,0.25,0.25,0.0,0.0
3,low,10.0,42,DSR,2,5.511,5.511,10.0,0.0,0.0,0.0,0.0,0.0,0.0,0.25,0.25,0.0,0.0
3,low,10.0,42,OLSR,2,5.511,5.511,10.0,0.0,0.0,0.0,0.0,0.0,0.0,0.25,0.25,0.0,0.0
3,low,10.0,43,AODV,2,7.265,7.265,10.0,0.0,0.0,0.0,0.0,0.0,0.0,0.0,0.0,0.0,0.0
3,low,10.0,43,DSDV,2,7.265,7.265,10.0,0.0,0.0,0.0,0.0,0.0,0.0,0.0,0.0,0.0,0.0
3,low,10.0,43,DSR,2,7.265,7.265,10.0,0.0,0.0,0.0,0.0,0.0,0.0,0.0,0.0,0.0,0.0
3,low,10.0,43,OLSR,2,7.265,7.265,10.0,0.0,0.0,0.0,0.0,0.0,0.0,0.0,0.0,0.0,0.0
3,low,10.0,44,AODV,2,0.0,186.93,10.0,1.0,0.0,0.0,0.0,1.0,0.0,1.0,0.0,1.0,0.0
3,low,10.0,44,DSDV,2,0.0,186.93,10.0,1.0,0.0,0.0,0.0,1.0,0.0,1.0,0.0,1.0,0.0
3,low,10.0,44,DSR,2,0.0,186.93,10.0,1.0,0.0,0.0,0.0,1.0,0.0,1.0,0.0,1.0,0.0
3,low,10.0,44,OLSR,2,0.0,186.93,10.0,1.0,0.0,0.0,0.0,1.0,0.0,1.0,0.0,1.0,0.0
3,low,2.0,37,AODV,2,0.0,67.552,4.0,1.0,0.0,0.0,0.0,1.0,0.0,1.0,0.0,1.0,0.0
3,low,2.0,37,DSDV,2,0.0,67.552,4.0,1.0,0.0,0.0,0.0,1.0,0.0,1.0,0.0,1.0,0.0
3,low,2.0,37,DSR,2,0.0,67.552,4.0,1.0,0.0,0.0,0.0,1.0,0.0,1.0,0.0,1.0,0.0
3,low,2.0,37,OLSR,2,0.0,67.552,4.0,1.0,0.0,0.0,0.0,1.0,0.0,1.0,0.0,1.0,0.0
3,low,2.0,38,AODV,2,0.0,7.225,4.0,1.0,0.0,0.0,0.0,1.0,0.0,1.0,0.0,1.0,0.0
3,low,2.0,38,DSDV,2,0.0,7.225,4.0,1.0,0.0,0.0,0.0,1.0,0.0,1.0,0.0,1.0,0.0
3,low,2.0,38,DSR,2,0.0,7.225,4.0,1.0,0.0,0.0,0.0,1.0,0.0,1.0,0.0,1.0,0.0
3,low,2.0,38,OLSR,2,0.0,7.225,4.0,1.0,0.0,0.0,0.0,1.0,0.0,1.0,0.0,1.0,0.0
3,low,2.0,39,AODV,2,0.0,6.545,4.0,1.0,0.0,0.0,0.0,1.0,0.0,1.0,0.0,1.0,0.0
3,low,2.0,39,DSDV,2,0.0,6.545,4.0,1.0,0.0,0.0,0.0,1.0,0.0,1.0,0.0,1.0,0.0
3,low,2.0,39,DSR,2,0.0,6.545,4.0,1.0,0.0,0.0,0.0,1.0,0.0,1.0,0.0,1.0,0.0
3,low,2.0,39,OLSR,2,0.0,6.545,4.0,1.0,0.0,0.0,0.0,1.0,0.0,1.0,0.0,1.0,0.0
3,low,2.0,40,AODV,2,0.0,127.265,4.0,1.0,0.0,0.0,0.0,1.0,0.0,1.0,0.0,1.0,0.0
3,low,2.0,40,DSDV,2,0.0,127.265,4.0,1.0,0.0,0.0,0.0,1.0,0.0,1.0,0.0,1.0,0.0
3,low,2.0,40,DSR,2,0.0,127.265,4.0,1.0,0.0,0.0,0.0,1.0,0.0,1.0,0.0,1.0,0.0
3,low,2.0,40,OLSR,2,0.0,127.265,4.0,1.0,0.0,0.0,0.0,1.0,0.0,1.0,0.0,1.0,0.0
3,low,2.0,41,AODV,2,0.0,66.671,4.0,1.0,0.0,0.0,0.0,1.0,0.0,1.0,0.0,1.0,0.0
3,low,2.0,41,DSDV,2,0.0,66.671,4.0,1.0,0.0,0.0,0.0,1.0,0.0,1.0,0.0,1.0,0.0
3,low,2.0,41,DSR,2,0.0,66.671,4.0,1.0,0.0,0.0,0.0,1.0,0.0,1.0,0.0,1.0,0.0
3,low,2.0,41,OLSR,2,0.0,66.671,4.0,1.0,0.0,0.0,0.0,1.0,0.0,1.0,0.0,1.0,0.0
3,low,2.0,42,AODV,2,0.0,5.511,4.0,1.0,0.0,0.0,0.0,1.0,0.0,1.0,0.25,1.0,0.0
3,low,2.0,42,DSDV,2,0.0,5.511,4.0,1.0,0.0,0.0,0.0,1.0,0.0,1.0,0.25,1.0,0.0
3,low,2.0,42,DSR,2,0.0,5.511,4.0,1.0,0.0,0.0,0.0,1.0,0.0,1.0,0.25,1.0,0.0
3,low,2.0,42,OLSR,2,0.0,5.511,4.0,1.0,0.0,0.0,0.0,1.0,0.0,1.0,0.25,1.0,0.0
3,low,2.0,43,AODV,2,0.0,7.265,4.0,1.0,0.0,0.0,0.0,1.0,0.0,1.0,0.0,1.0,0.0
3,low,2.0,43,DSDV,2,0.0,7.265,4.0,1.0,0.0,0.0,0.0,1.0,0.0,1.0,0.0,1.0,0.0
3,low,2.0,43,DSR,2,0.0,7.265,4.0,1.0,0.0,0.0,0.0,1.0,0.0,1.0,0.0,1.0,0.0
3,low,2.0,43,OLSR,2,0.0,7.265,4.0,1.0,0.0,0.0,0.0,1.0,0.0,1.0,0.0,1.0,0.0
3,low,2.0,44,AODV,2,0.0,186.93,4.0,1.0,0.0,0.0,0.0,1.0,0.0,1.0,0.0,1.0,0.0
3,low,2.0,44,DSDV,2,0.0,186.93,4.0,1.0,0.0,0.0,0.0,1.0,0.0,1.0,0.0,1.0,0.0
3,low,2.0,44,DSR,2,0.0,186.93,4.0,1.0,0.0,0.0,0.0,1.0,0.0,1.0,0.0,1.0,0.0
3,low,2.0,44,OLSR,2,0.0,186.93,4.0,1.0,0.0,0.0,0.0,1.0,0.0,1.0,0.0,1.0,0.0
3,low,3.0,37,AODV,2,0.0,67.552,6.0,1.0,0.0,0.0,0.0,1.0,0.0,1.0,0.0,1.0,0.0
3,low,3.0,37,DSDV,2,0.0,67.552,6.0,1.0,0.0,0.0,0.0,1.0,0.0,1.0,0.0,1.0,0.0
3,low,3.0,37,DSR,2,0.0,67.552,6.0,1.0,0.0,0.0,0.0,1.0,0.0,1.0,0.0,1.0,0.0
3,low,3.0,37,OLSR,2,0.0,67.552,6.0,1.0,0.0,0.0,0.0,1.0,0.0,1.0,0.0,1.0,0.0
3,low,3.0,38,AODV,2,0.0,7.225,6.0,1.0,0.0,0.0,0.0,1.0,0.0,1.0,0.0,1.0,0.0
3,low,3.0,38,DSDV,2,0.0,7.225,6.0,1.0,0.0,0.0,0.0,1.0,0.0,1.0,0.0,1.0,0.0
3,low,3.0,38,DSR,2,0.0,7.225,6.0,1.0,0.0,0.0,0.0,1.0,0.0,1.0,0.0,1.0,0.0
3,low,3.0,38,OLSR,2,0.0,7.225,6.0,1.0,0.0,0.0,0.0,1.0,0.0,1.0,0.0,1.0,0.0
3,low,3.0,39,AODV,2,2.242,6.545,6.0,0.0,0.0,0.0,0.0,0.0,0.0,0.5,0.0,0.5,0.0
3,low,3.0,39,DSDV,2,2.242,6.545,6.0,0.0,0.0,0.0,0.0,0.0,0.0,0.5,0.0,0.5,0.0
3,low,3.0,39,DSR,2,2.242,6.545,6.0,0.0,0.0,0.0,0.0,0.0,0.0,0.5,0.0,0.5,0.0
3,low,3.0,39,OLSR,2,2.242,6.545,6.0,0.0,0.0,0.0,0.0,0.0,0.0,0.5,0.0,0.5,0.0
3,low,3.0,40,AODV,2,0.0,127.265,6.0,1.0,0.0,0.0,0.0,1.0,0.0,1.0,0.0,1.0,0.0
3,low,3.0,40,DSDV,2,0.0,127.265,6.0,1.0,0.0,0.0,0.0,1.0,0.0,1.0,0.0,1.0,0.0
3,low,3.0,40,DSR,2,0.0,127.265,6.0,1.0,0.0,0.0,0.0,1.0,0.0,1.0,0.0,1.0,0.0
3,low,3.0,40,OLSR,2,0.0,127.265,6.0,1.0,0.0,0.0,0.0,1.0,0.0,1.0,0.0,1.0,0.0
3,low,3.0,41,AODV,2,2.888,66.671,6.0,0.0,0.0,0.0,0.0,0.0,0.0,0.5,0.0,0.25,0.0
3,low,3.0,41,DSDV,2,2.888,66.671,6.0,0.0,0.0,0.0,0.0,0.0,0.0,0.5,0.0,0.25,0.0
3,low,3.0,41,DSR,2,2.888,66.671,6.0,0.0,0.0,0.0,0.0,0.0,0.0,0.5,0.0,0.25,0.0
3,low,3.0,41,OLSR,2,2.888,66.671,6.0,0.0,0.0,0.0,0.0,0.0,0.0,0.5,0.0,0.25,0.0
3,low,3.0,42,AODV,2,2.096,5.511,6.0,0.0,0.0,0.0,0.0,0.0,0.0,0.5,0.25,0.5,0.0
3,low,3.0,42,DSDV,2,2.096,5.511,6.0,0.0,0.0,0.0,0.0,0.0,0.0,0.5,0.25,0.5,0.0
3,low,3.0,42,DSR,2,2.096,5.511,6.0,0.0,0.0,0.0,0.0,0.0,0.0,0.5,0.25,0.5,0.0
3,low,3.0,42,OLSR,2,2.096,5.511,6.0,0.0,0.0,0.0,0.0,0.0,0.0,0.5,0.25,0.5,0.0
3,low,3.0,43,AODV,2,0.0,7.265,6.0,1.0,0.0,0.0,0.0,1.0,0.0,1.0,0.0,1.0,0.0
3,low,3.0,43,DSDV,2,0.0,7.265,6.0,1.0,0.0,0.0,0.0,1.0,0.0,1.0,0.0,1.0,0.0
3,low,3.0,43,DSR,2,0.0,7.265,6.0,1.0,0.0,0.0,0.0,1.0,0.0,1.0,0.0,1.0,0.0
3,low,3.0,43,OLSR,2,0.0,7.265,6.0,1.0,0.0,0.0,0.0,1.0,0.0,1.0,0.0,1.0,0.0
3,low,3.0,44,AODV,2,0.0,186.93,6.0,1.0,0.0,0.0,0.0,1.0,0.0,1.0,0.0,1.0,0.0
3,low,3.0,44,DSDV,2,0.0,186.93,6.0,1.0,0.0,0.0,0.0,1.0,0.0,1.0,0.0,1.0,0.0
3,low,3.0,44,DSR,2,0.0,186.93,6.0,1.0,0.0,0.0,0.0,1.0,0.0,1.0,0.0,1.0,0.0
3,low,3.0,44,OLSR,2,0.0,186.93,6.0,1.0,0.0,0.0,0.0,1.0,0.0,1.0,0.0,1.0,0.0
3,low,4.0,37,AODV,2,3.942,67.552,8.0,0.0,0.0,0.0,0.0,0.0,0.0,0.25,0.0,0.25,0.0
3,low,4.0,37,DSDV,2,3.942,67.552,8.0,0.0,0.0,0.0,0.0,0.0,0.0,0.25,0.0,0.25,0.0
3,low,4.0,37,DSR,2,3.942,67.552,8.0,0.0,0.0,0.0,0.0,0.0,0.0,0.25,0.0,0.25,0.0
3,low,4.0,37,OLSR,2,3.942,67.552,8.0,0.0,0.0,0.0,0.0,0.0,0.0,0.25,0.0,0.25,0.0
3,low,4.0,38,AODV,2,3.093,7.225,8.0,0.0,0.0,0.0,0.0,0.0,0.0,0.25,0.0,0.25,0.0
3,low,4.0,38,DSDV,2,3.093,7.225,8.0,0.0,0.0,0.0,0.0,0.0,0.0,0.25,0.0,0.25,0.0
3,low,4.0,38,DSR,2,3.093,7.225,8.0,0.0,0.0,0.0,0.0,0.0,0.0,0.25,0.0,0.25,0.0
3,low,4.0,38,OLSR,2,3.093,7.225,8.0,0.0,0.0,0.0,0.0,0.0,0.0,0.25,0.0,0.25,0.0
3,low,4.0,39,AODV,2,2.242,6.545,8.0,0.0,0.0,0.0,0.0,0.0,0.0,0.5,0.0,0.5,0.0
3,low,4.0,39,DSDV,2,2.242,6.545,8.0,0.0,0.0,0.0,0.0,0.0,0.0,0.5,0.0,0.5,0.0
3,low,4.0,39,DSR,2,2.242,6.545,8.0,0.0,0.0,0.0,0.0,0.0,0.0,0.5,0.0,0.5,0.0
3,low,4.0,39,OLSR,2,2.242,6.545,8.0,0.0,0.0,0.0,0.0,0.0,0.0,0.5,0.0,0.5,0.0
3,low,4.0,40,AODV,2,0.0,127.265,8.0,1.0,0.0,0.0,0.0,1.0,0.0,1.0,0.0,1.0,0.0
3,low,4.0,40,DSDV,2,0.0,127.265,8.0,1.0,0.0,0.0,0.0,1.0,0.0,1.0,0.0,1.0,0.0
3,low,4.0,40,DSR,2,0.0,127.265,8.0,1.0,0.0,0.0,0.0,1.0,0.0,1.0,0.0,1.0,0.0
3,low,4.0,40,OLSR,2,0.0,127.265,8.0,1.0,0.0,0.0,0.0,1.0,0.0,1.0,0.0,1.0,0.0
3,low,4.0,41,AODV,2,2.888,66.671,8.0,0.0,0.0,0.0,0.0,0.0,0.0,0.5,0.0,0.25,0.0
3,low,4.0,41,DSDV,2,2.888,66.671,8.0,0.0,0.0,0.0,0.0,0.0,0.0,0.5,0.0,0.25,0.0
3,low,4.0,41,DSR,2,2.888,66.671,8.0,0.0,0.0,0.0,0.0,0.0,0.0,0.5,0.0,0.25,0.0
3,low,4.0,41,OLSR,2,2.888,66.671,8.0,0.0,0.0,0.0,0.0,0.0,0.0,0.5,0.0,0.25,0.0
3,low,4.0,42,AODV,2,5.511,5.511,8.0,0.0,0.0,0.0,0.0,0.0,0.0,0.25,0.25,0.0,0.0
3,low,4.0,42,DSDV,2,5.511,5.511,8.0,0.0,0.0,0.0,0.0,0.0,0.0,0.25,0.25,0.0,0.0
3,low,4.0,42,DSR,2,5.511,5.511,8.0,0.0,0.0,0.0,0.0,0.0,0.0,0.25,0.25,0.0,0.0
3,low,4.0,42,OLSR,2,5.511,5.511,8.0,0.0,0.0,0.0,0.0,0.0,0.0,0.25,0.25,0.0,0.0
3,low,4.0,43,AODV,2,3.223,7.265,8.0,0.0,0.0,0.0,0.0,0.0,0.0,0.25,0.0,0.25,0.0
3,low,4.0,43,DSDV,2,3.223,7.265,8.0,0.0,0.0,0.0,0.0,0.0,0.0,0.25,0.0,0.25,0.0
3,low,4.0,43,DSR,2,3.223,7.265,8.0,0.0,0.0,0.0,0.0,0.0,0.0,0.25,0.0,0.25,0.0
3,low,4.0,43,OLSR,2,3.223,7.265,8.0,0.0,0.0,0.0,0.0,0.0,0.0,0.25,0.0,0.25,0.0
3,low,4.0,44,AODV,2,0.0,186.93,8.0,1.0,0.0,0.0,0.0,1.0,0.0,1.0,0.0,1.0,0.0
3,low,4.0,44,DSDV,2,0.0,186.93,8.0,1.0,0.0,0.0,0.0,1.0,0.0,1.0,0.0,1.0,0.0
3,low,4.0,44,DSR,2,0.0,186.93,8.0,1.0,0.0,0.0,0.0,1.0,0.0,1.0,0.0,1.0,0.0
3,low,4.0,44,OLSR,2,0.0,186.93,8.0,1.0,0.0,0.0,0.0,1.0,0.0,1.0,0.0,1.0,0.0
3,low,5.0,37,AODV,2,3.942,67.552,10.0,0.0,0.0,0.0,0.0,0.0,0.0,0.25,0.0,0.25,0.0
3,low,5.0,37,DSDV,2,3.942,67.552,10.0,0.0,0.0,0.0,0.0,0.0,0.0,0.25,0.0,0.25,0.0
3,low,5.0,37,DSR,2,3.942,67.552,10.0,0.0,0.0,0.0,0.0,0.0,0.0,0.25,0.0,0.25,0.0
3,low,5.0,37,OLSR,2,3.942,67.552,10.0,0.0,0.0,0.0,0.0,0.0,0.0,0.25,0.0,0.25,0.0
3,low,5.0,38,AODV,2,7.225,7.225,10.0,0.0,0.0,0.0,0.0,0.0,0.0,0.0,0.0,0.0,0.0
3,low,5.0,38,DSDV,2,7.225,7.225,10.0,0.0,0.0,0.0,0.0,0.0,0.0,0.0,0.0,0.0,0.0
3,low,5.0,38,DSR,2,7.225,7.225,10.0,0.0,0.0,0.0,0.0,0.0,0.0,0.0,0.0,0.0,0.0
3,low,5.0,38,OLSR,2,7.225,7.225,10.0,0.0,0.0,0.0,0.0,0.0,0.0,0.0,0.0,0.0,0.0
3,low,5.0,39,AODV,2,6.545,6.545,10.0,0.0,0.0,0.0,0.0,0.0,0.0,0.0,0.0,0.0,0.0
3,low,5.0,39,DSDV,2,6.545,6.545,10.0,0.0,0.0,0.0,0.0,0.0,0.0,0.0,0.0,0.0,0.0
3,low,5.0,39,DSR,2,6.545,6.545,10.0,0.0,0.0,0.0,0.0,0.0,0.0,0.0,0.0,0.0,0.0
3,low,5.0,39,OLSR,2,6.545,6.545,10.0,0.0,0.0,0.0,0.0,0.0,0.0,0.0,0.0,0.0,0.0
3,low,5.0,40,AODV,2,4.042,127.265,10.0,0.0,0.0,0.0,0.0,0.0,0.0,0.25,0.0,0.25,0.0
3,low,5.0,40,DSDV,2,4.042,127.265,10.0,0.0,0.0,0.0,0.0,0.0,0.0,0.25,0.0,0.25,0.0
3,low,5.0,40,DSR,2,4.042,127.265,10.0,0.0,0.0,0.0,0.0,0.0,0.0,0.25,0.0,0.25,0.0
3,low,5.0,40,OLSR,2,4.042,127.265,10.0,0.0,0.0,0.0,0.0,0.0,0.0,0.25,0.0,0.25,0.0
3,low,5.0,41,AODV,2,2.888,66.671,10.0,0.0,0.0,0.0,0.0,0.0,0.0,0.5,0.0,0.25,0.0
3,low,5.0,41,DSDV,2,2.888,66.671,10.0,0.0,0.0,0.0,0.0,0.0,0.0,0.5,0.0,0.25,0.0
3,low,5.0,41,DSR,2,2.888,66.671,10.0,0.0,0.0,0.0,0.0,0.0,0.0,0.5,0.0,0.25,0.0
3,low,5.0,41,OLSR,2,2.888,66.671,10.0,0.0,0.0,0.0,0.0,0.0,0.0,0.5,0.0,0.25,0.0
3,low,5.0,42,AODV,2,5.511,5.511,10.0,0.0,0.0,0.0,0.0,0.0,0.0,0.25,0.25,0.0,0.0
3,low,5.0,42,DSDV,2,5.511,5.511,10.0,0.0,0.0,0.0,0.0,0.0,0.0,0.25,0.25,0.0,0.0
3,low,5.0,42,DSR,2,5.511,5.511,10.0,0.0,0.0,0.0,0.0,0.0,0.0,0.25,0.25,0.0,0.0
3,low,5.0,42,OLSR,2,5.511,5.511,10.0,0.0,0.0,0.0,0.0,0.0,0.0,0.25,0.25,0.0,0.0
3,low,5.0,43,AODV,2,7.265,7.265,10.0,0.0,0.0,0.0,0.0,0.0,0.0,0.0,0.0,0.0,0.0
3,low,5.0,43,DSDV,2,7.265,7.265,10.0,0.0,0.0,0.0,0.0,0.0,0.0,0.0,0.0,0.0,0.0
3,low,5.0,43,DSR,2,7.265,7.265,10.0,0.0,0.0,0.0,0.0,0.0,0.0,0.0,0.0,0.0,0.0
3,low,5.0,43,OLSR,2,7.265,7.265,10.0,0.0,0.0,0.0,0.0,0.0,0.0,0.0,0.0,0.0,0.0
3,low,5.0,44,AODV,2,0.0,186.93,10.0,1.0,0.0,0.0,0.0,1.0,0.0,1.0,0.0,1.0,0.0
3,low,5.0,44,DSDV,2,0.0,186.93,10.0,1.0,0.0,0.0,0.0,1.0,0.0,1.0,0.0,1.0,0.0
3,low,5.0,44,DSR,2,0.0,186.93,10.0,1.0,0.0,0.0,0.0,1.0,0.0,1.0,0.0,1.0,0.0
3,low,5.0,44,OLSR,2,0.0,186.93,10.0,1.0,0.0,0.0,0.0,1.0,0.0,1.0,0.0,1.0,0.0
3,low,6.0,37,AODV,2,3.942,67.552,10.0,0.0,0.0,0.0,0.0,0.0,0.0,0.25,0.0,0.25,0.0
3,low,6.0,37,DSDV,2,3.942,67.552,10.0,0.0,0.0,0.0,0.0,0.0,0.0,0.25,0.0,0.25,0.0
3,low,6.0,37,DSR,2,3.942,67.552,10.0,0.0,0.0,0.0,0.0,0.0,0.0,0.25,0.0,0.25,0.0
3,low,6.0,37,OLSR,2,3.942,67.552,10.0,0.0,0.0,0.0,0.0,0.0,0.0,0.25,0.0,0.25,0.0
3,low,6.0,38,AODV,2,7.225,7.225,10.0,0.0,0.0,0.0,0.0,0.0,0.0,0.0,0.0,0.0,0.0
3,low,6.0,38,DSDV,2,7.225,7.225,10.0,0.0,0.0,0.0,0.0,0.0,0.0,0.0,0.0,0.0,0.0
3,low,6.0,38,DSR,2,7.225,7.225,10.0,0.0,0.0,0.0,0.0,0.0,0.0,0.0,0.0,0.0,0.0
3,low,6.0,38,OLSR,2,7.225,7.225,10.0,0.0,0.0,0.0,0.0,0.0,0.0,0.0,0.0,0.0,0.0
3,low,6.0,39,AODV,2,6.545,6.545,10.0,0.0,0.0,0.0,0.0,0.0,0.0,0.0,0.0,0.0,0.0
3,low,6.0,39,DSDV,2,6.545,6.545,10.0,0.0,0.0,0.0,0.0,0.0,0.0,0.0,0.0,0.0,0.0
3,low,6.0,39,DSR,2,6.545,6.545,10.0,0.0,0.0,0.0,0.0,0.0,0.0,0.0,0.0,0.0,0.0
3,low,6.0,39,OLSR,2,6.545,6.545,10.0,0.0,0.0,0.0,0.0,0.0,0.0,0.0,0.0,0.0,0.0
3,low,6.0,40,AODV,2,4.042,127.265,10.0,0.0,0.0,0.0,0.0,0.0,0.0,0.25,0.0,0.25,0.0
3,low,6.0,40,DSDV,2,4.042,127.265,10.0,0.0,0.0,0.0,0.0,0.0,0.0,0.25,0.0,0.25,0.0
3,low,6.0,40,DSR,2,4.042,127.265,10.0,0.0,0.0,0.0,0.0,0.0,0.0,0.25,0.0,0.25,0.0
3,low,6.0,40,OLSR,2,4.042,127.265,10.0,0.0,0.0,0.0,0.0,0.0,0.0,0.25,0.0,0.25,0.0
3,low,6.0,41,AODV,2,2.888,66.671,10.0,0.0,0.0,0.0,0.0,0.0,0.0,0.5,0.0,0.25,0.0
3,low,6.0,41,DSDV,2,2.888,66.671,10.0,0.0,0.0,0.0,0.0,0.0,0.0,0.5,0.0,0.25,0.0
3,low,6.0,41,DSR,2,2.888,66.671,10.0,0.0,0.0,0.0,0.0,0.0,0.0,0.5,0.0,0.25,0.0
3,low,6.0,41,OLSR,2,2.888,66.671,10.0,0.0,0.0,0.0,0.0,0.0,0.0,0.5,0.0,0.25,0.0
3,low,6.0,42,AODV,2,5.511,5.511,10.0,0.0,0.0,0.0,0.0,0.0,0.0,0.25,0.25,0.0,0.0
3,low,6.0,42,DSDV,2,5.511,5.511,10.0,0.0,0.0,0.0,0.0,0.0,0.0,0.25,0.25,0.0,0.0
3,low,6.0,42,DSR,2,5.511,5.511,10.0,0.0,0.0,0.0,0.0,0.0,0.0,0.25,0.25,0.0,0.0
3,low,6.0,42,OLSR,2,5.511,5.511,10.0,0.0,0.0,0.0,0.0,0.0,0.0,0.25,0.25,0.0,0.0
3,low,6.0,43,AODV,2,7.265,7.265,10.0,0.0,0.0,0.0,0.0,0.0,0.0,0.0,0.0,0.0,0.0
3,low,6.0,43,DSDV,2,7.265,7.265,10.0,0.0,0.0,0.0,0.0,0.0,0.0,0.0,0.0,0.0,0.0
3,low,6.0,43,DSR,2,7.265,7.265,10.0,0.0,0.0,0.0,0.0,0.0,0.0,0.0,0.0,0.0,0.0
3,low,6.0,43,OLSR,2,7.265,7.265,10.0,0.0,0.0,0.0,0.0,0.0,0.0,0.0,0.0,0.0,0.0
3,low,6.0,44,AODV,2,0.0,186.93,10.0,1.0,0.0,0.0,0.0,1.0,0.0,1.0,0.0,1.0,0.0
3,low,6.0,44,DSDV,2,0.0,186.93,10.0,1.0,0.0,0.0,0.0,1.0,0.0,1.0,0.0,1.0,0.0
3,low,6.0,44,DSR,2,0.0,186.93,10.0,1.0,0.0,0.0,0.0,1.0,0.0,1.0,0.0,1.0,0.0
3,low,6.0,44,OLSR,2,0.0,186.93,10.0,1.0,0.0,0.0,0.0,1.0,0.0,1.0,0.0,1.0,0.0
3,low,6.5,37,AODV,2,3.942,67.552,10.0,0.0,0.0,0.0,0.0,0.0,0.0,0.25,0.0,0.25,0.0
3,low,6.5,37,DSDV,2,3.942,67.552,10.0,0.0,0.0,0.0,0.0,0.0,0.0,0.25,0.0,0.25,0.0
3,low,6.5,37,DSR,2,3.942,67.552,10.0,0.0,0.0,0.0,0.0,0.0,0.0,0.25,0.0,0.25,0.0
3,low,6.5,37,OLSR,2,3.942,67.552,10.0,0.0,0.0,0.0,0.0,0.0,0.0,0.25,0.0,0.25,0.0
3,low,6.5,38,AODV,2,7.225,7.225,10.0,0.0,0.0,0.0,0.0,0.0,0.0,0.0,0.0,0.0,0.0
3,low,6.5,38,DSDV,2,7.225,7.225,10.0,0.0,0.0,0.0,0.0,0.0,0.0,0.0,0.0,0.0,0.0
3,low,6.5,38,DSR,2,7.225,7.225,10.0,0.0,0.0,0.0,0.0,0.0,0.0,0.0,0.0,0.0,0.0
3,low,6.5,38,OLSR,2,7.225,7.225,10.0,0.0,0.0,0.0,0.0,0.0,0.0,0.0,0.0,0.0,0.0
3,low,6.5,39,AODV,2,6.545,6.545,10.0,0.0,0.0,0.0,0.0,0.0,0.0,0.0,0.0,0.0,0.0
3,low,6.5,39,DSDV,2,6.545,6.545,10.0,0.0,0.0,0.0,0.0,0.0,0.0,0.0,0.0,0.0,0.0
3,low,6.5,39,DSR,2,6.545,6.545,10.0,0.0,0.0,0.0,0.0,0.0,0.0,0.0,0.0,0.0,0.0
3,low,6.5,39,OLSR,2,6.545,6.545,10.0,0.0,0.0,0.0,0.0,0.0,0.0,0.0,0.0,0.0,0.0
3,low,6.5,40,AODV,2,4.042,127.265,10.0,0.0,0.0,0.0,0.0,0.0,0.0,0.25,0.0,0.25,0.0
3,low,6.5,40,DSDV,2,4.042,127.265,10.0,0.0,0.0,0.0,0.0,0.0,0.0,0.25,0.0,0.25,0.0
3,low,6.5,40,DSR,2,4.042,127.265,10.0,0.0,0.0,0.0,0.0,0.0,0.0,0.25,0.0,0.25,0.0
3,low,6.5,40,OLSR,2,4.042,127.265,10.0,0.0,0.0,0.0,0.0,0.0,0.0,0.25,0.0,0.25,0.0
3,low,6.5,41,AODV,2,2.888,66.671,10.0,0.0,0.0,0.0,0.0,0.0,0.0,0.5,0.0,0.25,0.0
3,low,6.5,41,DSDV,2,2.888,66.671,10.0,0.0,0.0,0.0,0.0,0.0,0.0,0.5,0.0,0.25,0.0
3,low,6.5,41,DSR,2,2.888,66.671,10.0,0.0,0.0,0.0,0.0,0.0,0.0,0.5,0.0,0.25,0.0
3,low,6.5,41,OLSR,2,2.888,66.671,10.0,0.0,0.0,0.0,0.0,0.0,0.0,0.5,0.0,0.25,0.0
3,low,6.5,42,AODV,2,5.511,5.511,10.0,0.0,0.0,0.0,0.0,0.0,0.0,0.25,0.25,0.0,0.0
3,low,6.5,42,DSDV,2,5.511,5.511,10.0,0.0,0.0,0.0,0.0,0.0,0.0,0.25,0.25,0.0,0.0
3,low,6.5,42,DSR,2,5.511,5.511,10.0,0.0,0.0,0.0,0.0,0.0,0.0,0.25,0.25,0.0,0.0
3,low,6.5,42,OLSR,2,5.511,5.511,10.0,0.0,0.0,0.0,0.0,0.0,0.0,0.25,0.25,0.0,0.0
3,low,6.5,43,AODV,2,7.265,7.265,10.0,0.0,0.0,0.0,0.0,0.0,0.0,0.0,0.0,0.0,0.0
3,low,6.5,43,DSDV,2,7.265,7.265,10.0,0.0,0.0,0.0,0.0,0.0,0.0,0.0,0.0,0.0,0.0
3,low,6.5,43,DSR,2,7.265,7.265,10.0,0.0,0.0,0.0,0.0,0.0,0.0,0.0,0.0,0.0,0.0
3,low,6.5,43,OLSR,2,7.265,7.265,10.0,0.0,0.0,0.0,0.0,0.0,0.0,0.0,0.0,0.0,0.0
3,low,6.5,44,AODV,2,0.0,186.93,10.0,1.0,0.0,0.0,0.0,1.0,0.0,1.0,0.0,1.0,0.0
3,low,6.5,44,DSDV,2,0.0,186.93,10.0,1.0,0.0,0.0,0.0,1.0,0.0,1.0,0.0,1.0,0.0
3,low,6.5,44,DSR,2,0.0,186.93,10.0,1.0,0.0,0.0,0.0,1.0,0.0,1.0,0.0,1.0,0.0
3,low,6.5,44,OLSR,2,0.0,186.93,10.0,1.0,0.0,0.0,0.0,1.0,0.0,1.0,0.0,1.0,0.0
3,low,7.0,37,AODV,2,3.942,67.552,10.0,0.0,0.0,0.0,0.0,0.0,0.0,0.25,0.0,0.25,0.0
3,low,7.0,37,DSDV,2,3.942,67.552,10.0,0.0,0.0,0.0,0.0,0.0,0.0,0.25,0.0,0.25,0.0
3,low,7.0,37,DSR,2,3.942,67.552,10.0,0.0,0.0,0.0,0.0,0.0,0.0,0.25,0.0,0.25,0.0
3,low,7.0,37,OLSR,2,3.942,67.552,10.0,0.0,0.0,0.0,0.0,0.0,0.0,0.25,0.0,0.25,0.0
3,low,7.0,38,AODV,2,7.225,7.225,10.0,0.0,0.0,0.0,0.0,0.0,0.0,0.0,0.0,0.0,0.0
3,low,7.0,38,DSDV,2,7.225,7.225,10.0,0.0,0.0,0.0,0.0,0.0,0.0,0.0,0.0,0.0,0.0
3,low,7.0,38,DSR,2,7.225,7.225,10.0,0.0,0.0,0.0,0.0,0.0,0.0,0.0,0.0,0.0,0.0
3,low,7.0,38,OLSR,2,7.225,7.225,10.0,0.0,0.0,0.0,0.0,0.0,0.0,0.0,0.0,0.0,0.0
3,low,7.0,39,AODV,2,6.545,6.545,10.0,0.0,0.0,0.0,0.0,0.0,0.0,0.0,0.0,0.0,0.0
3,low,7.0,39,DSDV,2,6.545,6.545,10.0,0.0,0.0,0.0,0.0,0.0,0.0,0.0,0.0,0.0,0.0
3,low,7.0,39,DSR,2,6.545,6.545,10.0,0.0,0.0,0.0,0.0,0.0,0.0,0.0,0.0,0.0,0.0
3,low,7.0,39,OLSR,2,6.545,6.545,10.0,0.0,0.0,0.0,0.0,0.0,0.0,0.0,0.0,0.0,0.0
3,low,7.0,40,AODV,2,4.042,127.265,10.0,0.0,0.0,0.0,0.0,0.0,0.0,0.25,0.0,0.25,0.0
3,low,7.0,40,DSDV,2,4.042,127.265,10.0,0.0,0.0,0.0,0.0,0.0,0.0,0.25,0.0,0.25,0.0
3,low,7.0,40,DSR,2,4.042,127.265,10.0,0.0,0.0,0.0,0.0,0.0,0.0,0.25,0.0,0.25,0.0
3,low,7.0,40,OLSR,2,4.042,127.265,10.0,0.0,0.0,0.0,0.0,0.0,0.0,0.25,0.0,0.25,0.0
3,low,7.0,41,AODV,2,2.888,66.671,10.0,0.0,0.0,0.0,0.0,0.0,0.0,0.5,0.0,0.25,0.0
3,low,7.0,41,DSDV,2,2.888,66.671,10.0,0.0,0.0,0.0,0.0,0.0,0.0,0.5,0.0,0.25,0.0
3,low,7.0,41,DSR,2,2.888,66.671,10.0,0.0,0.0,0.0,0.0,0.0,0.0,0.5,0.0,0.25,0.0
3,low,7.0,41,OLSR,2,2.888,66.671,10.0,0.0,0.0,0.0,0.0,0.0,0.0,0.5,0.0,0.25,0.0
3,low,7.0,42,AODV,2,5.511,5.511,10.0,0.0,0.0,0.0,0.0,0.0,0.0,0.25,0.25,0.0,0.0
3,low,7.0,42,DSDV,2,5.511,5.511,10.0,0.0,0.0,0.0,0.0,0.0,0.0,0.25,0.25,0.0,0.0
3,low,7.0,42,DSR,2,5.511,5.511,10.0,0.0,0.0,0.0,0.0,0.0,0.0,0.25,0.25,0.0,0.0
3,low,7.0,42,OLSR,2,5.511,5.511,10.0,0.0,0.0,0.0,0.0,0.0,0.0,0.25,0.25,0.0,0.0
3,low,7.0,43,AODV,2,7.265,7.265,10.0,0.0,0.0,0.0,0.0,0.0,0.0,0.0,0.0,0.0,0.0
3,low,7.0,43,DSDV,2,7.265,7.265,10.0,0.0,0.0,0.0,0.0,0.0,0.0,0.0,0.0,0.0,0.0
3,low,7.0,43,DSR,2,7.265,7.265,10.0,0.0,0.0,0.0,0.0,0.0,0.0,0.0,0.0,0.0,0.0
3,low,7.0,43,OLSR,2,7.265,7.265,10.0,0.0,0.0,0.0,0.0,0.0,0.0,0.0,0.0,0.0,0.0
3,low,7.0,44,AODV,2,0.0,186.93,10.0,1.0,0.0,0.0,0.0,1.0,0.0,1.0,0.0,1.0,0.0
3,low,7.0,44,DSDV,2,0.0,186.93,10.0,1.0,0.0,0.0,0.0,1.0,0.0,1.0,0.0,1.0,0.0
3,low,7.0,44,DSR,2,0.0,186.93,10.0,1.0,0.0,0.0,0.0,1.0,0.0,1.0,0.0,1.0,0.0
3,low,7.0,44,OLSR,2,0.0,186.93,10.0,1.0,0.0,0.0,0.0,1.0,0.0,1.0,0.0,1.0,0.0
3,low,8.0,37,AODV,2,3.942,67.552,10.0,0.0,0.0,0.0,0.0,0.0,0.0,0.25,0.0,0.25,0.0
3,low,8.0,37,DSDV,2,3.942,67.552,10.0,0.0,0.0,0.0,0.0,0.0,0.0,0.25,0.0,0.25,0.0
3,low,8.0,37,DSR,2,3.942,67.552,10.0,0.0,0.0,0.0,0.0,0.0,0.0,0.25,0.0,0.25,0.0
3,low,8.0,37,OLSR,2,3.942,67.552,10.0,0.0,0.0,0.0,0.0,0.0,0.0,0.25,0.0,0.25,0.0
3,low,8.0,38,AODV,2,7.225,7.225,10.0,0.0,0.0,0.0,0.0,0.0,0.0,0.0,0.0,0.0,0.0
3,low,8.0,38,DSDV,2,7.225,7.225,10.0,0.0,0.0,0.0,0.0,0.0,0.0,0.0,0.0,0.0,0.0
3,low,8.0,38,DSR,2,7.225,7.225,10.0,0.0,0.0,0.0,0.0,0.0,0.0,0.0,0.0,0.0,0.0
3,low,8.0,38,OLSR,2,7.225,7.225,10.0,0.0,0.0,0.0,0.0,0.0,0.0,0.0,0.0,0.0,0.0
3,low,8.0,39,AODV,2,6.545,6.545,10.0,0.0,0.0,0.0,0.0,0.0,0.0,0.0,0.0,0.0,0.0
3,low,8.0,39,DSDV,2,6.545,6.545,10.0,0.0,0.0,0.0,0.0,0.0,0.0,0.0,0.0,0.0,0.0
3,low,8.0,39,DSR,2,6.545,6.545,10.0,0.0,0.0,0.0,0.0,0.0,0.0,0.0,0.0,0.0,0.0
3,low,8.0,39,OLSR,2,6.545,6.545,10.0,0.0,0.0,0.0,0.0,0.0,0.0,0.0,0.0,0.0,0.0
3,low,8.0,40,AODV,2,4.042,127.265,10.0,0.0,0.0,0.0,0.0,0.0,0.0,0.25,0.0,0.25,0.0
3,low,8.0,40,DSDV,2,4.042,127.265,10.0,0.0,0.0,0.0,0.0,0.0,0.0,0.25,0.0,0.25,0.0
3,low,8.0,40,DSR,2,4.042,127.265,10.0,0.0,0.0,0.0,0.0,0.0,0.0,0.25,0.0,0.25,0.0
3,low,8.0,40,OLSR,2,4.042,127.265,10.0,0.0,0.0,0.0,0.0,0.0,0.0,0.25,0.0,0.25,0.0
3,low,8.0,41,AODV,2,2.888,66.671,10.0,0.0,0.0,0.0,0.0,0.0,0.0,0.5,0.0,0.25,0.0
3,low,8.0,41,DSDV,2,2.888,66.671,10.0,0.0,0.0,0.0,0.0,0.0,0.0,0.5,0.0,0.25,0.0
3,low,8.0,41,DSR,2,2.888,66.671,10.0,0.0,0.0,0.0,0.0,0.0,0.0,0.5,0.0,0.25,0.0
3,low,8.0,41,OLSR,2,2.888,66.671,10.0,0.0,0.0,0.0,0.0,0.0,0.0,0.5,0.0,0.25,0.0
3,low,8.0,42,AODV,2,5.511,5.511,10.0,0.0,0.0,0.0,0.0,0.0,0.0,0.25,0.25,0.0,0.0
3,low,8.0,42,DSDV,2,5.511,5.511,10.0,0.0,0.0,0.0,0.0,0.0,0.0,0.25,0.25,0.0,0.0
3,low,8.0,42,DSR,2,5.511,5.511,10.0,0.0,0.0,0.0,0.0,0.0,0.0,0.25,0.25,0.0,0.0
3,low,8.0,42,OLSR,2,5.511,5.511,10.0,0.0,0.0,0.0,0.0,0.0,0.0,0.25,0.25,0.0,0.0
3,low,8.0,43,AODV,2,7.265,7.265,10.0,0.0,0.0,0.0,0.0,0.0,0.0,0.0,0.0,0.0,0.0
3,low,8.0,43,DSDV,2,7.265,7.265,10.0,0.0,0.0,0.0,0.0,0.0,0.0,0.0,0.0,0.0,0.0
3,low,8.0,43,DSR,2,7.265,7.265,10.0,0.0,0.0,0.0,0.0,0.0,0.0,0.0,0.0,0.0,0.0
3,low,8.0,43,OLSR,2,7.265,7.265,10.0,0.0,0.0,0.0,0.0,0.0,0.0,0.0,0.0,0.0,0.0
3,low,8.0,44,AODV,2,0.0,186.93,10.0,1.0,0.0,0.0,0.0,1.0,0.0,1.0,0.0,1.0,0.0
3,low,8.0,44,DSDV,2,0.0,186.93,10.0,1.0,0.0,0.0,0.0,1.0,0.0,1.0,0.0,1.0,0.0
3,low,8.0,44,DSR,2,0.0,186.93,10.0,1.0,0.0,0.0,0.0,1.0,0.0,1.0,0.0,1.0,0.0
3,low,8.0,44,OLSR,2,0.0,186.93,10.0,1.0,0.0,0.0,0.0,1.0,0.0,1.0,0.0,1.0,0.0
3,medium,0.25,37,AODV,2,0.0,427.827,0.5,1.0,0.0,0.0,0.0,1.0,0.0,1.0,0.0,1.0,0.0
3,medium,0.25,37,DSDV,2,0.0,427.827,0.5,1.0,0.0,0.0,0.0,1.0,0.0,1.0,0.0,1.0,0.0
3,medium,0.25,37,DSR,2,0.0,427.827,0.5,1.0,0.0,0.0,0.0,1.0,0.0,1.0,0.0,1.0,0.0
3,medium,0.25,37,OLSR,2,0.0,427.827,0.5,1.0,0.0,0.0,0.0,1.0,0.0,1.0,0.0,1.0,0.0
3,medium,0.25,38,AODV,2,0.0,128.562,0.5,1.0,0.0,0.0,0.0,1.0,0.0,1.0,0.0,1.0,0.0
3,medium,0.25,38,DSDV,2,0.0,128.562,0.5,1.0,0.0,0.0,0.0,1.0,0.0,1.0,0.0,1.0,0.0
3,medium,0.25,38,DSR,2,0.0,128.562,0.5,1.0,0.0,0.0,0.0,1.0,0.0,1.0,0.0,1.0,0.0
3,medium,0.25,38,OLSR,2,0.0,128.562,0.5,1.0,0.0,0.0,0.0,1.0,0.0,1.0,0.0,1.0,0.0
3,medium,0.25,39,AODV,2,0.0,247.291,0.5,1.0,0.0,0.0,0.0,1.0,0.0,1.0,0.0,1.0,0.0
3,medium,0.25,39,DSDV,2,0.0,247.291,0.5,1.0,0.0,0.0,0.0,1.0,0.0,1.0,0.0,1.0,0.0
3,medium,0.25,39,DSR,2,0.0,247.291,0.5,1.0,0.0,0.0,0.0,1.0,0.0,1.0,0.0,1.0,0.0
3,medium,0.25,39,OLSR,2,0.0,247.291,0.5,1.0,0.0,0.0,0.0,1.0,0.0,1.0,0.0,1.0,0.0
3,medium,0.25,40,AODV,2,0.0,248.841,0.5,1.0,0.0,0.0,0.0,1.0,0.0,1.0,0.0,1.0,0.0
3,medium,0.25,40,DSDV,2,0.0,248.841,0.5,1.0,0.0,0.0,0.0,1.0,0.0,1.0,0.0,1.0,0.0
3,medium,0.25,40,DSR,2,0.0,248.841,0.5,1.0,0.0,0.0,0.0,1.0,0.0,1.0,0.0,1.0,0.0
3,medium,0.25,40,OLSR,2,0.0,248.841,0.5,1.0,0.0,0.0,0.0,1.0,0.0,1.0,0.0,1.0,0.0
3,medium,0.25,41,AODV,2,0.0,128.335,0.5,1.0,0.0,0.0,0.0,1.0,0.0,1.0,0.0,1.0,0.0
3,medium,0.25,41,DSDV,2,0.0,128.335,0.5,1.0,0.0,0.0,0.0,1.0,0.0,1.0,0.0,1.0,0.0
3,medium,0.25,41,DSR,2,0.0,128.335,0.5,1.0,0.0,0.0,0.0,1.0,0.0,1.0,0.0,1.0,0.0
3,medium,0.25,41,OLSR,2,0.0,128.335,0.5,1.0,0.0,0.0,0.0,1.0,0.0,1.0,0.0,1.0,0.0
3,medium,0.25,42,AODV,2,0.0,7.139,0.5,1.0,0.0,0.0,0.0,1.0,0.0,1.0,0.0,1.0,0.0
3,medium,0.25,42,DSDV,2,0.0,7.139,0.5,1.0,0.0,0.0,0.0,1.0,0.0,1.0,0.0,1.0,0.0
3,medium,0.25,42,DSR,2,0.0,7.139,0.5,1.0,0.0,0.0,0.0,1.0,0.0,1.0,0.0,1.0,0.0
3,medium,0.25,42,OLSR,2,0.0,7.139,0.5,1.0,0.0,0.0,0.0,1.0,0.0,1.0,0.0,1.0,0.0
3,medium,0.25,43,AODV,2,0.0,309.097,0.5,1.0,0.0,0.0,0.0,1.0,0.0,1.0,0.0,1.0,0.0
3,medium,0.25,43,DSDV,2,0.0,309.097,0.5,1.0,0.0,0.0,0.0,1.0,0.0,1.0,0.0,1.0,0.0
3,medium,0.25,43,DSR,2,0.0,309.097,0.5,1.0,0.0,0.0,0.0,1.0,0.0,1.0,0.0,1.0,0.0
3,medium,0.25,43,OLSR,2,0.0,309.097,0.5,1.0,0.0,0.0,0.0,1.0,0.0,1.0,0.0,1.0,0.0
3,medium,0.25,44,AODV,2,0.0,487.376,0.5,1.0,0.0,0.0,0.0,1.0,0.0,1.0,0.0,1.0,0.0
3,medium,0.25,44,DSDV,2,0.0,487.376,0.5,1.0,0.0,0.0,0.0,1.0,0.0,1.0,0.0,1.0,0.0
3,medium,0.25,44,DSR,2,0.0,487.376,0.5,1.0,0.0,0.0,0.0,1.0,0.0,1.0,0.0,1.0,0.0
3,medium,0.25,44,OLSR,2,0.0,487.376,0.5,1.0,0.0,0.0,0.0,1.0,0.0,1.0,0.0,1.0,0.0
3,medium,0.5,37,AODV,2,0.0,427.827,1.0,1.0,0.0,0.0,0.0,1.0,0.0,1.0,0.0,1.0,0.0
3,medium,0.5,37,DSDV,2,0.0,427.827,1.0,1.0,0.0,0.0,0.0,1.0,0.0,1.0,0.0,1.0,0.0
3,medium,0.5,37,DSR,2,0.0,427.827,1.0,1.0,0.0,0.0,0.0,1.0,0.0,1.0,0.0,1.0,0.0
3,medium,0.5,37,OLSR,2,0.0,427.827,1.0,1.0,0.0,0.0,0.0,1.0,0.0,1.0,0.0,1.0,0.0
3,medium,0.5,38,AODV,2,0.0,128.562,1.0,1.0,0.0,0.0,0.0,1.0,0.0,1.0,0.0,1.0,0.0
3,medium,0.5,38,DSDV,2,0.0,128.562,1.0,1.0,0.0,0.0,0.0,1.0,0.0,1.0,0.0,1.0,0.0
3,medium,0.5,38,DSR,2,0.0,128.562,1.0,1.0,0.0,0.0,0.0,1.0,0.0,1.0,0.0,1.0,0.0
3,medium,0.5,38,OLSR,2,0.0,128.562,1.0,1.0,0.0,0.0,0.0,1.0,0.0,1.0,0.0,1.0,0.0
3,medium,0.5,39,AODV,2,0.0,247.291,1.0,1.0,0.0,0.0,0.0,1.0,0.0,1.0,0.0,1.0,0.0
3,medium,0.5,39,DSDV,2,0.0,247.291,1.0,1.0,0.0,0.0,0.0,1.0,0.0,1.0,0.0,1.0,0.0
3,medium,0.5,39,DSR,2,0.0,247.291,1.0,1.0,0.0,0.0,0.0,1.0,0.0,1.0,0.0,1.0,0.0
3,medium,0.5,39,OLSR,2,0.0,247.291,1.0,1.0,0.0,0.0,0.0,1.0,0.0,1.0,0.0,1.0,0.0
3,medium,0.5,40,AODV,2,0.0,248.841,1.0,1.0,0.0,0.0,0.0,1.0,0.0,1.0,0.0,1.0,0.0
3,medium,0.5,40,DSDV,2,0.0,248.841,1.0,1.0,0.0,0.0,0.0,1.0,0.0,1.0,0.0,1.0,0.0
3,medium,0.5,40,DSR,2,0.0,248.841,1.0,1.0,0.0,0.0,0.0,1.0,0.0,1.0,0.0,1.0,0.0
3,medium,0.5,40,OLSR,2,0.0,248.841,1.0,1.0,0.0,0.0,0.0,1.0,0.0,1.0,0.0,1.0,0.0
3,medium,0.5,41,AODV,2,0.0,128.335,1.0,1.0,0.0,0.0,0.0,1.0,0.0,1.0,0.0,1.0,0.0
3,medium,0.5,41,DSDV,2,0.0,128.335,1.0,1.0,0.0,0.0,0.0,1.0,0.0,1.0,0.0,1.0,0.0
3,medium,0.5,41,DSR,2,0.0,128.335,1.0,1.0,0.0,0.0,0.0,1.0,0.0,1.0,0.0,1.0,0.0
3,medium,0.5,41,OLSR,2,0.0,128.335,1.0,1.0,0.0,0.0,0.0,1.0,0.0,1.0,0.0,1.0,0.0
3,medium,0.5,42,AODV,2,0.0,7.139,1.0,1.0,0.0,0.0,0.0,1.0,0.0,1.0,0.0,1.0,0.0
3,medium,0.5,42,DSDV,2,0.0,7.139,1.0,1.0,0.0,0.0,0.0,1.0,0.0,1.0,0.0,1.0,0.0
3,medium,0.5,42,DSR,2,0.0,7.139,1.0,1.0,0.0,0.0,0.0,1.0,0.0,1.0,0.0,1.0,0.0
3,medium,0.5,42,OLSR,2,0.0,7.139,1.0,1.0,0.0,0.0,0.0,1.0,0.0,1.0,0.0,1.0,0.0
3,medium,0.5,43,AODV,2,0.0,309.097,1.0,1.0,0.0,0.0,0.0,1.0,0.0,1.0,0.0,1.0,0.0
3,medium,0.5,43,DSDV,2,0.0,309.097,1.0,1.0,0.0,0.0,0.0,1.0,0.0,1.0,0.0,1.0,0.0
3,medium,0.5,43,DSR,2,0.0,309.097,1.0,1.0,0.0,0.0,0.0,1.0,0.0,1.0,0.0,1.0,0.0
3,medium,0.5,43,OLSR,2,0.0,309.097,1.0,1.0,0.0,0.0,0.0,1.0,0.0,1.0,0.0,1.0,0.0
3,medium,0.5,44,AODV,2,0.0,487.376,1.0,1.0,0.0,0.0,0.0,1.0,0.0,1.0,0.0,1.0,0.0
3,medium,0.5,44,DSDV,2,0.0,487.376,1.0,1.0,0.0,0.0,0.0,1.0,0.0,1.0,0.0,1.0,0.0
3,medium,0.5,44,DSR,2,0.0,487.376,1.0,1.0,0.0,0.0,0.0,1.0,0.0,1.0,0.0,1.0,0.0
3,medium,0.5,44,OLSR,2,0.0,487.376,1.0,1.0,0.0,0.0,0.0,1.0,0.0,1.0,0.0,1.0,0.0
3,medium,1.0,37,AODV,2,0.0,427.827,2.0,1.0,0.0,0.0,0.0,1.0,0.0,1.0,0.0,1.0,0.0
3,medium,1.0,37,DSDV,2,0.0,427.827,2.0,1.0,0.0,0.0,0.0,1.0,0.0,1.0,0.0,1.0,0.0
3,medium,1.0,37,DSR,2,0.0,427.827,2.0,1.0,0.0,0.0,0.0,1.0,0.0,1.0,0.0,1.0,0.0
3,medium,1.0,37,OLSR,2,0.0,427.827,2.0,1.0,0.0,0.0,0.0,1.0,0.0,1.0,0.0,1.0,0.0
3,medium,1.0,38,AODV,2,0.0,128.562,2.0,1.0,0.0,0.0,0.0,1.0,0.0,1.0,0.0,1.0,0.0
3,medium,1.0,38,DSDV,2,0.0,128.562,2.0,1.0,0.0,0.0,0.0,1.0,0.0,1.0,0.0,1.0,0.0
3,medium,1.0,38,DSR,2,0.0,128.562,2.0,1.0,0.0,0.0,0.0,1.0,0.0,1.0,0.0,1.0,0.0
3,medium,1.0,38,OLSR,2,0.0,128.562,2.0,1.0,0.0,0.0,0.0,1.0,0.0,1.0,0.0,1.0,0.0
3,medium,1.0,39,AODV,2,0.0,247.291,2.0,1.0,0.0,0.0,0.0,1.0,0.0,1.0,0.0,1.0,0.0
3,medium,1.0,39,DSDV,2,0.0,247.291,2.0,1.0,0.0,0.0,0.0,1.0,0.0,1.0,0.0,1.0,0.0
3,medium,1.0,39,DSR,2,0.0,247.291,2.0,1.0,0.0,0.0,0.0,1.0,0.0,1.0,0.0,1.0,0.0
3,medium,1.0,39,OLSR,2,0.0,247.291,2.0,1.0,0.0,0.0,0.0,1.0,0.0,1.0,0.0,1.0,0.0
3,medium,1.0,40,AODV,2,0.0,248.841,2.0,1.0,0.0,0.0,0.0,1.0,0.0,1.0,0.0,1.0,0.0
3,medium,1.0,40,DSDV,2,0.0,248.841,2.0,1.0,0.0,0.0,0.0,1.0,0.0,1.0,0.0,1.0,0.0
3,medium,1.0,40,DSR,2,0.0,248.841,2.0,1.0,0.0,0.0,0.0,1.0,0.0,1.0,0.0,1.0,0.0
3,medium,1.0,40,OLSR,2,0.0,248.841,2.0,1.0,0.0,0.0,0.0,1.0,0.0,1.0,0.0,1.0,0.0
3,medium,1.0,41,AODV,2,0.0,128.335,2.0,1.0,0.0,0.0,0.0,1.0,0.0,1.0,0.0,1.0,0.0
3,medium,1.0,41,DSDV,2,0.0,128.335,2.0,1.0,0.0,0.0,0.0,1.0,0.0,1.0,0.0,1.0,0.0
3,medium,1.0,41,DSR,2,0.0,128.335,2.0,1.0,0.0,0.0,0.0,1.0,0.0,1.0,0.0,1.0,0.0
3,medium,1.0,41,OLSR,2,0.0,128.335,2.0,1.0,0.0,0.0,0.0,1.0,0.0,1.0,0.0,1.0,0.0
3,medium,1.0,42,AODV,2,0.0,7.139,2.0,1.0,0.0,0.0,0.0,1.0,0.0,1.0,0.0,1.0,0.0
3,medium,1.0,42,DSDV,2,0.0,7.139,2.0,1.0,0.0,0.0,0.0,1.0,0.0,1.0,0.0,1.0,0.0
3,medium,1.0,42,DSR,2,0.0,7.139,2.0,1.0,0.0,0.0,0.0,1.0,0.0,1.0,0.0,1.0,0.0
3,medium,1.0,42,OLSR,2,0.0,7.139,2.0,1.0,0.0,0.0,0.0,1.0,0.0,1.0,0.0,1.0,0.0
3,medium,1.0,43,AODV,2,0.0,309.097,2.0,1.0,0.0,0.0,0.0,1.0,0.0,1.0,0.0,1.0,0.0
3,medium,1.0,43,DSDV,2,0.0,309.097,2.0,1.0,0.0,0.0,0.0,1.0,0.0,1.0,0.0,1.0,0.0
3,medium,1.0,43,DSR,2,0.0,309.097,2.0,1.0,0.0,0.0,0.0,1.0,0.0,1.0,0.0,1.0,0.0
3,medium,1.0,43,OLSR,2,0.0,309.097,2.0,1.0,0.0,0.0,0.0,1.0,0.0,1.0,0.0,1.0,0.0
3,medium,1.0,44,AODV,2,0.0,487.376,2.0,1.0,0.0,0.0,0.0,1.0,0.0,1.0,0.0,1.0,0.0
3,medium,1.0,44,DSDV,2,0.0,487.376,2.0,1.0,0.0,0.0,0.0,1.0,0.0,1.0,0.0,1.0,0.0
3,medium,1.0,44,DSR,2,0.0,487.376,2.0,1.0,0.0,0.0,0.0,1.0,0.0,1.0,0.0,1.0,0.0
3,medium,1.0,44,OLSR,2,0.0,487.376,2.0,1.0,0.0,0.0,0.0,1.0,0.0,1.0,0.0,1.0,0.0
3,medium,1.5,37,AODV,2,0.0,427.827,3.0,1.0,0.0,0.0,0.0,1.0,0.0,1.0,0.0,1.0,0.0
3,medium,1.5,37,DSDV,2,0.0,427.827,3.0,1.0,0.0,0.0,0.0,1.0,0.0,1.0,0.0,1.0,0.0
3,medium,1.5,37,DSR,2,0.0,427.827,3.0,1.0,0.0,0.0,0.0,1.0,0.0,1.0,0.0,1.0,0.0
3,medium,1.5,37,OLSR,2,0.0,427.827,3.0,1.0,0.0,0.0,0.0,1.0,0.0,1.0,0.0,1.0,0.0
3,medium,1.5,38,AODV,2,0.0,128.562,3.0,1.0,0.0,0.0,0.0,1.0,0.0,1.0,0.0,1.0,0.0
3,medium,1.5,38,DSDV,2,0.0,128.562,3.0,1.0,0.0,0.0,0.0,1.0,0.0,1.0,0.0,1.0,0.0
3,medium,1.5,38,DSR,2,0.0,128.562,3.0,1.0,0.0,0.0,0.0,1.0,0.0,1.0,0.0,1.0,0.0
3,medium,1.5,38,OLSR,2,0.0,128.562,3.0,1.0,0.0,0.0,0.0,1.0,0.0,1.0,0.0,1.0,0.0
3,medium,1.5,39,AODV,2,0.0,247.291,3.0,1.0,0.0,0.0,0.0,1.0,0.0,1.0,0.0,1.0,0.0
3,medium,1.5,39,DSDV,2,0.0,247.291,3.0,1.0,0.0,0.0,0.0,1.0,0.0,1.0,0.0,1.0,0.0
3,medium,1.5,39,DSR,2,0.0,247.291,3.0,1.0,0.0,0.0,0.0,1.0,0.0,1.0,0.0,1.0,0.0
3,medium,1.5,39,OLSR,2,0.0,247.291,3.0,1.0,0.0,0.0,0.0,1.0,0.0,1.0,0.0,1.0,0.0
3,medium,1.5,40,AODV,2,0.0,248.841,3.0,1.0,0.0,0.0,0.0,1.0,0.0,1.0,0.0,1.0,0.0
3,medium,1.5,40,DSDV,2,0.0,248.841,3.0,1.0,0.0,0.0,0.0,1.0,0.0,1.0,0.0,1.0,0.0
3,medium,1.5,40,DSR,2,0.0,248.841,3.0,1.0,0.0,0.0,0.0,1.0,0.0,1.0,0.0,1.0,0.0
3,medium,1.5,40,OLSR,2,0.0,248.841,3.0,1.0,0.0,0.0,0.0,1.0,0.0,1.0,0.0,1.0,0.0
3,medium,1.5,41,AODV,2,0.0,128.335,3.0,1.0,0.0,0.0,0.0,1.0,0.0,1.0,0.0,1.0,0.0
3,medium,1.5,41,DSDV,2,0.0,128.335,3.0,1.0,0.0,0.0,0.0,1.0,0.0,1.0,0.0,1.0,0.0
3,medium,1.5,41,DSR,2,0.0,128.335,3.0,1.0,0.0,0.0,0.0,1.0,0.0,1.0,0.0,1.0,0.0
3,medium,1.5,41,OLSR,2,0.0,128.335,3.0,1.0,0.0,0.0,0.0,1.0,0.0,1.0,0.0,1.0,0.0
3,medium,1.5,42,AODV,2,0.0,7.139,3.0,1.0,0.0,0.0,0.0,1.0,0.0,1.0,0.0,1.0,0.0
3,medium,1.5,42,DSDV,2,0.0,7.139,3.0,1.0,0.0,0.0,0.0,1.0,0.0,1.0,0.0,1.0,0.0
3,medium,1.5,42,DSR,2,0.0,7.139,3.0,1.0,0.0,0.0,0.0,1.0,0.0,1.0,0.0,1.0,0.0
3,medium,1.5,42,OLSR,2,0.0,7.139,3.0,1.0,0.0,0.0,0.0,1.0,0.0,1.0,0.0,1.0,0.0
3,medium,1.5,43,AODV,2,0.0,309.097,3.0,1.0,0.0,0.0,0.0,1.0,0.0,1.0,0.0,1.0,0.0
3,medium,1.5,43,DSDV,2,0.0,309.097,3.0,1.0,0.0,0.0,0.0,1.0,0.0,1.0,0.0,1.0,0.0
3,medium,1.5,43,DSR,2,0.0,309.097,3.0,1.0,0.0,0.0,0.0,1.0,0.0,1.0,0.0,1.0,0.0
3,medium,1.5,43,OLSR,2,0.0,309.097,3.0,1.0,0.0,0.0,0.0,1.0,0.0,1.0,0.0,1.0,0.0
3,medium,1.5,44,AODV,2,0.0,487.376,3.0,1.0,0.0,0.0,0.0,1.0,0.0,1.0,0.0,1.0,0.0
3,medium,1.5,44,DSDV,2,0.0,487.376,3.0,1.0,0.0,0.0,0.0,1.0,0.0,1.0,0.0,1.0,0.0
3,medium,1.5,44,DSR,2,0.0,487.376,3.0,1.0,0.0,0.0,0.0,1.0,0.0,1.0,0.0,1.0,0.0
3,medium,1.5,44,OLSR,2,0.0,487.376,3.0,1.0,0.0,0.0,0.0,1.0,0.0,1.0,0.0,1.0,0.0
3,medium,10.0,37,AODV,2,0.0,427.827,10.0,1.0,0.0,0.0,0.0,1.0,0.0,1.0,0.0,1.0,0.0
3,medium,10.0,37,DSDV,2,0.0,427.827,10.0,1.0,0.0,0.0,0.0,1.0,0.0,1.0,0.0,1.0,0.0
3,medium,10.0,37,DSR,2,0.0,427.827,10.0,1.0,0.0,0.0,0.0,1.0,0.0,1.0,0.0,1.0,0.0
3,medium,10.0,37,OLSR,2,0.0,427.827,10.0,1.0,0.0,0.0,0.0,1.0,0.0,1.0,0.0,1.0,0.0
3,medium,10.0,38,AODV,2,4.056,128.562,10.0,0.0,0.0,0.0,0.0,0.0,0.0,0.25,0.0,0.25,0.0
3,medium,10.0,38,DSDV,2,4.056,128.562,10.0,0.0,0.0,0.0,0.0,0.0,0.0,0.25,0.0,0.25,0.0
3,medium,10.0,38,DSR,2,4.056,128.562,10.0,0.0,0.0,0.0,0.0,0.0,0.0,0.25,0.0,0.25,0.0
3,medium,10.0,38,OLSR,2,4.056,128.562,10.0,0.0,0.0,0.0,0.0,0.0,0.0,0.25,0.0,0.25,0.0
3,medium,10.0,39,AODV,2,2.785,247.291,10.0,0.0,0.0,0.0,0.0,0.0,0.0,0.5,0.0,0.25,0.0
3,medium,10.0,39,DSDV,2,2.785,247.291,10.0,0.0,0.0,0.0,0.0,0.0,0.0,0.5,0.0,0.25,0.0
3,medium,10.0,39,DSR,2,2.785,247.291,10.0,0.0,0.0,0.0,0.0,0.0,0.0,0.5,0.0,0.25,0.0
3,medium,10.0,39,OLSR,2,2.785,247.291,10.0,0.0,0.0,0.0,0.0,0.0,0.0,0.5,0.0,0.25,0.0
3,medium,10.0,40,AODV,2,0.0,248.841,10.0,1.0,0.0,0.0,0.0,1.0,0.0,1.0,0.0,1.0,0.0
3,medium,10.0,40,DSDV,2,0.0,248.841,10.0,1.0,0.0,0.0,0.0,1.0,0.0,1.0,0.0,1.0,0.0
3,medium,10.0,40,DSR,2,0.0,248.841,10.0,1.0,0.0,0.0,0.0,1.0,0.0,1.0,0.0,1.0,0.0
3,medium,10.0,40,OLSR,2,0.0,248.841,10.0,1.0,0.0,0.0,0.0,1.0,0.0,1.0,0.0,1.0,0.0
3,medium,10.0,41,AODV,2,3.769,128.335,10.0,0.0,0.0,0.0,0.0,0.0,0.0,0.25,0.0,0.25,0.0
3,medium,10.0,41,DSDV,2,3.769,128.335,10.0,0.0,0.0,0.0,0.0,0.0,0.0,0.25,0.0,0.25,0.0
3,medium,10.0,41,DSR,2,3.769,128.335,10.0,0.0,0.0,0.0,0.0,0.0,0.0,0.25,0.0,0.25,0.0
3,medium,10.0,41,OLSR,2,3.769,128.335,10.0,0.0,0.0,0.0,0.0,0.0,0.0,0.25,0.0,0.25,0.0
3,medium,10.0,42,AODV,2,7.139,7.139,10.0,0.0,0.0,0.0,0.0,0.0,0.0,0.0,0.0,0.0,0.0
3,medium,10.0,42,DSDV,2,7.139,7.139,10.0,0.0,0.0,0.0,0.0,0.0,0.0,0.0,0.0,0.0,0.0
3,medium,10.0,42,DSR,2,7.139,7.139,10.0,0.0,0.0,0.0,0.0,0.0,0.0,0.0,0.0,0.0,0.0
3,medium,10.0,42,OLSR,2,7.139,7.139,10.0,0.0,0.0,0.0,0.0,0.0,0.0,0.0,0.0,0.0,0.0
3,medium,10.0,43,AODV,2,4.275,309.097,10.0,0.0,0.0,0.0,0.0,0.0,0.0,0.25,0.0,0.25,0.0
3,medium,10.0,43,DSDV,2,4.275,309.097,10.0,0.0,0.0,0.0,0.0,0.0,0.0,0.25,0.0,0.25,0.0
3,medium,10.0,43,DSR,2,4.275,309.097,10.0,0.0,0.0,0.0,0.0,0.0,0.0,0.25,0.0,0.25,0.0
3,medium,10.0,43,OLSR,2,4.275,309.097,10.0,0.0,0.0,0.0,0.0,0.0,0.0,0.25,0.0,0.25,0.0
3,medium,10.0,44,AODV,2,0.0,487.376,10.0,1.0,0.0,0.0,0.0,1.0,0.0,1.0,0.0,1.0,0.0
3,medium,10.0,44,DSDV,2,0.0,487.376,10.0,1.0,0.0,0.0,0.0,1.0,0.0,1.0,0.0,1.0,0.0
3,medium,10.0,44,DSR,2,0.0,487.376,10.0,1.0,0.0,0.0,0.0,1.0,0.0,1.0,0.0,1.0,0.0
3,medium,10.0,44,OLSR,2,0.0,487.376,10.0,1.0,0.0,0.0,0.0,1.0,0.0,1.0,0.0,1.0,0.0
3,medium,2.0,37,AODV,2,0.0,427.827,4.0,1.0,0.0,0.0,0.0,1.0,0.0,1.0,0.0,1.0,0.0
3,medium,2.0,37,DSDV,2,0.0,427.827,4.0,1.0,0.0,0.0,0.0,1.0,0.0,1.0,0.0,1.0,0.0
3,medium,2.0,37,DSR,2,0.0,427.827,4.0,1.0,0.0,0.0,0.0,1.0,0.0,1.0,0.0,1.0,0.0
3,medium,2.0,37,OLSR,2,0.0,427.827,4.0,1.0,0.0,0.0,0.0,1.0,0.0,1.0,0.0,1.0,0.0
3,medium,2.0,38,AODV,2,0.0,128.562,4.0,1.0,0.0,0.0,0.0,1.0,0.0,1.0,0.0,1.0,0.0
3,medium,2.0,38,DSDV,2,0.0,128.562,4.0,1.0,0.0,0.0,0.0,1.0,0.0,1.0,0.0,1.0,0.0
3,medium,2.0,38,DSR,2,0.0,128.562,4.0,1.0,0.0,0.0,0.0,1.0,0.0,1.0,0.0,1.0,0.0
3,medium,2.0,38,OLSR,2,0.0,128.562,4.0,1.0,0.0,0.0,0.0,1.0,0.0,1.0,0.0,1.0,0.0
3,medium,2.0,39,AODV,2,0.0,247.291,4.0,1.0,0.0,0.0,0.0,1.0,0.0,1.0,0.0,1.0,0.0
3,medium,2.0,39,DSDV,2,0.0,247.291,4.0,1.0,0.0,0.0,0.0,1.0,0.0,1.0,0.0,1.0,0.0
3,medium,2.0,39,DSR,2,0.0,247.291,4.0,1.0,0.0,0.0,0.0,1.0,0.0,1.0,0.0,1.0,0.0
3,medium,2.0,39,OLSR,2,0.0,247.291,4.0,1.0,0.0,0.0,0.0,1.0,0.0,1.0,0.0,1.0,0.0
3,medium,2.0,40,AODV,2,0.0,248.841,4.0,1.0,0.0,0.0,0.0,1.0,0.0,1.0,0.0,1.0,0.0
3,medium,2.0,40,DSDV,2,0.0,248.841,4.0,1.0,0.0,0.0,0.0,1.0,0.0,1.0,0.0,1.0,0.0
3,medium,2.0,40,DSR,2,0.0,248.841,4.0,1.0,0.0,0.0,0.0,1.0,0.0,1.0,0.0,1.0,0.0
3,medium,2.0,40,OLSR,2,0.0,248.841,4.0,1.0,0.0,0.0,0.0,1.0,0.0,1.0,0.0,1.0,0.0
3,medium,2.0,41,AODV,2,0.0,128.335,4.0,1.0,0.0,0.0,0.0,1.0,0.0,1.0,0.0,1.0,0.0
3,medium,2.0,41,DSDV,2,0.0,128.335,4.0,1.0,0.0,0.0,0.0,1.0,0.0,1.0,0.0,1.0,0.0
3,medium,2.0,41,DSR,2,0.0,128.335,4.0,1.0,0.0,0.0,0.0,1.0,0.0,1.0,0.0,1.0,0.0
3,medium,2.0,41,OLSR,2,0.0,128.335,4.0,1.0,0.0,0.0,0.0,1.0,0.0,1.0,0.0,1.0,0.0
3,medium,2.0,42,AODV,2,0.0,7.139,4.0,1.0,0.0,0.0,0.0,1.0,0.0,1.0,0.0,1.0,0.0
3,medium,2.0,42,DSDV,2,0.0,7.139,4.0,1.0,0.0,0.0,0.0,1.0,0.0,1.0,0.0,1.0,0.0
3,medium,2.0,42,DSR,2,0.0,7.139,4.0,1.0,0.0,0.0,0.0,1.0,0.0,1.0,0.0,1.0,0.0
3,medium,2.0,42,OLSR,2,0.0,7.139,4.0,1.0,0.0,0.0,0.0,1.0,0.0,1.0,0.0,1.0,0.0
3,medium,2.0,43,AODV,2,0.0,309.097,4.0,1.0,0.0,0.0,0.0,1.0,0.0,1.0,0.0,1.0,0.0
3,medium,2.0,43,DSDV,2,0.0,309.097,4.0,1.0,0.0,0.0,0.0,1.0,0.0,1.0,0.0,1.0,0.0
3,medium,2.0,43,DSR,2,0.0,309.097,4.0,1.0,0.0,0.0,0.0,1.0,0.0,1.0,0.0,1.0,0.0
3,medium,2.0,43,OLSR,2,0.0,309.097,4.0,1.0,0.0,0.0,0.0,1.0,0.0,1.0,0.0,1.0,0.0
3,medium,2.0,44,AODV,2,0.0,487.376,4.0,1.0,0.0,0.0,0.0,1.0,0.0,1.0,0.0,1.0,0.0
3,medium,2.0,44,DSDV,2,0.0,487.376,4.0,1.0,0.0,0.0,0.0,1.0,0.0,1.0,0.0,1.0,0.0
3,medium,2.0,44,DSR,2,0.0,487.376,4.0,1.0,0.0,0.0,0.0,1.0,0.0,1.0,0.0,1.0,0.0
3,medium,2.0,44,OLSR,2,0.0,487.376,4.0,1.0,0.0,0.0,0.0,1.0,0.0,1.0,0.0,1.0,0.0
3,medium,3.0,37,AODV,2,0.0,427.827,6.0,1.0,0.0,0.0,0.0,1.0,0.0,1.0,0.0,1.0,0.0
3,medium,3.0,37,DSDV,2,0.0,427.827,6.0,1.0,0.0,0.0,0.0,1.0,0.0,1.0,0.0,1.0,0.0
3,medium,3.0,37,DSR,2,0.0,427.827,6.0,1.0,0.0,0.0,0.0,1.0,0.0,1.0,0.0,1.0,0.0
3,medium,3.0,37,OLSR,2,0.0,427.827,6.0,1.0,0.0,0.0,0.0,1.0,0.0,1.0,0.0,1.0,0.0
3,medium,3.0,38,AODV,2,0.0,128.562,6.0,1.0,0.0,0.0,0.0,1.0,0.0,1.0,0.0,1.0,0.0
3,medium,3.0,38,DSDV,2,0.0,128.562,6.0,1.0,0.0,0.0,0.0,1.0,0.0,1.0,0.0,1.0,0.0
3,medium,3.0,38,DSR,2,0.0,128.562,6.0,1.0,0.0,0.0,0.0,1.0,0.0,1.0,0.0,1.0,0.0
3,medium,3.0,38,OLSR,2,0.0,128.562,6.0,1.0,0.0,0.0,0.0,1.0,0.0,1.0,0.0,1.0,0.0
3,medium,3.0,39,AODV,2,2.785,247.291,6.0,0.0,0.0,0.0,0.0,0.0,0.0,0.5,0.0,0.25,0.0
3,medium,3.0,39,DSDV,2,2.785,247.291,6.0,0.0,0.0,0.0,0.0,0.0,0.0,0.5,0.0,0.25,0.0
3,medium,3.0,39,DSR,2,2.785,247.291,6.0,0.0,0.0,0.0,0.0,0.0,0.0,0.5,0.0,0.25,0.0
3,medium,3.0,39,OLSR,2,2.785,247.291,6.0,0.0,0.0,0.0,0.0,0.0,0.0,0.5,0.0,0.25,0.0
3,medium,3.0,40,AODV,2,0.0,248.841,6.0,1.0,0.0,0.0,0.0,1.0,0.0,1.0,0.0,1.0,0.0
3,medium,3.0,40,DSDV,2,0.0,248.841,6.0,1.0,0.0,0.0,0.0,1.0,0.0,1.0,0.0,1.0,0.0
3,medium,3.0,40,DSR,2,0.0,248.841,6.0,1.0,0.0,0.0,0.0,1.0,0.0,1.0,0.0,1.0,0.0
3,medium,3.0,40,OLSR,2,0.0,248.841,6.0,1.0,0.0,0.0,0.0,1.0,0.0,1.0,0.0,1.0,0.0
3,medium,3.0,41,AODV,2,0.0,128.335,6.0,1.0,0.0,0.0,0.0,1.0,0.0,1.0,0.0,1.0,0.0
3,medium,3.0,41,DSDV,2,0.0,128.335,6.0,1.0,0.0,0.0,0.0,1.0,0.0,1.0,0.0,1.0,0.0
3,medium,3.0,41,DSR,2,0.0,128.335,6.0,1.0,0.0,0.0,0.0,1.0,0.0,1.0,0.0,1.0,0.0
3,medium,3.0,41,OLSR,2,0.0,128.335,6.0,1.0,0.0,0.0,0.0,1.0,0.0,1.0,0.0,1.0,0.0
3,medium,3.0,42,AODV,2,2.573,7.139,6.0,0.0,0.0,0.0,0.0,0.0,0.0,0.5,0.0,0.5,0.0
3,medium,3.0,42,DSDV,2,2.573,7.139,6.0,0.0,0.0,0.0,0.0,0.0,0.0,0.5,0.0,0.5,0.0
3,medium,3.0,42,DSR,2,2.573,7.139,6.0,0.0,0.0,0.0,0.0,0.0,0.0,0.5,0.0,0.5,0.0
3,medium,3.0,42,OLSR,2,2.573,7.139,6.0,0.0,0.0,0.0,0.0,0.0,0.0,0.5,0.0,0.5,0.0
3,medium,3.0,43,AODV,2,0.0,309.097,6.0,1.0,0.0,0.0,0.0,1.0,0.0,1.0,0.0,1.0,0.0
3,medium,3.0,43,DSDV,2,0.0,309.097,6.0,1.0,0.0,0.0,0.0,1.0,0.0,1.0,0.0,1.0,0.0
3,medium,3.0,43,DSR,2,0.0,309.097,6.0,1.0,0.0,0.0,0.0,1.0,0.0,1.0,0.0,1.0,0.0
3,medium,3.0,43,OLSR,2,0.0,309.097,6.0,1.0,0.0,0.0,0.0,1.0,0.0,1.0,0.0,1.0,0.0
3,medium,3.0,44,AODV,2,0.0,487.376,6.0,1.0,0.0,0.0,0.0,1.0,0.0,1.0,0.0,1.0,0.0
3,medium,3.0,44,DSDV,2,0.0,487.376,6.0,1.0,0.0,0.0,0.0,1.0,0.0,1.0,0.0,1.0,0.0
3,medium,3.0,44,DSR,2,0.0,487.376,6.0,1.0,0.0,0.0,0.0,1.0,0.0,1.0,0.0,1.0,0.0
3,medium,3.0,44,OLSR,2,0.0,487.376,6.0,1.0,0.0,0.0,0.0,1.0,0.0,1.0,0.0,1.0,0.0
3,medium,4.0,37,AODV,2,0.0,427.827,8.0,1.0,0.0,0.0,0.0,1.0,0.0,1.0,0.0,1.0,0.0
3,medium,4.0,37,DSDV,2,0.0,427.827,8.0,1.0,0.0,0.0,0.0,1.0,0.0,1.0,0.0,1.0,0.0
3,medium,4.0,37,DSR,2,0.0,427.827,8.0,1.0,0.0,0.0,0.0,1.0,0.0,1.0,0.0,1.0,0.0
3,medium,4.0,37,OLSR,2,0.0,427.827,8.0,1.0,0.0,0.0,0.0,1.0,0.0,1.0,0.0,1.0,0.0
3,medium,4.0,38,AODV,2,0.0,128.562,8.0,1.0,0.0,0.0,0.0,1.0,0.0,1.0,0.0,1.0,0.0
3,medium,4.0,38,DSDV,2,0.0,128.562,8.0,1.0,0.0,0.0,0.0,1.0,0.0,1.0,0.0,1.0,0.0
3,medium,4.0,38,DSR,2,0.0,128.562,8.0,1.0,0.0,0.0,0.0,1.0,0.0,1.0,0.0,1.0,0.0
3,medium,4.0,38,OLSR,2,0.0,128.562,8.0,1.0,0.0,0.0,0.0,1.0,0.0,1.0,0.0,1.0,0.0
3,medium,4.0,39,AODV,2,2.785,247.291,8.0,0.0,0.0,0.0,0.0,0.0,0.0,0.5,0.0,0.25,0.0
3,medium,4.0,39,DSDV,2,2.785,247.291,8.0,0.0,0.0,0.0,0.0,0.0,0.0,0.5,0.0,0.25,0.0
3,medium,4.0,39,DSR,2,2.785,247.291,8.0,0.0,0.0,0.0,0.0,0.0,0.0,0.5,0.0,0.25,0.0
3,medium,4.0,39,OLSR,2,2.785,247.291,8.0,0.0,0.0,0.0,0.0,0.0,0.0,0.5,0.0,0.25,0.0
3,medium,4.0,40,AODV,2,0.0,248.841,8.0,1.0,0.0,0.0,0.0,1.0,0.0,1.0,0.0,1.0,0.0
3,medium,4.0,40,DSDV,2,0.0,248.841,8.0,1.0,0.0,0.0,0.0,1.0,0.0,1.0,0.0,1.0,0.0
3,medium,4.0,40,DSR,2,0.0,248.841,8.0,1.0,0.0,0.0,0.0,1.0,0.0,1.0,0.0,1.0,0.0
3,medium,4.0,40,OLSR,2,0.0,248.841,8.0,1.0,0.0,0.0,0.0,1.0,0.0,1.0,0.0,1.0,0.0
3,medium,4.0,41,AODV,2,3.769,128.335,8.0,0.0,0.0,0.0,0.0,0.0,0.0,0.25,0.0,0.25,0.0
3,medium,4.0,41,DSDV,2,3.769,128.335,8.0,0.0,0.0,0.0,0.0,0.0,0.0,0.25,0.0,0.25,0.0
3,medium,4.0,41,DSR,2,3.769,128.335,8.0,0.0,0.0,0.0,0.0,0.0,0.0,0.25,0.0,0.25,0.0
3,medium,4.0,41,OLSR,2,3.769,128.335,8.0,0.0,0.0,0.0,0.0,0.0,0.0,0.25,0.0,0.25,0.0
3,medium,4.0,42,AODV,2,2.573,7.139,8.0,0.0,0.0,0.0,0.0,0.0,0.0,0.5,0.0,0.5,0.0
3,medium,4.0,42,DSDV,2,2.573,7.139,8.0,0.0,0.0,0.0,0.0,0.0,0.0,0.5,0.0,0.5,0.0
3,medium,4.0,42,DSR,2,2.573,7.139,8.0,0.0,0.0,0.0,0.0,0.0,0.0,0.5,0.0,0.5,0.0
3,medium,4.0,42,OLSR,2,2.573,7.139,8.0,0.0,0.0,0.0,0.0,0.0,0.0,0.5,0.0,0.5,0.0
3,medium,4.0,43,AODV,2,0.0,309.097,8.0,1.0,0.0,0.0,0.0,1.0,0.0,1.0,0.0,1.0,0.0
3,medium,4.0,43,DSDV,2,0.0,309.097,8.0,1.0,0.0,0.0,0.0,1.0,0.0,1.0,0.0,1.0,0.0
3,medium,4.0,43,DSR,2,0.0,309.097,8.0,1.0,0.0,0.0,0.0,1.0,0.0,1.0,0.0,1.0,0.0
3,medium,4.0,43,OLSR,2,0.0,309.097,8.0,1.0,0.0,0.0,0.0,1.0,0.0,1.0,0.0,1.0,0.0
3,medium,4.0,44,AODV,2,0.0,487.376,8.0,1.0,0.0,0.0,0.0,1.0,0.0,1.0,0.0,1.0,0.0
3,medium,4.0,44,DSDV,2,0.0,487.376,8.0,1.0,0.0,0.0,0.0,1.0,0.0,1.0,0.0,1.0,0.0
3,medium,4.0,44,DSR,2,0.0,487.376,8.0,1.0,0.0,0.0,0.0,1.0,0.0,1.0,0.0,1.0,0.0
3,medium,4.0,44,OLSR,2,0.0,487.376,8.0,1.0,0.0,0.0,0.0,1.0,0.0,1.0,0.0,1.0,0.0
3,medium,5.0,37,AODV,2,0.0,427.827,10.0,1.0,0.0,0.0,0.0,1.0,0.0,1.0,0.0,1.0,0.0
3,medium,5.0,37,DSDV,2,0.0,427.827,10.0,1.0,0.0,0.0,0.0,1.0,0.0,1.0,0.0,1.0,0.0
3,medium,5.0,37,DSR,2,0.0,427.827,10.0,1.0,0.0,0.0,0.0,1.0,0.0,1.0,0.0,1.0,0.0
3,medium,5.0,37,OLSR,2,0.0,427.827,10.0,1.0,0.0,0.0,0.0,1.0,0.0,1.0,0.0,1.0,0.0
3,medium,5.0,38,AODV,2,4.056,128.562,10.0,0.0,0.0,0.0,0.0,0.0,0.0,0.25,0.0,0.25,0.0
3,medium,5.0,38,DSDV,2,4.056,128.562,10.0,0.0,0.0,0.0,0.0,0.0,0.0,0.25,0.0,0.25,0.0
3,medium,5.0,38,DSR,2,4.056,128.562,10.0,0.0,0.0,0.0,0.0,0.0,0.0,0.25,0.0,0.25,0.0
3,medium,5.0,38,OLSR,2,4.056,128.562,10.0,0.0,0.0,0.0,0.0,0.0,0.0,0.25,0.0,0.25,0.0
3,medium,5.0,39,AODV,2,2.785,247.291,10.0,0.0,0.0,0.0,0.0,0.0,0.0,0.5,0.0,0.25,0.0
3,medium,5.0,39,DSDV,2,2.785,247.291,10.0,0.0,0.0,0.0,0.0,0.0,0.0,0.5,0.0,0.25,0.0
3,medium,5.0,39,DSR,2,2.785,247.291,10.0,0.0,0.0,0.0,0.0,0.0,0.0,0.5,0.0,0.25,0.0
3,medium,5.0,39,OLSR,2,2.785,247.291,10.0,0.0,0.0,0.0,0.0,0.0,0.0,0.5,0.0,0.25,0.0
3,medium,5.0,40,AODV,2,0.0,248.841,10.0,1.0,0.0,0.0,0.0,1.0,0.0,1.0,0.0,1.0,0.0
3,medium,5.0,40,DSDV,2,0.0,248.841,10.0,1.0,0.0,0.0,0.0,1.0,0.0,1.0,0.0,1.0,0.0
3,medium,5.0,40,DSR,2,0.0,248.841,10.0,1.0,0.0,0.0,0.0,1.0,0.0,1.0,0.0,1.0,0.0
3,medium,5.0,40,OLSR,2,0.0,248.841,10.0,1.0,0.0,0.0,0.0,1.0,0.0,1.0,0.0,1.0,0.0
3,medium,5.0,41,AODV,2,3.769,128.335,10.0,0.0,0.0,0.0,0.0,0.0,0.0,0.25,0.0,0.25,0.0
3,medium,5.0,41,DSDV,2,3.769,128.335,10.0,0.0,0.0,0.0,0.0,0.0,0.0,0.25,0.0,0.25,0.0
3,medium,5.0,41,DSR,2,3.769,128.335,10.0,0.0,0.0,0.0,0.0,0.0,0.0,0.25,0.0,0.25,0.0
3,medium,5.0,41,OLSR,2,3.769,128.335,10.0,0.0,0.0,0.0,0.0,0.0,0.0,0.25,0.0,0.25,0.0
3,medium,5.0,42,AODV,2,7.139,7.139,10.0,0.0,0.0,0.0,0.0,0.0,0.0,0.0,0.0,0.0,0.0
3,medium,5.0,42,DSDV,2,7.139,7.139,10.0,0.0,0.0,0.0,0.0,0.0,0.0,0.0,0.0,0.0,0.0
3,medium,5.0,42,DSR,2,7.139,7.139,10.0,0.0,0.0,0.0,0.0,0.0,0.0,0.0,0.0,0.0,0.0
3,medium,5.0,42,OLSR,2,7.139,7.139,10.0,0.0,0.0,0.0,0.0,0.0,0.0,0.0,0.0,0.0,0.0
3,medium,5.0,43,AODV,2,4.275,309.097,10.0,0.0,0.0,0.0,0.0,0.0,0.0,0.25,0.0,0.25,0.0
3,medium,5.0,43,DSDV,2,4.275,309.097,10.0,0.0,0.0,0.0,0.0,0.0,0.0,0.25,0.0,0.25,0.0
3,medium,5.0,43,DSR,2,4.275,309.097,10.0,0.0,0.0,0.0,0.0,0.0,0.0,0.25,0.0,0.25,0.0
3,medium,5.0,43,OLSR,2,4.275,309.097,10.0,0.0,0.0,0.0,0.0,0.0,0.0,0.25,0.0,0.25,0.0
3,medium,5.0,44,AODV,2,0.0,487.376,10.0,1.0,0.0,0.0,0.0,1.0,0.0,1.0,0.0,1.0,0.0
3,medium,5.0,44,DSDV,2,0.0,487.376,10.0,1.0,0.0,0.0,0.0,1.0,0.0,1.0,0.0,1.0,0.0
3,medium,5.0,44,DSR,2,0.0,487.376,10.0,1.0,0.0,0.0,0.0,1.0,0.0,1.0,0.0,1.0,0.0
3,medium,5.0,44,OLSR,2,0.0,487.376,10.0,1.0,0.0,0.0,0.0,1.0,0.0,1.0,0.0,1.0,0.0
3,medium,6.0,37,AODV,2,0.0,427.827,10.0,1.0,0.0,0.0,0.0,1.0,0.0,1.0,0.0,1.0,0.0
3,medium,6.0,37,DSDV,2,0.0,427.827,10.0,1.0,0.0,0.0,0.0,1.0,0.0,1.0,0.0,1.0,0.0
3,medium,6.0,37,DSR,2,0.0,427.827,10.0,1.0,0.0,0.0,0.0,1.0,0.0,1.0,0.0,1.0,0.0
3,medium,6.0,37,OLSR,2,0.0,427.827,10.0,1.0,0.0,0.0,0.0,1.0,0.0,1.0,0.0,1.0,0.0
3,medium,6.0,38,AODV,2,4.056,128.562,10.0,0.0,0.0,0.0,0.0,0.0,0.0,0.25,0.0,0.25,0.0
3,medium,6.0,38,DSDV,2,4.056,128.562,10.0,0.0,0.0,0.0,0.0,0.0,0.0,0.25,0.0,0.25,0.0
3,medium,6.0,38,DSR,2,4.056,128.562,10.0,0.0,0.0,0.0,0.0,0.0,0.0,0.25,0.0,0.25,0.0
3,medium,6.0,38,OLSR,2,4.056,128.562,10.0,0.0,0.0,0.0,0.0,0.0,0.0,0.25,0.0,0.25,0.0
3,medium,6.0,39,AODV,2,2.785,247.291,10.0,0.0,0.0,0.0,0.0,0.0,0.0,0.5,0.0,0.25,0.0
3,medium,6.0,39,DSDV,2,2.785,247.291,10.0,0.0,0.0,0.0,0.0,0.0,0.0,0.5,0.0,0.25,0.0
3,medium,6.0,39,DSR,2,2.785,247.291,10.0,0.0,0.0,0.0,0.0,0.0,0.0,0.5,0.0,0.25,0.0
3,medium,6.0,39,OLSR,2,2.785,247.291,10.0,0.0,0.0,0.0,0.0,0.0,0.0,0.5,0.0,0.25,0.0
3,medium,6.0,40,AODV,2,0.0,248.841,10.0,1.0,0.0,0.0,0.0,1.0,0.0,1.0,0.0,1.0,0.0
3,medium,6.0,40,DSDV,2,0.0,248.841,10.0,1.0,0.0,0.0,0.0,1.0,0.0,1.0,0.0,1.0,0.0
3,medium,6.0,40,DSR,2,0.0,248.841,10.0,1.0,0.0,0.0,0.0,1.0,0.0,1.0,0.0,1.0,0.0
3,medium,6.0,40,OLSR,2,0.0,248.841,10.0,1.0,0.0,0.0,0.0,1.0,0.0,1.0,0.0,1.0,0.0
3,medium,6.0,41,AODV,2,3.769,128.335,10.0,0.0,0.0,0.0,0.0,0.0,0.0,0.25,0.0,0.25,0.0
3,medium,6.0,41,DSDV,2,3.769,128.335,10.0,0.0,0.0,0.0,0.0,0.0,0.0,0.25,0.0,0.25,0.0
3,medium,6.0,41,DSR,2,3.769,128.335,10.0,0.0,0.0,0.0,0.0,0.0,0.0,0.25,0.0,0.25,0.0
3,medium,6.0,41,OLSR,2,3.769,128.335,10.0,0.0,0.0,0.0,0.0,0.0,0.0,0.25,0.0,0.25,0.0
3,medium,6.0,42,AODV,2,7.139,7.139,10.0,0.0,0.0,0.0,0.0,0.0,0.0,0.0,0.0,0.0,0.0
3,medium,6.0,42,DSDV,2,7.139,7.139,10.0,0.0,0.0,0.0,0.0,0.0,0.0,0.0,0.0,0.0,0.0
3,medium,6.0,42,DSR,2,7.139,7.139,10.0,0.0,0.0,0.0,0.0,0.0,0.0,0.0,0.0,0.0,0.0
3,medium,6.0,42,OLSR,2,7.139,7.139,10.0,0.0,0.0,0.0,0.0,0.0,0.0,0.0,0.0,0.0,0.0
3,medium,6.0,43,AODV,2,4.275,309.097,10.0,0.0,0.0,0.0,0.0,0.0,0.0,0.25,0.0,0.25,0.0
3,medium,6.0,43,DSDV,2,4.275,309.097,10.0,0.0,0.0,0.0,0.0,0.0,0.0,0.25,0.0,0.25,0.0
3,medium,6.0,43,DSR,2,4.275,309.097,10.0,0.0,0.0,0.0,0.0,0.0,0.0,0.25,0.0,0.25,0.0
3,medium,6.0,43,OLSR,2,4.275,309.097,10.0,0.0,0.0,0.0,0.0,0.0,0.0,0.25,0.0,0.25,0.0
3,medium,6.0,44,AODV,2,0.0,487.376,10.0,1.0,0.0,0.0,0.0,1.0,0.0,1.0,0.0,1.0,0.0
3,medium,6.0,44,DSDV,2,0.0,487.376,10.0,1.0,0.0,0.0,0.0,1.0,0.0,1.0,0.0,1.0,0.0
3,medium,6.0,44,DSR,2,0.0,487.376,10.0,1.0,0.0,0.0,0.0,1.0,0.0,1.0,0.0,1.0,0.0
3,medium,6.0,44,OLSR,2,0.0,487.376,10.0,1.0,0.0,0.0,0.0,1.0,0.0,1.0,0.0,1.0,0.0
3,medium,6.5,37,AODV,2,0.0,427.827,10.0,1.0,0.0,0.0,0.0,1.0,0.0,1.0,0.0,1.0,0.0
3,medium,6.5,37,DSDV,2,0.0,427.827,10.0,1.0,0.0,0.0,0.0,1.0,0.0,1.0,0.0,1.0,0.0
3,medium,6.5,37,DSR,2,0.0,427.827,10.0,1.0,0.0,0.0,0.0,1.0,0.0,1.0,0.0,1.0,0.0
3,medium,6.5,37,OLSR,2,0.0,427.827,10.0,1.0,0.0,0.0,0.0,1.0,0.0,1.0,0.0,1.0,0.0
3,medium,6.5,38,AODV,2,4.056,128.562,10.0,0.0,0.0,0.0,0.0,0.0,0.0,0.25,0.0,0.25,0.0
3,medium,6.5,38,DSDV,2,4.056,128.562,10.0,0.0,0.0,0.0,0.0,0.0,0.0,0.25,0.0,0.25,0.0
3,medium,6.5,38,DSR,2,4.056,128.562,10.0,0.0,0.0,0.0,0.0,0.0,0.0,0.25,0.0,0.25,0.0
3,medium,6.5,38,OLSR,2,4.056,128.562,10.0,0.0,0.0,0.0,0.0,0.0,0.0,0.25,0.0,0.25,0.0
3,medium,6.5,39,AODV,2,2.785,247.291,10.0,0.0,0.0,0.0,0.0,0.0,0.0,0.5,0.0,0.25,0.0
3,medium,6.5,39,DSDV,2,2.785,247.291,10.0,0.0,0.0,0.0,0.0,0.0,0.0,0.5,0.0,0.25,0.0
3,medium,6.5,39,DSR,2,2.785,247.291,10.0,0.0,0.0,0.0,0.0,0.0,0.0,0.5,0.0,0.25,0.0
3,medium,6.5,39,OLSR,2,2.785,247.291,10.0,0.0,0.0,0.0,0.0,0.0,0.0,0.5,0.0,0.25,0.0
3,medium,6.5,40,AODV,2,0.0,248.841,10.0,1.0,0.0,0.0,0.0,1.0,0.0,1.0,0.0,1.0,0.0
3,medium,6.5,40,DSDV,2,0.0,248.841,10.0,1.0,0.0,0.0,0.0,1.0,0.0,1.0,0.0,1.0,0.0
3,medium,6.5,40,DSR,2,0.0,248.841,10.0,1.0,0.0,0.0,0.0,1.0,0.0,1.0,0.0,1.0,0.0
3,medium,6.5,40,OLSR,2,0.0,248.841,10.0,1.0,0.0,0.0,0.0,1.0,0.0,1.0,0.0,1.0,0.0
3,medium,6.5,41,AODV,2,3.769,128.335,10.0,0.0,0.0,0.0,0.0,0.0,0.0,0.25,0.0,0.25,0.0
3,medium,6.5,41,DSDV,2,3.769,128.335,10.0,0.0,0.0,0.0,0.0,0.0,0.0,0.25,0.0,0.25,0.0
3,medium,6.5,41,DSR,2,3.769,128.335,10.0,0.0,0.0,0.0,0.0,0.0,0.0,0.25,0.0,0.25,0.0
3,medium,6.5,41,OLSR,2,3.769,128.335,10.0,0.0,0.0,0.0,0.0,0.0,0.0,0.25,0.0,0.25,0.0
3,medium,6.5,42,AODV,2,7.139,7.139,10.0,0.0,0.0,0.0,0.0,0.0,0.0,0.0,0.0,0.0,0.0
3,medium,6.5,42,DSDV,2,7.139,7.139,10.0,0.0,0.0,0.0,0.0,0.0,0.0,0.0,0.0,0.0,0.0
3,medium,6.5,42,DSR,2,7.139,7.139,10.0,0.0,0.0,0.0,0.0,0.0,0.0,0.0,0.0,0.0,0.0
3,medium,6.5,42,OLSR,2,7.139,7.139,10.0,0.0,0.0,0.0,0.0,0.0,0.0,0.0,0.0,0.0,0.0
3,medium,6.5,43,AODV,2,4.275,309.097,10.0,0.0,0.0,0.0,0.0,0.0,0.0,0.25,0.0,0.25,0.0
3,medium,6.5,43,DSDV,2,4.275,309.097,10.0,0.0,0.0,0.0,0.0,0.0,0.0,0.25,0.0,0.25,0.0
3,medium,6.5,43,DSR,2,4.275,309.097,10.0,0.0,0.0,0.0,0.0,0.0,0.0,0.25,0.0,0.25,0.0
3,medium,6.5,43,OLSR,2,4.275,309.097,10.0,0.0,0.0,0.0,0.0,0.0,0.0,0.25,0.0,0.25,0.0
3,medium,6.5,44,AODV,2,0.0,487.376,10.0,1.0,0.0,0.0,0.0,1.0,0.0,1.0,0.0,1.0,0.0
3,medium,6.5,44,DSDV,2,0.0,487.376,10.0,1.0,0.0,0.0,0.0,1.0,0.0,1.0,0.0,1.0,0.0
3,medium,6.5,44,DSR,2,0.0,487.376,10.0,1.0,0.0,0.0,0.0,1.0,0.0,1.0,0.0,1.0,0.0
3,medium,6.5,44,OLSR,2,0.0,487.376,10.0,1.0,0.0,0.0,0.0,1.0,0.0,1.0,0.0,1.0,0.0
3,medium,7.0,37,AODV,2,0.0,427.827,10.0,1.0,0.0,0.0,0.0,1.0,0.0,1.0,0.0,1.0,0.0
3,medium,7.0,37,DSDV,2,0.0,427.827,10.0,1.0,0.0,0.0,0.0,1.0,0.0,1.0,0.0,1.0,0.0
3,medium,7.0,37,DSR,2,0.0,427.827,10.0,1.0,0.0,0.0,0.0,1.0,0.0,1.0,0.0,1.0,0.0
3,medium,7.0,37,OLSR,2,0.0,427.827,10.0,1.0,0.0,0.0,0.0,1.0,0.0,1.0,0.0,1.0,0.0
3,medium,7.0,38,AODV,2,4.056,128.562,10.0,0.0,0.0,0.0,0.0,0.0,0.0,0.25,0.0,0.25,0.0
3,medium,7.0,38,DSDV,2,4.056,128.562,10.0,0.0,0.0,0.0,0.0,0.0,0.0,0.25,0.0,0.25,0.0
3,medium,7.0,38,DSR,2,4.056,128.562,10.0,0.0,0.0,0.0,0.0,0.0,0.0,0.25,0.0,0.25,0.0
3,medium,7.0,38,OLSR,2,4.056,128.562,10.0,0.0,0.0,0.0,0.0,0.0,0.0,0.25,0.0,0.25,0.0
3,medium,7.0,39,AODV,2,2.785,247.291,10.0,0.0,0.0,0.0,0.0,0.0,0.0,0.5,0.0,0.25,0.0
3,medium,7.0,39,DSDV,2,2.785,247.291,10.0,0.0,0.0,0.0,0.0,0.0,0.0,0.5,0.0,0.25,0.0
3,medium,7.0,39,DSR,2,2.785,247.291,10.0,0.0,0.0,0.0,0.0,0.0,0.0,0.5,0.0,0.25,0.0
3,medium,7.0,39,OLSR,2,2.785,247.291,10.0,0.0,0.0,0.0,0.0,0.0,0.0,0.5,0.0,0.25,0.0
3,medium,7.0,40,AODV,2,0.0,248.841,10.0,1.0,0.0,0.0,0.0,1.0,0.0,1.0,0.0,1.0,0.0
3,medium,7.0,40,DSDV,2,0.0,248.841,10.0,1.0,0.0,0.0,0.0,1.0,0.0,1.0,0.0,1.0,0.0
3,medium,7.0,40,DSR,2,0.0,248.841,10.0,1.0,0.0,0.0,0.0,1.0,0.0,1.0,0.0,1.0,0.0
3,medium,7.0,40,OLSR,2,0.0,248.841,10.0,1.0,0.0,0.0,0.0,1.0,0.0,1.0,0.0,1.0,0.0
3,medium,7.0,41,AODV,2,3.769,128.335,10.0,0.0,0.0,0.0,0.0,0.0,0.0,0.25,0.0,0.25,0.0
3,medium,7.0,41,DSDV,2,3.769,128.335,10.0,0.0,0.0,0.0,0.0,0.0,0.0,0.25,0.0,0.25,0.0
3,medium,7.0,41,DSR,2,3.769,128.335,10.0,0.0,0.0,0.0,0.0,0.0,0.0,0.25,0.0,0.25,0.0
3,medium,7.0,41,OLSR,2,3.769,128.335,10.0,0.0,0.0,0.0,0.0,0.0,0.0,0.25,0.0,0.25,0.0
3,medium,7.0,42,AODV,2,7.139,7.139,10.0,0.0,0.0,0.0,0.0,0.0,0.0,0.0,0.0,0.0,0.0
3,medium,7.0,42,DSDV,2,7.139,7.139,10.0,0.0,0.0,0.0,0.0,0.0,0.0,0.0,0.0,0.0,0.0
3,medium,7.0,42,DSR,2,7.139,7.139,10.0,0.0,0.0,0.0,0.0,0.0,0.0,0.0,0.0,0.0,0.0
3,medium,7.0,42,OLSR,2,7.139,7.139,10.0,0.0,0.0,0.0,0.0,0.0,0.0,0.0,0.0,0.0,0.0
3,medium,7.0,43,AODV,2,4.275,309.097,10.0,0.0,0.0,0.0,0.0,0.0,0.0,0.25,0.0,0.25,0.0
3,medium,7.0,43,DSDV,2,4.275,309.097,10.0,0.0,0.0,0.0,0.0,0.0,0.0,0.25,0.0,0.25,0.0
3,medium,7.0,43,DSR,2,4.275,309.097,10.0,0.0,0.0,0.0,0.0,0.0,0.0,0.25,0.0,0.25,0.0
3,medium,7.0,43,OLSR,2,4.275,309.097,10.0,0.0,0.0,0.0,0.0,0.0,0.0,0.25,0.0,0.25,0.0
3,medium,7.0,44,AODV,2,0.0,487.376,10.0,1.0,0.0,0.0,0.0,1.0,0.0,1.0,0.0,1.0,0.0
3,medium,7.0,44,DSDV,2,0.0,487.376,10.0,1.0,0.0,0.0,0.0,1.0,0.0,1.0,0.0,1.0,0.0
3,medium,7.0,44,DSR,2,0.0,487.376,10.0,1.0,0.0,0.0,0.0,1.0,0.0,1.0,0.0,1.0,0.0
3,medium,7.0,44,OLSR,2,0.0,487.376,10.0,1.0,0.0,0.0,0.0,1.0,0.0,1.0,0.0,1.0,0.0
3,medium,8.0,37,AODV,2,0.0,427.827,10.0,1.0,0.0,0.0,0.0,1.0,0.0,1.0,0.0,1.0,0.0
3,medium,8.0,37,DSDV,2,0.0,427.827,10.0,1.0,0.0,0.0,0.0,1.0,0.0,1.0,0.0,1.0,0.0
3,medium,8.0,37,DSR,2,0.0,427.827,10.0,1.0,0.0,0.0,0.0,1.0,0.0,1.0,0.0,1.0,0.0
3,medium,8.0,37,OLSR,2,0.0,427.827,10.0,1.0,0.0,0.0,0.0,1.0,0.0,1.0,0.0,1.0,0.0
3,medium,8.0,38,AODV,2,4.056,128.562,10.0,0.0,0.0,0.0,0.0,0.0,0.0,0.25,0.0,0.25,0.0
3,medium,8.0,38,DSDV,2,4.056,128.562,10.0,0.0,0.0,0.0,0.0,0.0,0.0,0.25,0.0,0.25,0.0
3,medium,8.0,38,DSR,2,4.056,128.562,10.0,0.0,0.0,0.0,0.0,0.0,0.0,0.25,0.0,0.25,0.0
3,medium,8.0,38,OLSR,2,4.056,128.562,10.0,0.0,0.0,0.0,0.0,0.0,0.0,0.25,0.0,0.25,0.0
3,medium,8.0,39,AODV,2,2.785,247.291,10.0,0.0,0.0,0.0,0.0,0.0,0.0,0.5,0.0,0.25,0.0
3,medium,8.0,39,DSDV,2,2.785,247.291,10.0,0.0,0.0,0.0,0.0,0.0,0.0,0.5,0.0,0.25,0.0
3,medium,8.0,39,DSR,2,2.785,247.291,10.0,0.0,0.0,0.0,0.0,0.0,0.0,0.5,0.0,0.25,0.0
3,medium,8.0,39,OLSR,2,2.785,247.291,10.0,0.0,0.0,0.0,0.0,0.0,0.0,0.5,0.0,0.25,0.0
3,medium,8.0,40,AODV,2,0.0,248.841,10.0,1.0,0.0,0.0,0.0,1.0,0.0,1.0,0.0,1.0,0.0
3,medium,8.0,40,DSDV,2,0.0,248.841,10.0,1.0,0.0,0.0,0.0,1.0,0.0,1.0,0.0,1.0,0.0
3,medium,8.0,40,DSR,2,0.0,248.841,10.0,1.0,0.0,0.0,0.0,1.0,0.0,1.0,0.0,1.0,0.0
3,medium,8.0,40,OLSR,2,0.0,248.841,10.0,1.0,0.0,0.0,0.0,1.0,0.0,1.0,0.0,1.0,0.0
3,medium,8.0,41,AODV,2,3.769,128.335,10.0,0.0,0.0,0.0,0.0,0.0,0.0,0.25,0.0,0.25,0.0
3,medium,8.0,41,DSDV,2,3.769,128.335,10.0,0.0,0.0,0.0,0.0,0.0,0.0,0.25,0.0,0.25,0.0
3,medium,8.0,41,DSR,2,3.769,128.335,10.0,0.0,0.0,0.0,0.0,0.0,0.0,0.25,0.0,0.25,0.0
3,medium,8.0,41,OLSR,2,3.769,128.335,10.0,0.0,0.0,0.0,0.0,0.0,0.0,0.25,0.0,0.25,0.0
3,medium,8.0,42,AODV,2,7.139,7.139,10.0,0.0,0.0,0.0,0.0,0.0,0.0,0.0,0.0,0.0,0.0
3,medium,8.0,42,DSDV,2,7.139,7.139,10.0,0.0,0.0,0.0,0.0,0.0,0.0,0.0,0.0,0.0,0.0
3,medium,8.0,42,DSR,2,7.139,7.139,10.0,0.0,0.0,0.0,0.0,0.0,0.0,0.0,0.0,0.0,0.0
3,medium,8.0,42,OLSR,2,7.139,7.139,10.0,0.0,0.0,0.0,0.0,0.0,0.0,0.0,0.0,0.0,0.0
3,medium,8.0,43,AODV,2,4.275,309.097,10.0,0.0,0.0,0.0,0.0,0.0,0.0,0.25,0.0,0.25,0.0
3,medium,8.0,43,DSDV,2,4.275,309.097,10.0,0.0,0.0,0.0,0.0,0.0,0.0,0.25,0.0,0.25,0.0
3,medium,8.0,43,DSR,2,4.275,309.097,10.0,0.0,0.0,0.0,0.0,0.0,0.0,0.25,0.0,0.25,0.0
3,medium,8.0,43,OLSR,2,4.275,309.097,10.0,0.0,0.0,0.0,0.0,0.0,0.0,0.25,0.0,0.25,0.0
3,medium,8.0,44,AODV,2,0.0,487.376,10.0,1.0,0.0,0.0,0.0,1.0,0.0,1.0,0.0,1.0,0.0
3,medium,8.0,44,DSDV,2,0.0,487.376,10.0,1.0,0.0,0.0,0.0,1.0,0.0,1.0,0.0,1.0,0.0
3,medium,8.0,44,DSR,2,0.0,487.376,10.0,1.0,0.0,0.0,0.0,1.0,0.0,1.0,0.0,1.0,0.0
3,medium,8.0,44,OLSR,2,0.0,487.376,10.0,1.0,0.0,0.0,0.0,1.0,0.0,1.0,0.0,1.0,0.0
