scenario,mode,epsilon,seed,policy,packet,hop,from,to,residual_s,path_match,suspicious,malicious_sender
1,low,0.25,37,AODV,1001,0,n2,n6,0.089,1,0,0
1,low,0.25,37,AODV,1001,1,n6,n10,4.195,1,1,1
1,low,0.25,37,AODV,1001,2,n10,n14,3.942,1,1,1
1,low,0.25,37,AODV,1001,3,n14,S,0.117,1,0,0
1,low,0.25,37,OLSR,1001,0,n2,n6,0.089,1,0,0
1,low,0.25,37,OLSR,1001,1,n6,n10,4.195,1,1,1
1,low,0.25,37,OLSR,1001,2,n10,n14,3.942,1,1,1
1,low,0.25,37,OLSR,1001,3,n14,S,0.117,1,0,0
1,low,0.25,37,DSR,1001,0,n2,n6,0.089,1,0,0
1,low,0.25,37,DSR,1001,1,n6,n10,4.195,1,1,1
1,low,0.25,37,DSR,1001,2,n10,n14,3.942,1,1,1
1,low,0.25,37,DSR,1001,3,n14,S,0.117,1,0,0
1,low,0.25,37,DSDV,1001,0,n2,n6,0.089,1,0,0
1,low,0.25,37,DSDV,1001,1,n6,n10,4.195,1,1,1
1,low,0.25,37,DSDV,1001,2,n10,n14,3.942,1,1,1
1,low,0.25,37,DSDV,1001,3,n14,S,0.117,1,0,0
1,low,0.25,38,AODV,1001,0,n2,n6,0.155,1,0,0
1,low,0.25,38,AODV,1001,1,n6,n10,4.303,1,1,1
1,low,0.25,38,AODV,1001,2,n10,n9,4.132,0,1,1
1,low,0.25,38,AODV,1001,3,n9,n13,0.128,1,0,0
1,low,0.25,38,AODV,1001,4,n13,S,0.103,1,0,0
1,low,0.25,38,OLSR,1001,0,n2,n6,0.155,1,0,0
1,low,0.25,38,OLSR,1001,1,n6,n10,4.303,1,1,1
1,low,0.25,38,OLSR,1001,2,n10,n9,4.132,1,1,1
1,low,0.25,38,OLSR,1001,3,n9,n13,0.128,1,0,0
1,low,0.25,38,OLSR,1001,4,n13,S,0.103,1,0,0
1,low,0.25,38,DSR,1001,0,n2,n6,0.155,1,0,0
1,low,0.25,38,DSR,1001,1,n6,n10,4.303,1,1,1
1,low,0.25,38,DSR,1001,2,n10,n14,64.132,1,1,1
1,low,0.25,38,DSR,1001,3,n14,S,0.103,1,0,0
1,low,0.25,38,DSDV,1001,0,n2,n6,0.155,1,0,0
1,low,0.25,38,DSDV,1001,1,n6,n10,4.303,1,1,1
1,low,0.25,38,DSDV,1001,2,n10,n9,4.132,1,1,1
1,low,0.25,38,DSDV,1001,3,n9,n13,0.128,1,0,0
1,low,0.25,38,DSDV,1001,4,n13,S,0.103,1,0,0
1,low,0.25,39,AODV,1001,0,n2,n6,0.166,1,0,0
1,low,0.25,39,AODV,1001,1,n6,n10,4.132,1,1,1
1,low,0.25,39,AODV,1001,2,n10,n9,4.303,0,1,1
1,low,0.25,39,AODV,1001,3,n9,n13,0.108,1,0,0
1,low,0.25,39,AODV,1001,4,n13,S,0.150,1,0,0
1,low,0.25,39,OLSR,1001,0,n2,n6,0.166,1,0,0
1,low,0.25,39,OLSR,1001,1,n6,n10,4.132,1,1,1
1,low,0.25,39,OLSR,1001,2,n10,n9,4.303,1,1,1
1,low,0.25,39,OLSR,1001,3,n9,n13,0.108,1,0,0
1,low,0.25,39,OLSR,1001,4,n13,S,0.150,1,0,0
1,low,0.25,39,DSR,1001,0,n2,n6,0.166,1,0,0
1,low,0.25,39,DSR,1001,1,n6,n10,4.132,1,1,1
1,low,0.25,39,DSR,1001,2,n10,n14,64.303,1,1,1
1,low,0.25,39,DSR,1001,3,n14,S,0.150,1,0,0
1,low,0.25,39,DSDV,1001,0,n2,n6,0.166,1,0,0
1,low,0.25,39,DSDV,1001,1,n6,n10,4.132,1,1,1
1,low,0.25,39,DSDV,1001,2,n10,n9,4.303,1,1,1
1,low,0.25,39,DSDV,1001,3,n9,n13,0.108,1,0,0
1,low,0.25,39,DSDV,1001,4,n13,S,0.150,1,0,0
1,low,0.25,40,AODV,1001,0,n2,n6,0.127,1,0,0
1,low,0.25,40,AODV,1001,1,n6,n10,63.415,1,1,1
1,low,0.25,40,AODV,1001,2,n10,n14,3.838,1,1,1
1,low,0.25,40,AODV,1001,3,n14,S,0.148,1,0,0
1,low,0.25,40,OLSR,1001,0,n2,n6,0.127,1,0,0
1,low,0.25,40,OLSR,1001,1,n6,n10,63.415,1,1,1
1,low,0.25,40,OLSR,1001,2,n10,n14,3.838,1,1,1
1,low,0.25,40,OLSR,1001,3,n14,S,0.148,1,0,0
1,low,0.25,40,DSR,1001,0,n2,n6,0.127,1,0,0
1,low,0.25,40,DSR,1001,1,n6,n10,123.415,1,1,1
1,low,0.25,40,DSR,1001,2,n10,n14,3.838,1,1,1
1,low,0.25,40,DSR,1001,3,n14,S,0.148,1,0,0
1,low,0.25,40,DSDV,1001,0,n2,n6,0.127,1,0,0
1,low,0.25,40,DSDV,1001,1,n6,n5,63.415,1,1,1
1,low,0.25,40,DSDV,1001,2,n5,n9,0.115,1,0,0
1,low,0.25,40,DSDV,1001,3,n9,n13,0.158,1,0,0
1,low,0.25,40,DSDV,1001,4,n13,S,0.056,1,0,0
1,low,0.25,41,AODV,1001,0,n2,n6,0.094,1,0,0
1,low,0.25,41,AODV,1001,1,n6,n5,3.838,0,1,1
1,low,0.25,41,AODV,1001,2,n5,n9,0.154,1,0,0
1,low,0.25,41,AODV,1001,3,n9,n13,0.056,1,0,0
1,low,0.25,41,AODV,1001,4,n13,S,0.160,1,0,0
1,low,0.25,41,OLSR,1001,0,n2,n6,0.094,1,0,0
1,low,0.25,41,OLSR,1001,1,n6,n5,3.838,1,1,1
1,low,0.25,41,OLSR,1001,2,n5,n9,0.154,1,0,0
1,low,0.25,41,OLSR,1001,3,n9,n13,0.056,1,0,0
1,low,0.25,41,OLSR,1001,4,n13,S,0.160,1,0,0
1,low,0.25,41,DSR,1001,0,n2,n6,0.094,1,0,0
1,low,0.25,41,DSR,1001,1,n6,n10,63.838,1,1,1
1,low,0.25,41,DSR,1001,2,n10,n14,183.838,1,1,1
1,low,0.25,41,DSR,1001,3,n14,S,0.177,1,0,0
1,low,0.25,41,DSDV,1001,0,n2,n6,0.094,1,0,0
1,low,0.25,41,DSDV,1001,1,n6,n5,3.838,1,1,1
1,low,0.25,41,DSDV,1001,2,n5,n9,0.154,1,0,0
1,low,0.25,41,DSDV,1001,3,n9,n13,0.056,1,0,0
1,low,0.25,41,DSDV,1001,4,n13,S,0.160,1,0,0
1,low,0.25,42,AODV,1001,0,n2,n6,0.119,1,0,0
1,low,0.25,42,AODV,1001,1,n6,n10,4.042,1,1,1
1,low,0.25,42,AODV,1001,2,n10,n9,3.415,0,1,1
1,low,0.25,42,AODV,1001,3,n9,n13,0.115,1,0,0
1,low,0.25,42,AODV,1001,4,n13,S,0.160,1,0,0
1,low,0.25,42,OLSR,1001,0,n2,n6,0.119,1,0,0
1,low,0.25,42,OLSR,1001,1,n6,n10,4.042,1,1,1
1,low,0.25,42,OLSR,1001,2,n10,n9,3.415,1,1,1
1,low,0.25,42,OLSR,1001,3,n9,n13,0.115,1,0,0
1,low,0.25,42,OLSR,1001,4,n13,S,0.160,1,0,0
1,low,0.25,42,DSR,1001,0,n2,n6,0.119,1,0,0
1,low,0.25,42,DSR,1001,1,n6,n10,4.042,1,1,1
1,low,0.25,42,DSR,1001,2,n10,n14,63.415,1,1,1
1,low,0.25,42,DSR,1001,3,n14,S,0.160,1,0,0
1,low,0.25,42,DSDV,1001,0,n2,n6,0.119,1,0,0
1,low,0.25,42,DSDV,1001,1,n6,n10,4.042,1,1,1
1,low,0.25,42,DSDV,1001,2,n10,n9,3.415,1,1,1
1,low,0.25,42,DSDV,1001,3,n9,n13,0.115,1,0,0
1,low,0.25,42,DSDV,1001,4,n13,S,0.160,1,0,0
1,low,0.25,43,AODV,1001,0,n2,n6,0.142,1,0,0
1,low,0.25,43,AODV,1001,1,n6,n10,3.415,1,1,1
1,low,0.25,43,AODV,1001,2,n10,n14,3.838,1,1,1
1,low,0.25,43,AODV,1001,3,n14,S,0.056,1,0,0
1,low,0.25,43,OLSR,1001,0,n2,n6,0.142,1,0,0
1,low,0.25,43,OLSR,1001,1,n6,n10,3.415,1,1,1
1,low,0.25,43,OLSR,1001,2,n10,n14,3.838,1,1,1
1,low,0.25,43,OLSR,1001,3,n14,S,0.056,1,0,0
1,low,0.25,43,DSR,1001,0,n2,n6,0.142,1,0,0
1,low,0.25,43,DSR,1001,1,n6,n10,3.415,1,1,1
1,low,0.25,43,DSR,1001,2,n10,n14,3.838,1,1,1
1,low,0.25,43,DSR,1001,3,n14,S,0.056,1,0,0
1,low,0.25,43,DSDV,1001,0,n2,n6,0.142,1,0,0
1,low,0.25,43,DSDV,1001,1,n6,n10,3.415,1,1,1
1,low,0.25,43,DSDV,1001,2,n10,n14,3.838,1,1,1
1,low,0.25,43,DSDV,1001,3,n14,S,0.056,1,0,0
1,low,0.25,44,AODV,1001,0,n2,n6,0.154,1,0,0
1,low,0.25,44,AODV,1001,1,n6,n10,4.018,1,1,1
1,low,0.25,44,AODV,1001,2,n10,n9,3.002,0,1,1
1,low,0.25,44,AODV,1001,3,n9,n13,0.125,1,0,0
1,low,0.25,44,AODV,1001,4,n13,S,0.130,1,0,0
1,low,0.25,44,OLSR,1001,0,n2,n6,0.154,1,0,0
1,low,0.25,44,OLSR,1001,1,n6,n10,4.018,1,1,1
1,low,0.25,44,OLSR,1001,2,n10,n9,3.002,1,1,1
1,low,0.25,44,OLSR,1001,3,n9,n13,0.125,1,0,0
1,low,0.25,44,OLSR,1001,4,n13,S,0.130,1,0,0
1,low,0.25,44,DSR,1001,0,n2,n6,0.154,1,0,0
1,low,0.25,44,DSR,1001,1,n6,n10,4.018,1,1,1
1,low,0.25,44,DSR,1001,2,n10,n14,63.002,1,1,1
1,low,0.25,44,DSR,1001,3,n14,S,0.130,1,0,0
1,low,0.25,44,DSDV,1001,0,n2,n6,0.154,1,0,0
1,low,0.25,44,DSDV,1001,1,n6,n10,4.018,1,1,1
1,low,0.25,44,DSDV,1001,2,n10,n9,3.002,1,1,1
1,low,0.25,44,DSDV,1001,3,n9,n13,0.125,1,0,0
1,low,0.25,44,DSDV,1001,4,n13,S,0.130,1,0,0
1,low,0.5,37,AODV,1001,0,n2,n6,0.089,1,0,0
1,low,0.5,37,AODV,1001,1,n6,n10,4.195,1,1,1
1,low,0.5,37,AODV,1001,2,n10,n14,3.942,1,1,1
1,low,0.5,37,AODV,1001,3,n14,S,0.117,1,0,0
1,low,0.5,37,OLSR,1001,0,n2,n6,0.089,1,0,0
1,low,0.5,37,OLSR,1001,1,n6,n10,4.195,1,1,1
1,low,0.5,37,OLSR,1001,2,n10,n14,3.942,1,1,1
1,low,0.5,37,OLSR,1001,3,n14,S,0.117,1,0,0
1,low,0.5,37,DSR,1001,0,n2,n6,0.089,1,0,0
1,low,0.5,37,DSR,1001,1,n6,n10,4.195,1,1,1
1,low,0.5,37,DSR,1001,2,n10,n14,3.942,1,1,1
1,low,0.5,37,DSR,1001,3,n14,S,0.117,1,0,0
1,low,0.5,37,DSDV,1001,0,n2,n6,0.089,1,0,0
1,low,0.5,37,DSDV,1001,1,n6,n10,4.195,1,1,1
1,low,0.5,37,DSDV,1001,2,n10,n14,3.942,1,1,1
1,low,0.5,37,DSDV,1001,3,n14,S,0.117,1,0,0
1,low,0.5,38,AODV,1001,0,n2,n6,0.155,1,0,0
1,low,0.5,38,AODV,1001,1,n6,n10,4.303,1,1,1
1,low,0.5,38,AODV,1001,2,n10,n9,4.132,0,1,1
1,low,0.5,38,AODV,1001,3,n9,n13,0.128,1,0,0
1,low,0.5,38,AODV,1001,4,n13,S,0.103,1,0,0
1,low,0.5,38,OLSR,1001,0,n2,n6,0.155,1,0,0
1,low,0.5,38,OLSR,1001,1,n6,n10,4.303,1,1,1
1,low,0.5,38,OLSR,1001,2,n10,n9,4.132,1,1,1
1,low,0.5,38,OLSR,1001,3,n9,n13,0.128,1,0,0
1,low,0.5,38,OLSR,1001,4,n13,S,0.103,1,0,0
1,low,0.5,38,DSR,1001,0,n2,n6,0.155,1,0,0
1,low,0.5,38,DSR,1001,1,n6,n10,4.303,1,1,1
1,low,0.5,38,DSR,1001,2,n10,n14,64.132,1,1,1
1,low,0.5,38,DSR,1001,3,n14,S,0.103,1,0,0
1,low,0.5,38,DSDV,1001,0,n2,n6,0.155,1,0,0
1,low,0.5,38,DSDV,1001,1,n6,n10,4.303,1,1,1
1,low,0.5,38,DSDV,1001,2,n10,n9,4.132,1,1,1
1,low,0.5,38,DSDV,1001,3,n9,n13,0.128,1,0,0
1,low,0.5,38,DSDV,1001,4,n13,S,0.103,1,0,0
1,low,0.5,39,AODV,1001,0,n2,n6,0.166,1,0,0
1,low,0.5,39,AODV,1001,1,n6,n10,4.132,1,1,1
1,low,0.5,39,AODV,1001,2,n10,n9,4.303,0,1,1
1,low,0.5,39,AODV,1001,3,n9,n13,0.108,1,0,0
1,low,0.5,39,AODV,1001,4,n13,S,0.150,1,0,0
1,low,0.5,39,OLSR,1001,0,n2,n6,0.166,1,0,0
1,low,0.5,39,OLSR,1001,1,n6,n10,4.132,1,1,1
1,low,0.5,39,OLSR,1001,2,n10,n9,4.303,1,1,1
1,low,0.5,39,OLSR,1001,3,n9,n13,0.108,1,0,0
1,low,0.5,39,OLSR,1001,4,n13,S,0.150,1,0,0
1,low,0.5,39,DSR,1001,0,n2,n6,0.166,1,0,0
1,low,0.5,39,DSR,1001,1,n6,n10,4.132,1,1,1
1,low,0.5,39,DSR,1001,2,n10,n14,64.303,1,1,1
1,low,0.5,39,DSR,1001,3,n14,S,0.150,1,0,0
1,low,0.5,39,DSDV,1001,0,n2,n6,0.166,1,0,0
1,low,0.5,39,DSDV,1001,1,n6,n10,4.132,1,1,1
1,low,0.5,39,DSDV,1001,2,n10,n9,4.303,1,1,1
1,low,0.5,39,DSDV,1001,3,n9,n13,0.108,1,0,0
1,low,0.5,39,DSDV,1001,4,n13,S,0.150,1,0,0
1,low,0.5,40,AODV,1001,0,n2,n6,0.127,1,0,0
1,low,0.5,40,AODV,1001,1,n6,n10,63.415,1,1,1
1,low,0.5,40,AODV,1001,2,n10,n14,3.838,1,1,1
1,low,0.5,40,AODV,1001,3,n14,S,0.148,1,0,0
1,low,0.5,40,OLSR,1001,0,n2,n6,0.127,1,0,0
1,low,0.5,40,OLSR,1001,1,n6,n10,63.415,1,1,1
1,low,0.5,40,OLSR,1001,2,n10,n14,3.838,1,1,1
1,low,0.5,40,OLSR,1001,3,n14,S,0.148,1,0,0
1,low,0.5,40,DSR,1001,0,n2,n6,0.127,1,0,0
1,low,0.5,40,DSR,1001,1,n6,n10,123.415,1,1,1
1,low,0.5,40,DSR,1001,2,n10,n14,3.838,1,1,1
1,low,0.5,40,DSR,1001,3,n14,S,0.148,1,0,0
1,low,0.5,40,DSDV,1001,0,n2,n6,0.127,1,0,0
1,low,0.5,40,DSDV,1001,1,n6,n5,63.415,1,1,1
1,low,0.5,40,DSDV,1001,2,n5,n9,0.115,1,0,0
1,low,0.5,40,DSDV,1001,3,n9,n13,0.158,1,0,0
1,low,0.5,40,DSDV,1001,4,n13,S,0.056,1,0,0
1,low,0.5,41,AODV,1001,0,n2,n6,0.094,1,0,0
1,low,0.5,41,AODV,1001,1,n6,n5,3.838,0,1,1
1,low,0.5,41,AODV,1001,2,n5,n9,0.154,1,0,0
1,low,0.5,41,AODV,1001,3,n9,n13,0.056,1,0,0
1,low,0.5,41,AODV,1001,4,n13,S,0.160,1,0,0
1,low,0.5,41,OLSR,1001,0,n2,n6,0.094,1,0,0
1,low,0.5,41,OLSR,1001,1,n6,n5,3.838,1,1,1
1,low,0.5,41,OLSR,1001,2,n5,n9,0.154,1,0,0
1,low,0.5,41,OLSR,1001,3,n9,n13,0.056,1,0,0
1,low,0.5,41,OLSR,1001,4,n13,S,0.160,1,0,0
1,low,0.5,41,DSR,1001,0,n2,n6,0.094,1,0,0
1,low,0.5,41,DSR,1001,1,n6,n10,63.838,1,1,1
1,low,0.5,41,DSR,1001,2,n10,n14,183.838,1,1,1
1,low,0.5,41,DSR,1001,3,n14,S,0.177,1,0,0
1,low,0.5,41,DSDV,1001,0,n2,n6,0.094,1,0,0
1,low,0.5,41,DSDV,1001,1,n6,n5,3.838,1,1,1
1,low,0.5,41,DSDV,1001,2,n5,n9,0.154,1,0,0
1,low,0.5,41,DSDV,1001,3,n9,n13,0.056,1,0,0
1,low,0.5,41,DSDV,1001,4,n13,S,0.160,1,0,0
1,low,0.5,42,AODV,1001,0,n2,n6,0.119,1,0,0
1,low,0.5,42,AODV,1001,1,n6,n10,4.042,1,1,1
1,low,0.5,42,AODV,1001,2,n10,n9,3.415,0,1,1
1,low,0.5,42,AODV,1001,3,n9,n13,0.115,1,0,0
1,low,0.5,42,AODV,1001,4,n13,S,0.160,1,0,0
1,low,0.5,42,OLSR,1001,0,n2,n6,0.119,1,0,0
1,low,0.5,42,OLSR,1001,1,n6,n10,4.042,1,1,1
1,low,0.5,42,OLSR,1001,2,n10,n9,3.415,1,1,1
1,low,0.5,42,OLSR,1001,3,n9,n13,0.115,1,0,0
1,low,0.5,42,OLSR,1001,4,n13,S,0.160,1,0,0
1,low,0.5,42,DSR,1001,0,n2,n6,0.119,1,0,0
1,low,0.5,42,DSR,1001,1,n6,n10,4.042,1,1,1
1,low,0.5,42,DSR,1001,2,n10,n14,63.415,1,1,1
1,low,0.5,42,DSR,1001,3,n14,S,0.160,1,0,0
1,low,0.5,42,DSDV,1001,0,n2,n6,0.119,1,0,0
1,low,0.5,42,DSDV,1001,1,n6,n10,4.042,1,1,1
1,low,0.5,42,DSDV,1001,2,n10,n9,3.415,1,1,1
1,low,0.5,42,DSDV,1001,3,n9,n13,0.115,1,0,0
1,low,0.5,42,DSDV,1001,4,n13,S,0.160,1,0,0
1,low,0.5,43,AODV,1001,0,n2,n6,0.142,1,0,0
1,low,0.5,43,AODV,1001,1,n6,n10,3.415,1,1,1
1,low,0.5,43,AODV,1001,2,n10,n14,3.838,1,1,1
1,low,0.5,43,AODV,1001,3,n14,S,0.056,1,0,0
1,low,0.5,43,OLSR,1001,0,n2,n6,0.142,1,0,0
1,low,0.5,43,OLSR,1001,1,n6,n10,3.415,1,1,1
1,low,0.5,43,OLSR,1001,2,n10,n14,3.838,1,1,1
1,low,0.5,43,OLSR,1001,3,n14,S,0.056,1,0,0
1,low,0.5,43,DSR,1001,0,n2,n6,0.142,1,0,0
1,low,0.5,43,DSR,1001,1,n6,n10,3.415,1,1,1
1,low,0.5,43,DSR,1001,2,n10,n14,3.838,1,1,1
1,low,0.5,43,DSR,1001,3,n14,S,0.056,1,0,0
1,low,0.5,43,DSDV,1001,0,n2,n6,0.142,1,0,0
1,low,0.5,43,DSDV,1001,1,n6,n10,3.415,1,1,1
1,low,0.5,43,DSDV,1001,2,n10,n14,3.838,1,1,1
1,low,0.5,43,DSDV,1001,3,n14,S,0.056,1,0,0
1,low,0.5,44,AODV,1001,0,n2,n6,0.154,1,0,0
1,low,0.5,44,AODV,1001,1,n6,n10,4.018,1,1,1
1,low,0.5,44,AODV,1001,2,n10,n9,3.002,0,1,1
1,low,0.5,44,AODV,1001,3,n9,n13,0.125,1,0,0
1,low,0.5,44,AODV,1001,4,n13,S,0.130,1,0,0
1,low,0.5,44,OLSR,1001,0,n2,n6,0.154,1,0,0
1,low,0.5,44,OLSR,1001,1,n6,n10,4.018,1,1,1
1,low,0.5,44,OLSR,1001,2,n10,n9,3.002,1,1,1
1,low,0.5,44,OLSR,1001,3,n9,n13,0.125,1,0,0
1,low,0.5,44,OLSR,1001,4,n13,S,0.130,1,0,0
1,low,0.5,44,DSR,1001,0,n2,n6,0.154,1,0,0
1,low,0.5,44,DSR,1001,1,n6,n10,4.018,1,1,1
1,low,0.5,44,DSR,1001,2,n10,n14,63.002,1,1,1
1,low,0.5,44,DSR,1001,3,n14,S,0.130,1,0,0
1,low,0.5,44,DSDV,1001,0,n2,n6,0.154,1,0,0
1,low,0.5,44,DSDV,1001,1,n6,n10,4.018,1,1,1
1,low,0.5,44,DSDV,1001,2,n10,n9,3.002,1,1,1
1,low,0.5,44,DSDV,1001,3,n9,n13,0.125,1,0,0
1,low,0.5,44,DSDV,1001,4,n13,S,0.130,1,0,0
1,low,1.0,37,AODV,1001,0,n2,n6,0.089,1,0,0
1,low,1.0,37,AODV,1001,1,n6,n10,4.195,1,1,1
1,low,1.0,37,AODV,1001,2,n10,n14,3.942,1,1,1
1,low,1.0,37,AODV,1001,3,n14,S,0.117,1,0,0
1,low,1.0,37,OLSR,1001,0,n2,n6,0.089,1,0,0
1,low,1.0,37,OLSR,1001,1,n6,n10,4.195,1,1,1
1,low,1.0,37,OLSR,1001,2,n10,n14,3.942,1,1,1
1,low,1.0,37,OLSR,1001,3,n14,S,0.117,1,0,0
1,low,1.0,37,DSR,1001,0,n2,n6,0.089,1,0,0
1,low,1.0,37,DSR,1001,1,n6,n10,4.195,1,1,1
1,low,1.0,37,DSR,1001,2,n10,n14,3.942,1,1,1
1,low,1.0,37,DSR,1001,3,n14,S,0.117,1,0,0
1,low,1.0,37,DSDV,1001,0,n2,n6,0.089,1,0,0
1,low,1.0,37,DSDV,1001,1,n6,n10,4.195,1,1,1
1,low,1.0,37,DSDV,1001,2,n10,n14,3.942,1,1,1
1,low,1.0,37,DSDV,1001,3,n14,S,0.117,1,0,0
1,low,1.0,38,AODV,1001,0,n2,n6,0.155,1,0,0
1,low,1.0,38,AODV,1001,1,n6,n10,4.303,1,1,1
1,low,1.0,38,AODV,1001,2,n10,n9,4.132,0,1,1
1,low,1.0,38,AODV,1001,3,n9,n13,0.128,1,0,0
1,low,1.0,38,AODV,1001,4,n13,S,0.103,1,0,0
1,low,1.0,38,OLSR,1001,0,n2,n6,0.155,1,0,0
1,low,1.0,38,OLSR,1001,1,n6,n10,4.303,1,1,1
1,low,1.0,38,OLSR,1001,2,n10,n9,4.132,1,1,1
1,low,1.0,38,OLSR,1001,3,n9,n13,0.128,1,0,0
1,low,1.0,38,OLSR,1001,4,n13,S,0.103,1,0,0
1,low,1.0,38,DSR,1001,0,n2,n6,0.155,1,0,0
1,low,1.0,38,DSR,1001,1,n6,n10,4.303,1,1,1
1,low,1.0,38,DSR,1001,2,n10,n14,64.132,1,1,1
1,low,1.0,38,DSR,1001,3,n14,S,0.103,1,0,0
1,low,1.0,38,DSDV,1001,0,n2,n6,0.155,1,0,0
1,low,1.0,38,DSDV,1001,1,n6,n10,4.303,1,1,1
1,low,1.0,38,DSDV,1001,2,n10,n9,4.132,1,1,1
1,low,1.0,38,DSDV,1001,3,n9,n13,0.128,1,0,0
1,low,1.0,38,DSDV,1001,4,n13,S,0.103,1,0,0
1,low,1.0,39,AODV,1001,0,n2,n6,0.166,1,0,0
1,low,1.0,39,AODV,1001,1,n6,n10,4.132,1,1,1
1,low,1.0,39,AODV,1001,2,n10,n9,4.303,0,1,1
1,low,1.0,39,AODV,1001,3,n9,n13,0.108,1,0,0
1,low,1.0,39,AODV,1001,4,n13,S,0.150,1,0,0
1,low,1.0,39,OLSR,1001,0,n2,n6,0.166,1,0,0
1,low,1.0,39,OLSR,1001,1,n6,n10,4.132,1,1,1
1,low,1.0,39,OLSR,1001,2,n10,n9,4.303,1,1,1
1,low,1.0,39,OLSR,1001,3,n9,n13,0.108,1,0,0
1,low,1.0,39,OLSR,1001,4,n13,S,0.150,1,0,0
1,low,1.0,39,DSR,1001,0,n2,n6,0.166,1,0,0
1,low,1.0,39,DSR,1001,1,n6,n10,4.132,1,1,1
1,low,1.0,39,DSR,1001,2,n10,n14,64.303,1,1,1
1,low,1.0,39,DSR,1001,3,n14,S,0.150,1,0,0
1,low,1.0,39,DSDV,1001,0,n2,n6,0.166,1,0,0
1,low,1.0,39,DSDV,1001,1,n6,n10,4.132,1,1,1
1,low,1.0,39,DSDV,1001,2,n10,n9,4.303,1,1,1
1,low,1.0,39,DSDV,1001,3,n9,n13,0.108,1,0,0
1,low,1.0,39,DSDV,1001,4,n13,S,0.150,1,0,0
1,low,1.0,40,AODV,1001,0,n2,n6,0.127,1,0,0
1,low,1.0,40,AODV,1001,1,n6,n10,63.415,1,1,1
1,low,1.0,40,AODV,1001,2,n10,n14,3.838,1,1,1
1,low,1.0,40,AODV,1001,3,n14,S,0.148,1,0,0
1,low,1.0,40,OLSR,1001,0,n2,n6,0.127,1,0,0
1,low,1.0,40,OLSR,1001,1,n6,n10,63.415,1,1,1
1,low,1.0,40,OLSR,1001,2,n10,n14,3.838,1,1,1
1,low,1.0,40,OLSR,1001,3,n14,S,0.148,1,0,0
1,low,1.0,40,DSR,1001,0,n2,n6,0.127,1,0,0
1,low,1.0,40,DSR,1001,1,n6,n10,123.415,1,1,1
1,low,1.0,40,DSR,1001,2,n10,n14,3.838,1,1,1
1,low,1.0,40,DSR,1001,3,n14,S,0.148,1,0,0
1,low,1.0,40,DSDV,1001,0,n2,n6,0.127,1,0,0
1,low,1.0,40,DSDV,1001,1,n6,n5,63.415,1,1,1
1,low,1.0,40,DSDV,1001,2,n5,n9,0.115,1,0,0
1,low,1.0,40,DSDV,1001,3,n9,n13,0.158,1,0,0
1,low,1.0,40,DSDV,1001,4,n13,S,0.056,1,0,0
1,low,1.0,41,AODV,1001,0,n2,n6,0.094,1,0,0
1,low,1.0,41,AODV,1001,1,n6,n5,3.838,0,1,1
1,low,1.0,41,AODV,1001,2,n5,n9,0.154,1,0,0
1,low,1.0,41,AODV,1001,3,n9,n13,0.056,1,0,0
1,low,1.0,41,AODV,1001,4,n13,S,0.160,1,0,0
1,low,1.0,41,OLSR,1001,0,n2,n6,0.094,1,0,0
1,low,1.0,41,OLSR,1001,1,n6,n5,3.838,1,1,1
1,low,1.0,41,OLSR,1001,2,n5,n9,0.154,1,0,0
1,low,1.0,41,OLSR,1001,3,n9,n13,0.056,1,0,0
1,low,1.0,41,OLSR,1001,4,n13,S,0.160,1,0,0
1,low,1.0,41,DSR,1001,0,n2,n6,0.094,1,0,0
1,low,1.0,41,DSR,1001,1,n6,n10,63.838,1,1,1
1,low,1.0,41,DSR,1001,2,n10,n14,183.838,1,1,1
1,low,1.0,41,DSR,1001,3,n14,S,0.177,1,0,0
1,low,1.0,41,DSDV,1001,0,n2,n6,0.094,1,0,0
1,low,1.0,41,DSDV,1001,1,n6,n5,3.838,1,1,1
1,low,1.0,41,DSDV,1001,2,n5,n9,0.154,1,0,0
1,low,1.0,41,DSDV,1001,3,n9,n13,0.056,1,0,0
1,low,1.0,41,DSDV,1001,4,n13,S,0.160,1,0,0
1,low,1.0,42,AODV,1001,0,n2,n6,0.119,1,0,0
1,low,1.0,42,AODV,1001,1,n6,n10,4.042,1,1,1
1,low,1.0,42,AODV,1001,2,n10,n9,3.415,0,1,1
1,low,1.0,42,AODV,1001,3,n9,n13,0.115,1,0,0
1,low,1.0,42,AODV,1001,4,n13,S,0.160,1,0,0
1,low,1.0,42,OLSR,1001,0,n2,n6,0.119,1,0,0
1,low,1.0,42,OLSR,1001,1,n6,n10,4.042,1,1,1
1,low,1.0,42,OLSR,1001,2,n10,n9,3.415,1,1,1
1,low,1.0,42,OLSR,1001,3,n9,n13,0.115,1,0,0
1,low,1.0,42,OLSR,1001,4,n13,S,0.160,1,0,0
1,low,1.0,42,DSR,1001,0,n2,n6,0.119,1,0,0
1,low,1.0,42,DSR,1001,1,n6,n10,4.042,1,1,1
1,low,1.0,42,DSR,1001,2,n10,n14,63.415,1,1,1
1,low,1.0,42,DSR,1001,3,n14,S,0.160,1,0,0
1,low,1.0,42,DSDV,1001,0,n2,n6,0.119,1,0,0
1,low,1.0,42,DSDV,1001,1,n6,n10,4.042,1,1,1
1,low,1.0,42,DSDV,1001,2,n10,n9,3.415,1,1,1
1,low,1.0,42,DSDV,1001,3,n9,n13,0.115,1,0,0
1,low,1.0,42,DSDV,1001,4,n13,S,0.160,1,0,0
1,low,1.0,43,AODV,1001,0,n2,n6,0.142,1,0,0
1,low,1.0,43,AODV,1001,1,n6,n10,3.415,1,1,1
1,low,1.0,43,AODV,1001,2,n10,n14,3.838,1,1,1
1,low,1.0,43,AODV,1001,3,n14,S,0.056,1,0,0
1,low,1.0,43,OLSR,1001,0,n2,n6,0.142,1,0,0
1,low,1.0,43,OLSR,1001,1,n6,n10,3.415,1,1,1
1,low,1.0,43,OLSR,1001,2,n10,n14,3.838,1,1,1
1,low,1.0,43,OLSR,1001,3,n14,S,0.056,1,0,0
1,low,1.0,43,DSR,1001,0,n2,n6,0.142,1,0,0
1,low,1.0,43,DSR,1001,1,n6,n10,3.415,1,1,1
1,low,1.0,43,DSR,1001,2,n10,n14,3.838,1,1,1
1,low,1.0,43,DSR,1001,3,n14,S,0.056,1,0,0
1,low,1.0,43,DSDV,1001,0,n2,n6,0.142,1,0,0
1,low,1.0,43,DSDV,1001,1,n6,n10,3.415,1,1,1
1,low,1.0,43,DSDV,1001,2,n10,n14,3.838,1,1,1
1,low,1.0,43,DSDV,1001,3,n14,S,0.056,1,0,0
1,low,1.0,44,AODV,1001,0,n2,n6,0.154,1,0,0
1,low,1.0,44,AODV,1001,1,n6,n10,4.018,1,1,1
1,low,1.0,44,AODV,1001,2,n10,n9,3.002,0,1,1
1,low,1.0,44,AODV,1001,3,n9,n13,0.125,1,0,0
1,low,1.0,44,AODV,1001,4,n13,S,0.130,1,0,0
1,low,1.0,44,OLSR,1001,0,n2,n6,0.154,1,0,0
1,low,1.0,44,OLSR,1001,1,n6,n10,4.018,1,1,1
1,low,1.0,44,OLSR,1001,2,n10,n9,3.002,1,1,1
1,low,1.0,44,OLSR,1001,3,n9,n13,0.125,1,0,0
1,low,1.0,44,OLSR,1001,4,n13,S,0.130,1,0,0
1,low,1.0,44,DSR,1001,0,n2,n6,0.154,1,0,0
1,low,1.0,44,DSR,1001,1,n6,n10,4.018,1,1,1
1,low,1.0,44,DSR,1001,2,n10,n14,63.002,1,1,1
1,low,1.0,44,DSR,1001,3,n14,S,0.130,1,0,0
1,low,1.0,44,DSDV,1001,0,n2,n6,0.154,1,0,0
1,low,1.0,44,DSDV,1001,1,n6,n10,4.018,1,1,1
1,low,1.0,44,DSDV,1001,2,n10,n9,3.002,1,1,1
1,low,1.0,44,DSDV,1001,3,n9,n13,0.125,1,0,0
1,low,1.0,44,DSDV,1001,4,n13,S,0.130,1,0,0
1,low,1.5,37,AODV,1001,0,n2,n6,0.089,1,0,0
1,low,1.5,37,AODV,1001,1,n6,n10,4.195,1,1,1
1,low,1.5,37,AODV,1001,2,n10,n14,3.942,1,1,1
1,low,1.5,37,AODV,1001,3,n14,S,0.117,1,0,0
1,low,1.5,37,OLSR,1001,0,n2,n6,0.089,1,0,0
1,low,1.5,37,OLSR,1001,1,n6,n10,4.195,1,1,1
1,low,1.5,37,OLSR,1001,2,n10,n14,3.942,1,1,1
1,low,1.5,37,OLSR,1001,3,n14,S,0.117,1,0,0
1,low,1.5,37,DSR,1001,0,n2,n6,0.089,1,0,0
1,low,1.5,37,DSR,1001,1,n6,n10,4.195,1,1,1
1,low,1.5,37,DSR,1001,2,n10,n14,3.942,1,1,1
1,low,1.5,37,DSR,1001,3,n14,S,0.117,1,0,0
1,low,1.5,37,DSDV,1001,0,n2,n6,0.089,1,0,0
1,low,1.5,37,DSDV,1001,1,n6,n10,4.195,1,1,1
1,low,1.5,37,DSDV,1001,2,n10,n14,3.942,1,1,1
1,low,1.5,37,DSDV,1001,3,n14,S,0.117,1,0,0
1,low,1.5,38,AODV,1001,0,n2,n6,0.155,1,0,0
1,low,1.5,38,AODV,1001,1,n6,n10,4.303,1,1,1
1,low,1.5,38,AODV,1001,2,n10,n9,4.132,0,1,1
1,low,1.5,38,AODV,1001,3,n9,n13,0.128,1,0,0
1,low,1.5,38,AODV,1001,4,n13,S,0.103,1,0,0
1,low,1.5,38,OLSR,1001,0,n2,n6,0.155,1,0,0
1,low,1.5,38,OLSR,1001,1,n6,n10,4.303,1,1,1
1,low,1.5,38,OLSR,1001,2,n10,n9,4.132,1,1,1
1,low,1.5,38,OLSR,1001,3,n9,n13,0.128,1,0,0
1,low,1.5,38,OLSR,1001,4,n13,S,0.103,1,0,0
1,low,1.5,38,DSR,1001,0,n2,n6,0.155,1,0,0
1,low,1.5,38,DSR,1001,1,n6,n10,4.303,1,1,1
1,low,1.5,38,DSR,1001,2,n10,n14,64.132,1,1,1
1,low,1.5,38,DSR,1001,3,n14,S,0.103,1,0,0
1,low,1.5,38,DSDV,1001,0,n2,n6,0.155,1,0,0
1,low,1.5,38,DSDV,1001,1,n6,n10,4.303,1,1,1
1,low,1.5,38,DSDV,1001,2,n10,n9,4.132,1,1,1
1,low,1.5,38,DSDV,1001,3,n9,n13,0.128,1,0,0
1,low,1.5,38,DSDV,1001,4,n13,S,0.103,1,0,0
1,low,1.5,39,AODV,1001,0,n2,n6,0.166,1,0,0
1,low,1.5,39,AODV,1001,1,n6,n10,4.132,1,1,1
1,low,1.5,39,AODV,1001,2,n10,n9,4.303,0,1,1
1,low,1.5,39,AODV,1001,3,n9,n13,0.108,1,0,0
1,low,1.5,39,AODV,1001,4,n13,S,0.150,1,0,0
1,low,1.5,39,OLSR,1001,0,n2,n6,0.166,1,0,0
1,low,1.5,39,OLSR,1001,1,n6,n10,4.132,1,1,1
1,low,1.5,39,OLSR,1001,2,n10,n9,4.303,1,1,1
1,low,1.5,39,OLSR,1001,3,n9,n13,0.108,1,0,0
1,low,1.5,39,OLSR,1001,4,n13,S,0.150,1,0,0
1,low,1.5,39,DSR,1001,0,n2,n6,0.166,1,0,0
1,low,1.5,39,DSR,1001,1,n6,n10,4.132,1,1,1
1,low,1.5,39,DSR,1001,2,n10,n14,64.303,1,1,1
1,low,1.5,39,DSR,1001,3,n14,S,0.150,1,0,0
1,low,1.5,39,DSDV,1001,0,n2,n6,0.166,1,0,0
1,low,1.5,39,DSDV,1001,1,n6,n10,4.132,1,1,1
1,low,1.5,39,DSDV,1001,2,n10,n9,4.303,1,1,1
1,low,1.5,39,DSDV,1001,3,n9,n13,0.108,1,0,0
1,low,1.5,39,DSDV,1001,4,n13,S,0.150,1,0,0
1,low,1.5,40,AODV,1001,0,n2,n6,0.127,1,0,0
1,low,1.5,40,AODV,1001,1,n6,n10,63.415,1,1,1
1,low,1.5,40,AODV,1001,2,n10,n14,3.838,1,1,1
1,low,1.5,40,AODV,1001,3,n14,S,0.148,1,0,0
1,low,1.5,40,OLSR,1001,0,n2,n6,0.127,1,0,0
1,low,1.5,40,OLSR,1001,1,n6,n10,63.415,1,1,1
1,low,1.5,40,OLSR,1001,2,n10,n14,3.838,1,1,1
1,low,1.5,40,OLSR,1001,3,n14,S,0.148,1,0,0
1,low,1.5,40,DSR,1001,0,n2,n6,0.127,1,0,0
1,low,1.5,40,DSR,1001,1,n6,n10,123.415,1,1,1
1,low,1.5,40,DSR,1001,2,n10,n14,3.838,1,1,1
1,low,1.5,40,DSR,1001,3,n14,S,0.148,1,0,0
1,low,1.5,40,DSDV,1001,0,n2,n6,0.127,1,0,0
1,low,1.5,40,DSDV,1001,1,n6,n5,63.415,1,1,1
1,low,1.5,40,DSDV,1001,2,n5,n9,0.115,1,0,0
1,low,1.5,40,DSDV,1001,3,n9,n13,0.158,1,0,0
1,low,1.5,40,DSDV,1001,4,n13,S,0.056,1,0,0
1,low,1.5,41,AODV,1001,0,n2,n6,0.094,1,0,0
1,low,1.5,41,AODV,1001,1,n6,n5,3.838,0,1,1
1,low,1.5,41,AODV,1001,2,n5,n9,0.154,1,0,0
1,low,1.5,41,AODV,1001,3,n9,n13,0.056,1,0,0
1,low,1.5,41,AODV,1001,4,n13,S,0.160,1,0,0
1,low,1.5,41,OLSR,1001,0,n2,n6,0.094,1,0,0
1,low,1.5,41,OLSR,1001,1,n6,n5,3.838,1,1,1
1,low,1.5,41,OLSR,1001,2,n5,n9,0.154,1,0,0
1,low,1.5,41,OLSR,1001,3,n9,n13,0.056,1,0,0
1,low,1.5,41,OLSR,1001,4,n13,S,0.160,1,0,0
1,low,1.5,41,DSR,1001,0,n2,n6,0.094,1,0,0
1,low,1.5,41,DSR,1001,1,n6,n10,63.838,1,1,1
1,low,1.5,41,DSR,1001,2,n10,n14,183.838,1,1,1
1,low,1.5,41,DSR,1001,3,n14,S,0.177,1,0,0
1,low,1.5,41,DSDV,1001,0,n2,n6,0.094,1,0,0
1,low,1.5,41,DSDV,1001,1,n6,n5,3.838,1,1,1
1,low,1.5,41,DSDV,1001,2,n5,n9,0.154,1,0,0
1,low,1.5,41,DSDV,1001,3,n9,n13,0.056,1,0,0
1,low,1.5,41,DSDV,1001,4,n13,S,0.160,1,0,0
1,low,1.5,42,AODV,1001,0,n2,n6,0.119,1,0,0
1,low,1.5,42,AODV,1001,1,n6,n10,4.042,1,1,1
1,low,1.5,42,AODV,1001,2,n10,n9,3.415,0,1,1
1,low,1.5,42,AODV,1001,3,n9,n13,0.115,1,0,0
1,low,1.5,42,AODV,1001,4,n13,S,0.160,1,0,0
1,low,1.5,42,OLSR,1001,0,n2,n6,0.119,1,0,0
1,low,1.5,42,OLSR,1001,1,n6,n10,4.042,1,1,1
1,low,1.5,42,OLSR,1001,2,n10,n9,3.415,1,1,1
1,low,1.5,42,OLSR,1001,3,n9,n13,0.115,1,0,0
1,low,1.5,42,OLSR,1001,4,n13,S,0.160,1,0,0
1,low,1.5,42,DSR,1001,0,n2,n6,0.119,1,0,0
1,low,1.5,42,DSR,1001,1,n6,n10,4.042,1,1,1
1,low,1.5,42,DSR,1001,2,n10,n14,63.415,1,1,1
1,low,1.5,42,DSR,1001,3,n14,S,0.160,1,0,0
1,low,1.5,42,DSDV,1001,0,n2,n6,0.119,1,0,0
1,low,1.5,42,DSDV,1001,1,n6,n10,4.042,1,1,1
1,low,1.5,42,DSDV,1001,2,n10,n9,3.415,1,1,1
1,low,1.5,42,DSDV,1001,3,n9,n13,0.115,1,0,0
1,low,1.5,42,DSDV,1001,4,n13,S,0.160,1,0,0
1,low,1.5,43,AODV,1001,0,n2,n6,0.142,1,0,0
1,low,1.5,43,AODV,1001,1,n6,n10,3.415,1,1,1
1,low,1.5,43,AODV,1001,2,n10,n14,3.838,1,1,1
1,low,1.5,43,AODV,1001,3,n14,S,0.056,1,0,0
1,low,1.5,43,OLSR,1001,0,n2,n6,0.142,1,0,0
1,low,1.5,43,OLSR,1001,1,n6,n10,3.415,1,1,1
1,low,1.5,43,OLSR,1001,2,n10,n14,3.838,1,1,1
1,low,1.5,43,OLSR,1001,3,n14,S,0.056,1,0,0
1,low,1.5,43,DSR,1001,0,n2,n6,0.142,1,0,0
1,low,1.5,43,DSR,1001,1,n6,n10,3.415,1,1,1
1,low,1.5,43,DSR,1001,2,n10,n14,3.838,1,1,1
1,low,1.5,43,DSR,1001,3,n14,S,0.056,1,0,0
1,low,1.5,43,DSDV,1001,0,n2,n6,0.142,1,0,0
1,low,1.5,43,DSDV,1001,1,n6,n10,3.415,1,1,1
1,low,1.5,43,DSDV,1001,2,n10,n14,3.838,1,1,1
1,low,1.5,43,DSDV,1001,3,n14,S,0.056,1,0,0
1,low,1.5,44,AODV,1001,0,n2,n6,0.154,1,0,0
1,low,1.5,44,AODV,1001,1,n6,n10,4.018,1,1,1
1,low,1.5,44,AODV,1001,2,n10,n9,3.002,0,1,1
1,low,1.5,44,AODV,1001,3,n9,n13,0.125,1,0,0
1,low,1.5,44,AODV,1001,4,n13,S,0.130,1,0,0
1,low,1.5,44,OLSR,1001,0,n2,n6,0.154,1,0,0
1,low,1.5,44,OLSR,1001,1,n6,n10,4.018,1,1,1
1,low,1.5,44,OLSR,1001,2,n10,n9,3.002,1,1,1
1,low,1.5,44,OLSR,1001,3,n9,n13,0.125,1,0,0
1,low,1.5,44,OLSR,1001,4,n13,S,0.130,1,0,0
1,low,1.5,44,DSR,1001,0,n2,n6,0.154,1,0,0
1,low,1.5,44,DSR,1001,1,n6,n10,4.018,1,1,1
1,low,1.5,44,DSR,1001,2,n10,n14,63.002,1,1,1
1,low,1.5,44,DSR,1001,3,n14,S,0.130,1,0,0
1,low,1.5,44,DSDV,1001,0,n2,n6,0.154,1,0,0
1,low,1.5,44,DSDV,1001,1,n6,n10,4.018,1,1,1
1,low,1.5,44,DSDV,1001,2,n10,n9,3.002,1,1,1
1,low,1.5,44,DSDV,1001,3,n9,n13,0.125,1,0,0
1,low,1.5,44,DSDV,1001,4,n13,S,0.130,1,0,0
1,low,2.0,37,AODV,1001,0,n2,n6,0.089,1,0,0
1,low,2.0,37,AODV,1001,1,n6,n10,4.195,1,1,1
1,low,2.0,37,AODV,1001,2,n10,n14,3.942,1,1,1
1,low,2.0,37,AODV,1001,3,n14,S,0.117,1,0,0
1,low,2.0,37,OLSR,1001,0,n2,n6,0.089,1,0,0
1,low,2.0,37,OLSR,1001,1,n6,n10,4.195,1,1,1
1,low,2.0,37,OLSR,1001,2,n10,n14,3.942,1,1,1
1,low,2.0,37,OLSR,1001,3,n14,S,0.117,1,0,0
1,low,2.0,37,DSR,1001,0,n2,n6,0.089,1,0,0
1,low,2.0,37,DSR,1001,1,n6,n10,4.195,1,1,1
1,low,2.0,37,DSR,1001,2,n10,n14,3.942,1,1,1
1,low,2.0,37,DSR,1001,3,n14,S,0.117,1,0,0
1,low,2.0,37,DSDV,1001,0,n2,n6,0.089,1,0,0
1,low,2.0,37,DSDV,1001,1,n6,n10,4.195,1,1,1
1,low,2.0,37,DSDV,1001,2,n10,n14,3.942,1,1,1
1,low,2.0,37,DSDV,1001,3,n14,S,0.117,1,0,0
1,low,2.0,38,AODV,1001,0,n2,n6,0.155,1,0,0
1,low,2.0,38,AODV,1001,1,n6,n10,4.303,1,1,1
1,low,2.0,38,AODV,1001,2,n10,n9,4.132,0,1,1
1,low,2.0,38,AODV,1001,3,n9,n13,0.128,1,0,0
1,low,2.0,38,AODV,1001,4,n13,S,0.103,1,0,0
1,low,2.0,38,OLSR,1001,0,n2,n6,0.155,1,0,0
1,low,2.0,38,OLSR,1001,1,n6,n10,4.303,1,1,1
1,low,2.0,38,OLSR,1001,2,n10,n9,4.132,1,1,1
1,low,2.0,38,OLSR,1001,3,n9,n13,0.128,1,0,0
1,low,2.0,38,OLSR,1001,4,n13,S,0.103,1,0,0
1,low,2.0,38,DSR,1001,0,n2,n6,0.155,1,0,0
1,low,2.0,38,DSR,1001,1,n6,n10,4.303,1,1,1
1,low,2.0,38,DSR,1001,2,n10,n14,64.132,1,1,1
1,low,2.0,38,DSR,1001,3,n14,S,0.103,1,0,0
1,low,2.0,38,DSDV,1001,0,n2,n6,0.155,1,0,0
1,low,2.0,38,DSDV,1001,1,n6,n10,4.303,1,1,1
1,low,2.0,38,DSDV,1001,2,n10,n9,4.132,1,1,1
1,low,2.0,38,DSDV,1001,3,n9,n13,0.128,1,0,0
1,low,2.0,38,DSDV,1001,4,n13,S,0.103,1,0,0
1,low,2.0,39,AODV,1001,0,n2,n6,0.166,1,0,0
1,low,2.0,39,AODV,1001,1,n6,n10,4.132,1,1,1
1,low,2.0,39,AODV,1001,2,n10,n9,4.303,0,1,1
1,low,2.0,39,AODV,1001,3,n9,n13,0.108,1,0,0
1,low,2.0,39,AODV,1001,4,n13,S,0.150,1,0,0
1,low,2.0,39,OLSR,1001,0,n2,n6,0.166,1,0,0
1,low,2.0,39,OLSR,1001,1,n6,n10,4.132,1,1,1
1,low,2.0,39,OLSR,1001,2,n10,n9,4.303,1,1,1
1,low,2.0,39,OLSR,1001,3,n9,n13,0.108,1,0,0
1,low,2.0,39,OLSR,1001,4,n13,S,0.150,1,0,0
1,low,2.0,39,DSR,1001,0,n2,n6,0.166,1,0,0
1,low,2.0,39,DSR,1001,1,n6,n10,4.132,1,1,1
1,low,2.0,39,DSR,1001,2,n10,n14,64.303,1,1,1
1,low,2.0,39,DSR,1001,3,n14,S,0.150,1,0,0
1,low,2.0,39,DSDV,1001,0,n2,n6,0.166,1,0,0
1,low,2.0,39,DSDV,1001,1,n6,n10,4.132,1,1,1
1,low,2.0,39,DSDV,1001,2,n10,n9,4.303,1,1,1
1,low,2.0,39,DSDV,1001,3,n9,n13,0.108,1,0,0
1,low,2.0,39,DSDV,1001,4,n13,S,0.150,1,0,0
1,low,2.0,40,AODV,1001,0,n2,n6,0.127,1,0,0
1,low,2.0,40,AODV,1001,1,n6,n10,63.415,1,1,1
1,low,2.0,40,AODV,1001,2,n10,n14,3.838,1,1,1
1,low,2.0,40,AODV,1001,3,n14,S,0.148,1,0,0
1,low,2.0,40,OLSR,1001,0,n2,n6,0.127,1,0,0
1,low,2.0,40,OLSR,1001,1,n6,n10,63.415,1,1,1
1,low,2.0,40,OLSR,1001,2,n10,n14,3.838,1,1,1
1,low,2.0,40,OLSR,1001,3,n14,S,0.148,1,0,0
1,low,2.0,40,DSR,1001,0,n2,n6,0.127,1,0,0
1,low,2.0,40,DSR,1001,1,n6,n10,123.415,1,1,1
1,low,2.0,40,DSR,1001,2,n10,n14,3.838,1,1,1
1,low,2.0,40,DSR,1001,3,n14,S,0.148,1,0,0
1,low,2.0,40,DSDV,1001,0,n2,n6,0.127,1,0,0
1,low,2.0,40,DSDV,1001,1,n6,n5,63.415,1,1,1
1,low,2.0,40,DSDV,1001,2,n5,n9,0.115,1,0,0
1,low,2.0,40,DSDV,1001,3,n9,n13,0.158,1,0,0
1,low,2.0,40,DSDV,1001,4,n13,S,0.056,1,0,0
1,low,2.0,41,AODV,1001,0,n2,n6,0.094,1,0,0
1,low,2.0,41,AODV,1001,1,n6,n5,3.838,0,1,1
1,low,2.0,41,AODV,1001,2,n5,n9,0.154,1,0,0
1,low,2.0,41,AODV,1001,3,n9,n13,0.056,1,0,0
1,low,2.0,41,AODV,1001,4,n13,S,0.160,1,0,0
1,low,2.0,41,OLSR,1001,0,n2,n6,0.094,1,0,0
1,low,2.0,41,OLSR,1001,1,n6,n5,3.838,1,1,1
1,low,2.0,41,OLSR,1001,2,n5,n9,0.154,1,0,0
1,low,2.0,41,OLSR,1001,3,n9,n13,0.056,1,0,0
1,low,2.0,41,OLSR,1001,4,n13,S,0.160,1,0,0
1,low,2.0,41,DSR,1001,0,n2,n6,0.094,1,0,0
1,low,2.0,41,DSR,1001,1,n6,n10,63.838,1,1,1
1,low,2.0,41,DSR,1001,2,n10,n14,183.838,1,1,1
1,low,2.0,41,DSR,1001,3,n14,S,0.177,1,0,0
1,low,2.0,41,DSDV,1001,0,n2,n6,0.094,1,0,0
1,low,2.0,41,DSDV,1001,1,n6,n5,3.838,1,1,1
1,low,2.0,41,DSDV,1001,2,n5,n9,0.154,1,0,0
1,low,2.0,41,DSDV,1001,3,n9,n13,0.056,1,0,0
1,low,2.0,41,DSDV,1001,4,n13,S,0.160,1,0,0
1,low,2.0,42,AODV,1001,0,n2,n6,0.119,1,0,0
1,low,2.0,42,AODV,1001,1,n6,n10,4.042,1,1,1
1,low,2.0,42,AODV,1001,2,n10,n9,3.415,0,1,1
1,low,2.0,42,AODV,1001,3,n9,n13,0.115,1,0,0
1,low,2.0,42,AODV,1001,4,n13,S,0.160,1,0,0
1,low,2.0,42,OLSR,1001,0,n2,n6,0.119,1,0,0
1,low,2.0,42,OLSR,1001,1,n6,n10,4.042,1,1,1
1,low,2.0,42,OLSR,1001,2,n10,n9,3.415,1,1,1
1,low,2.0,42,OLSR,1001,3,n9,n13,0.115,1,0,0
1,low,2.0,42,OLSR,1001,4,n13,S,0.160,1,0,0
1,low,2.0,42,DSR,1001,0,n2,n6,0.119,1,0,0
1,low,2.0,42,DSR,1001,1,n6,n10,4.042,1,1,1
1,low,2.0,42,DSR,1001,2,n10,n14,63.415,1,1,1
1,low,2.0,42,DSR,1001,3,n14,S,0.160,1,0,0
1,low,2.0,42,DSDV,1001,0,n2,n6,0.119,1,0,0
1,low,2.0,42,DSDV,1001,1,n6,n10,4.042,1,1,1
1,low,2.0,42,DSDV,1001,2,n10,n9,3.415,1,1,1
1,low,2.0,42,DSDV,1001,3,n9,n13,0.115,1,0,0
1,low,2.0,42,DSDV,1001,4,n13,S,0.160,1,0,0
1,low,2.0,43,AODV,1001,0,n2,n6,0.142,1,0,0
1,low,2.0,43,AODV,1001,1,n6,n10,3.415,1,1,1
1,low,2.0,43,AODV,1001,2,n10,n14,3.838,1,1,1
1,low,2.0,43,AODV,1001,3,n14,S,0.056,1,0,0
1,low,2.0,43,OLSR,1001,0,n2,n6,0.142,1,0,0
1,low,2.0,43,OLSR,1001,1,n6,n10,3.415,1,1,1
1,low,2.0,43,OLSR,1001,2,n10,n14,3.838,1,1,1
1,low,2.0,43,OLSR,1001,3,n14,S,0.056,1,0,0
1,low,2.0,43,DSR,1001,0,n2,n6,0.142,1,0,0
1,low,2.0,43,DSR,1001,1,n6,n10,3.415,1,1,1
1,low,2.0,43,DSR,1001,2,n10,n14,3.838,1,1,1
1,low,2.0,43,DSR,1001,3,n14,S,0.056,1,0,0
1,low,2.0,43,DSDV,1001,0,n2,n6,0.142,1,0,0
1,low,2.0,43,DSDV,1001,1,n6,n10,3.415,1,1,1
1,low,2.0,43,DSDV,1001,2,n10,n14,3.838,1,1,1
1,low,2.0,43,DSDV,1001,3,n14,S,0.056,1,0,0
1,low,2.0,44,AODV,1001,0,n2,n6,0.154,1,0,0
1,low,2.0,44,AODV,1001,1,n6,n10,4.018,1,1,1
1,low,2.0,44,AODV,1001,2,n10,n9,3.002,0,1,1
1,low,2.0,44,AODV,1001,3,n9,n13,0.125,1,0,0
1,low,2.0,44,AODV,1001,4,n13,S,0.130,1,0,0
1,low,2.0,44,OLSR,1001,0,n2,n6,0.154,1,0,0
1,low,2.0,44,OLSR,1001,1,n6,n10,4.018,1,1,1
1,low,2.0,44,OLSR,1001,2,n10,n9,3.002,1,1,1
1,low,2.0,44,OLSR,1001,3,n9,n13,0.125,1,0,0
1,low,2.0,44,OLSR,1001,4,n13,S,0.130,1,0,0
1,low,2.0,44,DSR,1001,0,n2,n6,0.154,1,0,0
1,low,2.0,44,DSR,1001,1,n6,n10,4.018,1,1,1
1,low,2.0,44,DSR,1001,2,n10,n14,63.002,1,1,1
1,low,2.0,44,DSR,1001,3,n14,S,0.130,1,0,0
1,low,2.0,44,DSDV,1001,0,n2,n6,0.154,1,0,0
1,low,2.0,44,DSDV,1001,1,n6,n10,4.018,1,1,1
1,low,2.0,44,DSDV,1001,2,n10,n9,3.002,1,1,1
1,low,2.0,44,DSDV,1001,3,n9,n13,0.125,1,0,0
1,low,2.0,44,DSDV,1001,4,n13,S,0.130,1,0,0
1,low,3.0,37,AODV,1001,0,n2,n6,0.089,1,0,0
1,low,3.0,37,AODV,1001,1,n6,n10,4.195,1,1,1
1,low,3.0,37,AODV,1001,2,n10,n14,3.942,1,1,1
1,low,3.0,37,AODV,1001,3,n14,S,0.117,1,0,0
1,low,3.0,37,OLSR,1001,0,n2,n6,0.089,1,0,0
1,low,3.0,37,OLSR,1001,1,n6,n10,4.195,1,1,1
1,low,3.0,37,OLSR,1001,2,n10,n14,3.942,1,1,1
1,low,3.0,37,OLSR,1001,3,n14,S,0.117,1,0,0
1,low,3.0,37,DSR,1001,0,n2,n6,0.089,1,0,0
1,low,3.0,37,DSR,1001,1,n6,n10,4.195,1,1,1
1,low,3.0,37,DSR,1001,2,n10,n14,3.942,1,1,1
1,low,3.0,37,DSR,1001,3,n14,S,0.117,1,0,0
1,low,3.0,37,DSDV,1001,0,n2,n6,0.089,1,0,0
1,low,3.0,37,DSDV,1001,1,n6,n10,4.195,1,1,1
1,low,3.0,37,DSDV,1001,2,n10,n14,3.942,1,1,1
1,low,3.0,37,DSDV,1001,3,n14,S,0.117,1,0,0
1,low,3.0,38,AODV,1001,0,n2,n6,0.155,1,0,0
1,low,3.0,38,AODV,1001,1,n6,n10,4.303,1,1,1
1,low,3.0,38,AODV,1001,2,n10,n9,4.132,0,1,1
1,low,3.0,38,AODV,1001,3,n9,n13,0.128,1,0,0
1,low,3.0,38,AODV,1001,4,n13,S,0.103,1,0,0
1,low,3.0,38,OLSR,1001,0,n2,n6,0.155,1,0,0
1,low,3.0,38,OLSR,1001,1,n6,n10,4.303,1,1,1
1,low,3.0,38,OLSR,1001,2,n10,n9,4.132,1,1,1
1,low,3.0,38,OLSR,1001,3,n9,n13,0.128,1,0,0
1,low,3.0,38,OLSR,1001,4,n13,S,0.103,1,0,0
1,low,3.0,38,DSR,1001,0,n2,n6,0.155,1,0,0
1,low,3.0,38,DSR,1001,1,n6,n10,4.303,1,1,1
1,low,3.0,38,DSR,1001,2,n10,n14,64.132,1,1,1
1,low,3.0,38,DSR,1001,3,n14,S,0.103,1,0,0
1,low,3.0,38,DSDV,1001,0,n2,n6,0.155,1,0,0
1,low,3.0,38,DSDV,1001,1,n6,n10,4.303,1,1,1
1,low,3.0,38,DSDV,1001,2,n10,n9,4.132,1,1,1
1,low,3.0,38,DSDV,1001,3,n9,n13,0.128,1,0,0
1,low,3.0,38,DSDV,1001,4,n13,S,0.103,1,0,0
1,low,3.0,39,AODV,1001,0,n2,n6,0.166,1,0,0
1,low,3.0,39,AODV,1001,1,n6,n10,4.132,1,1,1
1,low,3.0,39,AODV,1001,2,n10,n9,4.303,0,1,1
1,low,3.0,39,AODV,1001,3,n9,n13,0.108,1,0,0
1,low,3.0,39,AODV,1001,4,n13,S,0.150,1,0,0
1,low,3.0,39,OLSR,1001,0,n2,n6,0.166,1,0,0
1,low,3.0,39,OLSR,1001,1,n6,n10,4.132,1,1,1
1,low,3.0,39,OLSR,1001,2,n10,n9,4.303,1,1,1
1,low,3.0,39,OLSR,1001,3,n9,n13,0.108,1,0,0
1,low,3.0,39,OLSR,1001,4,n13,S,0.150,1,0,0
1,low,3.0,39,DSR,1001,0,n2,n6,0.166,1,0,0
1,low,3.0,39,DSR,1001,1,n6,n10,4.132,1,1,1
1,low,3.0,39,DSR,1001,2,n10,n14,64.303,1,1,1
1,low,3.0,39,DSR,1001,3,n14,S,0.150,1,0,0
1,low,3.0,39,DSDV,1001,0,n2,n6,0.166,1,0,0
1,low,3.0,39,DSDV,1001,1,n6,n10,4.132,1,1,1
1,low,3.0,39,DSDV,1001,2,n10,n9,4.303,1,1,1
1,low,3.0,39,DSDV,1001,3,n9,n13,0.108,1,0,0
1,low,3.0,39,DSDV,1001,4,n13,S,0.150,1,0,0
1,low,3.0,40,AODV,1001,0,n2,n6,0.127,1,0,0
1,low,3.0,40,AODV,1001,1,n6,n10,63.415,1,1,1
1,low,3.0,40,AODV,1001,2,n10,n14,3.838,1,1,1
1,low,3.0,40,AODV,1001,3,n14,S,0.148,1,0,0
1,low,3.0,40,OLSR,1001,0,n2,n6,0.127,1,0,0
1,low,3.0,40,OLSR,1001,1,n6,n10,63.415,1,1,1
1,low,3.0,40,OLSR,1001,2,n10,n14,3.838,1,1,1
1,low,3.0,40,OLSR,1001,3,n14,S,0.148,1,0,0
1,low,3.0,40,DSR,1001,0,n2,n6,0.127,1,0,0
1,low,3.0,40,DSR,1001,1,n6,n10,123.415,1,1,1
1,low,3.0,40,DSR,1001,2,n10,n14,3.838,1,1,1
1,low,3.0,40,DSR,1001,3,n14,S,0.148,1,0,0
1,low,3.0,40,DSDV,1001,0,n2,n6,0.127,1,0,0
1,low,3.0,40,DSDV,1001,1,n6,n5,63.415,1,1,1
1,low,3.0,40,DSDV,1001,2,n5,n9,0.115,1,0,0
1,low,3.0,40,DSDV,1001,3,n9,n13,0.158,1,0,0
1,low,3.0,40,DSDV,1001,4,n13,S,0.056,1,0,0
1,low,3.0,41,AODV,1001,0,n2,n6,0.094,1,0,0
1,low,3.0,41,AODV,1001,1,n6,n5,3.838,0,1,1
1,low,3.0,41,AODV,1001,2,n5,n9,0.154,1,0,0
1,low,3.0,41,AODV,1001,3,n9,n13,0.056,1,0,0
1,low,3.0,41,AODV,1001,4,n13,S,0.160,1,0,0
1,low,3.0,41,OLSR,1001,0,n2,n6,0.094,1,0,0
1,low,3.0,41,OLSR,1001,1,n6,n5,3.838,1,1,1
1,low,3.0,41,OLSR,1001,2,n5,n9,0.154,1,0,0
1,low,3.0,41,OLSR,1001,3,n9,n13,0.056,1,0,0
1,low,3.0,41,OLSR,1001,4,n13,S,0.160,1,0,0
1,low,3.0,41,DSR,1001,0,n2,n6,0.094,1,0,0
1,low,3.0,41,DSR,1001,1,n6,n10,63.838,1,1,1
1,low,3.0,41,DSR,1001,2,n10,n14,183.838,1,1,1
1,low,3.0,41,DSR,1001,3,n14,S,0.177,1,0,0
1,low,3.0,41,DSDV,1001,0,n2,n6,0.094,1,0,0
1,low,3.0,41,DSDV,1001,1,n6,n5,3.838,1,1,1
1,low,3.0,41,DSDV,1001,2,n5,n9,0.154,1,0,0
1,low,3.0,41,DSDV,1001,3,n9,n13,0.056,1,0,0
1,low,3.0,41,DSDV,1001,4,n13,S,0.160,1,0,0
1,low,3.0,42,AODV,1001,0,n2,n6,0.119,1,0,0
1,low,3.0,42,AODV,1001,1,n6,n10,4.042,1,1,1
1,low,3.0,42,AODV,1001,2,n10,n9,3.415,0,1,1
1,low,3.0,42,AODV,1001,3,n9,n13,0.115,1,0,0
1,low,3.0,42,AODV,1001,4,n13,S,0.160,1,0,0
1,low,3.0,42,OLSR,1001,0,n2,n6,0.119,1,0,0
1,low,3.0,42,OLSR,1001,1,n6,n10,4.042,1,1,1
1,low,3.0,42,OLSR,1001,2,n10,n9,3.415,1,1,1
1,low,3.0,42,OLSR,1001,3,n9,n13,0.115,1,0,0
1,low,3.0,42,OLSR,1001,4,n13,S,0.160,1,0,0
1,low,3.0,42,DSR,1001,0,n2,n6,0.119,1,0,0
1,low,3.0,42,DSR,1001,1,n6,n10,4.042,1,1,1
1,low,3.0,42,DSR,1001,2,n10,n14,63.415,1,1,1
1,low,3.0,42,DSR,1001,3,n14,S,0.160,1,0,0
1,low,3.0,42,DSDV,1001,0,n2,n6,0.119,1,0,0
1,low,3.0,42,DSDV,1001,1,n6,n10,4.042,1,1,1
1,low,3.0,42,DSDV,1001,2,n10,n9,3.415,1,1,1
1,low,3.0,42,DSDV,1001,3,n9,n13,0.115,1,0,0
1,low,3.0,42,DSDV,1001,4,n13,S,0.160,1,0,0
1,low,3.0,43,AODV,1001,0,n2,n6,0.142,1,0,0
1,low,3.0,43,AODV,1001,1,n6,n10,3.415,1,1,1
1,low,3.0,43,AODV,1001,2,n10,n14,3.838,1,1,1
1,low,3.0,43,AODV,1001,3,n14,S,0.056,1,0,0
1,low,3.0,43,OLSR,1001,0,n2,n6,0.142,1,0,0
1,low,3.0,43,OLSR,1001,1,n6,n10,3.415,1,1,1
1,low,3.0,43,OLSR,1001,2,n10,n14,3.838,1,1,1
1,low,3.0,43,OLSR,1001,3,n14,S,0.056,1,0,0
1,low,3.0,43,DSR,1001,0,n2,n6,0.142,1,0,0
1,low,3.0,43,DSR,1001,1,n6,n10,3.415,1,1,1
1,low,3.0,43,DSR,1001,2,n10,n14,3.838,1,1,1
1,low,3.0,43,DSR,1001,3,n14,S,0.056,1,0,0
1,low,3.0,43,DSDV,1001,0,n2,n6,0.142,1,0,0
1,low,3.0,43,DSDV,1001,1,n6,n10,3.415,1,1,1
1,low,3.0,43,DSDV,1001,2,n10,n14,3.838,1,1,1
1,low,3.0,43,DSDV,1001,3,n14,S,0.056,1,0,0
1,low,3.0,44,AODV,1001,0,n2,n6,0.154,1,0,0
1,low,3.0,44,AODV,1001,1,n6,n10,4.018,1,1,1
1,low,3.0,44,AODV,1001,2,n10,n9,3.002,0,1,1
1,low,3.0,44,AODV,1001,3,n9,n13,0.125,1,0,0
1,low,3.0,44,AODV,1001,4,n13,S,0.130,1,0,0
1,low,3.0,44,OLSR,1001,0,n2,n6,0.154,1,0,0
1,low,3.0,44,OLSR,1001,1,n6,n10,4.018,1,1,1
1,low,3.0,44,OLSR,1001,2,n10,n9,3.002,1,1,1
1,low,3.0,44,OLSR,1001,3,n9,n13,0.125,1,0,0
1,low,3.0,44,OLSR,1001,4,n13,S,0.130,1,0,0
1,low,3.0,44,DSR,1001,0,n2,n6,0.154,1,0,0
1,low,3.0,44,DSR,1001,1,n6,n10,4.018,1,1,1
1,low,3.0,44,DSR,1001,2,n10,n14,63.002,1,1,1
1,low,3.0,44,DSR,1001,3,n14,S,0.130,1,0,0
1,low,3.0,44,DSDV,1001,0,n2,n6,0.154,1,0,0
1,low,3.0,44,DSDV,1001,1,n6,n10,4.018,1,1,1
1,low,3.0,44,DSDV,1001,2,n10,n9,3.002,1,1,1
1,low,3.0,44,DSDV,1001,3,n9,n13,0.125,1,0,0
1,low,3.0,44,DSDV,1001,4,n13,S,0.130,1,0,0
1,low,4.0,37,AODV,1001,0,n2,n6,0.089,1,0,0
1,low,4.0,37,AODV,1001,1,n6,n10,4.195,1,1,1
1,low,4.0,37,AODV,1001,2,n10,n14,3.942,1,0,1
1,low,4.0,37,AODV,1001,3,n14,S,0.117,1,0,0
1,low,4.0,37,OLSR,1001,0,n2,n6,0.089,1,0,0
1,low,4.0,37,OLSR,1001,1,n6,n10,4.195,1,1,1
1,low,4.0,37,OLSR,1001,2,n10,n14,3.942,1,0,1
1,low,4.0,37,OLSR,1001,3,n14,S,0.117,1,0,0
1,low,4.0,37,DSR,1001,0,n2,n6,0.089,1,0,0
1,low,4.0,37,DSR,1001,1,n6,n10,4.195,1,1,1
1,low,4.0,37,DSR,1001,2,n10,n14,3.942,1,0,1
1,low,4.0,37,DSR,1001,3,n14,S,0.117,1,0,0
1,low,4.0,37,DSDV,1001,0,n2,n6,0.089,1,0,0
1,low,4.0,37,DSDV,1001,1,n6,n10,4.195,1,1,1
1,low,4.0,37,DSDV,1001,2,n10,n14,3.942,1,0,1
1,low,4.0,37,DSDV,1001,3,n14,S,0.117,1,0,0
1,low,4.0,38,AODV,1001,0,n2,n6,0.155,1,0,0
1,low,4.0,38,AODV,1001,1,n6,n10,4.303,1,1,1
1,low,4.0,38,AODV,1001,2,n10,n9,4.132,0,1,1
1,low,4.0,38,AODV,1001,3,n9,n13,0.128,1,0,0
1,low,4.0,38,AODV,1001,4,n13,S,0.103,1,0,0
1,low,4.0,38,OLSR,1001,0,n2,n6,0.155,1,0,0
1,low,4.0,38,OLSR,1001,1,n6,n10,4.303,1,1,1
1,low,4.0,38,OLSR,1001,2,n10,n9,4.132,1,1,1
1,low,4.0,38,OLSR,1001,3,n9,n13,0.128,1,0,0
1,low,4.0,38,OLSR,1001,4,n13,S,0.103,1,0,0
1,low,4.0,38,DSR,1001,0,n2,n6,0.155,1,0,0
1,low,4.0,38,DSR,1001,1,n6,n10,4.303,1,1,1
1,low,4.0,38,DSR,1001,2,n10,n14,64.132,1,1,1
1,low,4.0,38,DSR,1001,3,n14,S,0.103,1,0,0
1,low,4.0,38,DSDV,1001,0,n2,n6,0.155,1,0,0
1,low,4.0,38,DSDV,1001,1,n6,n10,4.303,1,1,1
1,low,4.0,38,DSDV,1001,2,n10,n9,4.132,1,1,1
1,low,4.0,38,DSDV,1001,3,n9,n13,0.128,1,0,0
1,low,4.0,38,DSDV,1001,4,n13,S,0.103,1,0,0
1,low,4.0,39,AODV,1001,0,n2,n6,0.166,1,0,0
1,low,4.0,39,AODV,1001,1,n6,n10,4.132,1,1,1
1,low,4.0,39,AODV,1001,2,n10,n9,4.303,0,1,1
1,low,4.0,39,AODV,1001,3,n9,n13,0.108,1,0,0
1,low,4.0,39,AODV,1001,4,n13,S,0.150,1,0,0
1,low,4.0,39,OLSR,1001,0,n2,n6,0.166,1,0,0
1,low,4.0,39,OLSR,1001,1,n6,n10,4.132,1,1,1
1,low,4.0,39,OLSR,1001,2,n10,n9,4.303,1,1,1
1,low,4.0,39,OLSR,1001,3,n9,n13,0.108,1,0,0
1,low,4.0,39,OLSR,1001,4,n13,S,0.150,1,0,0
1,low,4.0,39,DSR,1001,0,n2,n6,0.166,1,0,0
1,low,4.0,39,DSR,1001,1,n6,n10,4.132,1,1,1
1,low,4.0,39,DSR,1001,2,n10,n14,64.303,1,1,1
1,low,4.0,39,DSR,1001,3,n14,S,0.150,1,0,0
1,low,4.0,39,DSDV,1001,0,n2,n6,0.166,1,0,0
1,low,4.0,39,DSDV,1001,1,n6,n10,4.132,1,1,1
1,low,4.0,39,DSDV,1001,2,n10,n9,4.303,1,1,1
1,low,4.0,39,DSDV,1001,3,n9,n13,0.108,1,0,0
1,low,4.0,39,DSDV,1001,4,n13,S,0.150,1,0,0
1,low,4.0,40,AODV,1001,0,n2,n6,0.127,1,0,0
1,low,4.0,40,AODV,1001,1,n6,n10,63.415,1,1,1
1,low,4.0,40,AODV,1001,2,n10,n14,3.838,1,0,1
1,low,4.0,40,AODV,1001,3,n14,S,0.148,1,0,0
1,low,4.0,40,OLSR,1001,0,n2,n6,0.127,1,0,0
1,low,4.0,40,OLSR,1001,1,n6,n10,63.415,1,1,1
1,low,4.0,40,OLSR,1001,2,n10,n14,3.838,1,0,1
1,low,4.0,40,OLSR,1001,3,n14,S,0.148,1,0,0
1,low,4.0,40,DSR,1001,0,n2,n6,0.127,1,0,0
1,low,4.0,40,DSR,1001,1,n6,n10,123.415,1,1,1
1,low,4.0,40,DSR,1001,2,n10,n14,3.838,1,0,1
1,low,4.0,40,DSR,1001,3,n14,S,0.148,1,0,0
1,low,4.0,40,DSDV,1001,0,n2,n6,0.127,1,0,0
1,low,4.0,40,DSDV,1001,1,n6,n5,63.415,1,1,1
1,low,4.0,40,DSDV,1001,2,n5,n9,0.115,1,0,0
1,low,4.0,40,DSDV,1001,3,n9,n13,0.158,1,0,0
1,low,4.0,40,DSDV,1001,4,n13,S,0.056,1,0,0
1,low,4.0,41,AODV,1001,0,n2,n6,0.094,1,0,0
1,low,4.0,41,AODV,1001,1,n6,n5,3.838,0,1,1
1,low,4.0,41,AODV,1001,2,n5,n9,0.154,1,0,0
1,low,4.0,41,AODV,1001,3,n9,n13,0.056,1,0,0
1,low,4.0,41,AODV,1001,4,n13,S,0.160,1,0,0
1,low,4.0,41,OLSR,1001,0,n2,n6,0.094,1,0,0
1,low,4.0,41,OLSR,1001,1,n6,n5,3.838,1,0,1
1,low,4.0,41,OLSR,1001,2,n5,n9,0.154,1,0,0
1,low,4.0,41,OLSR,1001,3,n9,n13,0.056,1,0,0
1,low,4.0,41,OLSR,1001,4,n13,S,0.160,1,0,0
1,low,4.0,41,DSR,1001,0,n2,n6,0.094,1,0,0
1,low,4.0,41,DSR,1001,1,n6,n10,63.838,1,1,1
1,low,4.0,41,DSR,1001,2,n10,n14,183.838,1,1,1
1,low,4.0,41,DSR,1001,3,n14,S,0.177,1,0,0
1,low,4.0,41,DSDV,1001,0,n2,n6,0.094,1,0,0
1,low,4.0,41,DSDV,1001,1,n6,n5,3.838,1,0,1
1,low,4.0,41,DSDV,1001,2,n5,n9,0.154,1,0,0
1,low,4.0,41,DSDV,1001,3,n9,n13,0.056,1,0,0
1,low,4.0,41,DSDV,1001,4,n13,S,0.160,1,0,0
1,low,4.0,42,AODV,1001,0,n2,n6,0.119,1,0,0
1,low,4.0,42,AODV,1001,1,n6,n10,4.042,1,1,1
1,low,4.0,42,AODV,1001,2,n10,n9,3.415,0,1,1
1,low,4.0,42,AODV,1001,3,n9,n13,0.115,1,0,0
1,low,4.0,42,AODV,1001,4,n13,S,0.160,1,0,0
1,low,4.0,42,OLSR,1001,0,n2,n6,0.119,1,0,0
1,low,4.0,42,OLSR,1001,1,n6,n10,4.042,1,1,1
1,low,4.0,42,OLSR,1001,2,n10,n9,3.415,1,0,1
1,low,4.0,42,OLSR,1001,3,n9,n13,0.115,1,0,0
1,low,4.0,42,OLSR,1001,4,n13,S,0.160,1,0,0
1,low,4.0,42,DSR,1001,0,n2,n6,0.119,1,0,0
1,low,4.0,42,DSR,1001,1,n6,n10,4.042,1,1,1
1,low,4.0,42,DSR,1001,2,n10,n14,63.415,1,1,1
1,low,4.0,42,DSR,1001,3,n14,S,0.160,1,0,0
1,low,4.0,42,DSDV,1001,0,n2,n6,0.119,1,0,0
1,low,4.0,42,DSDV,1001,1,n6,n10,4.042,1,1,1
1,low,4.0,42,DSDV,1001,2,n10,n9,3.415,1,0,1
1,low,4.0,42,DSDV,1001,3,n9,n13,0.115,1,0,0
1,low,4.0,42,DSDV,1001,4,n13,S,0.160,1,0,0
1,low,4.0,43,AODV,1001,0,n2,n6,0.142,1,0,0
1,low,4.0,43,AODV,1001,1,n6,n10,3.415,1,0,1
1,low,4.0,43,AODV,1001,2,n10,n14,3.838,1,0,1
1,low,4.0,43,AODV,1001,3,n14,S,0.056,1,0,0
1,low,4.0,43,OLSR,1001,0,n2,n6,0.142,1,0,0
1,low,4.0,43,OLSR,1001,1,n6,n10,3.415,1,0,1
1,low,4.0,43,OLSR,1001,2,n10,n14,3.838,1,0,1
1,low,4.0,43,OLSR,1001,3,n14,S,0.056,1,0,0
1,low,4.0,43,DSR,1001,0,n2,n6,0.142,1,0,0
1,low,4.0,43,DSR,1001,1,n6,n10,3.415,1,0,1
1,low,4.0,43,DSR,1001,2,n10,n14,3.838,1,0,1
1,low,4.0,43,DSR,1001,3,n14,S,0.056,1,0,0
1,low,4.0,43,DSDV,1001,0,n2,n6,0.142,1,0,0
1,low,4.0,43,DSDV,1001,1,n6,n10,3.415,1,0,1
1,low,4.0,43,DSDV,1001,2,n10,n14,3.838,1,0,1
1,low,4.0,43,DSDV,1001,3,n14,S,0.056,1,0,0
1,low,4.0,44,AODV,1001,0,n2,n6,0.154,1,0,0
1,low,4.0,44,AODV,1001,1,n6,n10,4.018,1,1,1
1,low,4.0,44,AODV,1001,2,n10,n9,3.002,0,1,1
1,low,4.0,44,AODV,1001,3,n9,n13,0.125,1,0,0
1,low,4.0,44,AODV,1001,4,n13,S,0.130,1,0,0
1,low,4.0,44,OLSR,1001,0,n2,n6,0.154,1,0,0
1,low,4.0,44,OLSR,1001,1,n6,n10,4.018,1,1,1
1,low,4.0,44,OLSR,1001,2,n10,n9,3.002,1,0,1
1,low,4.0,44,OLSR,1001,3,n9,n13,0.125,1,0,0
1,low,4.0,44,OLSR,1001,4,n13,S,0.130,1,0,0
1,low,4.0,44,DSR,1001,0,n2,n6,0.154,1,0,0
1,low,4.0,44,DSR,1001,1,n6,n10,4.018,1,1,1
1,low,4.0,44,DSR,1001,2,n10,n14,63.002,1,1,1
1,low,4.0,44,DSR,1001,3,n14,S,0.130,1,0,0
1,low,4.0,44,DSDV,1001,0,n2,n6,0.154,1,0,0
1,low,4.0,44,DSDV,1001,1,n6,n10,4.018,1,1,1
1,low,4.0,44,DSDV,1001,2,n10,n9,3.002,1,0,1
1,low,4.0,44,DSDV,1001,3,n9,n13,0.125,1,0,0
1,low,4.0,44,DSDV,1001,4,n13,S,0.130,1,0,0
1,low,5.0,37,AODV,1001,0,n2,n6,0.089,1,0,0
1,low,5.0,37,AODV,1001,1,n6,n10,4.195,1,0,1
1,low,5.0,37,AODV,1001,2,n10,n14,3.942,1,0,1
1,low,5.0,37,AODV,1001,3,n14,S,0.117,1,0,0
1,low,5.0,37,OLSR,1001,0,n2,n6,0.089,1,0,0
1,low,5.0,37,OLSR,1001,1,n6,n10,4.195,1,0,1
1,low,5.0,37,OLSR,1001,2,n10,n14,3.942,1,0,1
1,low,5.0,37,OLSR,1001,3,n14,S,0.117,1,0,0
1,low,5.0,37,DSR,1001,0,n2,n6,0.089,1,0,0
1,low,5.0,37,DSR,1001,1,n6,n10,4.195,1,0,1
1,low,5.0,37,DSR,1001,2,n10,n14,3.942,1,0,1
1,low,5.0,37,DSR,1001,3,n14,S,0.117,1,0,0
1,low,5.0,37,DSDV,1001,0,n2,n6,0.089,1,0,0
1,low,5.0,37,DSDV,1001,1,n6,n10,4.195,1,0,1
1,low,5.0,37,DSDV,1001,2,n10,n14,3.942,1,0,1
1,low,5.0,37,DSDV,1001,3,n14,S,0.117,1,0,0
1,low,5.0,38,AODV,1001,0,n2,n6,0.155,1,0,0
1,low,5.0,38,AODV,1001,1,n6,n10,4.303,1,0,1
1,low,5.0,38,AODV,1001,2,n10,n9,4.132,0,1,1
1,low,5.0,38,AODV,1001,3,n9,n13,0.128,1,0,0
1,low,5.0,38,AODV,1001,4,n13,S,0.103,1,0,0
1,low,5.0,38,OLSR,1001,0,n2,n6,0.155,1,0,0
1,low,5.0,38,OLSR,1001,1,n6,n10,4.303,1,0,1
1,low,5.0,38,OLSR,1001,2,n10,n9,4.132,1,0,1
1,low,5.0,38,OLSR,1001,3,n9,n13,0.128,1,0,0
1,low,5.0,38,OLSR,1001,4,n13,S,0.103,1,0,0
1,low,5.0,38,DSR,1001,0,n2,n6,0.155,1,0,0
1,low,5.0,38,DSR,1001,1,n6,n10,4.303,1,0,1
1,low,5.0,38,DSR,1001,2,n10,n14,64.132,1,1,1
1,low,5.0,38,DSR,1001,3,n14,S,0.103,1,0,0
1,low,5.0,38,DSDV,1001,0,n2,n6,0.155,1,0,0
1,low,5.0,38,DSDV,1001,1,n6,n10,4.303,1,0,1
1,low,5.0,38,DSDV,1001,2,n10,n9,4.132,1,0,1
1,low,5.0,38,DSDV,1001,3,n9,n13,0.128,1,0,0
1,low,5.0,38,DSDV,1001,4,n13,S,0.103,1,0,0
1,low,5.0,39,AODV,1001,0,n2,n6,0.166,1,0,0
1,low,5.0,39,AODV,1001,1,n6,n10,4.132,1,0,1
1,low,5.0,39,AODV,1001,2,n10,n9,4.303,0,1,1
1,low,5.0,39,AODV,1001,3,n9,n13,0.108,1,0,0
1,low,5.0,39,AODV,1001,4,n13,S,0.150,1,0,0
1,low,5.0,39,OLSR,1001,0,n2,n6,0.166,1,0,0
1,low,5.0,39,OLSR,1001,1,n6,n10,4.132,1,0,1
1,low,5.0,39,OLSR,1001,2,n10,n9,4.303,1,0,1
1,low,5.0,39,OLSR,1001,3,n9,n13,0.108,1,0,0
1,low,5.0,39,OLSR,1001,4,n13,S,0.150,1,0,0
1,low,5.0,39,DSR,1001,0,n2,n6,0.166,1,0,0
1,low,5.0,39,DSR,1001,1,n6,n10,4.132,1,0,1
1,low,5.0,39,DSR,1001,2,n10,n14,64.303,1,1,1
1,low,5.0,39,DSR,1001,3,n14,S,0.150,1,0,0
1,low,5.0,39,DSDV,1001,0,n2,n6,0.166,1,0,0
1,low,5.0,39,DSDV,1001,1,n6,n10,4.132,1,0,1
1,low,5.0,39,DSDV,1001,2,n10,n9,4.303,1,0,1
1,low,5.0,39,DSDV,1001,3,n9,n13,0.108,1,0,0
1,low,5.0,39,DSDV,1001,4,n13,S,0.150,1,0,0
1,low,5.0,40,AODV,1001,0,n2,n6,0.127,1,0,0
1,low,5.0,40,AODV,1001,1,n6,n10,63.415,1,1,1
1,low,5.0,40,AODV,1001,2,n10,n14,3.838,1,0,1
1,low,5.0,40,AODV,1001,3,n14,S,0.148,1,0,0
1,low,5.0,40,OLSR,1001,0,n2,n6,0.127,1,0,0
1,low,5.0,40,OLSR,1001,1,n6,n10,63.415,1,1,1
1,low,5.0,40,OLSR,1001,2,n10,n14,3.838,1,0,1
1,low,5.0,40,OLSR,1001,3,n14,S,0.148,1,0,0
1,low,5.0,40,DSR,1001,0,n2,n6,0.127,1,0,0
1,low,5.0,40,DSR,1001,1,n6,n10,123.415,1,1,1
1,low,5.0,40,DSR,1001,2,n10,n14,3.838,1,0,1
1,low,5.0,40,DSR,1001,3,n14,S,0.148,1,0,0
1,low,5.0,40,DSDV,1001,0,n2,n6,0.127,1,0,0
1,low,5.0,40,DSDV,1001,1,n6,n5,63.415,1,1,1
1,low,5.0,40,DSDV,1001,2,n5,n9,0.115,1,0,0
1,low,5.0,40,DSDV,1001,3,n9,n13,0.158,1,0,0
1,low,5.0,40,DSDV,1001,4,n13,S,0.056,1,0,0
1,low,5.0,41,AODV,1001,0,n2,n6,0.094,1,0,0
1,low,5.0,41,AODV,1001,1,n6,n5,3.838,0,1,1
1,low,5.0,41,AODV,1001,2,n5,n9,0.154,1,0,0
1,low,5.0,41,AODV,1001,3,n9,n13,0.056,1,0,0
1,low,5.0,41,AODV,1001,4,n13,S,0.160,1,0,0
1,low,5.0,41,OLSR,1001,0,n2,n6,0.094,1,0,0
1,low,5.0,41,OLSR,1001,1,n6,n5,3.838,1,0,1
1,low,5.0,41,OLSR,1001,2,n5,n9,0.154,1,0,0
1,low,5.0,41,OLSR,1001,3,n9,n13,0.056,1,0,0
1,low,5.0,41,OLSR,1001,4,n13,S,0.160,1,0,0
1,low,5.0,41,DSR,1001,0,n2,n6,0.094,1,0,0
1,low,5.0,41,DSR,1001,1,n6,n10,63.838,1,1,1
1,low,5.0,41,DSR,1001,2,n10,n14,183.838,1,1,1
1,low,5.0,41,DSR,1001,3,n14,S,0.177,1,0,0
1,low,5.0,41,DSDV,1001,0,n2,n6,0.094,1,0,0
1,low,5.0,41,DSDV,1001,1,n6,n5,3.838,1,0,1
1,low,5.0,41,DSDV,1001,2,n5,n9,0.154,1,0,0
1,low,5.0,41,DSDV,1001,3,n9,n13,0.056,1,0,0
1,low,5.0,41,DSDV,1001,4,n13,S,0.160,1,0,0
1,low,5.0,42,AODV,1001,0,n2,n6,0.119,1,0,0
1,low,5.0,42,AODV,1001,1,n6,n10,4.042,1,0,1
1,low,5.0,42,AODV,1001,2,n10,n9,3.415,0,1,1
1,low,5.0,42,AODV,1001,3,n9,n13,0.115,1,0,0
1,low,5.0,42,AODV,1001,4,n13,S,0.160,1,0,0
1,low,5.0,42,OLSR,1001,0,n2,n6,0.119,1,0,0
1,low,5.0,42,OLSR,1001,1,n6,n10,4.042,1,0,1
1,low,5.0,42,OLSR,1001,2,n10,n9,3.415,1,0,1
1,low,5.0,42,OLSR,1001,3,n9,n13,0.115,1,0,0
1,low,5.0,42,OLSR,1001,4,n13,S,0.160,1,0,0
1,low,5.0,42,DSR,1001,0,n2,n6,0.119,1,0,0
1,low,5.0,42,DSR,1001,1,n6,n10,4.042,1,0,1
1,low,5.0,42,DSR,1001,2,n10,n14,63.415,1,1,1
1,low,5.0,42,DSR,1001,3,n14,S,0.160,1,0,0
1,low,5.0,42,DSDV,1001,0,n2,n6,0.119,1,0,0
1,low,5.0,42,DSDV,1001,1,n6,n10,4.042,1,0,1
1,low,5.0,42,DSDV,1001,2,n10,n9,3.415,1,0,1
1,low,5.0,42,DSDV,1001,3,n9,n13,0.115,1,0,0
1,low,5.0,42,DSDV,1001,4,n13,S,0.160,1,0,0
1,low,5.0,43,AODV,1001,0,n2,n6,0.142,1,0,0
1,low,5.0,43,AODV,1001,1,n6,n10,3.415,1,0,1
1,low,5.0,43,AODV,1001,2,n10,n14,3.838,1,0,1
1,low,5.0,43,AODV,1001,3,n14,S,0.056,1,0,0
1,low,5.0,43,OLSR,1001,0,n2,n6,0.142,1,0,0
1,low,5.0,43,OLSR,1001,1,n6,n10,3.415,1,0,1
1,low,5.0,43,OLSR,1001,2,n10,n14,3.838,1,0,1
1,low,5.0,43,OLSR,1001,3,n14,S,0.056,1,0,0
1,low,5.0,43,DSR,1001,0,n2,n6,0.142,1,0,0
1,low,5.0,43,DSR,1001,1,n6,n10,3.415,1,0,1
1,low,5.0,43,DSR,1001,2,n10,n14,3.838,1,0,1
1,low,5.0,43,DSR,1001,3,n14,S,0.056,1,0,0
1,low,5.0,43,DSDV,1001,0,n2,n6,0.142,1,0,0
1,low,5.0,43,DSDV,1001,1,n6,n10,3.415,1,0,1
1,low,5.0,43,DSDV,1001,2,n10,n14,3.838,1,0,1
1,low,5.0,43,DSDV,1001,3,n14,S,0.056,1,0,0
1,low,5.0,44,AODV,1001,0,n2,n6,0.154,1,0,0
1,low,5.0,44,AODV,1001,1,n6,n10,4.018,1,0,1
1,low,5.0,44,AODV,1001,2,n10,n9,3.002,0,1,1
1,low,5.0,44,AODV,1001,3,n9,n13,0.125,1,0,0
1,low,5.0,44,AODV,1001,4,n13,S,0.130,1,0,0
1,low,5.0,44,OLSR,1001,0,n2,n6,0.154,1,0,0
1,low,5.0,44,OLSR,1001,1,n6,n10,4.018,1,0,1
1,low,5.0,44,OLSR,1001,2,n10,n9,3.002,1,0,1
1,low,5.0,44,OLSR,1001,3,n9,n13,0.125,1,0,0
1,low,5.0,44,OLSR,1001,4,n13,S,0.130,1,0,0
1,low,5.0,44,DSR,1001,0,n2,n6,0.154,1,0,0
1,low,5.0,44,DSR,1001,1,n6,n10,4.018,1,0,1
1,low,5.0,44,DSR,1001,2,n10,n14,63.002,1,1,1
1,low,5.0,44,DSR,1001,3,n14,S,0.130,1,0,0
1,low,5.0,44,DSDV,1001,0,n2,n6,0.154,1,0,0
1,low,5.0,44,DSDV,1001,1,n6,n10,4.018,1,0,1
1,low,5.0,44,DSDV,1001,2,n10,n9,3.002,1,0,1
1,low,5.0,44,DSDV,1001,3,n9,n13,0.125,1,0,0
1,low,5.0,44,DSDV,1001,4,n13,S,0.130,1,0,0
1,low,6.0,37,AODV,1001,0,n2,n6,0.089,1,0,0
1,low,6.0,37,AODV,1001,1,n6,n10,4.195,1,0,1
1,low,6.0,37,AODV,1001,2,n10,n14,3.942,1,0,1
1,low,6.0,37,AODV,1001,3,n14,S,0.117,1,0,0
1,low,6.0,37,OLSR,1001,0,n2,n6,0.089,1,0,0
1,low,6.0,37,OLSR,1001,1,n6,n10,4.195,1,0,1
1,low,6.0,37,OLSR,1001,2,n10,n14,3.942,1,0,1
1,low,6.0,37,OLSR,1001,3,n14,S,0.117,1,0,0
1,low,6.0,37,DSR,1001,0,n2,n6,0.089,1,0,0
1,low,6.0,37,DSR,1001,1,n6,n10,4.195,1,0,1
1,low,6.0,37,DSR,1001,2,n10,n14,3.942,1,0,1
1,low,6.0,37,DSR,1001,3,n14,S,0.117,1,0,0
1,low,6.0,37,DSDV,1001,0,n2,n6,0.089,1,0,0
1,low,6.0,37,DSDV,1001,1,n6,n10,4.195,1,0,1
1,low,6.0,37,DSDV,1001,2,n10,n14,3.942,1,0,1
1,low,6.0,37,DSDV,1001,3,n14,S,0.117,1,0,0
1,low,6.0,38,AODV,1001,0,n2,n6,0.155,1,0,0
1,low,6.0,38,AODV,1001,1,n6,n10,4.303,1,0,1
1,low,6.0,38,AODV,1001,2,n10,n9,4.132,0,1,1
1,low,6.0,38,AODV,1001,3,n9,n13,0.128,1,0,0
1,low,6.0,38,AODV,1001,4,n13,S,0.103,1,0,0
1,low,6.0,38,OLSR,1001,0,n2,n6,0.155,1,0,0
1,low,6.0,38,OLSR,1001,1,n6,n10,4.303,1,0,1
1,low,6.0,38,OLSR,1001,2,n10,n9,4.132,1,0,1
1,low,6.0,38,OLSR,1001,3,n9,n13,0.128,1,0,0
1,low,6.0,38,OLSR,1001,4,n13,S,0.103,1,0,0
1,low,6.0,38,DSR,1001,0,n2,n6,0.155,1,0,0
1,low,6.0,38,DSR,1001,1,n6,n10,4.303,1,0,1
1,low,6.0,38,DSR,1001,2,n10,n14,64.132,1,1,1
1,low,6.0,38,DSR,1001,3,n14,S,0.103,1,0,0
1,low,6.0,38,DSDV,1001,0,n2,n6,0.155,1,0,0
1,low,6.0,38,DSDV,1001,1,n6,n10,4.303,1,0,1
1,low,6.0,38,DSDV,1001,2,n10,n9,4.132,1,0,1
1,low,6.0,38,DSDV,1001,3,n9,n13,0.128,1,0,0
1,low,6.0,38,DSDV,1001,4,n13,S,0.103,1,0,0
1,low,6.0,39,AODV,1001,0,n2,n6,0.166,1,0,0
1,low,6.0,39,AODV,1001,1,n6,n10,4.132,1,0,1
1,low,6.0,39,AODV,1001,2,n10,n9,4.303,0,1,1
1,low,6.0,39,AODV,1001,3,n9,n13,0.108,1,0,0
1,low,6.0,39,AODV,1001,4,n13,S,0.150,1,0,0
1,low,6.0,39,OLSR,1001,0,n2,n6,0.166,1,0,0
1,low,6.0,39,OLSR,1001,1,n6,n10,4.132,1,0,1
1,low,6.0,39,OLSR,1001,2,n10,n9,4.303,1,0,1
1,low,6.0,39,OLSR,1001,3,n9,n13,0.108,1,0,0
1,low,6.0,39,OLSR,1001,4,n13,S,0.150,1,0,0
1,low,6.0,39,DSR,1001,0,n2,n6,0.166,1,0,0
1,low,6.0,39,DSR,1001,1,n6,n10,4.132,1,0,1
1,low,6.0,39,DSR,1001,2,n10,n14,64.303,1,1,1
1,low,6.0,39,DSR,1001,3,n14,S,0.150,1,0,0
1,low,6.0,39,DSDV,1001,0,n2,n6,0.166,1,0,0
1,low,6.0,39,DSDV,1001,1,n6,n10,4.132,1,0,1
1,low,6.0,39,DSDV,1001,2,n10,n9,4.303,1,0,1
1,low,6.0,39,DSDV,1001,3,n9,n13,0.108,1,0,0
1,low,6.0,39,DSDV,1001,4,n13,S,0.150,1,0,0
1,low,6.0,40,AODV,1001,0,n2,n6,0.127,1,0,0
1,low,6.0,40,AODV,1001,1,n6,n10,63.415,1,1,1
1,low,6.0,40,AODV,1001,2,n10,n14,3.838,1,0,1
1,low,6.0,40,AODV,1001,3,n14,S,0.148,1,0,0
1,low,6.0,40,OLSR,1001,0,n2,n6,0.127,1,0,0
1,low,6.0,40,OLSR,1001,1,n6,n10,63.415,1,1,1
1,low,6.0,40,OLSR,1001,2,n10,n14,3.838,1,0,1
1,low,6.0,40,OLSR,1001,3,n14,S,0.148,1,0,0
1,low,6.0,40,DSR,1001,0,n2,n6,0.127,1,0,0
1,low,6.0,40,DSR,1001,1,n6,n10,123.415,1,1,1
1,low,6.0,40,DSR,1001,2,n10,n14,3.838,1,0,1
1,low,6.0,40,DSR,1001,3,n14,S,0.148,1,0,0
1,low,6.0,40,DSDV,1001,0,n2,n6,0.127,1,0,0
1,low,6.0,40,DSDV,1001,1,n6,n5,63.415,1,1,1
1,low,6.0,40,DSDV,1001,2,n5,n9,0.115,1,0,0
1,low,6.0,40,DSDV,1001,3,n9,n13,0.158,1,0,0
1,low,6.0,40,DSDV,1001,4,n13,S,0.056,1,0,0
1,low,6.0,41,AODV,1001,0,n2,n6,0.094,1,0,0
1,low,6.0,41,AODV,1001,1,n6,n5,3.838,0,1,1
1,low,6.0,41,AODV,1001,2,n5,n9,0.154,1,0,0
1,low,6.0,41,AODV,1001,3,n9,n13,0.056,1,0,0
1,low,6.0,41,AODV,1001,4,n13,S,0.160,1,0,0
1,low,6.0,41,OLSR,1001,0,n2,n6,0.094,1,0,0
1,low,6.0,41,OLSR,1001,1,n6,n5,3.838,1,0,1
1,low,6.0,41,OLSR,1001,2,n5,n9,0.154,1,0,0
1,low,6.0,41,OLSR,1001,3,n9,n13,0.056,1,0,0
1,low,6.0,41,OLSR,1001,4,n13,S,0.160,1,0,0
1,low,6.0,41,DSR,1001,0,n2,n6,0.094,1,0,0
1,low,6.0,41,DSR,1001,1,n6,n10,63.838,1,1,1
1,low,6.0,41,DSR,1001,2,n10,n14,183.838,1,1,1
1,low,6.0,41,DSR,1001,3,n14,S,0.177,1,0,0
1,low,6.0,41,DSDV,1001,0,n2,n6,0.094,1,0,0
1,low,6.0,41,DSDV,1001,1,n6,n5,3.838,1,0,1
1,low,6.0,41,DSDV,1001,2,n5,n9,0.154,1,0,0
1,low,6.0,41,DSDV,1001,3,n9,n13,0.056,1,0,0
1,low,6.0,41,DSDV,1001,4,n13,S,0.160,1,0,0
1,low,6.0,42,AODV,1001,0,n2,n6,0.119,1,0,0
1,low,6.0,42,AODV,1001,1,n6,n10,4.042,1,0,1
1,low,6.0,42,AODV,1001,2,n10,n9,3.415,0,1,1
1,low,6.0,42,AODV,1001,3,n9,n13,0.115,1,0,0
1,low,6.0,42,AODV,1001,4,n13,S,0.160,1,0,0
1,low,6.0,42,OLSR,1001,0,n2,n6,0.119,1,0,0
1,low,6.0,42,OLSR,1001,1,n6,n10,4.042,1,0,1
1,low,6.0,42,OLSR,1001,2,n10,n9,3.415,1,0,1
1,low,6.0,42,OLSR,1001,3,n9,n13,0.115,1,0,0
1,low,6.0,42,OLSR,1001,4,n13,S,0.160,1,0,0
1,low,6.0,42,DSR,1001,0,n2,n6,0.119,1,0,0
1,low,6.0,42,DSR,1001,1,n6,n10,4.042,1,0,1
1,low,6.0,42,DSR,1001,2,n10,n14,63.415,1,1,1
1,low,6.0,42,DSR,1001,3,n14,S,0.160,1,0,0
1,low,6.0,42,DSDV,1001,0,n2,n6,0.119,1,0,0
1,low,6.0,42,DSDV,1001,1,n6,n10,4.042,1,0,1
1,low,6.0,42,DSDV,1001,2,n10,n9,3.415,1,0,1
1,low,6.0,42,DSDV,1001,3,n9,n13,0.115,1,0,0
1,low,6.0,42,DSDV,1001,4,n13,S,0.160,1,0,0
1,low,6.0,43,AODV,1001,0,n2,n6,0.142,1,0,0
1,low,6.0,43,AODV,1001,1,n6,n10,3.415,1,0,1
1,low,6.0,43,AODV,1001,2,n10,n14,3.838,1,0,1
1,low,6.0,43,AODV,1001,3,n14,S,0.056,1,0,0
1,low,6.0,43,OLSR,1001,0,n2,n6,0.142,1,0,0
1,low,6.0,43,OLSR,1001,1,n6,n10,3.415,1,0,1
1,low,6.0,43,OLSR,1001,2,n10,n14,3.838,1,0,1
1,low,6.0,43,OLSR,1001,3,n14,S,0.056,1,0,0
1,low,6.0,43,DSR,1001,0,n2,n6,0.142,1,0,0
1,low,6.0,43,DSR,1001,1,n6,n10,3.415,1,0,1
1,low,6.0,43,DSR,1001,2,n10,n14,3.838,1,0,1
1,low,6.0,43,DSR,1001,3,n14,S,0.056,1,0,0
1,low,6.0,43,DSDV,1001,0,n2,n6,0.142,1,0,0
1,low,6.0,43,DSDV,1001,1,n6,n10,3.415,1,0,1
1,low,6.0,43,DSDV,1001,2,n10,n14,3.838,1,0,1
1,low,6.0,43,DSDV,1001,3,n14,S,0.056,1,0,0
1,low,6.0,44,AODV,1001,0,n2,n6,0.154,1,0,0
1,low,6.0,44,AODV,1001,1,n6,n10,4.018,1,0,1
1,low,6.0,44,AODV,1001,2,n10,n9,3.002,0,1,1
1,low,6.0,44,AODV,1001,3,n9,n13,0.125,1,0,0
1,low,6.0,44,AODV,1001,4,n13,S,0.130,1,0,0
1,low,6.0,44,OLSR,1001,0,n2,n6,0.154,1,0,0
1,low,6.0,44,OLSR,1001,1,n6,n10,4.018,1,0,1
1,low,6.0,44,OLSR,1001,2,n10,n9,3.002,1,0,1
1,low,6.0,44,OLSR,1001,3,n9,n13,0.125,1,0,0
1,low,6.0,44,OLSR,1001,4,n13,S,0.130,1,0,0
1,low,6.0,44,DSR,1001,0,n2,n6,0.154,1,0,0
1,low,6.0,44,DSR,1001,1,n6,n10,4.018,1,0,1
1,low,6.0,44,DSR,1001,2,n10,n14,63.002,1,1,1
1,low,6.0,44,DSR,1001,3,n14,S,0.130,1,0,0
1,low,6.0,44,DSDV,1001,0,n2,n6,0.154,1,0,0
1,low,6.0,44,DSDV,1001,1,n6,n10,4.018,1,0,1
1,low,6.0,44,DSDV,1001,2,n10,n9,3.002,1,0,1
1,low,6.0,44,DSDV,1001,3,n9,n13,0.125,1,0,0
1,low,6.0,44,DSDV,1001,4,n13,S,0.130,1,0,0
1,low,6.5,37,AODV,1001,0,n2,n6,0.089,1,0,0
1,low,6.5,37,AODV,1001,1,n6,n10,4.195,1,0,1
1,low,6.5,37,AODV,1001,2,n10,n14,3.942,1,0,1
1,low,6.5,37,AODV,1001,3,n14,S,0.117,1,0,0
1,low,6.5,37,OLSR,1001,0,n2,n6,0.089,1,0,0
1,low,6.5,37,OLSR,1001,1,n6,n10,4.195,1,0,1
1,low,6.5,37,OLSR,1001,2,n10,n14,3.942,1,0,1
1,low,6.5,37,OLSR,1001,3,n14,S,0.117,1,0,0
1,low,6.5,37,DSR,1001,0,n2,n6,0.089,1,0,0
1,low,6.5,37,DSR,1001,1,n6,n10,4.195,1,0,1
1,low,6.5,37,DSR,1001,2,n10,n14,3.942,1,0,1
1,low,6.5,37,DSR,1001,3,n14,S,0.117,1,0,0
1,low,6.5,37,DSDV,1001,0,n2,n6,0.089,1,0,0
1,low,6.5,37,DSDV,1001,1,n6,n10,4.195,1,0,1
1,low,6.5,37,DSDV,1001,2,n10,n14,3.942,1,0,1
1,low,6.5,37,DSDV,1001,3,n14,S,0.117,1,0,0
1,low,6.5,38,AODV,1001,0,n2,n6,0.155,1,0,0
1,low,6.5,38,AODV,1001,1,n6,n10,4.303,1,0,1
1,low,6.5,38,AODV,1001,2,n10,n9,4.132,0,1,1
1,low,6.5,38,AODV,1001,3,n9,n13,0.128,1,0,0
1,low,6.5,38,AODV,1001,4,n13,S,0.103,1,0,0
1,low,6.5,38,OLSR,1001,0,n2,n6,0.155,1,0,0
1,low,6.5,38,OLSR,1001,1,n6,n10,4.303,1,0,1
1,low,6.5,38,OLSR,1001,2,n10,n9,4.132,1,0,1
1,low,6.5,38,OLSR,1001,3,n9,n13,0.128,1,0,0
1,low,6.5,38,OLSR,1001,4,n13,S,0.103,1,0,0
1,low,6.5,38,DSR,1001,0,n2,n6,0.155,1,0,0
1,low,6.5,38,DSR,1001,1,n6,n10,4.303,1,0,1
1,low,6.5,38,DSR,1001,2,n10,n14,64.132,1,1,1
1,low,6.5,38,DSR,1001,3,n14,S,0.103,1,0,0
1,low,6.5,38,DSDV,1001,0,n2,n6,0.155,1,0,0
1,low,6.5,38,DSDV,1001,1,n6,n10,4.303,1,0,1
1,low,6.5,38,DSDV,1001,2,n10,n9,4.132,1,0,1
1,low,6.5,38,DSDV,1001,3,n9,n13,0.128,1,0,0
1,low,6.5,38,DSDV,1001,4,n13,S,0.103,1,0,0
1,low,6.5,39,AODV,1001,0,n2,n6,0.166,1,0,0
1,low,6.5,39,AODV,1001,1,n6,n10,4.132,1,0,1
1,low,6.5,39,AODV,1001,2,n10,n9,4.303,0,1,1
1,low,6.5,39,AODV,1001,3,n9,n13,0.108,1,0,0
1,low,6.5,39,AODV,1001,4,n13,S,0.150,1,0,0
1,low,6.5,39,OLSR,1001,0,n2,n6,0.166,1,0,0
1,low,6.5,39,OLSR,1001,1,n6,n10,4.132,1,0,1
1,low,6.5,39,OLSR,1001,2,n10,n9,4.303,1,0,1
1,low,6.5,39,OLSR,1001,3,n9,n13,0.108,1,0,0
1,low,6.5,39,OLSR,1001,4,n13,S,0.150,1,0,0
1,low,6.5,39,DSR,1001,0,n2,n6,0.166,1,0,0
1,low,6.5,39,DSR,1001,1,n6,n10,4.132,1,0,1
1,low,6.5,39,DSR,1001,2,n10,n14,64.303,1,1,1
1,low,6.5,39,DSR,1001,3,n14,S,0.150,1,0,0
1,low,6.5,39,DSDV,1001,0,n2,n6,0.166,1,0,0
1,low,6.5,39,DSDV,1001,1,n6,n10,4.132,1,0,1
1,low,6.5,39,DSDV,1001,2,n10,n9,4.303,1,0,1
1,low,6.5,39,DSDV,1001,3,n9,n13,0.108,1,0,0
1,low,6.5,39,DSDV,1001,4,n13,S,0.150,1,0,0
1,low,6.5,40,AODV,1001,0,n2,n6,0.127,1,0,0
1,low,6.5,40,AODV,1001,1,n6,n10,63.415,1,1,1
1,low,6.5,40,AODV,1001,2,n10,n14,3.838,1,0,1
1,low,6.5,40,AODV,1001,3,n14,S,0.148,1,0,0
1,low,6.5,40,OLSR,1001,0,n2,n6,0.127,1,0,0
1,low,6.5,40,OLSR,1001,1,n6,n10,63.415,1,1,1
1,low,6.5,40,OLSR,1001,2,n10,n14,3.838,1,0,1
1,low,6.5,40,OLSR,1001,3,n14,S,0.148,1,0,0
1,low,6.5,40,DSR,1001,0,n2,n6,0.127,1,0,0
1,low,6.5,40,DSR,1001,1,n6,n10,123.415,1,1,1
1,low,6.5,40,DSR,1001,2,n10,n14,3.838,1,0,1
1,low,6.5,40,DSR,1001,3,n14,S,0.148,1,0,0
1,low,6.5,40,DSDV,1001,0,n2,n6,0.127,1,0,0
1,low,6.5,40,DSDV,1001,1,n6,n5,63.415,1,1,1
1,low,6.5,40,DSDV,1001,2,n5,n9,0.115,1,0,0
1,low,6.5,40,DSDV,1001,3,n9,n13,0.158,1,0,0
1,low,6.5,40,DSDV,1001,4,n13,S,0.056,1,0,0
1,low,6.5,41,AODV,1001,0,n2,n6,0.094,1,0,0
1,low,6.5,41,AODV,1001,1,n6,n5,3.838,0,1,1
1,low,6.5,41,AODV,1001,2,n5,n9,0.154,1,0,0
1,low,6.5,41,AODV,1001,3,n9,n13,0.056,1,0,0
1,low,6.5,41,AODV,1001,4,n13,S,0.160,1,0,0
1,low,6.5,41,OLSR,1001,0,n2,n6,0.094,1,0,0
1,low,6.5,41,OLSR,1001,1,n6,n5,3.838,1,0,1
1,low,6.5,41,OLSR,1001,2,n5,n9,0.154,1,0,0
1,low,6.5,41,OLSR,1001,3,n9,n13,0.056,1,0,0
1,low,6.5,41,OLSR,1001,4,n13,S,0.160,1,0,0
1,low,6.5,41,DSR,1001,0,n2,n6,0.094,1,0,0
1,low,6.5,41,DSR,1001,1,n6,n10,63.838,1,1,1
1,low,6.5,41,DSR,1001,2,n10,n14,183.838,1,1,1
1,low,6.5,41,DSR,1001,3,n14,S,0.177,1,0,0
1,low,6.5,41,DSDV,1001,0,n2,n6,0.094,1,0,0
1,low,6.5,41,DSDV,1001,1,n6,n5,3.838,1,0,1
1,low,6.5,41,DSDV,1001,2,n5,n9,0.154,1,0,0
1,low,6.5,41,DSDV,1001,3,n9,n13,0.056,1,0,0
1,low,6.5,41,DSDV,1001,4,n13,S,0.160,1,0,0
1,low,6.5,42,AODV,1001,0,n2,n6,0.119,1,0,0
1,low,6.5,42,AODV,1001,1,n6,n10,4.042,1,0,1
1,low,6.5,42,AODV,1001,2,n10,n9,3.415,0,1,1
1,low,6.5,42,AODV,1001,3,n9,n13,0.115,1,0,0
1,low,6.5,42,AODV,1001,4,n13,S,0.160,1,0,0
1,low,6.5,42,OLSR,1001,0,n2,n6,0.119,1,0,0
1,low,6.5,42,OLSR,1001,1,n6,n10,4.042,1,0,1
1,low,6.5,42,OLSR,1001,2,n10,n9,3.415,1,0,1
1,low,6.5,42,OLSR,1001,3,n9,n13,0.115,1,0,0
1,low,6.5,42,OLSR,1001,4,n13,S,0.160,1,0,0
1,low,6.5,42,DSR,1001,0,n2,n6,0.119,1,0,0
1,low,6.5,42,DSR,1001,1,n6,n10,4.042,1,0,1
1,low,6.5,42,DSR,1001,2,n10,n14,63.415,1,1,1
1,low,6.5,42,DSR,1001,3,n14,S,0.160,1,0,0
1,low,6.5,42,DSDV,1001,0,n2,n6,0.119,1,0,0
1,low,6.5,42,DSDV,1001,1,n6,n10,4.042,1,0,1
1,low,6.5,42,DSDV,1001,2,n10,n9,3.415,1,0,1
1,low,6.5,42,DSDV,1001,3,n9,n13,0.115,1,0,0
1,low,6.5,42,DSDV,1001,4,n13,S,0.160,1,0,0
1,low,6.5,43,AODV,1001,0,n2,n6,0.142,1,0,0
1,low,6.5,43,AODV,1001,1,n6,n10,3.415,1,0,1
1,low,6.5,43,AODV,1001,2,n10,n14,3.838,1,0,1
1,low,6.5,43,AODV,1001,3,n14,S,0.056,1,0,0
1,low,6.5,43,OLSR,1001,0,n2,n6,0.142,1,0,0
1,low,6.5,43,OLSR,1001,1,n6,n10,3.415,1,0,1
1,low,6.5,43,OLSR,1001,2,n10,n14,3.838,1,0,1
1,low,6.5,43,OLSR,1001,3,n14,S,0.056,1,0,0
1,low,6.5,43,DSR,1001,0,n2,n6,0.142,1,0,0
1,low,6.5,43,DSR,1001,1,n6,n10,3.415,1,0,1
1,low,6.5,43,DSR,1001,2,n10,n14,3.838,1,0,1
1,low,6.5,43,DSR,1001,3,n14,S,0.056,1,0,0
1,low,6.5,43,DSDV,1001,0,n2,n6,0.142,1,0,0
1,low,6.5,43,DSDV,1001,1,n6,n10,3.415,1,0,1
1,low,6.5,43,DSDV,1001,2,n10,n14,3.838,1,0,1
1,low,6.5,43,DSDV,1001,3,n14,S,0.056,1,0,0
1,low,6.5,44,AODV,1001,0,n2,n6,0.154,1,0,0
1,low,6.5,44,AODV,1001,1,n6,n10,4.018,1,0,1
1,low,6.5,44,AODV,1001,2,n10,n9,3.002,0,1,1
1,low,6.5,44,AODV,1001,3,n9,n13,0.125,1,0,0
1,low,6.5,44,AODV,1001,4,n13,S,0.130,1,0,0
1,low,6.5,44,OLSR,1001,0,n2,n6,0.154,1,0,0
1,low,6.5,44,OLSR,1001,1,n6,n10,4.018,1,0,1
1,low,6.5,44,OLSR,1001,2,n10,n9,3.002,1,0,1
1,low,6.5,44,OLSR,1001,3,n9,n13,0.125,1,0,0
1,low,6.5,44,OLSR,1001,4,n13,S,0.130,1,0,0
1,low,6.5,44,DSR,1001,0,n2,n6,0.154,1,0,0
1,low,6.5,44,DSR,1001,1,n6,n10,4.018,1,0,1
1,low,6.5,44,DSR,1001,2,n10,n14,63.002,1,1,1
1,low,6.5,44,DSR,1001,3,n14,S,0.130,1,0,0
1,low,6.5,44,DSDV,1001,0,n2,n6,0.154,1,0,0
1,low,6.5,44,DSDV,1001,1,n6,n10,4.018,1,0,1
1,low,6.5,44,DSDV,1001,2,n10,n9,3.002,1,0,1
1,low,6.5,44,DSDV,1001,3,n9,n13,0.125,1,0,0
1,low,6.5,44,DSDV,1001,4,n13,S,0.130,1,0,0
1,low,7.0,37,AODV,1001,0,n2,n6,0.089,1,0,0
1,low,7.0,37,AODV,1001,1,n6,n10,4.195,1,0,1
1,low,7.0,37,AODV,1001,2,n10,n14,3.942,1,0,1
1,low,7.0,37,AODV,1001,3,n14,S,0.117,1,0,0
1,low,7.0,37,OLSR,1001,0,n2,n6,0.089,1,0,0
1,low,7.0,37,OLSR,1001,1,n6,n10,4.195,1,0,1
1,low,7.0,37,OLSR,1001,2,n10,n14,3.942,1,0,1
1,low,7.0,37,OLSR,1001,3,n14,S,0.117,1,0,0
1,low,7.0,37,DSR,1001,0,n2,n6,0.089,1,0,0
1,low,7.0,37,DSR,1001,1,n6,n10,4.195,1,0,1
1,low,7.0,37,DSR,1001,2,n10,n14,3.942,1,0,1
1,low,7.0,37,DSR,1001,3,n14,S,0.117,1,0,0
1,low,7.0,37,DSDV,1001,0,n2,n6,0.089,1,0,0
1,low,7.0,37,DSDV,1001,1,n6,n10,4.195,1,0,1
1,low,7.0,37,DSDV,1001,2,n10,n14,3.942,1,0,1
1,low,7.0,37,DSDV,1001,3,n14,S,0.117,1,0,0
1,low,7.0,38,AODV,1001,0,n2,n6,0.155,1,0,0
1,low,7.0,38,AODV,1001,1,n6,n10,4.303,1,0,1
1,low,7.0,38,AODV,1001,2,n10,n9,4.132,0,1,1
1,low,7.0,38,AODV,1001,3,n9,n13,0.128,1,0,0
1,low,7.0,38,AODV,1001,4,n13,S,0.103,1,0,0
1,low,7.0,38,OLSR,1001,0,n2,n6,0.155,1,0,0
1,low,7.0,38,OLSR,1001,1,n6,n10,4.303,1,0,1
1,low,7.0,38,OLSR,1001,2,n10,n9,4.132,1,0,1
1,low,7.0,38,OLSR,1001,3,n9,n13,0.128,1,0,0
1,low,7.0,38,OLSR,1001,4,n13,S,0.103,1,0,0
1,low,7.0,38,DSR,1001,0,n2,n6,0.155,1,0,0
1,low,7.0,38,DSR,1001,1,n6,n10,4.303,1,0,1
1,low,7.0,38,DSR,1001,2,n10,n14,64.132,1,1,1
1,low,7.0,38,DSR,1001,3,n14,S,0.103,1,0,0
1,low,7.0,38,DSDV,1001,0,n2,n6,0.155,1,0,0
1,low,7.0,38,DSDV,1001,1,n6,n10,4.303,1,0,1
1,low,7.0,38,DSDV,1001,2,n10,n9,4.132,1,0,1
1,low,7.0,38,DSDV,1001,3,n9,n13,0.128,1,0,0
1,low,7.0,38,DSDV,1001,4,n13,S,0.103,1,0,0
1,low,7.0,39,AODV,1001,0,n2,n6,0.166,1,0,0
1,low,7.0,39,AODV,1001,1,n6,n10,4.132,1,0,1
1,low,7.0,39,AODV,1001,2,n10,n9,4.303,0,1,1
1,low,7.0,39,AODV,1001,3,n9,n13,0.108,1,0,0
1,low,7.0,39,AODV,1001,4,n13,S,0.150,1,0,0
1,low,7.0,39,OLSR,1001,0,n2,n6,0.166,1,0,0
1,low,7.0,39,OLSR,1001,1,n6,n10,4.132,1,0,1
1,low,7.0,39,OLSR,1001,2,n10,n9,4.303,1,0,1
1,low,7.0,39,OLSR,1001,3,n9,n13,0.108,1,0,0
1,low,7.0,39,OLSR,1001,4,n13,S,0.150,1,0,0
1,low,7.0,39,DSR,1001,0,n2,n6,0.166,1,0,0
1,low,7.0,39,DSR,1001,1,n6,n10,4.132,1,0,1
1,low,7.0,39,DSR,1001,2,n10,n14,64.303,1,1,1
1,low,7.0,39,DSR,1001,3,n14,S,0.150,1,0,0
1,low,7.0,39,DSDV,1001,0,n2,n6,0.166,1,0,0
1,low,7.0,39,DSDV,1001,1,n6,n10,4.132,1,0,1
1,low,7.0,39,DSDV,1001,2,n10,n9,4.303,1,0,1
1,low,7.0,39,DSDV,1001,3,n9,n13,0.108,1,0,0
1,low,7.0,39,DSDV,1001,4,n13,S,0.150,1,0,0
1,low,7.0,40,AODV,1001,0,n2,n6,0.127,1,0,0
1,low,7.0,40,AODV,1001,1,n6,n10,63.415,1,1,1
1,low,7.0,40,AODV,1001,2,n10,n14,3.838,1,0,1
1,low,7.0,40,AODV,1001,3,n14,S,0.148,1,0,0
1,low,7.0,40,OLSR,1001,0,n2,n6,0.127,1,0,0
1,low,7.0,40,OLSR,1001,1,n6,n10,63.415,1,1,1
1,low,7.0,40,OLSR,1001,2,n10,n14,3.838,1,0,1
1,low,7.0,40,OLSR,1001,3,n14,S,0.148,1,0,0
1,low,7.0,40,DSR,1001,0,n2,n6,0.127,1,0,0
1,low,7.0,40,DSR,1001,1,n6,n10,123.415,1,1,1
1,low,7.0,40,DSR,1001,2,n10,n14,3.838,1,0,1
1,low,7.0,40,DSR,1001,3,n14,S,0.148,1,0,0
1,low,7.0,40,DSDV,1001,0,n2,n6,0.127,1,0,0
1,low,7.0,40,DSDV,1001,1,n6,n5,63.415,1,1,1
1,low,7.0,40,DSDV,1001,2,n5,n9,0.115,1,0,0
1,low,7.0,40,DSDV,1001,3,n9,n13,0.158,1,0,0
1,low,7.0,40,DSDV,1001,4,n13,S,0.056,1,0,0
1,low,7.0,41,AODV,1001,0,n2,n6,0.094,1,0,0
1,low,7.0,41,AODV,1001,1,n6,n5,3.838,0,1,1
1,low,7.0,41,AODV,1001,2,n5,n9,0.154,1,0,0
1,low,7.0,41,AODV,1001,3,n9,n13,0.056,1,0,0
1,low,7.0,41,AODV,1001,4,n13,S,0.160,1,0,0
1,low,7.0,41,OLSR,1001,0,n2,n6,0.094,1,0,0
1,low,7.0,41,OLSR,1001,1,n6,n5,3.838,1,0,1
1,low,7.0,41,OLSR,1001,2,n5,n9,0.154,1,0,0
1,low,7.0,41,OLSR,1001,3,n9,n13,0.056,1,0,0
1,low,7.0,41,OLSR,1001,4,n13,S,0.160,1,0,0
1,low,7.0,41,DSR,1001,0,n2,n6,0.094,1,0,0
1,low,7.0,41,DSR,1001,1,n6,n10,63.838,1,1,1
1,low,7.0,41,DSR,1001,2,n10,n14,183.838,1,1,1
1,low,7.0,41,DSR,1001,3,n14,S,0.177,1,0,0
1,low,7.0,41,DSDV,1001,0,n2,n6,0.094,1,0,0
1,low,7.0,41,DSDV,1001,1,n6,n5,3.838,1,0,1
1,low,7.0,41,DSDV,1001,2,n5,n9,0.154,1,0,0
1,low,7.0,41,DSDV,1001,3,n9,n13,0.056,1,0,0
1,low,7.0,41,DSDV,1001,4,n13,S,0.160,1,0,0
1,low,7.0,42,AODV,1001,0,n2,n6,0.119,1,0,0
1,low,7.0,42,AODV,1001,1,n6,n10,4.042,1,0,1
1,low,7.0,42,AODV,1001,2,n10,n9,3.415,0,1,1
1,low,7.0,42,AODV,1001,3,n9,n13,0.115,1,0,0
1,low,7.0,42,AODV,1001,4,n13,S,0.160,1,0,0
1,low,7.0,42,OLSR,1001,0,n2,n6,0.119,1,0,0
1,low,7.0,42,OLSR,1001,1,n6,n10,4.042,1,0,1
1,low,7.0,42,OLSR,1001,2,n10,n9,3.415,1,0,1
1,low,7.0,42,OLSR,1001,3,n9,n13,0.115,1,0,0
1,low,7.0,42,OLSR,1001,4,n13,S,0.160,1,0,0
1,low,7.0,42,DSR,1001,0,n2,n6,0.119,1,0,0
1,low,7.0,42,DSR,1001,1,n6,n10,4.042,1,0,1
1,low,7.0,42,DSR,1001,2,n10,n14,63.415,1,1,1
1,low,7.0,42,DSR,1001,3,n14,S,0.160,1,0,0
1,low,7.0,42,DSDV,1001,0,n2,n6,0.119,1,0,0
1,low,7.0,42,DSDV,1001,1,n6,n10,4.042,1,0,1
1,low,7.0,42,DSDV,1001,2,n10,n9,3.415,1,0,1
1,low,7.0,42,DSDV,1001,3,n9,n13,0.115,1,0,0
1,low,7.0,42,DSDV,1001,4,n13,S,0.160,1,0,0
1,low,7.0,43,AODV,1001,0,n2,n6,0.142,1,0,0
1,low,7.0,43,AODV,1001,1,n6,n10,3.415,1,0,1
1,low,7.0,43,AODV,1001,2,n10,n14,3.838,1,0,1
1,low,7.0,43,AODV,1001,3,n14,S,0.056,1,0,0
1,low,7.0,43,OLSR,1001,0,n2,n6,0.142,1,0,0
1,low,7.0,43,OLSR,1001,1,n6,n10,3.415,1,0,1
1,low,7.0,43,OLSR,1001,2,n10,n14,3.838,1,0,1
1,low,7.0,43,OLSR,1001,3,n14,S,0.056,1,0,0
1,low,7.0,43,DSR,1001,0,n2,n6,0.142,1,0,0
1,low,7.0,43,DSR,1001,1,n6,n10,3.415,1,0,1
1,low,7.0,43,DSR,1001,2,n10,n14,3.838,1,0,1
1,low,7.0,43,DSR,1001,3,n14,S,0.056,1,0,0
1,low,7.0,43,DSDV,1001,0,n2,n6,0.142,1,0,0
1,low,7.0,43,DSDV,1001,1,n6,n10,3.415,1,0,1
1,low,7.0,43,DSDV,1001,2,n10,n14,3.838,1,0,1
1,low,7.0,43,DSDV,1001,3,n14,S,0.056,1,0,0
1,low,7.0,44,AODV,1001,0,n2,n6,0.154,1,0,0
1,low,7.0,44,AODV,1001,1,n6,n10,4.018,1,0,1
1,low,7.0,44,AODV,1001,2,n10,n9,3.002,0,1,1
1,low,7.0,44,AODV,1001,3,n9,n13,0.125,1,0,0
1,low,7.0,44,AODV,1001,4,n13,S,0.130,1,0,0
1,low,7.0,44,OLSR,1001,0,n2,n6,0.154,1,0,0
1,low,7.0,44,OLSR,1001,1,n6,n10,4.018,1,0,1
1,low,7.0,44,OLSR,1001,2,n10,n9,3.002,1,0,1
1,low,7.0,44,OLSR,1001,3,n9,n13,0.125,1,0,0
1,low,7.0,44,OLSR,1001,4,n13,S,0.130,1,0,0
1,low,7.0,44,DSR,1001,0,n2,n6,0.154,1,0,0
1,low,7.0,44,DSR,1001,1,n6,n10,4.018,1,0,1
1,low,7.0,44,DSR,1001,2,n10,n14,63.002,1,1,1
1,low,7.0,44,DSR,1001,3,n14,S,0.130,1,0,0
1,low,7.0,44,DSDV,1001,0,n2,n6,0.154,1,0,0
1,low,7.0,44,DSDV,1001,1,n6,n10,4.018,1,0,1
1,low,7.0,44,DSDV,1001,2,n10,n9,3.002,1,0,1
1,low,7.0,44,DSDV,1001,3,n9,n13,0.125,1,0,0
1,low,7.0,44,DSDV,1001,4,n13,S,0.130,1,0,0
1,low,8.0,37,AODV,1001,0,n2,n6,0.089,1,0,0
1,low,8.0,37,AODV,1001,1,n6,n10,4.195,1,0,1
1,low,8.0,37,AODV,1001,2,n10,n14,3.942,1,0,1
1,low,8.0,37,AODV,1001,3,n14,S,0.117,1,0,0
1,low,8.0,37,OLSR,1001,0,n2,n6,0.089,1,0,0
1,low,8.0,37,OLSR,1001,1,n6,n10,4.195,1,0,1
1,low,8.0,37,OLSR,1001,2,n10,n14,3.942,1,0,1
1,low,8.0,37,OLSR,1001,3,n14,S,0.117,1,0,0
1,low,8.0,37,DSR,1001,0,n2,n6,0.089,1,0,0
1,low,8.0,37,DSR,1001,1,n6,n10,4.195,1,0,1
1,low,8.0,37,DSR,1001,2,n10,n14,3.942,1,0,1
1,low,8.0,37,DSR,1001,3,n14,S,0.117,1,0,0
1,low,8.0,37,DSDV,1001,0,n2,n6,0.089,1,0,0
1,low,8.0,37,DSDV,1001,1,n6,n10,4.195,1,0,1
1,low,8.0,37,DSDV,1001,2,n10,n14,3.942,1,0,1
1,low,8.0,37,DSDV,1001,3,n14,S,0.117,1,0,0
1,low,8.0,38,AODV,1001,0,n2,n6,0.155,1,0,0
1,low,8.0,38,AODV,1001,1,n6,n10,4.303,1,0,1
1,low,8.0,38,AODV,1001,2,n10,n9,4.132,0,1,1
1,low,8.0,38,AODV,1001,3,n9,n13,0.128,1,0,0
1,low,8.0,38,AODV,1001,4,n13,S,0.103,1,0,0
1,low,8.0,38,OLSR,1001,0,n2,n6,0.155,1,0,0
1,low,8.0,38,OLSR,1001,1,n6,n10,4.303,1,0,1
1,low,8.0,38,OLSR,1001,2,n10,n9,4.132,1,0,1
1,low,8.0,38,OLSR,1001,3,n9,n13,0.128,1,0,0
1,low,8.0,38,OLSR,1001,4,n13,S,0.103,1,0,0
1,low,8.0,38,DSR,1001,0,n2,n6,0.155,1,0,0
1,low,8.0,38,DSR,1001,1,n6,n10,4.303,1,0,1
1,low,8.0,38,DSR,1001,2,n10,n14,64.132,1,1,1
1,low,8.0,38,DSR,1001,3,n14,S,0.103,1,0,0
1,low,8.0,38,DSDV,1001,0,n2,n6,0.155,1,0,0
1,low,8.0,38,DSDV,1001,1,n6,n10,4.303,1,0,1
1,low,8.0,38,DSDV,1001,2,n10,n9,4.132,1,0,1
1,low,8.0,38,DSDV,1001,3,n9,n13,0.128,1,0,0
1,low,8.0,38,DSDV,1001,4,n13,S,0.103,1,0,0
1,low,8.0,39,AODV,1001,0,n2,n6,0.166,1,0,0
1,low,8.0,39,AODV,1001,1,n6,n10,4.132,1,0,1
1,low,8.0,39,AODV,1001,2,n10,n9,4.303,0,1,1
1,low,8.0,39,AODV,1001,3,n9,n13,0.108,1,0,0
1,low,8.0,39,AODV,1001,4,n13,S,0.150,1,0,0
1,low,8.0,39,OLSR,1001,0,n2,n6,0.166,1,0,0
1,low,8.0,39,OLSR,1001,1,n6,n10,4.132,1,0,1
1,low,8.0,39,OLSR,1001,2,n10,n9,4.303,1,0,1
1,low,8.0,39,OLSR,1001,3,n9,n13,0.108,1,0,0
1,low,8.0,39,OLSR,1001,4,n13,S,0.150,1,0,0
1,low,8.0,39,DSR,1001,0,n2,n6,0.166,1,0,0
1,low,8.0,39,DSR,1001,1,n6,n10,4.132,1,0,1
1,low,8.0,39,DSR,1001,2,n10,n14,64.303,1,1,1
1,low,8.0,39,DSR,1001,3,n14,S,0.150,1,0,0
1,low,8.0,39,DSDV,1001,0,n2,n6,0.166,1,0,0
1,low,8.0,39,DSDV,1001,1,n6,n10,4.132,1,0,1
1,low,8.0,39,DSDV,1001,2,n10,n9,4.303,1,0,1
1,low,8.0,39,DSDV,1001,3,n9,n13,0.108,1,0,0
1,low,8.0,39,DSDV,1001,4,n13,S,0.150,1,0,0
1,low,8.0,40,AODV,1001,0,n2,n6,0.127,1,0,0
1,low,8.0,40,AODV,1001,1,n6,n10,63.415,1,1,1
1,low,8.0,40,AODV,1001,2,n10,n14,3.838,1,0,1
1,low,8.0,40,AODV,1001,3,n14,S,0.148,1,0,0
1,low,8.0,40,OLSR,1001,0,n2,n6,0.127,1,0,0
1,low,8.0,40,OLSR,1001,1,n6,n10,63.415,1,1,1
1,low,8.0,40,OLSR,1001,2,n10,n14,3.838,1,0,1
1,low,8.0,40,OLSR,1001,3,n14,S,0.148,1,0,0
1,low,8.0,40,DSR,1001,0,n2,n6,0.127,1,0,0
1,low,8.0,40,DSR,1001,1,n6,n10,123.415,1,1,1
1,low,8.0,40,DSR,1001,2,n10,n14,3.838,1,0,1
1,low,8.0,40,DSR,1001,3,n14,S,0.148,1,0,0
1,low,8.0,40,DSDV,1001,0,n2,n6,0.127,1,0,0
1,low,8.0,40,DSDV,1001,1,n6,n5,63.415,1,1,1
1,low,8.0,40,DSDV,1001,2,n5,n9,0.115,1,0,0
1,low,8.0,40,DSDV,1001,3,n9,n13,0.158,1,0,0
1,low,8.0,40,DSDV,1001,4,n13,S,0.056,1,0,0
1,low,8.0,41,AODV,1001,0,n2,n6,0.094,1,0,0
1,low,8.0,41,AODV,1001,1,n6,n5,3.838,0,1,1
1,low,8.0,41,AODV,1001,2,n5,n9,0.154,1,0,0
1,low,8.0,41,AODV,1001,3,n9,n13,0.056,1,0,0
1,low,8.0,41,AODV,1001,4,n13,S,0.160,1,0,0
1,low,8.0,41,OLSR,1001,0,n2,n6,0.094,1,0,0
1,low,8.0,41,OLSR,1001,1,n6,n5,3.838,1,0,1
1,low,8.0,41,OLSR,1001,2,n5,n9,0.154,1,0,0
1,low,8.0,41,OLSR,1001,3,n9,n13,0.056,1,0,0
1,low,8.0,41,OLSR,1001,4,n13,S,0.160,1,0,0
1,low,8.0,41,DSR,1001,0,n2,n6,0.094,1,0,0
1,low,8.0,41,DSR,1001,1,n6,n10,63.838,1,1,1
1,low,8.0,41,DSR,1001,2,n10,n14,183.838,1,1,1
1,low,8.0,41,DSR,1001,3,n14,S,0.177,1,0,0
1,low,8.0,41,DSDV,1001,0,n2,n6,0.094,1,0,0
1,low,8.0,41,DSDV,1001,1,n6,n5,3.838,1,0,1
1,low,8.0,41,DSDV,1001,2,n5,n9,0.154,1,0,0
1,low,8.0,41,DSDV,1001,3,n9,n13,0.056,1,0,0
1,low,8.0,41,DSDV,1001,4,n13,S,0.160,1,0,0
1,low,8.0,42,AODV,1001,0,n2,n6,0.119,1,0,0
1,low,8.0,42,AODV,1001,1,n6,n10,4.042,1,0,1
1,low,8.0,42,AODV,1001,2,n10,n9,3.415,0,1,1
1,low,8.0,42,AODV,1001,3,n9,n13,0.115,1,0,0
1,low,8.0,42,AODV,1001,4,n13,S,0.160,1,0,0
1,low,8.0,42,OLSR,1001,0,n2,n6,0.119,1,0,0
1,low,8.0,42,OLSR,1001,1,n6,n10,4.042,1,0,1
1,low,8.0,42,OLSR,1001,2,n10,n9,3.415,1,0,1
1,low,8.0,42,OLSR,1001,3,n9,n13,0.115,1,0,0
1,low,8.0,42,OLSR,1001,4,n13,S,0.160,1,0,0
1,low,8.0,42,DSR,1001,0,n2,n6,0.119,1,0,0
1,low,8.0,42,DSR,1001,1,n6,n10,4.042,1,0,1
1,low,8.0,42,DSR,1001,2,n10,n14,63.415,1,1,1
1,low,8.0,42,DSR,1001,3,n14,S,0.160,1,0,0
1,low,8.0,42,DSDV,1001,0,n2,n6,0.119,1,0,0
1,low,8.0,42,DSDV,1001,1,n6,n10,4.042,1,0,1
1,low,8.0,42,DSDV,1001,2,n10,n9,3.415,1,0,1
1,low,8.0,42,DSDV,1001,3,n9,n13,0.115,1,0,0
1,low,8.0,42,DSDV,1001,4,n13,S,0.160,1,0,0
1,low,8.0,43,AODV,1001,0,n2,n6,0.142,1,0,0
1,low,8.0,43,AODV,1001,1,n6,n10,3.415,1,0,1
1,low,8.0,43,AODV,1001,2,n10,n14,3.838,1,0,1
1,low,8.0,43,AODV,1001,3,n14,S,0.056,1,0,0
1,low,8.0,43,OLSR,1001,0,n2,n6,0.142,1,0,0
1,low,8.0,43,OLSR,1001,1,n6,n10,3.415,1,0,1
1,low,8.0,43,OLSR,1001,2,n10,n14,3.838,1,0,1
1,low,8.0,43,OLSR,1001,3,n14,S,0.056,1,0,0
1,low,8.0,43,DSR,1001,0,n2,n6,0.142,1,0,0
1,low,8.0,43,DSR,1001,1,n6,n10,3.415,1,0,1
1,low,8.0,43,DSR,1001,2,n10,n14,3.838,1,0,1
1,low,8.0,43,DSR,1001,3,n14,S,0.056,1,0,0
1,low,8.0,43,DSDV,1001,0,n2,n6,0.142,1,0,0
1,low,8.0,43,DSDV,1001,1,n6,n10,3.415,1,0,1
1,low,8.0,43,DSDV,1001,2,n10,n14,3.838,1,0,1
1,low,8.0,43,DSDV,1001,3,n14,S,0.056,1,0,0
1,low,8.0,44,AODV,1001,0,n2,n6,0.154,1,0,0
1,low,8.0,44,AODV,1001,1,n6,n10,4.018,1,0,1
1,low,8.0,44,AODV,1001,2,n10,n9,3.002,0,1,1
1,low,8.0,44,AODV,1001,3,n9,n13,0.125,1,0,0
1,low,8.0,44,AODV,1001,4,n13,S,0.130,1,0,0
1,low,8.0,44,OLSR,1001,0,n2,n6,0.154,1,0,0
1,low,8.0,44,OLSR,1001,1,n6,n10,4.018,1,0,1
1,low,8.0,44,OLSR,1001,2,n10,n9,3.002,1,0,1
1,low,8.0,44,OLSR,1001,3,n9,n13,0.125,1,0,0
1,low,8.0,44,OLSR,1001,4,n13,S,0.130,1,0,0
1,low,8.0,44,DSR,1001,0,n2,n6,0.154,1,0,0
1,low,8.0,44,DSR,1001,1,n6,n10,4.018,1,0,1
1,low,8.0,44,DSR,1001,2,n10,n14,63.002,1,1,1
1,low,8.0,44,DSR,1001,3,n14,S,0.130,1,0,0
1,low,8.0,44,DSDV,1001,0,n2,n6,0.154,1,0,0
1,low,8.0,44,DSDV,1001,1,n6,n10,4.018,1,0,1
1,low,8.0,44,DSDV,1001,2,n10,n9,3.002,1,0,1
1,low,8.0,44,DSDV,1001,3,n9,n13,0.125,1,0,0
1,low,8.0,44,DSDV,1001,4,n13,S,0.130,1,0,0
1,low,10.0,37,AODV,1001,0,n2,n6,0.089,1,0,0
1,low,10.0,37,AODV,1001,1,n6,n10,4.195,1,0,1
1,low,10.0,37,AODV,1001,2,n10,n14,3.942,1,0,1
1,low,10.0,37,AODV,1001,3,n14,S,0.117,1,0,0
1,low,10.0,37,OLSR,1001,0,n2,n6,0.089,1,0,0
1,low,10.0,37,OLSR,1001,1,n6,n10,4.195,1,0,1
1,low,10.0,37,OLSR,1001,2,n10,n14,3.942,1,0,1
1,low,10.0,37,OLSR,1001,3,n14,S,0.117,1,0,0
1,low,10.0,37,DSR,1001,0,n2,n6,0.089,1,0,0
1,low,10.0,37,DSR,1001,1,n6,n10,4.195,1,0,1
1,low,10.0,37,DSR,1001,2,n10,n14,3.942,1,0,1
1,low,10.0,37,DSR,1001,3,n14,S,0.117,1,0,0
1,low,10.0,37,DSDV,1001,0,n2,n6,0.089,1,0,0
1,low,10.0,37,DSDV,1001,1,n6,n10,4.195,1,0,1
1,low,10.0,37,DSDV,1001,2,n10,n14,3.942,1,0,1
1,low,10.0,37,DSDV,1001,3,n14,S,0.117,1,0,0
1,low,10.0,38,AODV,1001,0,n2,n6,0.155,1,0,0
1,low,10.0,38,AODV,1001,1,n6,n10,4.303,1,0,1
1,low,10.0,38,AODV,1001,2,n10,n9,4.132,0,1,1
1,low,10.0,38,AODV,1001,3,n9,n13,0.128,1,0,0
1,low,10.0,38,AODV,1001,4,n13,S,0.103,1,0,0
1,low,10.0,38,OLSR,1001,0,n2,n6,0.155,1,0,0
1,low,10.0,38,OLSR,1001,1,n6,n10,4.303,1,0,1
1,low,10.0,38,OLSR,1001,2,n10,n9,4.132,1,0,1
1,low,10.0,38,OLSR,1001,3,n9,n13,0.128,1,0,0
1,low,10.0,38,OLSR,1001,4,n13,S,0.103,1,0,0
1,low,10.0,38,DSR,1001,0,n2,n6,0.155,1,0,0
1,low,10.0,38,DSR,1001,1,n6,n10,4.303,1,0,1
1,low,10.0,38,DSR,1001,2,n10,n14,64.132,1,1,1
1,low,10.0,38,DSR,1001,3,n14,S,0.103,1,0,0
1,low,10.0,38,DSDV,1001,0,n2,n6,0.155,1,0,0
1,low,10.0,38,DSDV,1001,1,n6,n10,4.303,1,0,1
1,low,10.0,38,DSDV,1001,2,n10,n9,4.132,1,0,1
1,low,10.0,38,DSDV,1001,3,n9,n13,0.128,1,0,0
1,low,10.0,38,DSDV,1001,4,n13,S,0.103,1,0,0
1,low,10.0,39,AODV,1001,0,n2,n6,0.166,1,0,0
1,low,10.0,39,AODV,1001,1,n6,n10,4.132,1,0,1
1,low,10.0,39,AODV,1001,2,n10,n9,4.303,0,1,1
1,low,10.0,39,AODV,1001,3,n9,n13,0.108,1,0,0
1,low,10.0,39,AODV,1001,4,n13,S,0.150,1,0,0
1,low,10.0,39,OLSR,1001,0,n2,n6,0.166,1,0,0
1,low,10.0,39,OLSR,1001,1,n6,n10,4.132,1,0,1
1,low,10.0,39,OLSR,1001,2,n10,n9,4.303,1,0,1
1,low,10.0,39,OLSR,1001,3,n9,n13,0.108,1,0,0
1,low,10.0,39,OLSR,1001,4,n13,S,0.150,1,0,0
1,low,10.0,39,DSR,1001,0,n2,n6,0.166,1,0,0
1,low,10.0,39,DSR,1001,1,n6,n10,4.132,1,0,1
1,low,10.0,39,DSR,1001,2,n10,n14,64.303,1,1,1
1,low,10.0,39,DSR,1001,3,n14,S,0.150,1,0,0
1,low,10.0,39,DSDV,1001,0,n2,n6,0.166,1,0,0
1,low,10.0,39,DSDV,1001,1,n6,n10,4.132,1,0,1
1,low,10.0,39,DSDV,1001,2,n10,n9,4.303,1,0,1
1,low,10.0,39,DSDV,1001,3,n9,n13,0.108,1,0,0
1,low,10.0,39,DSDV,1001,4,n13,S,0.150,1,0,0
1,low,10.0,40,AODV,1001,0,n2,n6,0.127,1,0,0
1,low,10.0,40,AODV,1001,1,n6,n10,63.415,1,1,1
1,low,10.0,40,AODV,1001,2,n10,n14,3.838,1,0,1
1,low,10.0,40,AODV,1001,3,n14,S,0.148,1,0,0
1,low,10.0,40,OLSR,1001,0,n2,n6,0.127,1,0,0
1,low,10.0,40,OLSR,1001,1,n6,n10,63.415,1,1,1
1,low,10.0,40,OLSR,1001,2,n10,n14,3.838,1,0,1
1,low,10.0,40,OLSR,1001,3,n14,S,0.148,1,0,0
1,low,10.0,40,DSR,1001,0,n2,n6,0.127,1,0,0
1,low,10.0,40,DSR,1001,1,n6,n10,123.415,1,1,1
1,low,10.0,40,DSR,1001,2,n10,n14,3.838,1,0,1
1,low,10.0,40,DSR,1001,3,n14,S,0.148,1,0,0
1,low,10.0,40,DSDV,1001,0,n2,n6,0.127,1,0,0
1,low,10.0,40,DSDV,1001,1,n6,n5,63.415,1,1,1
1,low,10.0,40,DSDV,1001,2,n5,n9,0.115,1,0,0
1,low,10.0,40,DSDV,1001,3,n9,n13,0.158,1,0,0
1,low,10.0,40,DSDV,1001,4,n13,S,0.056,1,0,0
1,low,10.0,41,AODV,1001,0,n2,n6,0.094,1,0,0
1,low,10.0,41,AODV,1001,1,n6,n5,3.838,0,1,1
1,low,10.0,41,AODV,1001,2,n5,n9,0.154,1,0,0
1,low,10.0,41,AODV,1001,3,n9,n13,0.056,1,0,0
1,low,10.0,41,AODV,1001,4,n13,S,0.160,1,0,0
1,low,10.0,41,OLSR,1001,0,n2,n6,0.094,1,0,0
1,low,10.0,41,OLSR,1001,1,n6,n5,3.838,1,0,1
1,low,10.0,41,OLSR,1001,2,n5,n9,0.154,1,0,0
1,low,10.0,41,OLSR,1001,3,n9,n13,0.056,1,0,0
1,low,10.0,41,OLSR,1001,4,n13,S,0.160,1,0,0
1,low,10.0,41,DSR,1001,0,n2,n6,0.094,1,0,0
1,low,10.0,41,DSR,1001,1,n6,n10,63.838,1,1,1
1,low,10.0,41,DSR,1001,2,n10,n14,183.838,1,1,1
1,low,10.0,41,DSR,1001,3,n14,S,0.177,1,0,0
1,low,10.0,41,DSDV,1001,0,n2,n6,0.094,1,0,0
1,low,10.0,41,DSDV,1001,1,n6,n5,3.838,1,0,1
1,low,10.0,41,DSDV,1001,2,n5,n9,0.154,1,0,0
1,low,10.0,41,DSDV,1001,3,n9,n13,0.056,1,0,0
1,low,10.0,41,DSDV,1001,4,n13,S,0.160,1,0,0
1,low,10.0,42,AODV,1001,0,n2,n6,0.119,1,0,0
1,low,10.0,42,AODV,1001,1,n6,n10,4.042,1,0,1
1,low,10.0,42,AODV,1001,2,n10,n9,3.415,0,1,1
1,low,10.0,42,AODV,1001,3,n9,n13,0.115,1,0,0
1,low,10.0,42,AODV,1001,4,n13,S,0.160,1,0,0
1,low,10.0,42,OLSR,1001,0,n2,n6,0.119,1,0,0
1,low,10.0,42,OLSR,1001,1,n6,n10,4.042,1,0,1
1,low,10.0,42,OLSR,1001,2,n10,n9,3.415,1,0,1
1,low,10.0,42,OLSR,1001,3,n9,n13,0.115,1,0,0
1,low,10.0,42,OLSR,1001,4,n13,S,0.160,1,0,0
1,low,10.0,42,DSR,1001,0,n2,n6,0.119,1,0,0
1,low,10.0,42,DSR,1001,1,n6,n10,4.042,1,0,1
1,low,10.0,42,DSR,1001,2,n10,n14,63.415,1,1,1
1,low,10.0,42,DSR,1001,3,n14,S,0.160,1,0,0
1,low,10.0,42,DSDV,1001,0,n2,n6,0.119,1,0,0
1,low,10.0,42,DSDV,1001,1,n6,n10,4.042,1,0,1
1,low,10.0,42,DSDV,1001,2,n10,n9,3.415,1,0,1
1,low,10.0,42,DSDV,1001,3,n9,n13,0.115,1,0,0
1,low,10.0,42,DSDV,1001,4,n13,S,0.160,1,0,0
1,low,10.0,43,AODV,1001,0,n2,n6,0.142,1,0,0
1,low,10.0,43,AODV,1001,1,n6,n10,3.415,1,0,1
1,low,10.0,43,AODV,1001,2,n10,n14,3.838,1,0,1
1,low,10.0,43,AODV,1001,3,n14,S,0.056,1,0,0
1,low,10.0,43,OLSR,1001,0,n2,n6,0.142,1,0,0
1,low,10.0,43,OLSR,1001,1,n6,n10,3.415,1,0,1
1,low,10.0,43,OLSR,1001,2,n10,n14,3.838,1,0,1
1,low,10.0,43,OLSR,1001,3,n14,S,0.056,1,0,0
1,low,10.0,43,DSR,1001,0,n2,n6,0.142,1,0,0
1,low,10.0,43,DSR,1001,1,n6,n10,3.415,1,0,1
1,low,10.0,43,DSR,1001,2,n10,n14,3.838,1,0,1
1,low,10.0,43,DSR,1001,3,n14,S,0.056,1,0,0
1,low,10.0,43,DSDV,1001,0,n2,n6,0.142,1,0,0
1,low,10.0,43,DSDV,1001,1,n6,n10,3.415,1,0,1
1,low,10.0,43,DSDV,1001,2,n10,n14,3.838,1,0,1
1,low,10.0,43,DSDV,1001,3,n14,S,0.056,1,0,0
1,low,10.0,44,AODV,1001,0,n2,n6,0.154,1,0,0
1,low,10.0,44,AODV,1001,1,n6,n10,4.018,1,0,1
1,low,10.0,44,AODV,1001,2,n10,n9,3.002,0,1,1
1,low,10.0,44,AODV,1001,3,n9,n13,0.125,1,0,0
1,low,10.0,44,AODV,1001,4,n13,S,0.130,1,0,0
1,low,10.0,44,OLSR,1001,0,n2,n6,0.154,1,0,0
1,low,10.0,44,OLSR,1001,1,n6,n10,4.018,1,0,1
1,low,10.0,44,OLSR,1001,2,n10,n9,3.002,1,0,1
1,low,10.0,44,OLSR,1001,3,n9,n13,0.125,1,0,0
1,low,10.0,44,OLSR,1001,4,n13,S,0.130,1,0,0
1,low,10.0,44,DSR,1001,0,n2,n6,0.154,1,0,0
1,low,10.0,44,DSR,1001,1,n6,n10,4.018,1,0,1
1,low,10.0,44,DSR,1001,2,n10,n14,63.002,1,1,1
1,low,10.0,44,DSR,1001,3,n14,S,0.130,1,0,0
1,low,10.0,44,DSDV,1001,0,n2,n6,0.154,1,0,0
1,low,10.0,44,DSDV,1001,1,n6,n10,4.018,1,0,1
1,low,10.0,44,DSDV,1001,2,n10,n9,3.002,1,0,1
1,low,10.0,44,DSDV,1001,3,n9,n13,0.125,1,0,0
1,low,10.0,44,DSDV,1001,4,n13,S,0.130,1,0,0
1,medium,0.25,37,AODV,1001,0,n2,n6,0.089,1,0,0
1,medium,0.25,37,AODV,1001,1,n6,n5,182.984,0,1,1
1,medium,0.25,37,AODV,1001,2,n5,n9,0.119,1,0,0
1,medium,0.25,37,AODV,1001,3,n9,n13,0.133,1,0,0
1,medium,0.25,37,AODV,1001,4,n13,S,0.074,1,0,0
1,medium,0.25,37,OLSR,1001,0,n2,n6,0.089,1,0,0
1,medium,0.25,37,OLSR,1001,1,n6,n5,182.984,1,1,1
1,medium,0.25,37,OLSR,1001,2,n5,n9,0.119,1,0,0
1,medium,0.25,37,OLSR,1001,3,n9,n13,0.133,1,0,0
1,medium,0.25,37,OLSR,1001,4,n13,S,0.074,1,0,0
1,medium,0.25,37,DSR,1001,0,n2,n6,0.089,1,0,0
1,medium,0.25,37,DSR,1001,1,n6,n10,422.984,1,1,1
1,medium,0.25,37,DSR,1001,2,n10,n14,182.984,1,1,1
1,medium,0.25,37,DSR,1001,3,n14,S,0.178,1,0,0
1,medium,0.25,37,DSDV,1001,0,n2,n6,0.089,1,0,0
1,medium,0.25,37,DSDV,1001,1,n6,n5,242.984,1,1,1
1,medium,0.25,37,DSDV,1001,2,n5,n9,0.119,1,0,0
1,medium,0.25,37,DSDV,1001,3,n9,n13,0.133,1,0,0
1,medium,0.25,37,DSDV,1001,4,n13,S,0.074,1,0,0
1,medium,0.25,38,AODV,1001,0,n2,n6,0.155,1,0,0
1,medium,0.25,38,AODV,1001,1,n6,n10,124.506,1,1,1
1,medium,0.25,38,AODV,1001,2,n10,n14,122.984,1,1,1
1,medium,0.25,38,AODV,1001,3,n14,S,0.163,1,0,0
1,medium,0.25,38,OLSR,1001,0,n2,n6,0.155,1,0,0
1,medium,0.25,38,OLSR,1001,1,n6,n10,124.506,1,1,1
1,medium,0.25,38,OLSR,1001,2,n10,n14,122.984,1,1,1
1,medium,0.25,38,OLSR,1001,3,n14,S,0.163,1,0,0
1,medium,0.25,38,DSR,1001,0,n2,n6,0.155,1,0,0
1,medium,0.25,38,DSR,1001,1,n6,n10,244.506,1,1,1
1,medium,0.25,38,DSR,1001,2,n10,n14,242.984,1,1,1
1,medium,0.25,38,DSR,1001,3,n14,S,0.163,1,0,0
1,medium,0.25,38,DSDV,1001,0,n2,n6,0.155,1,0,0
1,medium,0.25,38,DSDV,1001,1,n6,n5,124.506,1,1,1
1,medium,0.25,38,DSDV,1001,2,n5,n9,0.054,1,0,0
1,medium,0.25,38,DSDV,1001,3,n9,n13,0.119,1,0,0
1,medium,0.25,38,DSDV,1001,4,n13,S,0.101,1,0,0
1,medium,0.25,39,AODV,1001,0,n2,n6,0.166,1,0,0
1,medium,0.25,39,AODV,1001,1,n6,n10,64.506,1,1,1
1,medium,0.25,39,AODV,1001,2,n10,n14,122.984,1,1,1
1,medium,0.25,39,AODV,1001,3,n14,S,0.178,1,0,0
1,medium,0.25,39,OLSR,1001,0,n2,n6,0.166,1,0,0
1,medium,0.25,39,OLSR,1001,1,n6,n10,64.506,1,1,1
1,medium,0.25,39,OLSR,1001,2,n10,n14,122.984,1,1,1
1,medium,0.25,39,OLSR,1001,3,n14,S,0.178,1,0,0
1,medium,0.25,39,DSR,1001,0,n2,n6,0.166,1,0,0
1,medium,0.25,39,DSR,1001,1,n6,n10,124.506,1,1,1
1,medium,0.25,39,DSR,1001,2,n10,n14,242.984,1,1,1
1,medium,0.25,39,DSR,1001,3,n14,S,0.178,1,0,0
1,medium,0.25,39,DSDV,1001,0,n2,n6,0.166,1,0,0
1,medium,0.25,39,DSDV,1001,1,n6,n5,64.506,1,1,1
1,medium,0.25,39,DSDV,1001,2,n5,n9,0.054,1,0,0
1,medium,0.25,39,DSDV,1001,3,n9,n13,0.105,1,0,0
1,medium,0.25,39,DSDV,1001,4,n13,S,0.117,1,0,0
1,medium,0.25,40,AODV,1001,0,n2,n6,0.127,1,0,0
1,medium,0.25,40,AODV,1001,1,n6,n10,64.566,1,1,1
1,medium,0.25,40,AODV,1001,2,n10,n14,124.822,1,1,1
1,medium,0.25,40,AODV,1001,3,n14,S,0.177,1,0,0
1,medium,0.25,40,OLSR,1001,0,n2,n6,0.127,1,0,0
1,medium,0.25,40,OLSR,1001,1,n6,n10,64.566,1,1,1
1,medium,0.25,40,OLSR,1001,2,n10,n14,124.822,1,1,1
1,medium,0.25,40,OLSR,1001,3,n14,S,0.177,1,0,0
1,medium,0.25,40,DSR,1001,0,n2,n6,0.127,1,0,0
1,medium,0.25,40,DSR,1001,1,n6,n10,124.566,1,1,1
1,medium,0.25,40,DSR,1001,2,n10,n14,244.822,1,1,1
1,medium,0.25,40,DSR,1001,3,n14,S,0.177,1,0,0
1,medium,0.25,40,DSDV,1001,0,n2,n6,0.127,1,0,0
1,medium,0.25,40,DSDV,1001,1,n6,n5,64.566,1,1,1
1,medium,0.25,40,DSDV,1001,2,n5,n9,0.115,1,0,0
1,medium,0.25,40,DSDV,1001,3,n9,n13,0.158,1,0,0
1,medium,0.25,40,DSDV,1001,4,n13,S,0.056,1,0,0
1,medium,0.25,41,AODV,1001,0,n2,n6,0.094,1,0,0
1,medium,0.25,41,AODV,1001,1,n6,n10,124.566,1,1,1
1,medium,0.25,41,AODV,1001,2,n10,n9,4.874,0,1,1
1,medium,0.25,41,AODV,1001,3,n9,n13,0.084,1,0,0
1,medium,0.25,41,AODV,1001,4,n13,S,0.100,1,0,0
1,medium,0.25,41,OLSR,1001,0,n2,n6,0.094,1,0,0
1,medium,0.25,41,OLSR,1001,1,n6,n5,124.566,1,1,1
1,medium,0.25,41,OLSR,1001,2,n5,n9,0.115,1,0,0
1,medium,0.25,41,OLSR,1001,3,n9,n13,0.119,1,0,0
1,medium,0.25,41,OLSR,1001,4,n13,S,0.120,1,0,0
1,medium,0.25,41,DSR,1001,0,n2,n6,0.094,1,0,0
1,medium,0.25,41,DSR,1001,1,n6,n10,244.566,1,1,1
1,medium,0.25,41,DSR,1001,2,n10,n14,64.874,1,1,1
1,medium,0.25,41,DSR,1001,3,n14,S,0.100,1,0,0
1,medium,0.25,41,DSDV,1001,0,n2,n6,0.094,1,0,0
1,medium,0.25,41,DSDV,1001,1,n6,n5,124.566,1,1,1
1,medium,0.25,41,DSDV,1001,2,n5,n9,0.115,1,0,0
1,medium,0.25,41,DSDV,1001,3,n9,n13,0.119,1,0,0
1,medium,0.25,41,DSDV,1001,4,n13,S,0.120,1,0,0
1,medium,0.25,42,AODV,1001,0,n2,n6,0.119,1,0,0
1,medium,0.25,42,AODV,1001,1,n6,n5,184.822,0,1,1
1,medium,0.25,42,AODV,1001,2,n5,n9,0.119,1,0,0
1,medium,0.25,42,AODV,1001,3,n9,n13,0.078,1,0,0
1,medium,0.25,42,AODV,1001,4,n13,S,0.100,1,0,0
1,medium,0.25,42,OLSR,1001,0,n2,n6,0.119,1,0,0
1,medium,0.25,42,OLSR,1001,1,n6,n10,244.822,1,1,1
1,medium,0.25,42,OLSR,1001,2,n10,n14,4.473,1,1,1
1,medium,0.25,42,OLSR,1001,3,n14,S,0.121,1,0,0
1,medium,0.25,42,DSR,1001,0,n2,n6,0.119,1,0,0
1,medium,0.25,42,DSR,1001,1,n6,n10,424.822,1,1,1
1,medium,0.25,42,DSR,1001,2,n10,n14,4.473,1,1,1
1,medium,0.25,42,DSR,1001,3,n14,S,0.121,1,0,0
1,medium,0.25,42,DSDV,1001,0,n2,n6,0.119,1,0,0
1,medium,0.25,42,DSDV,1001,1,n6,n5,244.822,1,1,1
1,medium,0.25,42,DSDV,1001,2,n5,n9,0.119,1,0,0
1,medium,0.25,42,DSDV,1001,3,n9,n13,0.078,1,0,0
1,medium,0.25,42,DSDV,1001,4,n13,S,0.100,1,0,0
1,medium,0.25,43,AODV,1001,0,n2,n6,0.142,1,0,0
1,medium,0.25,43,AODV,1001,1,n6,n10,4.566,1,1,1
1,medium,0.25,43,AODV,1001,2,n10,n9,64.566,0,1,1
1,medium,0.25,43,AODV,1001,3,n9,n13,0.115,1,0,0
1,medium,0.25,43,AODV,1001,4,n13,S,0.165,1,0,0
1,medium,0.25,43,OLSR,1001,0,n2,n6,0.142,1,0,0
1,medium,0.25,43,OLSR,1001,1,n6,n10,4.566,1,1,1
1,medium,0.25,43,OLSR,1001,2,n10,n9,64.566,1,1,1
1,medium,0.25,43,OLSR,1001,3,n9,n13,0.115,1,0,0
1,medium,0.25,43,OLSR,1001,4,n13,S,0.165,1,0,0
1,medium,0.25,43,DSR,1001,0,n2,n6,0.142,1,0,0
1,medium,0.25,43,DSR,1001,1,n6,n10,4.566,1,1,1
1,medium,0.25,43,DSR,1001,2,n10,n14,184.566,1,1,1
1,medium,0.25,43,DSR,1001,3,n14,S,0.160,1,0,0
1,medium,0.25,43,DSDV,1001,0,n2,n6,0.142,1,0,0
1,medium,0.25,43,DSDV,1001,1,n6,n10,4.566,1,1,1
1,medium,0.25,43,DSDV,1001,2,n10,n14,124.566,1,1,1
1,medium,0.25,43,DSDV,1001,3,n14,S,0.160,1,0,0
1,medium,0.25,44,AODV,1001,0,n2,n6,0.154,1,0,0
1,medium,0.25,44,AODV,1001,1,n6,n5,2.573,0,1,1
1,medium,0.25,44,AODV,1001,2,n5,n9,0.094,1,0,0
1,medium,0.25,44,AODV,1001,3,n9,n13,0.125,1,0,0
1,medium,0.25,44,AODV,1001,4,n13,S,0.130,1,0,0
1,medium,0.25,44,OLSR,1001,0,n2,n6,0.154,1,0,0
1,medium,0.25,44,OLSR,1001,1,n6,n5,2.573,1,1,1
1,medium,0.25,44,OLSR,1001,2,n5,n9,0.094,1,0,0
1,medium,0.25,44,OLSR,1001,3,n9,n13,0.125,1,0,0
1,medium,0.25,44,OLSR,1001,4,n13,S,0.130,1,0,0
1,medium,0.25,44,DSR,1001,0,n2,n6,0.154,1,0,0
1,medium,0.25,44,DSR,1001,1,n6,n10,62.573,1,1,1
1,medium,0.25,44,DSR,1001,2,n10,n14,3.947,1,1,1
1,medium,0.25,44,DSR,1001,3,n14,S,0.130,1,0,0
1,medium,0.25,44,DSDV,1001,0,n2,n6,0.154,1,0,0
1,medium,0.25,44,DSDV,1001,1,n6,n5,2.573,1,1,1
1,medium,0.25,44,DSDV,1001,2,n5,n9,0.094,1,0,0
1,medium,0.25,44,DSDV,1001,3,n9,n13,0.125,1,0,0
1,medium,0.25,44,DSDV,1001,4,n13,S,0.130,1,0,0
1,medium,0.5,37,AODV,1001,0,n2,n6,0.089,1,0,0
1,medium,0.5,37,AODV,1001,1,n6,n5,182.984,0,1,1
1,medium,0.5,37,AODV,1001,2,n5,n9,0.119,1,0,0
1,medium,0.5,37,AODV,1001,3,n9,n13,0.133,1,0,0
1,medium,0.5,37,AODV,1001,4,n13,S,0.074,1,0,0
1,medium,0.5,37,OLSR,1001,0,n2,n6,0.089,1,0,0
1,medium,0.5,37,OLSR,1001,1,n6,n5,182.984,1,1,1
1,medium,0.5,37,OLSR,1001,2,n5,n9,0.119,1,0,0
1,medium,0.5,37,OLSR,1001,3,n9,n13,0.133,1,0,0
1,medium,0.5,37,OLSR,1001,4,n13,S,0.074,1,0,0
1,medium,0.5,37,DSR,1001,0,n2,n6,0.089,1,0,0
1,medium,0.5,37,DSR,1001,1,n6,n10,422.984,1,1,1
1,medium,0.5,37,DSR,1001,2,n10,n14,182.984,1,1,1
1,medium,0.5,37,DSR,1001,3,n14,S,0.178,1,0,0
1,medium,0.5,37,DSDV,1001,0,n2,n6,0.089,1,0,0
1,medium,0.5,37,DSDV,1001,1,n6,n5,242.984,1,1,1
1,medium,0.5,37,DSDV,1001,2,n5,n9,0.119,1,0,0
1,medium,0.5,37,DSDV,1001,3,n9,n13,0.133,1,0,0
1,medium,0.5,37,DSDV,1001,4,n13,S,0.074,1,0,0
1,medium,0.5,38,AODV,1001,0,n2,n6,0.155,1,0,0
1,medium,0.5,38,AODV,1001,1,n6,n10,124.506,1,1,1
1,medium,0.5,38,AODV,1001,2,n10,n14,122.984,1,1,1
1,medium,0.5,38,AODV,1001,3,n14,S,0.163,1,0,0
1,medium,0.5,38,OLSR,1001,0,n2,n6,0.155,1,0,0
1,medium,0.5,38,OLSR,1001,1,n6,n10,124.506,1,1,1
1,medium,0.5,38,OLSR,1001,2,n10,n14,122.984,1,1,1
1,medium,0.5,38,OLSR,1001,3,n14,S,0.163,1,0,0
1,medium,0.5,38,DSR,1001,0,n2,n6,0.155,1,0,0
1,medium,0.5,38,DSR,1001,1,n6,n10,244.506,1,1,1
1,medium,0.5,38,DSR,1001,2,n10,n14,242.984,1,1,1
1,medium,0.5,38,DSR,1001,3,n14,S,0.163,1,0,0
1,medium,0.5,38,DSDV,1001,0,n2,n6,0.155,1,0,0
1,medium,0.5,38,DSDV,1001,1,n6,n5,124.506,1,1,1
1,medium,0.5,38,DSDV,1001,2,n5,n9,0.054,1,0,0
1,medium,0.5,38,DSDV,1001,3,n9,n13,0.119,1,0,0
1,medium,0.5,38,DSDV,1001,4,n13,S,0.101,1,0,0
1,medium,0.5,39,AODV,1001,0,n2,n6,0.166,1,0,0
1,medium,0.5,39,AODV,1001,1,n6,n10,64.506,1,1,1
1,medium,0.5,39,AODV,1001,2,n10,n14,122.984,1,1,1
1,medium,0.5,39,AODV,1001,3,n14,S,0.178,1,0,0
1,medium,0.5,39,OLSR,1001,0,n2,n6,0.166,1,0,0
1,medium,0.5,39,OLSR,1001,1,n6,n10,64.506,1,1,1
1,medium,0.5,39,OLSR,1001,2,n10,n14,122.984,1,1,1
1,medium,0.5,39,OLSR,1001,3,n14,S,0.178,1,0,0
1,medium,0.5,39,DSR,1001,0,n2,n6,0.166,1,0,0
1,medium,0.5,39,DSR,1001,1,n6,n10,124.506,1,1,1
1,medium,0.5,39,DSR,1001,2,n10,n14,242.984,1,1,1
1,medium,0.5,39,DSR,1001,3,n14,S,0.178,1,0,0
1,medium,0.5,39,DSDV,1001,0,n2,n6,0.166,1,0,0
1,medium,0.5,39,DSDV,1001,1,n6,n5,64.506,1,1,1
1,medium,0.5,39,DSDV,1001,2,n5,n9,0.054,1,0,0
1,medium,0.5,39,DSDV,1001,3,n9,n13,0.105,1,0,0
1,medium,0.5,39,DSDV,1001,4,n13,S,0.117,1,0,0
1,medium,0.5,40,AODV,1001,0,n2,n6,0.127,1,0,0
1,medium,0.5,40,AODV,1001,1,n6,n10,64.566,1,1,1
1,medium,0.5,40,AODV,1001,2,n10,n14,124.822,1,1,1
1,medium,0.5,40,AODV,1001,3,n14,S,0.177,1,0,0
1,medium,0.5,40,OLSR,1001,0,n2,n6,0.127,1,0,0
1,medium,0.5,40,OLSR,1001,1,n6,n10,64.566,1,1,1
1,medium,0.5,40,OLSR,1001,2,n10,n14,124.822,1,1,1
1,medium,0.5,40,OLSR,1001,3,n14,S,0.177,1,0,0
1,medium,0.5,40,DSR,1001,0,n2,n6,0.127,1,0,0
1,medium,0.5,40,DSR,1001,1,n6,n10,124.566,1,1,1
1,medium,0.5,40,DSR,1001,2,n10,n14,244.822,1,1,1
1,medium,0.5,40,DSR,1001,3,n14,S,0.177,1,0,0
1,medium,0.5,40,DSDV,1001,0,n2,n6,0.127,1,0,0
1,medium,0.5,40,DSDV,1001,1,n6,n5,64.566,1,1,1
1,medium,0.5,40,DSDV,1001,2,n5,n9,0.115,1,0,0
1,medium,0.5,40,DSDV,1001,3,n9,n13,0.158,1,0,0
1,medium,0.5,40,DSDV,1001,4,n13,S,0.056,1,0,0
1,medium,0.5,41,AODV,1001,0,n2,n6,0.094,1,0,0
1,medium,0.5,41,AODV,1001,1,n6,n10,124.566,1,1,1
1,medium,0.5,41,AODV,1001,2,n10,n9,4.874,0,1,1
1,medium,0.5,41,AODV,1001,3,n9,n13,0.084,1,0,0
1,medium,0.5,41,AODV,1001,4,n13,S,0.100,1,0,0
1,medium,0.5,41,OLSR,1001,0,n2,n6,0.094,1,0,0
1,medium,0.5,41,OLSR,1001,1,n6,n5,124.566,1,1,1
1,medium,0.5,41,OLSR,1001,2,n5,n9,0.115,1,0,0
1,medium,0.5,41,OLSR,1001,3,n9,n13,0.119,1,0,0
1,medium,0.5,41,OLSR,1001,4,n13,S,0.120,1,0,0
1,medium,0.5,41,DSR,1001,0,n2,n6,0.094,1,0,0
1,medium,0.5,41,DSR,1001,1,n6,n10,244.566,1,1,1
1,medium,0.5,41,DSR,1001,2,n10,n14,64.874,1,1,1
1,medium,0.5,41,DSR,1001,3,n14,S,0.100,1,0,0
1,medium,0.5,41,DSDV,1001,0,n2,n6,0.094,1,0,0
1,medium,0.5,41,DSDV,1001,1,n6,n5,124.566,1,1,1
1,medium,0.5,41,DSDV,1001,2,n5,n9,0.115,1,0,0
1,medium,0.5,41,DSDV,1001,3,n9,n13,0.119,1,0,0
1,medium,0.5,41,DSDV,1001,4,n13,S,0.120,1,0,0
1,medium,0.5,42,AODV,1001,0,n2,n6,0.119,1,0,0
1,medium,0.5,42,AODV,1001,1,n6,n5,184.822,0,1,1
1,medium,0.5,42,AODV,1001,2,n5,n9,0.119,1,0,0
1,medium,0.5,42,AODV,1001,3,n9,n13,0.078,1,0,0
1,medium,0.5,42,AODV,1001,4,n13,S,0.100,1,0,0
1,medium,0.5,42,OLSR,1001,0,n2,n6,0.119,1,0,0
1,medium,0.5,42,OLSR,1001,1,n6,n10,244.822,1,1,1
1,medium,0.5,42,OLSR,1001,2,n10,n14,4.473,1,1,1
1,medium,0.5,42,OLSR,1001,3,n14,S,0.121,1,0,0
1,medium,0.5,42,DSR,1001,0,n2,n6,0.119,1,0,0
1,medium,0.5,42,DSR,1001,1,n6,n10,424.822,1,1,1
1,medium,0.5,42,DSR,1001,2,n10,n14,4.473,1,1,1
1,medium,0.5,42,DSR,1001,3,n14,S,0.121,1,0,0
1,medium,0.5,42,DSDV,1001,0,n2,n6,0.119,1,0,0
1,medium,0.5,42,DSDV,1001,1,n6,n5,244.822,1,1,1
1,medium,0.5,42,DSDV,1001,2,n5,n9,0.119,1,0,0
1,medium,0.5,42,DSDV,1001,3,n9,n13,0.078,1,0,0
1,medium,0.5,42,DSDV,1001,4,n13,S,0.100,1,0,0
1,medium,0.5,43,AODV,1001,0,n2,n6,0.142,1,0,0
1,medium,0.5,43,AODV,1001,1,n6,n10,4.566,1,1,1
1,medium,0.5,43,AODV,1001,2,n10,n9,64.566,0,1,1
1,medium,0.5,43,AODV,1001,3,n9,n13,0.115,1,0,0
1,medium,0.5,43,AODV,1001,4,n13,S,0.165,1,0,0
1,medium,0.5,43,OLSR,1001,0,n2,n6,0.142,1,0,0
1,medium,0.5,43,OLSR,1001,1,n6,n10,4.566,1,1,1
1,medium,0.5,43,OLSR,1001,2,n10,n9,64.566,1,1,1
1,medium,0.5,43,OLSR,1001,3,n9,n13,0.115,1,0,0
1,medium,0.5,43,OLSR,1001,4,n13,S,0.165,1,0,0
1,medium,0.5,43,DSR,1001,0,n2,n6,0.142,1,0,0
1,medium,0.5,43,DSR,1001,1,n6,n10,4.566,1,1,1
1,medium,0.5,43,DSR,1001,2,n10,n14,184.566,1,1,1
1,medium,0.5,43,DSR,1001,3,n14,S,0.160,1,0,0
1,medium,0.5,43,DSDV,1001,0,n2,n6,0.142,1,0,0
1,medium,0.5,43,DSDV,1001,1,n6,n10,4.566,1,1,1
1,medium,0.5,43,DSDV,1001,2,n10,n14,124.566,1,1,1
1,medium,0.5,43,DSDV,1001,3,n14,S,0.160,1,0,0
1,medium,0.5,44,AODV,1001,0,n2,n6,0.154,1,0,0
1,medium,0.5,44,AODV,1001,1,n6,n5,2.573,0,1,1
1,medium,0.5,44,AODV,1001,2,n5,n9,0.094,1,0,0
1,medium,0.5,44,AODV,1001,3,n9,n13,0.125,1,0,0
1,medium,0.5,44,AODV,1001,4,n13,S,0.130,1,0,0
1,medium,0.5,44,OLSR,1001,0,n2,n6,0.154,1,0,0
1,medium,0.5,44,OLSR,1001,1,n6,n5,2.573,1,1,1
1,medium,0.5,44,OLSR,1001,2,n5,n9,0.094,1,0,0
1,medium,0.5,44,OLSR,1001,3,n9,n13,0.125,1,0,0
1,medium,0.5,44,OLSR,1001,4,n13,S,0.130,1,0,0
1,medium,0.5,44,DSR,1001,0,n2,n6,0.154,1,0,0
1,medium,0.5,44,DSR,1001,1,n6,n10,62.573,1,1,1
1,medium,0.5,44,DSR,1001,2,n10,n14,3.947,1,1,1
1,medium,0.5,44,DSR,1001,3,n14,S,0.130,1,0,0
1,medium,0.5,44,DSDV,1001,0,n2,n6,0.154,1,0,0
1,medium,0.5,44,DSDV,1001,1,n6,n5,2.573,1,1,1
1,medium,0.5,44,DSDV,1001,2,n5,n9,0.094,1,0,0
1,medium,0.5,44,DSDV,1001,3,n9,n13,0.125,1,0,0
1,medium,0.5,44,DSDV,1001,4,n13,S,0.130,1,0,0
1,medium,1.0,37,AODV,1001,0,n2,n6,0.089,1,0,0
1,medium,1.0,37,AODV,1001,1,n6,n5,182.984,0,1,1
1,medium,1.0,37,AODV,1001,2,n5,n9,0.119,1,0,0
1,medium,1.0,37,AODV,1001,3,n9,n13,0.133,1,0,0
1,medium,1.0,37,AODV,1001,4,n13,S,0.074,1,0,0
1,medium,1.0,37,OLSR,1001,0,n2,n6,0.089,1,0,0
1,medium,1.0,37,OLSR,1001,1,n6,n5,182.984,1,1,1
1,medium,1.0,37,OLSR,1001,2,n5,n9,0.119,1,0,0
1,medium,1.0,37,OLSR,1001,3,n9,n13,0.133,1,0,0
1,medium,1.0,37,OLSR,1001,4,n13,S,0.074,1,0,0
1,medium,1.0,37,DSR,1001,0,n2,n6,0.089,1,0,0
1,medium,1.0,37,DSR,1001,1,n6,n10,422.984,1,1,1
1,medium,1.0,37,DSR,1001,2,n10,n14,182.984,1,1,1
1,medium,1.0,37,DSR,1001,3,n14,S,0.178,1,0,0
1,medium,1.0,37,DSDV,1001,0,n2,n6,0.089,1,0,0
1,medium,1.0,37,DSDV,1001,1,n6,n5,242.984,1,1,1
1,medium,1.0,37,DSDV,1001,2,n5,n9,0.119,1,0,0
1,medium,1.0,37,DSDV,1001,3,n9,n13,0.133,1,0,0
1,medium,1.0,37,DSDV,1001,4,n13,S,0.074,1,0,0
1,medium,1.0,38,AODV,1001,0,n2,n6,0.155,1,0,0
1,medium,1.0,38,AODV,1001,1,n6,n10,124.506,1,1,1
1,medium,1.0,38,AODV,1001,2,n10,n14,122.984,1,1,1
1,medium,1.0,38,AODV,1001,3,n14,S,0.163,1,0,0
1,medium,1.0,38,OLSR,1001,0,n2,n6,0.155,1,0,0
1,medium,1.0,38,OLSR,1001,1,n6,n10,124.506,1,1,1
1,medium,1.0,38,OLSR,1001,2,n10,n14,122.984,1,1,1
1,medium,1.0,38,OLSR,1001,3,n14,S,0.163,1,0,0
1,medium,1.0,38,DSR,1001,0,n2,n6,0.155,1,0,0
1,medium,1.0,38,DSR,1001,1,n6,n10,244.506,1,1,1
1,medium,1.0,38,DSR,1001,2,n10,n14,242.984,1,1,1
1,medium,1.0,38,DSR,1001,3,n14,S,0.163,1,0,0
1,medium,1.0,38,DSDV,1001,0,n2,n6,0.155,1,0,0
1,medium,1.0,38,DSDV,1001,1,n6,n5,124.506,1,1,1
1,medium,1.0,38,DSDV,1001,2,n5,n9,0.054,1,0,0
1,medium,1.0,38,DSDV,1001,3,n9,n13,0.119,1,0,0
1,medium,1.0,38,DSDV,1001,4,n13,S,0.101,1,0,0
1,medium,1.0,39,AODV,1001,0,n2,n6,0.166,1,0,0
1,medium,1.0,39,AODV,1001,1,n6,n10,64.506,1,1,1
1,medium,1.0,39,AODV,1001,2,n10,n14,122.984,1,1,1
1,medium,1.0,39,AODV,1001,3,n14,S,0.178,1,0,0
1,medium,1.0,39,OLSR,1001,0,n2,n6,0.166,1,0,0
1,medium,1.0,39,OLSR,1001,1,n6,n10,64.506,1,1,1
1,medium,1.0,39,OLSR,1001,2,n10,n14,122.984,1,1,1
1,medium,1.0,39,OLSR,1001,3,n14,S,0.178,1,0,0
1,medium,1.0,39,DSR,1001,0,n2,n6,0.166,1,0,0
1,medium,1.0,39,DSR,1001,1,n6,n10,124.506,1,1,1
1,medium,1.0,39,DSR,1001,2,n10,n14,242.984,1,1,1
1,medium,1.0,39,DSR,1001,3,n14,S,0.178,1,0,0
1,medium,1.0,39,DSDV,1001,0,n2,n6,0.166,1,0,0
1,medium,1.0,39,DSDV,1001,1,n6,n5,64.506,1,1,1
1,medium,1.0,39,DSDV,1001,2,n5,n9,0.054,1,0,0
1,medium,1.0,39,DSDV,1001,3,n9,n13,0.105,1,0,0
1,medium,1.0,39,DSDV,1001,4,n13,S,0.117,1,0,0
1,medium,1.0,40,AODV,1001,0,n2,n6,0.127,1,0,0
1,medium,1.0,40,AODV,1001,1,n6,n10,64.566,1,1,1
1,medium,1.0,40,AODV,1001,2,n10,n14,124.822,1,1,1
1,medium,1.0,40,AODV,1001,3,n14,S,0.177,1,0,0
1,medium,1.0,40,OLSR,1001,0,n2,n6,0.127,1,0,0
1,medium,1.0,40,OLSR,1001,1,n6,n10,64.566,1,1,1
1,medium,1.0,40,OLSR,1001,2,n10,n14,124.822,1,1,1
1,medium,1.0,40,OLSR,1001,3,n14,S,0.177,1,0,0
1,medium,1.0,40,DSR,1001,0,n2,n6,0.127,1,0,0
1,medium,1.0,40,DSR,1001,1,n6,n10,124.566,1,1,1
1,medium,1.0,40,DSR,1001,2,n10,n14,244.822,1,1,1
1,medium,1.0,40,DSR,1001,3,n14,S,0.177,1,0,0
1,medium,1.0,40,DSDV,1001,0,n2,n6,0.127,1,0,0
1,medium,1.0,40,DSDV,1001,1,n6,n5,64.566,1,1,1
1,medium,1.0,40,DSDV,1001,2,n5,n9,0.115,1,0,0
1,medium,1.0,40,DSDV,1001,3,n9,n13,0.158,1,0,0
1,medium,1.0,40,DSDV,1001,4,n13,S,0.056,1,0,0
1,medium,1.0,41,AODV,1001,0,n2,n6,0.094,1,0,0
1,medium,1.0,41,AODV,1001,1,n6,n10,124.566,1,1,1
1,medium,1.0,41,AODV,1001,2,n10,n9,4.874,0,1,1
1,medium,1.0,41,AODV,1001,3,n9,n13,0.084,1,0,0
1,medium,1.0,41,AODV,1001,4,n13,S,0.100,1,0,0
1,medium,1.0,41,OLSR,1001,0,n2,n6,0.094,1,0,0
1,medium,1.0,41,OLSR,1001,1,n6,n5,124.566,1,1,1
1,medium,1.0,41,OLSR,1001,2,n5,n9,0.115,1,0,0
1,medium,1.0,41,OLSR,1001,3,n9,n13,0.119,1,0,0
1,medium,1.0,41,OLSR,1001,4,n13,S,0.120,1,0,0
1,medium,1.0,41,DSR,1001,0,n2,n6,0.094,1,0,0
1,medium,1.0,41,DSR,1001,1,n6,n10,244.566,1,1,1
1,medium,1.0,41,DSR,1001,2,n10,n14,64.874,1,1,1
1,medium,1.0,41,DSR,1001,3,n14,S,0.100,1,0,0
1,medium,1.0,41,DSDV,1001,0,n2,n6,0.094,1,0,0
1,medium,1.0,41,DSDV,1001,1,n6,n5,124.566,1,1,1
1,medium,1.0,41,DSDV,1001,2,n5,n9,0.115,1,0,0
1,medium,1.0,41,DSDV,1001,3,n9,n13,0.119,1,0,0
1,medium,1.0,41,DSDV,1001,4,n13,S,0.120,1,0,0
1,medium,1.0,42,AODV,1001,0,n2,n6,0.119,1,0,0
1,medium,1.0,42,AODV,1001,1,n6,n5,184.822,0,1,1
1,medium,1.0,42,AODV,1001,2,n5,n9,0.119,1,0,0
1,medium,1.0,42,AODV,1001,3,n9,n13,0.078,1,0,0
1,medium,1.0,42,AODV,1001,4,n13,S,0.100,1,0,0
1,medium,1.0,42,OLSR,1001,0,n2,n6,0.119,1,0,0
1,medium,1.0,42,OLSR,1001,1,n6,n10,244.822,1,1,1
1,medium,1.0,42,OLSR,1001,2,n10,n14,4.473,1,1,1
1,medium,1.0,42,OLSR,1001,3,n14,S,0.121,1,0,0
1,medium,1.0,42,DSR,1001,0,n2,n6,0.119,1,0,0
1,medium,1.0,42,DSR,1001,1,n6,n10,424.822,1,1,1
1,medium,1.0,42,DSR,1001,2,n10,n14,4.473,1,1,1
1,medium,1.0,42,DSR,1001,3,n14,S,0.121,1,0,0
1,medium,1.0,42,DSDV,1001,0,n2,n6,0.119,1,0,0
1,medium,1.0,42,DSDV,1001,1,n6,n5,244.822,1,1,1
1,medium,1.0,42,DSDV,1001,2,n5,n9,0.119,1,0,0
1,medium,1.0,42,DSDV,1001,3,n9,n13,0.078,1,0,0
1,medium,1.0,42,DSDV,1001,4,n13,S,0.100,1,0,0
1,medium,1.0,43,AODV,1001,0,n2,n6,0.142,1,0,0
1,medium,1.0,43,AODV,1001,1,n6,n10,4.566,1,1,1
1,medium,1.0,43,AODV,1001,2,n10,n9,64.566,0,1,1
1,medium,1.0,43,AODV,1001,3,n9,n13,0.115,1,0,0
1,medium,1.0,43,AODV,1001,4,n13,S,0.165,1,0,0
1,medium,1.0,43,OLSR,1001,0,n2,n6,0.142,1,0,0
1,medium,1.0,43,OLSR,1001,1,n6,n10,4.566,1,1,1
1,medium,1.0,43,OLSR,1001,2,n10,n9,64.566,1,1,1
1,medium,1.0,43,OLSR,1001,3,n9,n13,0.115,1,0,0
1,medium,1.0,43,OLSR,1001,4,n13,S,0.165,1,0,0
1,medium,1.0,43,DSR,1001,0,n2,n6,0.142,1,0,0
1,medium,1.0,43,DSR,1001,1,n6,n10,4.566,1,1,1
1,medium,1.0,43,DSR,1001,2,n10,n14,184.566,1,1,1
1,medium,1.0,43,DSR,1001,3,n14,S,0.160,1,0,0
1,medium,1.0,43,DSDV,1001,0,n2,n6,0.142,1,0,0
1,medium,1.0,43,DSDV,1001,1,n6,n10,4.566,1,1,1
1,medium,1.0,43,DSDV,1001,2,n10,n14,124.566,1,1,1
1,medium,1.0,43,DSDV,1001,3,n14,S,0.160,1,0,0
1,medium,1.0,44,AODV,1001,0,n2,n6,0.154,1,0,0
1,medium,1.0,44,AODV,1001,1,n6,n5,2.573,0,1,1
1,medium,1.0,44,AODV,1001,2,n5,n9,0.094,1,0,0
1,medium,1.0,44,AODV,1001,3,n9,n13,0.125,1,0,0
1,medium,1.0,44,AODV,1001,4,n13,S,0.130,1,0,0
1,medium,1.0,44,OLSR,1001,0,n2,n6,0.154,1,0,0
1,medium,1.0,44,OLSR,1001,1,n6,n5,2.573,1,1,1
1,medium,1.0,44,OLSR,1001,2,n5,n9,0.094,1,0,0
1,medium,1.0,44,OLSR,1001,3,n9,n13,0.125,1,0,0
1,medium,1.0,44,OLSR,1001,4,n13,S,0.130,1,0,0
1,medium,1.0,44,DSR,1001,0,n2,n6,0.154,1,0,0
1,medium,1.0,44,DSR,1001,1,n6,n10,62.573,1,1,1
1,medium,1.0,44,DSR,1001,2,n10,n14,3.947,1,1,1
1,medium,1.0,44,DSR,1001,3,n14,S,0.130,1,0,0
1,medium,1.0,44,DSDV,1001,0,n2,n6,0.154,1,0,0
1,medium,1.0,44,DSDV,1001,1,n6,n5,2.573,1,1,1
1,medium,1.0,44,DSDV,1001,2,n5,n9,0.094,1,0,0
1,medium,1.0,44,DSDV,1001,3,n9,n13,0.125,1,0,0
1,medium,1.0,44,DSDV,1001,4,n13,S,0.130,1,0,0
1,medium,1.5,37,AODV,1001,0,n2,n6,0.089,1,0,0
1,medium,1.5,37,AODV,1001,1,n6,n5,182.984,0,1,1
1,medium,1.5,37,AODV,1001,2,n5,n9,0.119,1,0,0
1,medium,1.5,37,AODV,1001,3,n9,n13,0.133,1,0,0
1,medium,1.5,37,AODV,1001,4,n13,S,0.074,1,0,0
1,medium,1.5,37,OLSR,1001,0,n2,n6,0.089,1,0,0
1,medium,1.5,37,OLSR,1001,1,n6,n5,182.984,1,1,1
1,medium,1.5,37,OLSR,1001,2,n5,n9,0.119,1,0,0
1,medium,1.5,37,OLSR,1001,3,n9,n13,0.133,1,0,0
1,medium,1.5,37,OLSR,1001,4,n13,S,0.074,1,0,0
1,medium,1.5,37,DSR,1001,0,n2,n6,0.089,1,0,0
1,medium,1.5,37,DSR,1001,1,n6,n10,422.984,1,1,1
1,medium,1.5,37,DSR,1001,2,n10,n14,182.984,1,1,1
1,medium,1.5,37,DSR,1001,3,n14,S,0.178,1,0,0
1,medium,1.5,37,DSDV,1001,0,n2,n6,0.089,1,0,0
1,medium,1.5,37,DSDV,1001,1,n6,n5,242.984,1,1,1
1,medium,1.5,37,DSDV,1001,2,n5,n9,0.119,1,0,0
1,medium,1.5,37,DSDV,1001,3,n9,n13,0.133,1,0,0
1,medium,1.5,37,DSDV,1001,4,n13,S,0.074,1,0,0
1,medium,1.5,38,AODV,1001,0,n2,n6,0.155,1,0,0
1,medium,1.5,38,AODV,1001,1,n6,n10,124.506,1,1,1
1,medium,1.5,38,AODV,1001,2,n10,n14,122.984,1,1,1
1,medium,1.5,38,AODV,1001,3,n14,S,0.163,1,0,0
1,medium,1.5,38,OLSR,1001,0,n2,n6,0.155,1,0,0
1,medium,1.5,38,OLSR,1001,1,n6,n10,124.506,1,1,1
1,medium,1.5,38,OLSR,1001,2,n10,n14,122.984,1,1,1
1,medium,1.5,38,OLSR,1001,3,n14,S,0.163,1,0,0
1,medium,1.5,38,DSR,1001,0,n2,n6,0.155,1,0,0
1,medium,1.5,38,DSR,1001,1,n6,n10,244.506,1,1,1
1,medium,1.5,38,DSR,1001,2,n10,n14,242.984,1,1,1
1,medium,1.5,38,DSR,1001,3,n14,S,0.163,1,0,0
1,medium,1.5,38,DSDV,1001,0,n2,n6,0.155,1,0,0
1,medium,1.5,38,DSDV,1001,1,n6,n5,124.506,1,1,1
1,medium,1.5,38,DSDV,1001,2,n5,n9,0.054,1,0,0
1,medium,1.5,38,DSDV,1001,3,n9,n13,0.119,1,0,0
1,medium,1.5,38,DSDV,1001,4,n13,S,0.101,1,0,0
1,medium,1.5,39,AODV,1001,0,n2,n6,0.166,1,0,0
1,medium,1.5,39,AODV,1001,1,n6,n10,64.506,1,1,1
1,medium,1.5,39,AODV,1001,2,n10,n14,122.984,1,1,1
1,medium,1.5,39,AODV,1001,3,n14,S,0.178,1,0,0
1,medium,1.5,39,OLSR,1001,0,n2,n6,0.166,1,0,0
1,medium,1.5,39,OLSR,1001,1,n6,n10,64.506,1,1,1
1,medium,1.5,39,OLSR,1001,2,n10,n14,122.984,1,1,1
1,medium,1.5,39,OLSR,1001,3,n14,S,0.178,1,0,0
1,medium,1.5,39,DSR,1001,0,n2,n6,0.166,1,0,0
1,medium,1.5,39,DSR,1001,1,n6,n10,124.506,1,1,1
1,medium,1.5,39,DSR,1001,2,n10,n14,242.984,1,1,1
1,medium,1.5,39,DSR,1001,3,n14,S,0.178,1,0,0
1,medium,1.5,39,DSDV,1001,0,n2,n6,0.166,1,0,0
1,medium,1.5,39,DSDV,1001,1,n6,n5,64.506,1,1,1
1,medium,1.5,39,DSDV,1001,2,n5,n9,0.054,1,0,0
1,medium,1.5,39,DSDV,1001,3,n9,n13,0.105,1,0,0
1,medium,1.5,39,DSDV,1001,4,n13,S,0.117,1,0,0
1,medium,1.5,40,AODV,1001,0,n2,n6,0.127,1,0,0
1,medium,1.5,40,AODV,1001,1,n6,n10,64.566,1,1,1
1,medium,1.5,40,AODV,1001,2,n10,n14,124.822,1,1,1
1,medium,1.5,40,AODV,1001,3,n14,S,0.177,1,0,0
1,medium,1.5,40,OLSR,1001,0,n2,n6,0.127,1,0,0
1,medium,1.5,40,OLSR,1001,1,n6,n10,64.566,1,1,1
1,medium,1.5,40,OLSR,1001,2,n10,n14,124.822,1,1,1
1,medium,1.5,40,OLSR,1001,3,n14,S,0.177,1,0,0
1,medium,1.5,40,DSR,1001,0,n2,n6,0.127,1,0,0
1,medium,1.5,40,DSR,1001,1,n6,n10,124.566,1,1,1
1,medium,1.5,40,DSR,1001,2,n10,n14,244.822,1,1,1
1,medium,1.5,40,DSR,1001,3,n14,S,0.177,1,0,0
1,medium,1.5,40,DSDV,1001,0,n2,n6,0.127,1,0,0
1,medium,1.5,40,DSDV,1001,1,n6,n5,64.566,1,1,1
1,medium,1.5,40,DSDV,1001,2,n5,n9,0.115,1,0,0
1,medium,1.5,40,DSDV,1001,3,n9,n13,0.158,1,0,0
1,medium,1.5,40,DSDV,1001,4,n13,S,0.056,1,0,0
1,medium,1.5,41,AODV,1001,0,n2,n6,0.094,1,0,0
1,medium,1.5,41,AODV,1001,1,n6,n10,124.566,1,1,1
1,medium,1.5,41,AODV,1001,2,n10,n9,4.874,0,1,1
1,medium,1.5,41,AODV,1001,3,n9,n13,0.084,1,0,0
1,medium,1.5,41,AODV,1001,4,n13,S,0.100,1,0,0
1,medium,1.5,41,OLSR,1001,0,n2,n6,0.094,1,0,0
1,medium,1.5,41,OLSR,1001,1,n6,n5,124.566,1,1,1
1,medium,1.5,41,OLSR,1001,2,n5,n9,0.115,1,0,0
1,medium,1.5,41,OLSR,1001,3,n9,n13,0.119,1,0,0
1,medium,1.5,41,OLSR,1001,4,n13,S,0.120,1,0,0
1,medium,1.5,41,DSR,1001,0,n2,n6,0.094,1,0,0
1,medium,1.5,41,DSR,1001,1,n6,n10,244.566,1,1,1
1,medium,1.5,41,DSR,1001,2,n10,n14,64.874,1,1,1
1,medium,1.5,41,DSR,1001,3,n14,S,0.100,1,0,0
1,medium,1.5,41,DSDV,1001,0,n2,n6,0.094,1,0,0
1,medium,1.5,41,DSDV,1001,1,n6,n5,124.566,1,1,1
1,medium,1.5,41,DSDV,1001,2,n5,n9,0.115,1,0,0
1,medium,1.5,41,DSDV,1001,3,n9,n13,0.119,1,0,0
1,medium,1.5,41,DSDV,1001,4,n13,S,0.120,1,0,0
1,medium,1.5,42,AODV,1001,0,n2,n6,0.119,1,0,0
1,medium,1.5,42,AODV,1001,1,n6,n5,184.822,0,1,1
1,medium,1.5,42,AODV,1001,2,n5,n9,0.119,1,0,0
1,medium,1.5,42,AODV,1001,3,n9,n13,0.078,1,0,0
1,medium,1.5,42,AODV,1001,4,n13,S,0.100,1,0,0
1,medium,1.5,42,OLSR,1001,0,n2,n6,0.119,1,0,0
1,medium,1.5,42,OLSR,1001,1,n6,n10,244.822,1,1,1
1,medium,1.5,42,OLSR,1001,2,n10,n14,4.473,1,1,1
1,medium,1.5,42,OLSR,1001,3,n14,S,0.121,1,0,0
1,medium,1.5,42,DSR,1001,0,n2,n6,0.119,1,0,0
1,medium,1.5,42,DSR,1001,1,n6,n10,424.822,1,1,1
1,medium,1.5,42,DSR,1001,2,n10,n14,4.473,1,1,1
1,medium,1.5,42,DSR,1001,3,n14,S,0.121,1,0,0
1,medium,1.5,42,DSDV,1001,0,n2,n6,0.119,1,0,0
1,medium,1.5,42,DSDV,1001,1,n6,n5,244.822,1,1,1
1,medium,1.5,42,DSDV,1001,2,n5,n9,0.119,1,0,0
1,medium,1.5,42,DSDV,1001,3,n9,n13,0.078,1,0,0
1,medium,1.5,42,DSDV,1001,4,n13,S,0.100,1,0,0
1,medium,1.5,43,AODV,1001,0,n2,n6,0.142,1,0,0
1,medium,1.5,43,AODV,1001,1,n6,n10,4.566,1,1,1
1,medium,1.5,43,AODV,1001,2,n10,n9,64.566,0,1,1
1,medium,1.5,43,AODV,1001,3,n9,n13,0.115,1,0,0
1,medium,1.5,43,AODV,1001,4,n13,S,0.165,1,0,0
1,medium,1.5,43,OLSR,1001,0,n2,n6,0.142,1,0,0
1,medium,1.5,43,OLSR,1001,1,n6,n10,4.566,1,1,1
1,medium,1.5,43,OLSR,1001,2,n10,n9,64.566,1,1,1
1,medium,1.5,43,OLSR,1001,3,n9,n13,0.115,1,0,0
1,medium,1.5,43,OLSR,1001,4,n13,S,0.165,1,0,0
1,medium,1.5,43,DSR,1001,0,n2,n6,0.142,1,0,0
1,medium,1.5,43,DSR,1001,1,n6,n10,4.566,1,1,1
1,medium,1.5,43,DSR,1001,2,n10,n14,184.566,1,1,1
1,medium,1.5,43,DSR,1001,3,n14,S,0.160,1,0,0
1,medium,1.5,43,DSDV,1001,0,n2,n6,0.142,1,0,0
1,medium,1.5,43,DSDV,1001,1,n6,n10,4.566,1,1,1
1,medium,1.5,43,DSDV,1001,2,n10,n14,124.566,1,1,1
1,medium,1.5,43,DSDV,1001,3,n14,S,0.160,1,0,0
1,medium,1.5,44,AODV,1001,0,n2,n6,0.154,1,0,0
1,medium,1.5,44,AODV,1001,1,n6,n5,2.573,0,1,1
1,medium,1.5,44,AODV,1001,2,n5,n9,0.094,1,0,0
1,medium,1.5,44,AODV,1001,3,n9,n13,0.125,1,0,0
1,medium,1.5,44,AODV,1001,4,n13,S,0.130,1,0,0
1,medium,1.5,44,OLSR,1001,0,n2,n6,0.154,1,0,0
1,medium,1.5,44,OLSR,1001,1,n6,n5,2.573,1,1,1
1,medium,1.5,44,OLSR,1001,2,n5,n9,0.094,1,0,0
1,medium,1.5,44,OLSR,1001,3,n9,n13,0.125,1,0,0
1,medium,1.5,44,OLSR,1001,4,n13,S,0.130,1,0,0
1,medium,1.5,44,DSR,1001,0,n2,n6,0.154,1,0,0
1,medium,1.5,44,DSR,1001,1,n6,n10,62.573,1,1,1
1,medium,1.5,44,DSR,1001,2,n10,n14,3.947,1,1,1
1,medium,1.5,44,DSR,1001,3,n14,S,0.130,1,0,0
1,medium,1.5,44,DSDV,1001,0,n2,n6,0.154,1,0,0
1,medium,1.5,44,DSDV,1001,1,n6,n5,2.573,1,1,1
1,medium,1.5,44,DSDV,1001,2,n5,n9,0.094,1,0,0
1,medium,1.5,44,DSDV,1001,3,n9,n13,0.125,1,0,0
1,medium,1.5,44,DSDV,1001,4,n13,S,0.130,1,0,0
1,medium,2.0,37,AODV,1001,0,n2,n6,0.089,1,0,0
1,medium,2.0,37,AODV,1001,1,n6,n5,182.984,0,1,1
1,medium,2.0,37,AODV,1001,2,n5,n9,0.119,1,0,0
1,medium,2.0,37,AODV,1001,3,n9,n13,0.133,1,0,0
1,medium,2.0,37,AODV,1001,4,n13,S,0.074,1,0,0
1,medium,2.0,37,OLSR,1001,0,n2,n6,0.089,1,0,0
1,medium,2.0,37,OLSR,1001,1,n6,n5,182.984,1,1,1
1,medium,2.0,37,OLSR,1001,2,n5,n9,0.119,1,0,0
1,medium,2.0,37,OLSR,1001,3,n9,n13,0.133,1,0,0
1,medium,2.0,37,OLSR,1001,4,n13,S,0.074,1,0,0
1,medium,2.0,37,DSR,1001,0,n2,n6,0.089,1,0,0
1,medium,2.0,37,DSR,1001,1,n6,n10,422.984,1,1,1
1,medium,2.0,37,DSR,1001,2,n10,n14,182.984,1,1,1
1,medium,2.0,37,DSR,1001,3,n14,S,0.178,1,0,0
1,medium,2.0,37,DSDV,1001,0,n2,n6,0.089,1,0,0
1,medium,2.0,37,DSDV,1001,1,n6,n5,242.984,1,1,1
1,medium,2.0,37,DSDV,1001,2,n5,n9,0.119,1,0,0
1,medium,2.0,37,DSDV,1001,3,n9,n13,0.133,1,0,0
1,medium,2.0,37,DSDV,1001,4,n13,S,0.074,1,0,0
1,medium,2.0,38,AODV,1001,0,n2,n6,0.155,1,0,0
1,medium,2.0,38,AODV,1001,1,n6,n10,124.506,1,1,1
1,medium,2.0,38,AODV,1001,2,n10,n14,122.984,1,1,1
1,medium,2.0,38,AODV,1001,3,n14,S,0.163,1,0,0
1,medium,2.0,38,OLSR,1001,0,n2,n6,0.155,1,0,0
1,medium,2.0,38,OLSR,1001,1,n6,n10,124.506,1,1,1
1,medium,2.0,38,OLSR,1001,2,n10,n14,122.984,1,1,1
1,medium,2.0,38,OLSR,1001,3,n14,S,0.163,1,0,0
1,medium,2.0,38,DSR,1001,0,n2,n6,0.155,1,0,0
1,medium,2.0,38,DSR,1001,1,n6,n10,244.506,1,1,1
1,medium,2.0,38,DSR,1001,2,n10,n14,242.984,1,1,1
1,medium,2.0,38,DSR,1001,3,n14,S,0.163,1,0,0
1,medium,2.0,38,DSDV,1001,0,n2,n6,0.155,1,0,0
1,medium,2.0,38,DSDV,1001,1,n6,n5,124.506,1,1,1
1,medium,2.0,38,DSDV,1001,2,n5,n9,0.054,1,0,0
1,medium,2.0,38,DSDV,1001,3,n9,n13,0.119,1,0,0
1,medium,2.0,38,DSDV,1001,4,n13,S,0.101,1,0,0
1,medium,2.0,39,AODV,1001,0,n2,n6,0.166,1,0,0
1,medium,2.0,39,AODV,1001,1,n6,n10,64.506,1,1,1
1,medium,2.0,39,AODV,1001,2,n10,n14,122.984,1,1,1
1,medium,2.0,39,AODV,1001,3,n14,S,0.178,1,0,0
1,medium,2.0,39,OLSR,1001,0,n2,n6,0.166,1,0,0
1,medium,2.0,39,OLSR,1001,1,n6,n10,64.506,1,1,1
1,medium,2.0,39,OLSR,1001,2,n10,n14,122.984,1,1,1
1,medium,2.0,39,OLSR,1001,3,n14,S,0.178,1,0,0
1,medium,2.0,39,DSR,1001,0,n2,n6,0.166,1,0,0
1,medium,2.0,39,DSR,1001,1,n6,n10,124.506,1,1,1
1,medium,2.0,39,DSR,1001,2,n10,n14,242.984,1,1,1
1,medium,2.0,39,DSR,1001,3,n14,S,0.178,1,0,0
1,medium,2.0,39,DSDV,1001,0,n2,n6,0.166,1,0,0
1,medium,2.0,39,DSDV,1001,1,n6,n5,64.506,1,1,1
1,medium,2.0,39,DSDV,1001,2,n5,n9,0.054,1,0,0
1,medium,2.0,39,DSDV,1001,3,n9,n13,0.105,1,0,0
1,medium,2.0,39,DSDV,1001,4,n13,S,0.117,1,0,0
1,medium,2.0,40,AODV,1001,0,n2,n6,0.127,1,0,0
1,medium,2.0,40,AODV,1001,1,n6,n10,64.566,1,1,1
1,medium,2.0,40,AODV,1001,2,n10,n14,124.822,1,1,1
1,medium,2.0,40,AODV,1001,3,n14,S,0.177,1,0,0
1,medium,2.0,40,OLSR,1001,0,n2,n6,0.127,1,0,0
1,medium,2.0,40,OLSR,1001,1,n6,n10,64.566,1,1,1
1,medium,2.0,40,OLSR,1001,2,n10,n14,124.822,1,1,1
1,medium,2.0,40,OLSR,1001,3,n14,S,0.177,1,0,0
1,medium,2.0,40,DSR,1001,0,n2,n6,0.127,1,0,0
1,medium,2.0,40,DSR,1001,1,n6,n10,124.566,1,1,1
1,medium,2.0,40,DSR,1001,2,n10,n14,244.822,1,1,1
1,medium,2.0,40,DSR,1001,3,n14,S,0.177,1,0,0
1,medium,2.0,40,DSDV,1001,0,n2,n6,0.127,1,0,0
1,medium,2.0,40,DSDV,1001,1,n6,n5,64.566,1,1,1
1,medium,2.0,40,DSDV,1001,2,n5,n9,0.115,1,0,0
1,medium,2.0,40,DSDV,1001,3,n9,n13,0.158,1,0,0
1,medium,2.0,40,DSDV,1001,4,n13,S,0.056,1,0,0
1,medium,2.0,41,AODV,1001,0,n2,n6,0.094,1,0,0
1,medium,2.0,41,AODV,1001,1,n6,n10,124.566,1,1,1
1,medium,2.0,41,AODV,1001,2,n10,n9,4.874,0,1,1
1,medium,2.0,41,AODV,1001,3,n9,n13,0.084,1,0,0
1,medium,2.0,41,AODV,1001,4,n13,S,0.100,1,0,0
1,medium,2.0,41,OLSR,1001,0,n2,n6,0.094,1,0,0
1,medium,2.0,41,OLSR,1001,1,n6,n5,124.566,1,1,1
1,medium,2.0,41,OLSR,1001,2,n5,n9,0.115,1,0,0
1,medium,2.0,41,OLSR,1001,3,n9,n13,0.119,1,0,0
1,medium,2.0,41,OLSR,1001,4,n13,S,0.120,1,0,0
1,medium,2.0,41,DSR,1001,0,n2,n6,0.094,1,0,0
1,medium,2.0,41,DSR,1001,1,n6,n10,244.566,1,1,1
1,medium,2.0,41,DSR,1001,2,n10,n14,64.874,1,1,1
1,medium,2.0,41,DSR,1001,3,n14,S,0.100,1,0,0
1,medium,2.0,41,DSDV,1001,0,n2,n6,0.094,1,0,0
1,medium,2.0,41,DSDV,1001,1,n6,n5,124.566,1,1,1
1,medium,2.0,41,DSDV,1001,2,n5,n9,0.115,1,0,0
1,medium,2.0,41,DSDV,1001,3,n9,n13,0.119,1,0,0
1,medium,2.0,41,DSDV,1001,4,n13,S,0.120,1,0,0
1,medium,2.0,42,AODV,1001,0,n2,n6,0.119,1,0,0
1,medium,2.0,42,AODV,1001,1,n6,n5,184.822,0,1,1
1,medium,2.0,42,AODV,1001,2,n5,n9,0.119,1,0,0
1,medium,2.0,42,AODV,1001,3,n9,n13,0.078,1,0,0
1,medium,2.0,42,AODV,1001,4,n13,S,0.100,1,0,0
1,medium,2.0,42,OLSR,1001,0,n2,n6,0.119,1,0,0
1,medium,2.0,42,OLSR,1001,1,n6,n10,244.822,1,1,1
1,medium,2.0,42,OLSR,1001,2,n10,n14,4.473,1,1,1
1,medium,2.0,42,OLSR,1001,3,n14,S,0.121,1,0,0
1,medium,2.0,42,DSR,1001,0,n2,n6,0.119,1,0,0
1,medium,2.0,42,DSR,1001,1,n6,n10,424.822,1,1,1
1,medium,2.0,42,DSR,1001,2,n10,n14,4.473,1,1,1
1,medium,2.0,42,DSR,1001,3,n14,S,0.121,1,0,0
1,medium,2.0,42,DSDV,1001,0,n2,n6,0.119,1,0,0
1,medium,2.0,42,DSDV,1001,1,n6,n5,244.822,1,1,1
1,medium,2.0,42,DSDV,1001,2,n5,n9,0.119,1,0,0
1,medium,2.0,42,DSDV,1001,3,n9,n13,0.078,1,0,0
1,medium,2.0,42,DSDV,1001,4,n13,S,0.100,1,0,0
1,medium,2.0,43,AODV,1001,0,n2,n6,0.142,1,0,0
1,medium,2.0,43,AODV,1001,1,n6,n10,4.566,1,1,1
1,medium,2.0,43,AODV,1001,2,n10,n9,64.566,0,1,1
1,medium,2.0,43,AODV,1001,3,n9,n13,0.115,1,0,0
1,medium,2.0,43,AODV,1001,4,n13,S,0.165,1,0,0
1,medium,2.0,43,OLSR,1001,0,n2,n6,0.142,1,0,0
1,medium,2.0,43,OLSR,1001,1,n6,n10,4.566,1,1,1
1,medium,2.0,43,OLSR,1001,2,n10,n9,64.566,1,1,1
1,medium,2.0,43,OLSR,1001,3,n9,n13,0.115,1,0,0
1,medium,2.0,43,OLSR,1001,4,n13,S,0.165,1,0,0
1,medium,2.0,43,DSR,1001,0,n2,n6,0.142,1,0,0
1,medium,2.0,43,DSR,1001,1,n6,n10,4.566,1,1,1
1,medium,2.0,43,DSR,1001,2,n10,n14,184.566,1,1,1
1,medium,2.0,43,DSR,1001,3,n14,S,0.160,1,0,0
1,medium,2.0,43,DSDV,1001,0,n2,n6,0.142,1,0,0
1,medium,2.0,43,DSDV,1001,1,n6,n10,4.566,1,1,1
1,medium,2.0,43,DSDV,1001,2,n10,n14,124.566,1,1,1
1,medium,2.0,43,DSDV,1001,3,n14,S,0.160,1,0,0
1,medium,2.0,44,AODV,1001,0,n2,n6,0.154,1,0,0
1,medium,2.0,44,AODV,1001,1,n6,n5,2.573,0,1,1
1,medium,2.0,44,AODV,1001,2,n5,n9,0.094,1,0,0
1,medium,2.0,44,AODV,1001,3,n9,n13,0.125,1,0,0
1,medium,2.0,44,AODV,1001,4,n13,S,0.130,1,0,0
1,medium,2.0,44,OLSR,1001,0,n2,n6,0.154,1,0,0
1,medium,2.0,44,OLSR,1001,1,n6,n5,2.573,1,1,1
1,medium,2.0,44,OLSR,1001,2,n5,n9,0.094,1,0,0
1,medium,2.0,44,OLSR,1001,3,n9,n13,0.125,1,0,0
1,medium,2.0,44,OLSR,1001,4,n13,S,0.130,1,0,0
1,medium,2.0,44,DSR,1001,0,n2,n6,0.154,1,0,0
1,medium,2.0,44,DSR,1001,1,n6,n10,62.573,1,1,1
1,medium,2.0,44,DSR,1001,2,n10,n14,3.947,1,1,1
1,medium,2.0,44,DSR,1001,3,n14,S,0.130,1,0,0
1,medium,2.0,44,DSDV,1001,0,n2,n6,0.154,1,0,0
1,medium,2.0,44,DSDV,1001,1,n6,n5,2.573,1,1,1
1,medium,2.0,44,DSDV,1001,2,n5,n9,0.094,1,0,0
1,medium,2.0,44,DSDV,1001,3,n9,n13,0.125,1,0,0
1,medium,2.0,44,DSDV,1001,4,n13,S,0.130,1,0,0
1,medium,3.0,37,AODV,1001,0,n2,n6,0.089,1,0,0
1,medium,3.0,37,AODV,1001,1,n6,n5,182.984,0,1,1
1,medium,3.0,37,AODV,1001,2,n5,n9,0.119,1,0,0
1,medium,3.0,37,AODV,1001,3,n9,n13,0.133,1,0,0
1,medium,3.0,37,AODV,1001,4,n13,S,0.074,1,0,0
1,medium,3.0,37,OLSR,1001,0,n2,n6,0.089,1,0,0
1,medium,3.0,37,OLSR,1001,1,n6,n5,182.984,1,1,1
1,medium,3.0,37,OLSR,1001,2,n5,n9,0.119,1,0,0
1,medium,3.0,37,OLSR,1001,3,n9,n13,0.133,1,0,0
1,medium,3.0,37,OLSR,1001,4,n13,S,0.074,1,0,0
1,medium,3.0,37,DSR,1001,0,n2,n6,0.089,1,0,0
1,medium,3.0,37,DSR,1001,1,n6,n10,422.984,1,1,1
1,medium,3.0,37,DSR,1001,2,n10,n14,182.984,1,1,1
1,medium,3.0,37,DSR,1001,3,n14,S,0.178,1,0,0
1,medium,3.0,37,DSDV,1001,0,n2,n6,0.089,1,0,0
1,medium,3.0,37,DSDV,1001,1,n6,n5,242.984,1,1,1
1,medium,3.0,37,DSDV,1001,2,n5,n9,0.119,1,0,0
1,medium,3.0,37,DSDV,1001,3,n9,n13,0.133,1,0,0
1,medium,3.0,37,DSDV,1001,4,n13,S,0.074,1,0,0
1,medium,3.0,38,AODV,1001,0,n2,n6,0.155,1,0,0
1,medium,3.0,38,AODV,1001,1,n6,n10,124.506,1,1,1
1,medium,3.0,38,AODV,1001,2,n10,n14,122.984,1,1,1
1,medium,3.0,38,AODV,1001,3,n14,S,0.163,1,0,0
1,medium,3.0,38,OLSR,1001,0,n2,n6,0.155,1,0,0
1,medium,3.0,38,OLSR,1001,1,n6,n10,124.506,1,1,1
1,medium,3.0,38,OLSR,1001,2,n10,n14,122.984,1,1,1
1,medium,3.0,38,OLSR,1001,3,n14,S,0.163,1,0,0
1,medium,3.0,38,DSR,1001,0,n2,n6,0.155,1,0,0
1,medium,3.0,38,DSR,1001,1,n6,n10,244.506,1,1,1
1,medium,3.0,38,DSR,1001,2,n10,n14,242.984,1,1,1
1,medium,3.0,38,DSR,1001,3,n14,S,0.163,1,0,0
1,medium,3.0,38,DSDV,1001,0,n2,n6,0.155,1,0,0
1,medium,3.0,38,DSDV,1001,1,n6,n5,124.506,1,1,1
1,medium,3.0,38,DSDV,1001,2,n5,n9,0.054,1,0,0
1,medium,3.0,38,DSDV,1001,3,n9,n13,0.119,1,0,0
1,medium,3.0,38,DSDV,1001,4,n13,S,0.101,1,0,0
1,medium,3.0,39,AODV,1001,0,n2,n6,0.166,1,0,0
1,medium,3.0,39,AODV,1001,1,n6,n10,64.506,1,1,1
1,medium,3.0,39,AODV,1001,2,n10,n14,122.984,1,1,1
1,medium,3.0,39,AODV,1001,3,n14,S,0.178,1,0,0
1,medium,3.0,39,OLSR,1001,0,n2,n6,0.166,1,0,0
1,medium,3.0,39,OLSR,1001,1,n6,n10,64.506,1,1,1
1,medium,3.0,39,OLSR,1001,2,n10,n14,122.984,1,1,1
1,medium,3.0,39,OLSR,1001,3,n14,S,0.178,1,0,0
1,medium,3.0,39,DSR,1001,0,n2,n6,0.166,1,0,0
1,medium,3.0,39,DSR,1001,1,n6,n10,124.506,1,1,1
1,medium,3.0,39,DSR,1001,2,n10,n14,242.984,1,1,1
1,medium,3.0,39,DSR,1001,3,n14,S,0.178,1,0,0
1,medium,3.0,39,DSDV,1001,0,n2,n6,0.166,1,0,0
1,medium,3.0,39,DSDV,1001,1,n6,n5,64.506,1,1,1
1,medium,3.0,39,DSDV,1001,2,n5,n9,0.054,1,0,0
1,medium,3.0,39,DSDV,1001,3,n9,n13,0.105,1,0,0
1,medium,3.0,39,DSDV,1001,4,n13,S,0.117,1,0,0
1,medium,3.0,40,AODV,1001,0,n2,n6,0.127,1,0,0
1,medium,3.0,40,AODV,1001,1,n6,n10,64.566,1,1,1
1,medium,3.0,40,AODV,1001,2,n10,n14,124.822,1,1,1
1,medium,3.0,40,AODV,1001,3,n14,S,0.177,1,0,0
1,medium,3.0,40,OLSR,1001,0,n2,n6,0.127,1,0,0
1,medium,3.0,40,OLSR,1001,1,n6,n10,64.566,1,1,1
1,medium,3.0,40,OLSR,1001,2,n10,n14,124.822,1,1,1
1,medium,3.0,40,OLSR,1001,3,n14,S,0.177,1,0,0
1,medium,3.0,40,DSR,1001,0,n2,n6,0.127,1,0,0
1,medium,3.0,40,DSR,1001,1,n6,n10,124.566,1,1,1
1,medium,3.0,40,DSR,1001,2,n10,n14,244.822,1,1,1
1,medium,3.0,40,DSR,1001,3,n14,S,0.177,1,0,0
1,medium,3.0,40,DSDV,1001,0,n2,n6,0.127,1,0,0
1,medium,3.0,40,DSDV,1001,1,n6,n5,64.566,1,1,1
1,medium,3.0,40,DSDV,1001,2,n5,n9,0.115,1,0,0
1,medium,3.0,40,DSDV,1001,3,n9,n13,0.158,1,0,0
1,medium,3.0,40,DSDV,1001,4,n13,S,0.056,1,0,0
1,medium,3.0,41,AODV,1001,0,n2,n6,0.094,1,0,0
1,medium,3.0,41,AODV,1001,1,n6,n10,124.566,1,1,1
1,medium,3.0,41,AODV,1001,2,n10,n9,4.874,0,1,1
1,medium,3.0,41,AODV,1001,3,n9,n13,0.084,1,0,0
1,medium,3.0,41,AODV,1001,4,n13,S,0.100,1,0,0
1,medium,3.0,41,OLSR,1001,0,n2,n6,0.094,1,0,0
1,medium,3.0,41,OLSR,1001,1,n6,n5,124.566,1,1,1
1,medium,3.0,41,OLSR,1001,2,n5,n9,0.115,1,0,0
1,medium,3.0,41,OLSR,1001,3,n9,n13,0.119,1,0,0
1,medium,3.0,41,OLSR,1001,4,n13,S,0.120,1,0,0
1,medium,3.0,41,DSR,1001,0,n2,n6,0.094,1,0,0
1,medium,3.0,41,DSR,1001,1,n6,n10,244.566,1,1,1
1,medium,3.0,41,DSR,1001,2,n10,n14,64.874,1,1,1
1,medium,3.0,41,DSR,1001,3,n14,S,0.100,1,0,0
1,medium,3.0,41,DSDV,1001,0,n2,n6,0.094,1,0,0
1,medium,3.0,41,DSDV,1001,1,n6,n5,124.566,1,1,1
1,medium,3.0,41,DSDV,1001,2,n5,n9,0.115,1,0,0
1,medium,3.0,41,DSDV,1001,3,n9,n13,0.119,1,0,0
1,medium,3.0,41,DSDV,1001,4,n13,S,0.120,1,0,0
1,medium,3.0,42,AODV,1001,0,n2,n6,0.119,1,0,0
1,medium,3.0,42,AODV,1001,1,n6,n5,184.822,0,1,1
1,medium,3.0,42,AODV,1001,2,n5,n9,0.119,1,0,0
1,medium,3.0,42,AODV,1001,3,n9,n13,0.078,1,0,0
1,medium,3.0,42,AODV,1001,4,n13,S,0.100,1,0,0
1,medium,3.0,42,OLSR,1001,0,n2,n6,0.119,1,0,0
1,medium,3.0,42,OLSR,1001,1,n6,n10,244.822,1,1,1
1,medium,3.0,42,OLSR,1001,2,n10,n14,4.473,1,1,1
1,medium,3.0,42,OLSR,1001,3,n14,S,0.121,1,0,0
1,medium,3.0,42,DSR,1001,0,n2,n6,0.119,1,0,0
1,medium,3.0,42,DSR,1001,1,n6,n10,424.822,1,1,1
1,medium,3.0,42,DSR,1001,2,n10,n14,4.473,1,1,1
1,medium,3.0,42,DSR,1001,3,n14,S,0.121,1,0,0
1,medium,3.0,42,DSDV,1001,0,n2,n6,0.119,1,0,0
1,medium,3.0,42,DSDV,1001,1,n6,n5,244.822,1,1,1
1,medium,3.0,42,DSDV,1001,2,n5,n9,0.119,1,0,0
1,medium,3.0,42,DSDV,1001,3,n9,n13,0.078,1,0,0
1,medium,3.0,42,DSDV,1001,4,n13,S,0.100,1,0,0
1,medium,3.0,43,AODV,1001,0,n2,n6,0.142,1,0,0
1,medium,3.0,43,AODV,1001,1,n6,n10,4.566,1,1,1
1,medium,3.0,43,AODV,1001,2,n10,n9,64.566,0,1,1
1,medium,3.0,43,AODV,1001,3,n9,n13,0.115,1,0,0
1,medium,3.0,43,AODV,1001,4,n13,S,0.165,1,0,0
1,medium,3.0,43,OLSR,1001,0,n2,n6,0.142,1,0,0
1,medium,3.0,43,OLSR,1001,1,n6,n10,4.566,1,1,1
1,medium,3.0,43,OLSR,1001,2,n10,n9,64.566,1,1,1
1,medium,3.0,43,OLSR,1001,3,n9,n13,0.115,1,0,0
1,medium,3.0,43,OLSR,1001,4,n13,S,0.165,1,0,0
1,medium,3.0,43,DSR,1001,0,n2,n6,0.142,1,0,0
1,medium,3.0,43,DSR,1001,1,n6,n10,4.566,1,1,1
1,medium,3.0,43,DSR,1001,2,n10,n14,184.566,1,1,1
1,medium,3.0,43,DSR,1001,3,n14,S,0.160,1,0,0
1,medium,3.0,43,DSDV,1001,0,n2,n6,0.142,1,0,0
1,medium,3.0,43,DSDV,1001,1,n6,n10,4.566,1,1,1
1,medium,3.0,43,DSDV,1001,2,n10,n14,124.566,1,1,1
1,medium,3.0,43,DSDV,1001,3,n14,S,0.160,1,0,0
1,medium,3.0,44,AODV,1001,0,n2,n6,0.154,1,0,0
1,medium,3.0,44,AODV,1001,1,n6,n5,2.573,0,1,1
1,medium,3.0,44,AODV,1001,2,n5,n9,0.094,1,0,0
1,medium,3.0,44,AODV,1001,3,n9,n13,0.125,1,0,0
1,medium,3.0,44,AODV,1001,4,n13,S,0.130,1,0,0
1,medium,3.0,44,OLSR,1001,0,n2,n6,0.154,1,0,0
1,medium,3.0,44,OLSR,1001,1,n6,n5,2.573,1,0,1
1,medium,3.0,44,OLSR,1001,2,n5,n9,0.094,1,0,0
1,medium,3.0,44,OLSR,1001,3,n9,n13,0.125,1,0,0
1,medium,3.0,44,OLSR,1001,4,n13,S,0.130,1,0,0
1,medium,3.0,44,DSR,1001,0,n2,n6,0.154,1,0,0
1,medium,3.0,44,DSR,1001,1,n6,n10,62.573,1,1,1
1,medium,3.0,44,DSR,1001,2,n10,n14,3.947,1,1,1
1,medium,3.0,44,DSR,1001,3,n14,S,0.130,1,0,0
1,medium,3.0,44,DSDV,1001,0,n2,n6,0.154,1,0,0
1,medium,3.0,44,DSDV,1001,1,n6,n5,2.573,1,0,1
1,medium,3.0,44,DSDV,1001,2,n5,n9,0.094,1,0,0
1,medium,3.0,44,DSDV,1001,3,n9,n13,0.125,1,0,0
1,medium,3.0,44,DSDV,1001,4,n13,S,0.130,1,0,0
1,medium,4.0,37,AODV,1001,0,n2,n6,0.089,1,0,0
1,medium,4.0,37,AODV,1001,1,n6,n5,182.984,0,1,1
1,medium,4.0,37,AODV,1001,2,n5,n9,0.119,1,0,0
1,medium,4.0,37,AODV,1001,3,n9,n13,0.133,1,0,0
1,medium,4.0,37,AODV,1001,4,n13,S,0.074,1,0,0
1,medium,4.0,37,OLSR,1001,0,n2,n6,0.089,1,0,0
1,medium,4.0,37,OLSR,1001,1,n6,n5,182.984,1,1,1
1,medium,4.0,37,OLSR,1001,2,n5,n9,0.119,1,0,0
1,medium,4.0,37,OLSR,1001,3,n9,n13,0.133,1,0,0
1,medium,4.0,37,OLSR,1001,4,n13,S,0.074,1,0,0
1,medium,4.0,37,DSR,1001,0,n2,n6,0.089,1,0,0
1,medium,4.0,37,DSR,1001,1,n6,n10,422.984,1,1,1
1,medium,4.0,37,DSR,1001,2,n10,n14,182.984,1,1,1
1,medium,4.0,37,DSR,1001,3,n14,S,0.178,1,0,0
1,medium,4.0,37,DSDV,1001,0,n2,n6,0.089,1,0,0
1,medium,4.0,37,DSDV,1001,1,n6,n5,242.984,1,1,1
1,medium,4.0,37,DSDV,1001,2,n5,n9,0.119,1,0,0
1,medium,4.0,37,DSDV,1001,3,n9,n13,0.133,1,0,0
1,medium,4.0,37,DSDV,1001,4,n13,S,0.074,1,0,0
1,medium,4.0,38,AODV,1001,0,n2,n6,0.155,1,0,0
1,medium,4.0,38,AODV,1001,1,n6,n10,124.506,1,1,1
1,medium,4.0,38,AODV,1001,2,n10,n14,122.984,1,1,1
1,medium,4.0,38,AODV,1001,3,n14,S,0.163,1,0,0
1,medium,4.0,38,OLSR,1001,0,n2,n6,0.155,1,0,0
1,medium,4.0,38,OLSR,1001,1,n6,n10,124.506,1,1,1
1,medium,4.0,38,OLSR,1001,2,n10,n14,122.984,1,1,1
1,medium,4.0,38,OLSR,1001,3,n14,S,0.163,1,0,0
1,medium,4.0,38,DSR,1001,0,n2,n6,0.155,1,0,0
1,medium,4.0,38,DSR,1001,1,n6,n10,244.506,1,1,1
1,medium,4.0,38,DSR,1001,2,n10,n14,242.984,1,1,1
1,medium,4.0,38,DSR,1001,3,n14,S,0.163,1,0,0
1,medium,4.0,38,DSDV,1001,0,n2,n6,0.155,1,0,0
1,medium,4.0,38,DSDV,1001,1,n6,n5,124.506,1,1,1
1,medium,4.0,38,DSDV,1001,2,n5,n9,0.054,1,0,0
1,medium,4.0,38,DSDV,1001,3,n9,n13,0.119,1,0,0
1,medium,4.0,38,DSDV,1001,4,n13,S,0.101,1,0,0
1,medium,4.0,39,AODV,1001,0,n2,n6,0.166,1,0,0
1,medium,4.0,39,AODV,1001,1,n6,n10,64.506,1,1,1
1,medium,4.0,39,AODV,1001,2,n10,n14,122.984,1,1,1
1,medium,4.0,39,AODV,1001,3,n14,S,0.178,1,0,0
1,medium,4.0,39,OLSR,1001,0,n2,n6,0.166,1,0,0
1,medium,4.0,39,OLSR,1001,1,n6,n10,64.506,1,1,1
1,medium,4.0,39,OLSR,1001,2,n10,n14,122.984,1,1,1
1,medium,4.0,39,OLSR,1001,3,n14,S,0.178,1,0,0
1,medium,4.0,39,DSR,1001,0,n2,n6,0.166,1,0,0
1,medium,4.0,39,DSR,1001,1,n6,n10,124.506,1,1,1
1,medium,4.0,39,DSR,1001,2,n10,n14,242.984,1,1,1
1,medium,4.0,39,DSR,1001,3,n14,S,0.178,1,0,0
1,medium,4.0,39,DSDV,1001,0,n2,n6,0.166,1,0,0
1,medium,4.0,39,DSDV,1001,1,n6,n5,64.506,1,1,1
1,medium,4.0,39,DSDV,1001,2,n5,n9,0.054,1,0,0
1,medium,4.0,39,DSDV,1001,3,n9,n13,0.105,1,0,0
1,medium,4.0,39,DSDV,1001,4,n13,S,0.117,1,0,0
1,medium,4.0,40,AODV,1001,0,n2,n6,0.127,1,0,0
1,medium,4.0,40,AODV,1001,1,n6,n10,64.566,1,1,1
1,medium,4.0,40,AODV,1001,2,n10,n14,124.822,1,1,1
1,medium,4.0,40,AODV,1001,3,n14,S,0.177,1,0,0
1,medium,4.0,40,OLSR,1001,0,n2,n6,0.127,1,0,0
1,medium,4.0,40,OLSR,1001,1,n6,n10,64.566,1,1,1
1,medium,4.0,40,OLSR,1001,2,n10,n14,124.822,1,1,1
1,medium,4.0,40,OLSR,1001,3,n14,S,0.177,1,0,0
1,medium,4.0,40,DSR,1001,0,n2,n6,0.127,1,0,0
1,medium,4.0,40,DSR,1001,1,n6,n10,124.566,1,1,1
1,medium,4.0,40,DSR,1001,2,n10,n14,244.822,1,1,1
1,medium,4.0,40,DSR,1001,3,n14,S,0.177,1,0,0
1,medium,4.0,40,DSDV,1001,0,n2,n6,0.127,1,0,0
1,medium,4.0,40,DSDV,1001,1,n6,n5,64.566,1,1,1
1,medium,4.0,40,DSDV,1001,2,n5,n9,0.115,1,0,0
1,medium,4.0,40,DSDV,1001,3,n9,n13,0.158,1,0,0
1,medium,4.0,40,DSDV,1001,4,n13,S,0.056,1,0,0
1,medium,4.0,41,AODV,1001,0,n2,n6,0.094,1,0,0
1,medium,4.0,41,AODV,1001,1,n6,n10,124.566,1,1,1
1,medium,4.0,41,AODV,1001,2,n10,n9,4.874,0,1,1
1,medium,4.0,41,AODV,1001,3,n9,n13,0.084,1,0,0
1,medium,4.0,41,AODV,1001,4,n13,S,0.100,1,0,0
1,medium,4.0,41,OLSR,1001,0,n2,n6,0.094,1,0,0
1,medium,4.0,41,OLSR,1001,1,n6,n5,124.566,1,1,1
1,medium,4.0,41,OLSR,1001,2,n5,n9,0.115,1,0,0
1,medium,4.0,41,OLSR,1001,3,n9,n13,0.119,1,0,0
1,medium,4.0,41,OLSR,1001,4,n13,S,0.120,1,0,0
1,medium,4.0,41,DSR,1001,0,n2,n6,0.094,1,0,0
1,medium,4.0,41,DSR,1001,1,n6,n10,244.566,1,1,1
1,medium,4.0,41,DSR,1001,2,n10,n14,64.874,1,1,1
1,medium,4.0,41,DSR,1001,3,n14,S,0.100,1,0,0
1,medium,4.0,41,DSDV,1001,0,n2,n6,0.094,1,0,0
1,medium,4.0,41,DSDV,1001,1,n6,n5,124.566,1,1,1
1,medium,4.0,41,DSDV,1001,2,n5,n9,0.115,1,0,0
1,medium,4.0,41,DSDV,1001,3,n9,n13,0.119,1,0,0
1,medium,4.0,41,DSDV,1001,4,n13,S,0.120,1,0,0
1,medium,4.0,42,AODV,1001,0,n2,n6,0.119,1,0,0
1,medium,4.0,42,AODV,1001,1,n6,n5,184.822,0,1,1
1,medium,4.0,42,AODV,1001,2,n5,n9,0.119,1,0,0
1,medium,4.0,42,AODV,1001,3,n9,n13,0.078,1,0,0
1,medium,4.0,42,AODV,1001,4,n13,S,0.100,1,0,0
1,medium,4.0,42,OLSR,1001,0,n2,n6,0.119,1,0,0
1,medium,4.0,42,OLSR,1001,1,n6,n10,244.822,1,1,1
1,medium,4.0,42,OLSR,1001,2,n10,n14,4.473,1,1,1
1,medium,4.0,42,OLSR,1001,3,n14,S,0.121,1,0,0
1,medium,4.0,42,DSR,1001,0,n2,n6,0.119,1,0,0
1,medium,4.0,42,DSR,1001,1,n6,n10,424.822,1,1,1
1,medium,4.0,42,DSR,1001,2,n10,n14,4.473,1,1,1
1,medium,4.0,42,DSR,1001,3,n14,S,0.121,1,0,0
1,medium,4.0,42,DSDV,1001,0,n2,n6,0.119,1,0,0
1,medium,4.0,42,DSDV,1001,1,n6,n5,244.822,1,1,1
1,medium,4.0,42,DSDV,1001,2,n5,n9,0.119,1,0,0
1,medium,4.0,42,DSDV,1001,3,n9,n13,0.078,1,0,0
1,medium,4.0,42,DSDV,1001,4,n13,S,0.100,1,0,0
1,medium,4.0,43,AODV,1001,0,n2,n6,0.142,1,0,0
1,medium,4.0,43,AODV,1001,1,n6,n10,4.566,1,1,1
1,medium,4.0,43,AODV,1001,2,n10,n9,64.566,0,1,1
1,medium,4.0,43,AODV,1001,3,n9,n13,0.115,1,0,0
1,medium,4.0,43,AODV,1001,4,n13,S,0.165,1,0,0
1,medium,4.0,43,OLSR,1001,0,n2,n6,0.142,1,0,0
1,medium,4.0,43,OLSR,1001,1,n6,n10,4.566,1,1,1
1,medium,4.0,43,OLSR,1001,2,n10,n9,64.566,1,1,1
1,medium,4.0,43,OLSR,1001,3,n9,n13,0.115,1,0,0
1,medium,4.0,43,OLSR,1001,4,n13,S,0.165,1,0,0
1,medium,4.0,43,DSR,1001,0,n2,n6,0.142,1,0,0
1,medium,4.0,43,DSR,1001,1,n6,n10,4.566,1,1,1
1,medium,4.0,43,DSR,1001,2,n10,n14,184.566,1,1,1
1,medium,4.0,43,DSR,1001,3,n14,S,0.160,1,0,0
1,medium,4.0,43,DSDV,1001,0,n2,n6,0.142,1,0,0
1,medium,4.0,43,DSDV,1001,1,n6,n10,4.566,1,1,1
1,medium,4.0,43,DSDV,1001,2,n10,n14,124.566,1,1,1
1,medium,4.0,43,DSDV,1001,3,n14,S,0.160,1,0,0
1,medium,4.0,44,AODV,1001,0,n2,n6,0.154,1,0,0
1,medium,4.0,44,AODV,1001,1,n6,n5,2.573,0,1,1
1,medium,4.0,44,AODV,1001,2,n5,n9,0.094,1,0,0
1,medium,4.0,44,AODV,1001,3,n9,n13,0.125,1,0,0
1,medium,4.0,44,AODV,1001,4,n13,S,0.130,1,0,0
1,medium,4.0,44,OLSR,1001,0,n2,n6,0.154,1,0,0
1,medium,4.0,44,OLSR,1001,1,n6,n5,2.573,1,0,1
1,medium,4.0,44,OLSR,1001,2,n5,n9,0.094,1,0,0
1,medium,4.0,44,OLSR,1001,3,n9,n13,0.125,1,0,0
1,medium,4.0,44,OLSR,1001,4,n13,S,0.130,1,0,0
1,medium,4.0,44,DSR,1001,0,n2,n6,0.154,1,0,0
1,medium,4.0,44,DSR,1001,1,n6,n10,62.573,1,1,1
1,medium,4.0,44,DSR,1001,2,n10,n14,3.947,1,0,1
1,medium,4.0,44,DSR,1001,3,n14,S,0.130,1,0,0
1,medium,4.0,44,DSDV,1001,0,n2,n6,0.154,1,0,0
1,medium,4.0,44,DSDV,1001,1,n6,n5,2.573,1,0,1
1,medium,4.0,44,DSDV,1001,2,n5,n9,0.094,1,0,0
1,medium,4.0,44,DSDV,1001,3,n9,n13,0.125,1,0,0
1,medium,4.0,44,DSDV,1001,4,n13,S,0.130,1,0,0
1,medium,5.0,37,AODV,1001,0,n2,n6,0.089,1,0,0
1,medium,5.0,37,AODV,1001,1,n6,n5,182.984,0,1,1
1,medium,5.0,37,AODV,1001,2,n5,n9,0.119,1,0,0
1,medium,5.0,37,AODV,1001,3,n9,n13,0.133,1,0,0
1,medium,5.0,37,AODV,1001,4,n13,S,0.074,1,0,0
1,medium,5.0,37,OLSR,1001,0,n2,n6,0.089,1,0,0
1,medium,5.0,37,OLSR,1001,1,n6,n5,182.984,1,1,1
1,medium,5.0,37,OLSR,1001,2,n5,n9,0.119,1,0,0
1,medium,5.0,37,OLSR,1001,3,n9,n13,0.133,1,0,0
1,medium,5.0,37,OLSR,1001,4,n13,S,0.074,1,0,0
1,medium,5.0,37,DSR,1001,0,n2,n6,0.089,1,0,0
1,medium,5.0,37,DSR,1001,1,n6,n10,422.984,1,1,1
1,medium,5.0,37,DSR,1001,2,n10,n14,182.984,1,1,1
1,medium,5.0,37,DSR,1001,3,n14,S,0.178,1,0,0
1,medium,5.0,37,DSDV,1001,0,n2,n6,0.089,1,0,0
1,medium,5.0,37,DSDV,1001,1,n6,n5,242.984,1,1,1
1,medium,5.0,37,DSDV,1001,2,n5,n9,0.119,1,0,0
1,medium,5.0,37,DSDV,1001,3,n9,n13,0.133,1,0,0
1,medium,5.0,37,DSDV,1001,4,n13,S,0.074,1,0,0
1,medium,5.0,38,AODV,1001,0,n2,n6,0.155,1,0,0
1,medium,5.0,38,AODV,1001,1,n6,n10,124.506,1,1,1
1,medium,5.0,38,AODV,1001,2,n10,n14,122.984,1,1,1
1,medium,5.0,38,AODV,1001,3,n14,S,0.163,1,0,0
1,medium,5.0,38,OLSR,1001,0,n2,n6,0.155,1,0,0
1,medium,5.0,38,OLSR,1001,1,n6,n10,124.506,1,1,1
1,medium,5.0,38,OLSR,1001,2,n10,n14,122.984,1,1,1
1,medium,5.0,38,OLSR,1001,3,n14,S,0.163,1,0,0
1,medium,5.0,38,DSR,1001,0,n2,n6,0.155,1,0,0
1,medium,5.0,38,DSR,1001,1,n6,n10,244.506,1,1,1
1,medium,5.0,38,DSR,1001,2,n10,n14,242.984,1,1,1
1,medium,5.0,38,DSR,1001,3,n14,S,0.163,1,0,0
1,medium,5.0,38,DSDV,1001,0,n2,n6,0.155,1,0,0
1,medium,5.0,38,DSDV,1001,1,n6,n5,124.506,1,1,1
1,medium,5.0,38,DSDV,1001,2,n5,n9,0.054,1,0,0
1,medium,5.0,38,DSDV,1001,3,n9,n13,0.119,1,0,0
1,medium,5.0,38,DSDV,1001,4,n13,S,0.101,1,0,0
1,medium,5.0,39,AODV,1001,0,n2,n6,0.166,1,0,0
1,medium,5.0,39,AODV,1001,1,n6,n10,64.506,1,1,1
1,medium,5.0,39,AODV,1001,2,n10,n14,122.984,1,1,1
1,medium,5.0,39,AODV,1001,3,n14,S,0.178,1,0,0
1,medium,5.0,39,OLSR,1001,0,n2,n6,0.166,1,0,0
1,medium,5.0,39,OLSR,1001,1,n6,n10,64.506,1,1,1
1,medium,5.0,39,OLSR,1001,2,n10,n14,122.984,1,1,1
1,medium,5.0,39,OLSR,1001,3,n14,S,0.178,1,0,0
1,medium,5.0,39,DSR,1001,0,n2,n6,0.166,1,0,0
1,medium,5.0,39,DSR,1001,1,n6,n10,124.506,1,1,1
1,medium,5.0,39,DSR,1001,2,n10,n14,242.984,1,1,1
1,medium,5.0,39,DSR,1001,3,n14,S,0.178,1,0,0
1,medium,5.0,39,DSDV,1001,0,n2,n6,0.166,1,0,0
1,medium,5.0,39,DSDV,1001,1,n6,n5,64.506,1,1,1
1,medium,5.0,39,DSDV,1001,2,n5,n9,0.054,1,0,0
1,medium,5.0,39,DSDV,1001,3,n9,n13,0.105,1,0,0
1,medium,5.0,39,DSDV,1001,4,n13,S,0.117,1,0,0
1,medium,5.0,40,AODV,1001,0,n2,n6,0.127,1,0,0
1,medium,5.0,40,AODV,1001,1,n6,n10,64.566,1,1,1
1,medium,5.0,40,AODV,1001,2,n10,n14,124.822,1,1,1
1,medium,5.0,40,AODV,1001,3,n14,S,0.177,1,0,0
1,medium,5.0,40,OLSR,1001,0,n2,n6,0.127,1,0,0
1,medium,5.0,40,OLSR,1001,1,n6,n10,64.566,1,1,1
1,medium,5.0,40,OLSR,1001,2,n10,n14,124.822,1,1,1
1,medium,5.0,40,OLSR,1001,3,n14,S,0.177,1,0,0
1,medium,5.0,40,DSR,1001,0,n2,n6,0.127,1,0,0
1,medium,5.0,40,DSR,1001,1,n6,n10,124.566,1,1,1
1,medium,5.0,40,DSR,1001,2,n10,n14,244.822,1,1,1
1,medium,5.0,40,DSR,1001,3,n14,S,0.177,1,0,0
1,medium,5.0,40,DSDV,1001,0,n2,n6,0.127,1,0,0
1,medium,5.0,40,DSDV,1001,1,n6,n5,64.566,1,1,1
1,medium,5.0,40,DSDV,1001,2,n5,n9,0.115,1,0,0
1,medium,5.0,40,DSDV,1001,3,n9,n13,0.158,1,0,0
1,medium,5.0,40,DSDV,1001,4,n13,S,0.056,1,0,0
1,medium,5.0,41,AODV,1001,0,n2,n6,0.094,1,0,0
1,medium,5.0,41,AODV,1001,1,n6,n10,124.566,1,1,1
1,medium,5.0,41,AODV,1001,2,n10,n9,4.874,0,1,1
1,medium,5.0,41,AODV,1001,3,n9,n13,0.084,1,0,0
1,medium,5.0,41,AODV,1001,4,n13,S,0.100,1,0,0
1,medium,5.0,41,OLSR,1001,0,n2,n6,0.094,1,0,0
1,medium,5.0,41,OLSR,1001,1,n6,n5,124.566,1,1,1
1,medium,5.0,41,OLSR,1001,2,n5,n9,0.115,1,0,0
1,medium,5.0,41,OLSR,1001,3,n9,n13,0.119,1,0,0
1,medium,5.0,41,OLSR,1001,4,n13,S,0.120,1,0,0
1,medium,5.0,41,DSR,1001,0,n2,n6,0.094,1,0,0
1,medium,5.0,41,DSR,1001,1,n6,n10,244.566,1,1,1
1,medium,5.0,41,DSR,1001,2,n10,n14,64.874,1,1,1
1,medium,5.0,41,DSR,1001,3,n14,S,0.100,1,0,0
1,medium,5.0,41,DSDV,1001,0,n2,n6,0.094,1,0,0
1,medium,5.0,41,DSDV,1001,1,n6,n5,124.566,1,1,1
1,medium,5.0,41,DSDV,1001,2,n5,n9,0.115,1,0,0
1,medium,5.0,41,DSDV,1001,3,n9,n13,0.119,1,0,0
1,medium,5.0,41,DSDV,1001,4,n13,S,0.120,1,0,0
1,medium,5.0,42,AODV,1001,0,n2,n6,0.119,1,0,0
1,medium,5.0,42,AODV,1001,1,n6,n5,184.822,0,1,1
1,medium,5.0,42,AODV,1001,2,n5,n9,0.119,1,0,0
1,medium,5.0,42,AODV,1001,3,n9,n13,0.078,1,0,0
1,medium,5.0,42,AODV,1001,4,n13,S,0.100,1,0,0
1,medium,5.0,42,OLSR,1001,0,n2,n6,0.119,1,0,0
1,medium,5.0,42,OLSR,1001,1,n6,n10,244.822,1,1,1
1,medium,5.0,42,OLSR,1001,2,n10,n14,4.473,1,0,1
1,medium,5.0,42,OLSR,1001,3,n14,S,0.121,1,0,0
1,medium,5.0,42,DSR,1001,0,n2,n6,0.119,1,0,0
1,medium,5.0,42,DSR,1001,1,n6,n10,424.822,1,1,1
1,medium,5.0,42,DSR,1001,2,n10,n14,4.473,1,0,1
1,medium,5.0,42,DSR,1001,3,n14,S,0.121,1,0,0
1,medium,5.0,42,DSDV,1001,0,n2,n6,0.119,1,0,0
1,medium,5.0,42,DSDV,1001,1,n6,n5,244.822,1,1,1
1,medium,5.0,42,DSDV,1001,2,n5,n9,0.119,1,0,0
1,medium,5.0,42,DSDV,1001,3,n9,n13,0.078,1,0,0
1,medium,5.0,42,DSDV,1001,4,n13,S,0.100,1,0,0
1,medium,5.0,43,AODV,1001,0,n2,n6,0.142,1,0,0
1,medium,5.0,43,AODV,1001,1,n6,n10,4.566,1,0,1
1,medium,5.0,43,AODV,1001,2,n10,n9,64.566,0,1,1
1,medium,5.0,43,AODV,1001,3,n9,n13,0.115,1,0,0
1,medium,5.0,43,AODV,1001,4,n13,S,0.165,1,0,0
1,medium,5.0,43,OLSR,1001,0,n2,n6,0.142,1,0,0
1,medium,5.0,43,OLSR,1001,1,n6,n10,4.566,1,0,1
1,medium,5.0,43,OLSR,1001,2,n10,n9,64.566,1,1,1
1,medium,5.0,43,OLSR,1001,3,n9,n13,0.115,1,0,0
1,medium,5.0,43,OLSR,1001,4,n13,S,0.165,1,0,0
1,medium,5.0,43,DSR,1001,0,n2,n6,0.142,1,0,0
1,medium,5.0,43,DSR,1001,1,n6,n10,4.566,1,0,1
1,medium,5.0,43,DSR,1001,2,n10,n14,184.566,1,1,1
1,medium,5.0,43,DSR,1001,3,n14,S,0.160,1,0,0
1,medium,5.0,43,DSDV,1001,0,n2,n6,0.142,1,0,0
1,medium,5.0,43,DSDV,1001,1,n6,n10,4.566,1,0,1
1,medium,5.0,43,DSDV,1001,2,n10,n14,124.566,1,1,1
1,medium,5.0,43,DSDV,1001,3,n14,S,0.160,1,0,0
1,medium,5.0,44,AODV,1001,0,n2,n6,0.154,1,0,0
1,medium,5.0,44,AODV,1001,1,n6,n5,2.573,0,1,1
1,medium,5.0,44,AODV,1001,2,n5,n9,0.094,1,0,0
1,medium,5.0,44,AODV,1001,3,n9,n13,0.125,1,0,0
1,medium,5.0,44,AODV,1001,4,n13,S,0.130,1,0,0
1,medium,5.0,44,OLSR,1001,0,n2,n6,0.154,1,0,0
1,medium,5.0,44,OLSR,1001,1,n6,n5,2.573,1,0,1
1,medium,5.0,44,OLSR,1001,2,n5,n9,0.094,1,0,0
1,medium,5.0,44,OLSR,1001,3,n9,n13,0.125,1,0,0
1,medium,5.0,44,OLSR,1001,4,n13,S,0.130,1,0,0
1,medium,5.0,44,DSR,1001,0,n2,n6,0.154,1,0,0
1,medium,5.0,44,DSR,1001,1,n6,n10,62.573,1,1,1
1,medium,5.0,44,DSR,1001,2,n10,n14,3.947,1,0,1
1,medium,5.0,44,DSR,1001,3,n14,S,0.130,1,0,0
1,medium,5.0,44,DSDV,1001,0,n2,n6,0.154,1,0,0
1,medium,5.0,44,DSDV,1001,1,n6,n5,2.573,1,0,1
1,medium,5.0,44,DSDV,1001,2,n5,n9,0.094,1,0,0
1,medium,5.0,44,DSDV,1001,3,n9,n13,0.125,1,0,0
1,medium,5.0,44,DSDV,1001,4,n13,S,0.130,1,0,0
1,medium,6.0,37,AODV,1001,0,n2,n6,0.089,1,0,0
1,medium,6.0,37,AODV,1001,1,n6,n5,182.984,0,1,1
1,medium,6.0,37,AODV,1001,2,n5,n9,0.119,1,0,0
1,medium,6.0,37,AODV,1001,3,n9,n13,0.133,1,0,0
1,medium,6.0,37,AODV,1001,4,n13,S,0.074,1,0,0
1,medium,6.0,37,OLSR,1001,0,n2,n6,0.089,1,0,0
1,medium,6.0,37,OLSR,1001,1,n6,n5,182.984,1,1,1
1,medium,6.0,37,OLSR,1001,2,n5,n9,0.119,1,0,0
1,medium,6.0,37,OLSR,1001,3,n9,n13,0.133,1,0,0
1,medium,6.0,37,OLSR,1001,4,n13,S,0.074,1,0,0
1,medium,6.0,37,DSR,1001,0,n2,n6,0.089,1,0,0
1,medium,6.0,37,DSR,1001,1,n6,n10,422.984,1,1,1
1,medium,6.0,37,DSR,1001,2,n10,n14,182.984,1,1,1
1,medium,6.0,37,DSR,1001,3,n14,S,0.178,1,0,0
1,medium,6.0,37,DSDV,1001,0,n2,n6,0.089,1,0,0
1,medium,6.0,37,DSDV,1001,1,n6,n5,242.984,1,1,1
1,medium,6.0,37,DSDV,1001,2,n5,n9,0.119,1,0,0
1,medium,6.0,37,DSDV,1001,3,n9,n13,0.133,1,0,0
1,medium,6.0,37,DSDV,1001,4,n13,S,0.074,1,0,0
1,medium,6.0,38,AODV,1001,0,n2,n6,0.155,1,0,0
1,medium,6.0,38,AODV,1001,1,n6,n10,124.506,1,1,1
1,medium,6.0,38,AODV,1001,2,n10,n14,122.984,1,1,1
1,medium,6.0,38,AODV,1001,3,n14,S,0.163,1,0,0
1,medium,6.0,38,OLSR,1001,0,n2,n6,0.155,1,0,0
1,medium,6.0,38,OLSR,1001,1,n6,n10,124.506,1,1,1
1,medium,6.0,38,OLSR,1001,2,n10,n14,122.984,1,1,1
1,medium,6.0,38,OLSR,1001,3,n14,S,0.163,1,0,0
1,medium,6.0,38,DSR,1001,0,n2,n6,0.155,1,0,0
1,medium,6.0,38,DSR,1001,1,n6,n10,244.506,1,1,1
1,medium,6.0,38,DSR,1001,2,n10,n14,242.984,1,1,1
1,medium,6.0,38,DSR,1001,3,n14,S,0.163,1,0,0
1,medium,6.0,38,DSDV,1001,0,n2,n6,0.155,1,0,0
1,medium,6.0,38,DSDV,1001,1,n6,n5,124.506,1,1,1
1,medium,6.0,38,DSDV,1001,2,n5,n9,0.054,1,0,0
1,medium,6.0,38,DSDV,1001,3,n9,n13,0.119,1,0,0
1,medium,6.0,38,DSDV,1001,4,n13,S,0.101,1,0,0
1,medium,6.0,39,AODV,1001,0,n2,n6,0.166,1,0,0
1,medium,6.0,39,AODV,1001,1,n6,n10,64.506,1,1,1
1,medium,6.0,39,AODV,1001,2,n10,n14,122.984,1,1,1
1,medium,6.0,39,AODV,1001,3,n14,S,0.178,1,0,0
1,medium,6.0,39,OLSR,1001,0,n2,n6,0.166,1,0,0
1,medium,6.0,39,OLSR,1001,1,n6,n10,64.506,1,1,1
1,medium,6.0,39,OLSR,1001,2,n10,n14,122.984,1,1,1
1,medium,6.0,39,OLSR,1001,3,n14,S,0.178,1,0,0
1,medium,6.0,39,DSR,1001,0,n2,n6,0.166,1,0,0
1,medium,6.0,39,DSR,1001,1,n6,n10,124.506,1,1,1
1,medium,6.0,39,DSR,1001,2,n10,n14,242.984,1,1,1
1,medium,6.0,39,DSR,1001,3,n14,S,0.178,1,0,0
1,medium,6.0,39,DSDV,1001,0,n2,n6,0.166,1,0,0
1,medium,6.0,39,DSDV,1001,1,n6,n5,64.506,1,1,1
1,medium,6.0,39,DSDV,1001,2,n5,n9,0.054,1,0,0
1,medium,6.0,39,DSDV,1001,3,n9,n13,0.105,1,0,0
1,medium,6.0,39,DSDV,1001,4,n13,S,0.117,1,0,0
1,medium,6.0,40,AODV,1001,0,n2,n6,0.127,1,0,0
1,medium,6.0,40,AODV,1001,1,n6,n10,64.566,1,1,1
1,medium,6.0,40,AODV,1001,2,n10,n14,124.822,1,1,1
1,medium,6.0,40,AODV,1001,3,n14,S,0.177,1,0,0
1,medium,6.0,40,OLSR,1001,0,n2,n6,0.127,1,0,0
1,medium,6.0,40,OLSR,1001,1,n6,n10,64.566,1,1,1
1,medium,6.0,40,OLSR,1001,2,n10,n14,124.822,1,1,1
1,medium,6.0,40,OLSR,1001,3,n14,S,0.177,1,0,0
1,medium,6.0,40,DSR,1001,0,n2,n6,0.127,1,0,0
1,medium,6.0,40,DSR,1001,1,n6,n10,124.566,1,1,1
1,medium,6.0,40,DSR,1001,2,n10,n14,244.822,1,1,1
1,medium,6.0,40,DSR,1001,3,n14,S,0.177,1,0,0
1,medium,6.0,40,DSDV,1001,0,n2,n6,0.127,1,0,0
1,medium,6.0,40,DSDV,1001,1,n6,n5,64.566,1,1,1
1,medium,6.0,40,DSDV,1001,2,n5,n9,0.115,1,0,0
1,medium,6.0,40,DSDV,1001,3,n9,n13,0.158,1,0,0
1,medium,6.0,40,DSDV,1001,4,n13,S,0.056,1,0,0
1,medium,6.0,41,AODV,1001,0,n2,n6,0.094,1,0,0
1,medium,6.0,41,AODV,1001,1,n6,n10,124.566,1,1,1
1,medium,6.0,41,AODV,1001,2,n10,n9,4.874,0,1,1
1,medium,6.0,41,AODV,1001,3,n9,n13,0.084,1,0,0
1,medium,6.0,41,AODV,1001,4,n13,S,0.100,1,0,0
1,medium,6.0,41,OLSR,1001,0,n2,n6,0.094,1,0,0
1,medium,6.0,41,OLSR,1001,1,n6,n5,124.566,1,1,1
1,medium,6.0,41,OLSR,1001,2,n5,n9,0.115,1,0,0
1,medium,6.0,41,OLSR,1001,3,n9,n13,0.119,1,0,0
1,medium,6.0,41,OLSR,1001,4,n13,S,0.120,1,0,0
1,medium,6.0,41,DSR,1001,0,n2,n6,0.094,1,0,0
1,medium,6.0,41,DSR,1001,1,n6,n10,244.566,1,1,1
1,medium,6.0,41,DSR,1001,2,n10,n14,64.874,1,1,1
1,medium,6.0,41,DSR,1001,3,n14,S,0.100,1,0,0
1,medium,6.0,41,DSDV,1001,0,n2,n6,0.094,1,0,0
1,medium,6.0,41,DSDV,1001,1,n6,n5,124.566,1,1,1
1,medium,6.0,41,DSDV,1001,2,n5,n9,0.115,1,0,0
1,medium,6.0,41,DSDV,1001,3,n9,n13,0.119,1,0,0
1,medium,6.0,41,DSDV,1001,4,n13,S,0.120,1,0,0
1,medium,6.0,42,AODV,1001,0,n2,n6,0.119,1,0,0
1,medium,6.0,42,AODV,1001,1,n6,n5,184.822,0,1,1
1,medium,6.0,42,AODV,1001,2,n5,n9,0.119,1,0,0
1,medium,6.0,42,AODV,1001,3,n9,n13,0.078,1,0,0
1,medium,6.0,42,AODV,1001,4,n13,S,0.100,1,0,0
1,medium,6.0,42,OLSR,1001,0,n2,n6,0.119,1,0,0
1,medium,6.0,42,OLSR,1001,1,n6,n10,244.822,1,1,1
1,medium,6.0,42,OLSR,1001,2,n10,n14,4.473,1,0,1
1,medium,6.0,42,OLSR,1001,3,n14,S,0.121,1,0,0
1,medium,6.0,42,DSR,1001,0,n2,n6,0.119,1,0,0
1,medium,6.0,42,DSR,1001,1,n6,n10,424.822,1,1,1
1,medium,6.0,42,DSR,1001,2,n10,n14,4.473,1,0,1
1,medium,6.0,42,DSR,1001,3,n14,S,0.121,1,0,0
1,medium,6.0,42,DSDV,1001,0,n2,n6,0.119,1,0,0
1,medium,6.0,42,DSDV,1001,1,n6,n5,244.822,1,1,1
1,medium,6.0,42,DSDV,1001,2,n5,n9,0.119,1,0,0
1,medium,6.0,42,DSDV,1001,3,n9,n13,0.078,1,0,0
1,medium,6.0,42,DSDV,1001,4,n13,S,0.100,1,0,0
1,medium,6.0,43,AODV,1001,0,n2,n6,0.142,1,0,0
1,medium,6.0,43,AODV,1001,1,n6,n10,4.566,1,0,1
1,medium,6.0,43,AODV,1001,2,n10,n9,64.566,0,1,1
1,medium,6.0,43,AODV,1001,3,n9,n13,0.115,1,0,0
1,medium,6.0,43,AODV,1001,4,n13,S,0.165,1,0,0
1,medium,6.0,43,OLSR,1001,0,n2,n6,0.142,1,0,0
1,medium,6.0,43,OLSR,1001,1,n6,n10,4.566,1,0,1
1,medium,6.0,43,OLSR,1001,2,n10,n9,64.566,1,1,1
1,medium,6.0,43,OLSR,1001,3,n9,n13,0.115,1,0,0
1,medium,6.0,43,OLSR,1001,4,n13,S,0.165,1,0,0
1,medium,6.0,43,DSR,1001,0,n2,n6,0.142,1,0,0
1,medium,6.0,43,DSR,1001,1,n6,n10,4.566,1,0,1
1,medium,6.0,43,DSR,1001,2,n10,n14,184.566,1,1,1
1,medium,6.0,43,DSR,1001,3,n14,S,0.160,1,0,0
1,medium,6.0,43,DSDV,1001,0,n2,n6,0.142,1,0,0
1,medium,6.0,43,DSDV,1001,1,n6,n10,4.566,1,0,1
1,medium,6.0,43,DSDV,1001,2,n10,n14,124.566,1,1,1
1,medium,6.0,43,DSDV,1001,3,n14,S,0.160,1,0,0
1,medium,6.0,44,AODV,1001,0,n2,n6,0.154,1,0,0
1,medium,6.0,44,AODV,1001,1,n6,n5,2.573,0,1,1
1,medium,6.0,44,AODV,1001,2,n5,n9,0.094,1,0,0
1,medium,6.0,44,AODV,1001,3,n9,n13,0.125,1,0,0
1,medium,6.0,44,AODV,1001,4,n13,S,0.130,1,0,0
1,medium,6.0,44,OLSR,1001,0,n2,n6,0.154,1,0,0
1,medium,6.0,44,OLSR,1001,1,n6,n5,2.573,1,0,1
1,medium,6.0,44,OLSR,1001,2,n5,n9,0.094,1,0,0
1,medium,6.0,44,OLSR,1001,3,n9,n13,0.125,1,0,0
1,medium,6.0,44,OLSR,1001,4,n13,S,0.130,1,0,0
1,medium,6.0,44,DSR,1001,0,n2,n6,0.154,1,0,0
1,medium,6.0,44,DSR,1001,1,n6,n10,62.573,1,1,1
1,medium,6.0,44,DSR,1001,2,n10,n14,3.947,1,0,1
1,medium,6.0,44,DSR,1001,3,n14,S,0.130,1,0,0
1,medium,6.0,44,DSDV,1001,0,n2,n6,0.154,1,0,0
1,medium,6.0,44,DSDV,1001,1,n6,n5,2.573,1,0,1
1,medium,6.0,44,DSDV,1001,2,n5,n9,0.094,1,0,0
1,medium,6.0,44,DSDV,1001,3,n9,n13,0.125,1,0,0
1,medium,6.0,44,DSDV,1001,4,n13,S,0.130,1,0,0
1,medium,6.5,37,AODV,1001,0,n2,n6,0.089,1,0,0
1,medium,6.5,37,AODV,1001,1,n6,n5,182.984,0,1,1
1,medium,6.5,37,AODV,1001,2,n5,n9,0.119,1,0,0
1,medium,6.5,37,AODV,1001,3,n9,n13,0.133,1,0,0
1,medium,6.5,37,AODV,1001,4,n13,S,0.074,1,0,0
1,medium,6.5,37,OLSR,1001,0,n2,n6,0.089,1,0,0
1,medium,6.5,37,OLSR,1001,1,n6,n5,182.984,1,1,1
1,medium,6.5,37,OLSR,1001,2,n5,n9,0.119,1,0,0
1,medium,6.5,37,OLSR,1001,3,n9,n13,0.133,1,0,0
1,medium,6.5,37,OLSR,1001,4,n13,S,0.074,1,0,0
1,medium,6.5,37,DSR,1001,0,n2,n6,0.089,1,0,0
1,medium,6.5,37,DSR,1001,1,n6,n10,422.984,1,1,1
1,medium,6.5,37,DSR,1001,2,n10,n14,182.984,1,1,1
1,medium,6.5,37,DSR,1001,3,n14,S,0.178,1,0,0
1,medium,6.5,37,DSDV,1001,0,n2,n6,0.089,1,0,0
1,medium,6.5,37,DSDV,1001,1,n6,n5,242.984,1,1,1
1,medium,6.5,37,DSDV,1001,2,n5,n9,0.119,1,0,0
1,medium,6.5,37,DSDV,1001,3,n9,n13,0.133,1,0,0
1,medium,6.5,37,DSDV,1001,4,n13,S,0.074,1,0,0
1,medium,6.5,38,AODV,1001,0,n2,n6,0.155,1,0,0
1,medium,6.5,38,AODV,1001,1,n6,n10,124.506,1,1,1
1,medium,6.5,38,AODV,1001,2,n10,n14,122.984,1,1,1
1,medium,6.5,38,AODV,1001,3,n14,S,0.163,1,0,0
1,medium,6.5,38,OLSR,1001,0,n2,n6,0.155,1,0,0
1,medium,6.5,38,OLSR,1001,1,n6,n10,124.506,1,1,1
1,medium,6.5,38,OLSR,1001,2,n10,n14,122.984,1,1,1
1,medium,6.5,38,OLSR,1001,3,n14,S,0.163,1,0,0
1,medium,6.5,38,DSR,1001,0,n2,n6,0.155,1,0,0
1,medium,6.5,38,DSR,1001,1,n6,n10,244.506,1,1,1
1,medium,6.5,38,DSR,1001,2,n10,n14,242.984,1,1,1
1,medium,6.5,38,DSR,1001,3,n14,S,0.163,1,0,0
1,medium,6.5,38,DSDV,1001,0,n2,n6,0.155,1,0,0
1,medium,6.5,38,DSDV,1001,1,n6,n5,124.506,1,1,1
1,medium,6.5,38,DSDV,1001,2,n5,n9,0.054,1,0,0
1,medium,6.5,38,DSDV,1001,3,n9,n13,0.119,1,0,0
1,medium,6.5,38,DSDV,1001,4,n13,S,0.101,1,0,0
1,medium,6.5,39,AODV,1001,0,n2,n6,0.166,1,0,0
1,medium,6.5,39,AODV,1001,1,n6,n10,64.506,1,1,1
1,medium,6.5,39,AODV,1001,2,n10,n14,122.984,1,1,1
1,medium,6.5,39,AODV,1001,3,n14,S,0.178,1,0,0
1,medium,6.5,39,OLSR,1001,0,n2,n6,0.166,1,0,0
1,medium,6.5,39,OLSR,1001,1,n6,n10,64.506,1,1,1
1,medium,6.5,39,OLSR,1001,2,n10,n14,122.984,1,1,1
1,medium,6.5,39,OLSR,1001,3,n14,S,0.178,1,0,0
1,medium,6.5,39,DSR,1001,0,n2,n6,0.166,1,0,0
1,medium,6.5,39,DSR,1001,1,n6,n10,124.506,1,1,1
1,medium,6.5,39,DSR,1001,2,n10,n14,242.984,1,1,1
1,medium,6.5,39,DSR,1001,3,n14,S,0.178,1,0,0
1,medium,6.5,39,DSDV,1001,0,n2,n6,0.166,1,0,0
1,medium,6.5,39,DSDV,1001,1,n6,n5,64.506,1,1,1
1,medium,6.5,39,DSDV,1001,2,n5,n9,0.054,1,0,0
1,medium,6.5,39,DSDV,1001,3,n9,n13,0.105,1,0,0
1,medium,6.5,39,DSDV,1001,4,n13,S,0.117,1,0,0
1,medium,6.5,40,AODV,1001,0,n2,n6,0.127,1,0,0
1,medium,6.5,40,AODV,1001,1,n6,n10,64.566,1,1,1
1,medium,6.5,40,AODV,1001,2,n10,n14,124.822,1,1,1
1,medium,6.5,40,AODV,1001,3,n14,S,0.177,1,0,0
1,medium,6.5,40,OLSR,1001,0,n2,n6,0.127,1,0,0
1,medium,6.5,40,OLSR,1001,1,n6,n10,64.566,1,1,1
1,medium,6.5,40,OLSR,1001,2,n10,n14,124.822,1,1,1
1,medium,6.5,40,OLSR,1001,3,n14,S,0.177,1,0,0
1,medium,6.5,40,DSR,1001,0,n2,n6,0.127,1,0,0
1,medium,6.5,40,DSR,1001,1,n6,n10,124.566,1,1,1
1,medium,6.5,40,DSR,1001,2,n10,n14,244.822,1,1,1
1,medium,6.5,40,DSR,1001,3,n14,S,0.177,1,0,0
1,medium,6.5,40,DSDV,1001,0,n2,n6,0.127,1,0,0
1,medium,6.5,40,DSDV,1001,1,n6,n5,64.566,1,1,1
1,medium,6.5,40,DSDV,1001,2,n5,n9,0.115,1,0,0
1,medium,6.5,40,DSDV,1001,3,n9,n13,0.158,1,0,0
1,medium,6.5,40,DSDV,1001,4,n13,S,0.056,1,0,0
1,medium,6.5,41,AODV,1001,0,n2,n6,0.094,1,0,0
1,medium,6.5,41,AODV,1001,1,n6,n10,124.566,1,1,1
1,medium,6.5,41,AODV,1001,2,n10,n9,4.874,0,1,1
1,medium,6.5,41,AODV,1001,3,n9,n13,0.084,1,0,0
1,medium,6.5,41,AODV,1001,4,n13,S,0.100,1,0,0
1,medium,6.5,41,OLSR,1001,0,n2,n6,0.094,1,0,0
1,medium,6.5,41,OLSR,1001,1,n6,n5,124.566,1,1,1
1,medium,6.5,41,OLSR,1001,2,n5,n9,0.115,1,0,0
1,medium,6.5,41,OLSR,1001,3,n9,n13,0.119,1,0,0
1,medium,6.5,41,OLSR,1001,4,n13,S,0.120,1,0,0
1,medium,6.5,41,DSR,1001,0,n2,n6,0.094,1,0,0
1,medium,6.5,41,DSR,1001,1,n6,n10,244.566,1,1,1
1,medium,6.5,41,DSR,1001,2,n10,n14,64.874,1,1,1
1,medium,6.5,41,DSR,1001,3,n14,S,0.100,1,0,0
1,medium,6.5,41,DSDV,1001,0,n2,n6,0.094,1,0,0
1,medium,6.5,41,DSDV,1001,1,n6,n5,124.566,1,1,1
1,medium,6.5,41,DSDV,1001,2,n5,n9,0.115,1,0,0
1,medium,6.5,41,DSDV,1001,3,n9,n13,0.119,1,0,0
1,medium,6.5,41,DSDV,1001,4,n13,S,0.120,1,0,0
1,medium,6.5,42,AODV,1001,0,n2,n6,0.119,1,0,0
1,medium,6.5,42,AODV,1001,1,n6,n5,184.822,0,1,1
1,medium,6.5,42,AODV,1001,2,n5,n9,0.119,1,0,0
1,medium,6.5,42,AODV,1001,3,n9,n13,0.078,1,0,0
1,medium,6.5,42,AODV,1001,4,n13,S,0.100,1,0,0
1,medium,6.5,42,OLSR,1001,0,n2,n6,0.119,1,0,0
1,medium,6.5,42,OLSR,1001,1,n6,n10,244.822,1,1,1
1,medium,6.5,42,OLSR,1001,2,n10,n14,4.473,1,0,1
1,medium,6.5,42,OLSR,1001,3,n14,S,0.121,1,0,0
1,medium,6.5,42,DSR,1001,0,n2,n6,0.119,1,0,0
1,medium,6.5,42,DSR,1001,1,n6,n10,424.822,1,1,1
1,medium,6.5,42,DSR,1001,2,n10,n14,4.473,1,0,1
1,medium,6.5,42,DSR,1001,3,n14,S,0.121,1,0,0
1,medium,6.5,42,DSDV,1001,0,n2,n6,0.119,1,0,0
1,medium,6.5,42,DSDV,1001,1,n6,n5,244.822,1,1,1
1,medium,6.5,42,DSDV,1001,2,n5,n9,0.119,1,0,0
1,medium,6.5,42,DSDV,1001,3,n9,n13,0.078,1,0,0
1,medium,6.5,42,DSDV,1001,4,n13,S,0.100,1,0,0
1,medium,6.5,43,AODV,1001,0,n2,n6,0.142,1,0,0
1,medium,6.5,43,AODV,1001,1,n6,n10,4.566,1,0,1
1,medium,6.5,43,AODV,1001,2,n10,n9,64.566,0,1,1
1,medium,6.5,43,AODV,1001,3,n9,n13,0.115,1,0,0
1,medium,6.5,43,AODV,1001,4,n13,S,0.165,1,0,0
1,medium,6.5,43,OLSR,1001,0,n2,n6,0.142,1,0,0
1,medium,6.5,43,OLSR,1001,1,n6,n10,4.566,1,0,1
1,medium,6.5,43,OLSR,1001,2,n10,n9,64.566,1,1,1
1,medium,6.5,43,OLSR,1001,3,n9,n13,0.115,1,0,0
1,medium,6.5,43,OLSR,1001,4,n13,S,0.165,1,0,0
1,medium,6.5,43,DSR,1001,0,n2,n6,0.142,1,0,0
1,medium,6.5,43,DSR,1001,1,n6,n10,4.566,1,0,1
1,medium,6.5,43,DSR,1001,2,n10,n14,184.566,1,1,1
1,medium,6.5,43,DSR,1001,3,n14,S,0.160,1,0,0
1,medium,6.5,43,DSDV,1001,0,n2,n6,0.142,1,0,0
1,medium,6.5,43,DSDV,1001,1,n6,n10,4.566,1,0,1
1,medium,6.5,43,DSDV,1001,2,n10,n14,124.566,1,1,1
1,medium,6.5,43,DSDV,1001,3,n14,S,0.160,1,0,0
1,medium,6.5,44,AODV,1001,0,n2,n6,0.154,1,0,0
1,medium,6.5,44,AODV,1001,1,n6,n5,2.573,0,1,1
1,medium,6.5,44,AODV,1001,2,n5,n9,0.094,1,0,0
1,medium,6.5,44,AODV,1001,3,n9,n13,0.125,1,0,0
1,medium,6.5,44,AODV,1001,4,n13,S,0.130,1,0,0
1,medium,6.5,44,OLSR,1001,0,n2,n6,0.154,1,0,0
1,medium,6.5,44,OLSR,1001,1,n6,n5,2.573,1,0,1
1,medium,6.5,44,OLSR,1001,2,n5,n9,0.094,1,0,0
1,medium,6.5,44,OLSR,1001,3,n9,n13,0.125,1,0,0
1,medium,6.5,44,OLSR,1001,4,n13,S,0.130,1,0,0
1,medium,6.5,44,DSR,1001,0,n2,n6,0.154,1,0,0
1,medium,6.5,44,DSR,1001,1,n6,n10,62.573,1,1,1
1,medium,6.5,44,DSR,1001,2,n10,n14,3.947,1,0,1
1,medium,6.5,44,DSR,1001,3,n14,S,0.130,1,0,0
1,medium,6.5,44,DSDV,1001,0,n2,n6,0.154,1,0,0
1,medium,6.5,44,DSDV,1001,1,n6,n5,2.573,1,0,1
1,medium,6.5,44,DSDV,1001,2,n5,n9,0.094,1,0,0
1,medium,6.5,44,DSDV,1001,3,n9,n13,0.125,1,0,0
1,medium,6.5,44,DSDV,1001,4,n13,S,0.130,1,0,0
1,medium,7.0,37,AODV,1001,0,n2,n6,0.089,1,0,0
1,medium,7.0,37,AODV,1001,1,n6,n5,182.984,0,1,1
1,medium,7.0,37,AODV,1001,2,n5,n9,0.119,1,0,0
1,medium,7.0,37,AODV,1001,3,n9,n13,0.133,1,0,0
1,medium,7.0,37,AODV,1001,4,n13,S,0.074,1,0,0
1,medium,7.0,37,OLSR,1001,0,n2,n6,0.089,1,0,0
1,medium,7.0,37,OLSR,1001,1,n6,n5,182.984,1,1,1
1,medium,7.0,37,OLSR,1001,2,n5,n9,0.119,1,0,0
1,medium,7.0,37,OLSR,1001,3,n9,n13,0.133,1,0,0
1,medium,7.0,37,OLSR,1001,4,n13,S,0.074,1,0,0
1,medium,7.0,37,DSR,1001,0,n2,n6,0.089,1,0,0
1,medium,7.0,37,DSR,1001,1,n6,n10,422.984,1,1,1
1,medium,7.0,37,DSR,1001,2,n10,n14,182.984,1,1,1
1,medium,7.0,37,DSR,1001,3,n14,S,0.178,1,0,0
1,medium,7.0,37,DSDV,1001,0,n2,n6,0.089,1,0,0
1,medium,7.0,37,DSDV,1001,1,n6,n5,242.984,1,1,1
1,medium,7.0,37,DSDV,1001,2,n5,n9,0.119,1,0,0
1,medium,7.0,37,DSDV,1001,3,n9,n13,0.133,1,0,0
1,medium,7.0,37,DSDV,1001,4,n13,S,0.074,1,0,0
1,medium,7.0,38,AODV,1001,0,n2,n6,0.155,1,0,0
1,medium,7.0,38,AODV,1001,1,n6,n10,124.506,1,1,1
1,medium,7.0,38,AODV,1001,2,n10,n14,122.984,1,1,1
1,medium,7.0,38,AODV,1001,3,n14,S,0.163,1,0,0
1,medium,7.0,38,OLSR,1001,0,n2,n6,0.155,1,0,0
1,medium,7.0,38,OLSR,1001,1,n6,n10,124.506,1,1,1
1,medium,7.0,38,OLSR,1001,2,n10,n14,122.984,1,1,1
1,medium,7.0,38,OLSR,1001,3,n14,S,0.163,1,0,0
1,medium,7.0,38,DSR,1001,0,n2,n6,0.155,1,0,0
1,medium,7.0,38,DSR,1001,1,n6,n10,244.506,1,1,1
1,medium,7.0,38,DSR,1001,2,n10,n14,242.984,1,1,1
1,medium,7.0,38,DSR,1001,3,n14,S,0.163,1,0,0
1,medium,7.0,38,DSDV,1001,0,n2,n6,0.155,1,0,0
1,medium,7.0,38,DSDV,1001,1,n6,n5,124.506,1,1,1
1,medium,7.0,38,DSDV,1001,2,n5,n9,0.054,1,0,0
1,medium,7.0,38,DSDV,1001,3,n9,n13,0.119,1,0,0
1,medium,7.0,38,DSDV,1001,4,n13,S,0.101,1,0,0
1,medium,7.0,39,AODV,1001,0,n2,n6,0.166,1,0,0
1,medium,7.0,39,AODV,1001,1,n6,n10,64.506,1,1,1
1,medium,7.0,39,AODV,1001,2,n10,n14,122.984,1,1,1
1,medium,7.0,39,AODV,1001,3,n14,S,0.178,1,0,0
1,medium,7.0,39,OLSR,1001,0,n2,n6,0.166,1,0,0
1,medium,7.0,39,OLSR,1001,1,n6,n10,64.506,1,1,1
1,medium,7.0,39,OLSR,1001,2,n10,n14,122.984,1,1,1
1,medium,7.0,39,OLSR,1001,3,n14,S,0.178,1,0,0
1,medium,7.0,39,DSR,1001,0,n2,n6,0.166,1,0,0
1,medium,7.0,39,DSR,1001,1,n6,n10,124.506,1,1,1
1,medium,7.0,39,DSR,1001,2,n10,n14,242.984,1,1,1
1,medium,7.0,39,DSR,1001,3,n14,S,0.178,1,0,0
1,medium,7.0,39,DSDV,1001,0,n2,n6,0.166,1,0,0
1,medium,7.0,39,DSDV,1001,1,n6,n5,64.506,1,1,1
1,medium,7.0,39,DSDV,1001,2,n5,n9,0.054,1,0,0
1,medium,7.0,39,DSDV,1001,3,n9,n13,0.105,1,0,0
1,medium,7.0,39,DSDV,1001,4,n13,S,0.117,1,0,0
1,medium,7.0,40,AODV,1001,0,n2,n6,0.127,1,0,0
1,medium,7.0,40,AODV,1001,1,n6,n10,64.566,1,1,1
1,medium,7.0,40,AODV,1001,2,n10,n14,124.822,1,1,1
1,medium,7.0,40,AODV,1001,3,n14,S,0.177,1,0,0
1,medium,7.0,40,OLSR,1001,0,n2,n6,0.127,1,0,0
1,medium,7.0,40,OLSR,1001,1,n6,n10,64.566,1,1,1
1,medium,7.0,40,OLSR,1001,2,n10,n14,124.822,1,1,1
1,medium,7.0,40,OLSR,1001,3,n14,S,0.177,1,0,0
1,medium,7.0,40,DSR,1001,0,n2,n6,0.127,1,0,0
1,medium,7.0,40,DSR,1001,1,n6,n10,124.566,1,1,1
1,medium,7.0,40,DSR,1001,2,n10,n14,244.822,1,1,1
1,medium,7.0,40,DSR,1001,3,n14,S,0.177,1,0,0
1,medium,7.0,40,DSDV,1001,0,n2,n6,0.127,1,0,0
1,medium,7.0,40,DSDV,1001,1,n6,n5,64.566,1,1,1
1,medium,7.0,40,DSDV,1001,2,n5,n9,0.115,1,0,0
1,medium,7.0,40,DSDV,1001,3,n9,n13,0.158,1,0,0
1,medium,7.0,40,DSDV,1001,4,n13,S,0.056,1,0,0
1,medium,7.0,41,AODV,1001,0,n2,n6,0.094,1,0,0
1,medium,7.0,41,AODV,1001,1,n6,n10,124.566,1,1,1
1,medium,7.0,41,AODV,1001,2,n10,n9,4.874,0,1,1
1,medium,7.0,41,AODV,1001,3,n9,n13,0.084,1,0,0
1,medium,7.0,41,AODV,1001,4,n13,S,0.100,1,0,0
1,medium,7.0,41,OLSR,1001,0,n2,n6,0.094,1,0,0
1,medium,7.0,41,OLSR,1001,1,n6,n5,124.566,1,1,1
1,medium,7.0,41,OLSR,1001,2,n5,n9,0.115,1,0,0
1,medium,7.0,41,OLSR,1001,3,n9,n13,0.119,1,0,0
1,medium,7.0,41,OLSR,1001,4,n13,S,0.120,1,0,0
1,medium,7.0,41,DSR,1001,0,n2,n6,0.094,1,0,0
1,medium,7.0,41,DSR,1001,1,n6,n10,244.566,1,1,1
1,medium,7.0,41,DSR,1001,2,n10,n14,64.874,1,1,1
1,medium,7.0,41,DSR,1001,3,n14,S,0.100,1,0,0
1,medium,7.0,41,DSDV,1001,0,n2,n6,0.094,1,0,0
1,medium,7.0,41,DSDV,1001,1,n6,n5,124.566,1,1,1
1,medium,7.0,41,DSDV,1001,2,n5,n9,0.115,1,0,0
1,medium,7.0,41,DSDV,1001,3,n9,n13,0.119,1,0,0
1,medium,7.0,41,DSDV,1001,4,n13,S,0.120,1,0,0
1,medium,7.0,42,AODV,1001,0,n2,n6,0.119,1,0,0
1,medium,7.0,42,AODV,1001,1,n6,n5,184.822,0,1,1
1,medium,7.0,42,AODV,1001,2,n5,n9,0.119,1,0,0
1,medium,7.0,42,AODV,1001,3,n9,n13,0.078,1,0,0
1,medium,7.0,42,AODV,1001,4,n13,S,0.100,1,0,0
1,medium,7.0,42,OLSR,1001,0,n2,n6,0.119,1,0,0
1,medium,7.0,42,OLSR,1001,1,n6,n10,244.822,1,1,1
1,medium,7.0,42,OLSR,1001,2,n10,n14,4.473,1,0,1
1,medium,7.0,42,OLSR,1001,3,n14,S,0.121,1,0,0
1,medium,7.0,42,DSR,1001,0,n2,n6,0.119,1,0,0
1,medium,7.0,42,DSR,1001,1,n6,n10,424.822,1,1,1
1,medium,7.0,42,DSR,1001,2,n10,n14,4.473,1,0,1
1,medium,7.0,42,DSR,1001,3,n14,S,0.121,1,0,0
1,medium,7.0,42,DSDV,1001,0,n2,n6,0.119,1,0,0
1,medium,7.0,42,DSDV,1001,1,n6,n5,244.822,1,1,1
1,medium,7.0,42,DSDV,1001,2,n5,n9,0.119,1,0,0
1,medium,7.0,42,DSDV,1001,3,n9,n13,0.078,1,0,0
1,medium,7.0,42,DSDV,1001,4,n13,S,0.100,1,0,0
1,medium,7.0,43,AODV,1001,0,n2,n6,0.142,1,0,0
1,medium,7.0,43,AODV,1001,1,n6,n10,4.566,1,0,1
1,medium,7.0,43,AODV,1001,2,n10,n9,64.566,0,1,1
1,medium,7.0,43,AODV,1001,3,n9,n13,0.115,1,0,0
1,medium,7.0,43,AODV,1001,4,n13,S,0.165,1,0,0
1,medium,7.0,43,OLSR,1001,0,n2,n6,0.142,1,0,0
1,medium,7.0,43,OLSR,1001,1,n6,n10,4.566,1,0,1
1,medium,7.0,43,OLSR,1001,2,n10,n9,64.566,1,1,1
1,medium,7.0,43,OLSR,1001,3,n9,n13,0.115,1,0,0
1,medium,7.0,43,OLSR,1001,4,n13,S,0.165,1,0,0
1,medium,7.0,43,DSR,1001,0,n2,n6,0.142,1,0,0
1,medium,7.0,43,DSR,1001,1,n6,n10,4.566,1,0,1
1,medium,7.0,43,DSR,1001,2,n10,n14,184.566,1,1,1
1,medium,7.0,43,DSR,1001,3,n14,S,0.160,1,0,0
1,medium,7.0,43,DSDV,1001,0,n2,n6,0.142,1,0,0
1,medium,7.0,43,DSDV,1001,1,n6,n10,4.566,1,0,1
1,medium,7.0,43,DSDV,1001,2,n10,n14,124.566,1,1,1
1,medium,7.0,43,DSDV,1001,3,n14,S,0.160,1,0,0
1,medium,7.0,44,AODV,1001,0,n2,n6,0.154,1,0,0
1,medium,7.0,44,AODV,1001,1,n6,n5,2.573,0,1,1
1,medium,7.0,44,AODV,1001,2,n5,n9,0.094,1,0,0
1,medium,7.0,44,AODV,1001,3,n9,n13,0.125,1,0,0
1,medium,7.0,44,AODV,1001,4,n13,S,0.130,1,0,0
1,medium,7.0,44,OLSR,1001,0,n2,n6,0.154,1,0,0
1,medium,7.0,44,OLSR,1001,1,n6,n5,2.573,1,0,1
1,medium,7.0,44,OLSR,1001,2,n5,n9,0.094,1,0,0
1,medium,7.0,44,OLSR,1001,3,n9,n13,0.125,1,0,0
1,medium,7.0,44,OLSR,1001,4,n13,S,0.130,1,0,0
1,medium,7.0,44,DSR,1001,0,n2,n6,0.154,1,0,0
1,medium,7.0,44,DSR,1001,1,n6,n10,62.573,1,1,1
1,medium,7.0,44,DSR,1001,2,n10,n14,3.947,1,0,1
1,medium,7.0,44,DSR,1001,3,n14,S,0.130,1,0,0
1,medium,7.0,44,DSDV,1001,0,n2,n6,0.154,1,0,0
1,medium,7.0,44,DSDV,1001,1,n6,n5,2.573,1,0,1
1,medium,7.0,44,DSDV,1001,2,n5,n9,0.094,1,0,0
1,medium,7.0,44,DSDV,1001,3,n9,n13,0.125,1,0,0
1,medium,7.0,44,DSDV,1001,4,n13,S,0.130,1,0,0
1,medium,8.0,37,AODV,1001,0,n2,n6,0.089,1,0,0
1,medium,8.0,37,AODV,1001,1,n6,n5,182.984,0,1,1
1,medium,8.0,37,AODV,1001,2,n5,n9,0.119,1,0,0
1,medium,8.0,37,AODV,1001,3,n9,n13,0.133,1,0,0
1,medium,8.0,37,AODV,1001,4,n13,S,0.074,1,0,0
1,medium,8.0,37,OLSR,1001,0,n2,n6,0.089,1,0,0
1,medium,8.0,37,OLSR,1001,1,n6,n5,182.984,1,1,1
1,medium,8.0,37,OLSR,1001,2,n5,n9,0.119,1,0,0
1,medium,8.0,37,OLSR,1001,3,n9,n13,0.133,1,0,0
1,medium,8.0,37,OLSR,1001,4,n13,S,0.074,1,0,0
1,medium,8.0,37,DSR,1001,0,n2,n6,0.089,1,0,0
1,medium,8.0,37,DSR,1001,1,n6,n10,422.984,1,1,1
1,medium,8.0,37,DSR,1001,2,n10,n14,182.984,1,1,1
1,medium,8.0,37,DSR,1001,3,n14,S,0.178,1,0,0
1,medium,8.0,37,DSDV,1001,0,n2,n6,0.089,1,0,0
1,medium,8.0,37,DSDV,1001,1,n6,n5,242.984,1,1,1
1,medium,8.0,37,DSDV,1001,2,n5,n9,0.119,1,0,0
1,medium,8.0,37,DSDV,1001,3,n9,n13,0.133,1,0,0
1,medium,8.0,37,DSDV,1001,4,n13,S,0.074,1,0,0
1,medium,8.0,38,AODV,1001,0,n2,n6,0.155,1,0,0
1,medium,8.0,38,AODV,1001,1,n6,n10,124.506,1,1,1
1,medium,8.0,38,AODV,1001,2,n10,n14,122.984,1,1,1
1,medium,8.0,38,AODV,1001,3,n14,S,0.163,1,0,0
1,medium,8.0,38,OLSR,1001,0,n2,n6,0.155,1,0,0
1,medium,8.0,38,OLSR,1001,1,n6,n10,124.506,1,1,1
1,medium,8.0,38,OLSR,1001,2,n10,n14,122.984,1,1,1
1,medium,8.0,38,OLSR,1001,3,n14,S,0.163,1,0,0
1,medium,8.0,38,DSR,1001,0,n2,n6,0.155,1,0,0
1,medium,8.0,38,DSR,1001,1,n6,n10,244.506,1,1,1
1,medium,8.0,38,DSR,1001,2,n10,n14,242.984,1,1,1
1,medium,8.0,38,DSR,1001,3,n14,S,0.163,1,0,0
1,medium,8.0,38,DSDV,1001,0,n2,n6,0.155,1,0,0
1,medium,8.0,38,DSDV,1001,1,n6,n5,124.506,1,1,1
1,medium,8.0,38,DSDV,1001,2,n5,n9,0.054,1,0,0
1,medium,8.0,38,DSDV,1001,3,n9,n13,0.119,1,0,0
1,medium,8.0,38,DSDV,1001,4,n13,S,0.101,1,0,0
1,medium,8.0,39,AODV,1001,0,n2,n6,0.166,1,0,0
1,medium,8.0,39,AODV,1001,1,n6,n10,64.506,1,1,1
1,medium,8.0,39,AODV,1001,2,n10,n14,122.984,1,1,1
1,medium,8.0,39,AODV,1001,3,n14,S,0.178,1,0,0
1,medium,8.0,39,OLSR,1001,0,n2,n6,0.166,1,0,0
1,medium,8.0,39,OLSR,1001,1,n6,n10,64.506,1,1,1
1,medium,8.0,39,OLSR,1001,2,n10,n14,122.984,1,1,1
1,medium,8.0,39,OLSR,1001,3,n14,S,0.178,1,0,0
1,medium,8.0,39,DSR,1001,0,n2,n6,0.166,1,0,0
1,medium,8.0,39,DSR,1001,1,n6,n10,124.506,1,1,1
1,medium,8.0,39,DSR,1001,2,n10,n14,242.984,1,1,1
1,medium,8.0,39,DSR,1001,3,n14,S,0.178,1,0,0
1,medium,8.0,39,DSDV,1001,0,n2,n6,0.166,1,0,0
1,medium,8.0,39,DSDV,1001,1,n6,n5,64.506,1,1,1
1,medium,8.0,39,DSDV,1001,2,n5,n9,0.054,1,0,0
1,medium,8.0,39,DSDV,1001,3,n9,n13,0.105,1,0,0
1,medium,8.0,39,DSDV,1001,4,n13,S,0.117,1,0,0
1,medium,8.0,40,AODV,1001,0,n2,n6,0.127,1,0,0
1,medium,8.0,40,AODV,1001,1,n6,n10,64.566,1,1,1
1,medium,8.0,40,AODV,1001,2,n10,n14,124.822,1,1,1
1,medium,8.0,40,AODV,1001,3,n14,S,0.177,1,0,0
1,medium,8.0,40,OLSR,1001,0,n2,n6,0.127,1,0,0
1,medium,8.0,40,OLSR,1001,1,n6,n10,64.566,1,1,1
1,medium,8.0,40,OLSR,1001,2,n10,n14,124.822,1,1,1
1,medium,8.0,40,OLSR,1001,3,n14,S,0.177,1,0,0
1,medium,8.0,40,DSR,1001,0,n2,n6,0.127,1,0,0
1,medium,8.0,40,DSR,1001,1,n6,n10,124.566,1,1,1
1,medium,8.0,40,DSR,1001,2,n10,n14,244.822,1,1,1
1,medium,8.0,40,DSR,1001,3,n14,S,0.177,1,0,0
1,medium,8.0,40,DSDV,1001,0,n2,n6,0.127,1,0,0
1,medium,8.0,40,DSDV,1001,1,n6,n5,64.566,1,1,1
1,medium,8.0,40,DSDV,1001,2,n5,n9,0.115,1,0,0
1,medium,8.0,40,DSDV,1001,3,n9,n13,0.158,1,0,0
1,medium,8.0,40,DSDV,1001,4,n13,S,0.056,1,0,0
1,medium,8.0,41,AODV,1001,0,n2,n6,0.094,1,0,0
1,medium,8.0,41,AODV,1001,1,n6,n10,124.566,1,1,1
1,medium,8.0,41,AODV,1001,2,n10,n9,4.874,0,1,1
1,medium,8.0,41,AODV,1001,3,n9,n13,0.084,1,0,0
1,medium,8.0,41,AODV,1001,4,n13,S,0.100,1,0,0
1,medium,8.0,41,OLSR,1001,0,n2,n6,0.094,1,0,0
1,medium,8.0,41,OLSR,1001,1,n6,n5,124.566,1,1,1
1,medium,8.0,41,OLSR,1001,2,n5,n9,0.115,1,0,0
1,medium,8.0,41,OLSR,1001,3,n9,n13,0.119,1,0,0
1,medium,8.0,41,OLSR,1001,4,n13,S,0.120,1,0,0
1,medium,8.0,41,DSR,1001,0,n2,n6,0.094,1,0,0
1,medium,8.0,41,DSR,1001,1,n6,n10,244.566,1,1,1
1,medium,8.0,41,DSR,1001,2,n10,n14,64.874,1,1,1
1,medium,8.0,41,DSR,1001,3,n14,S,0.100,1,0,0
1,medium,8.0,41,DSDV,1001,0,n2,n6,0.094,1,0,0
1,medium,8.0,41,DSDV,1001,1,n6,n5,124.566,1,1,1
1,medium,8.0,41,DSDV,1001,2,n5,n9,0.115,1,0,0
1,medium,8.0,41,DSDV,1001,3,n9,n13,0.119,1,0,0
1,medium,8.0,41,DSDV,1001,4,n13,S,0.120,1,0,0
1,medium,8.0,42,AODV,1001,0,n2,n6,0.119,1,0,0
1,medium,8.0,42,AODV,1001,1,n6,n5,184.822,0,1,1
1,medium,8.0,42,AODV,1001,2,n5,n9,0.119,1,0,0
1,medium,8.0,42,AODV,1001,3,n9,n13,0.078,1,0,0
1,medium,8.0,42,AODV,1001,4,n13,S,0.100,1,0,0
1,medium,8.0,42,OLSR,1001,0,n2,n6,0.119,1,0,0
1,medium,8.0,42,OLSR,1001,1,n6,n10,244.822,1,1,1
1,medium,8.0,42,OLSR,1001,2,n10,n14,4.473,1,0,1
1,medium,8.0,42,OLSR,1001,3,n14,S,0.121,1,0,0
1,medium,8.0,42,DSR,1001,0,n2,n6,0.119,1,0,0
1,medium,8.0,42,DSR,1001,1,n6,n10,424.822,1,1,1
1,medium,8.0,42,DSR,1001,2,n10,n14,4.473,1,0,1
1,medium,8.0,42,DSR,1001,3,n14,S,0.121,1,0,0
1,medium,8.0,42,DSDV,1001,0,n2,n6,0.119,1,0,0
1,medium,8.0,42,DSDV,1001,1,n6,n5,244.822,1,1,1
1,medium,8.0,42,DSDV,1001,2,n5,n9,0.119,1,0,0
1,medium,8.0,42,DSDV,1001,3,n9,n13,0.078,1,0,0
1,medium,8.0,42,DSDV,1001,4,n13,S,0.100,1,0,0
1,medium,8.0,43,AODV,1001,0,n2,n6,0.142,1,0,0
1,medium,8.0,43,AODV,1001,1,n6,n10,4.566,1,0,1
1,medium,8.0,43,AODV,1001,2,n10,n9,64.566,0,1,1
1,medium,8.0,43,AODV,1001,3,n9,n13,0.115,1,0,0
1,medium,8.0,43,AODV,1001,4,n13,S,0.165,1,0,0
1,medium,8.0,43,OLSR,1001,0,n2,n6,0.142,1,0,0
1,medium,8.0,43,OLSR,1001,1,n6,n10,4.566,1,0,1
1,medium,8.0,43,OLSR,1001,2,n10,n9,64.566,1,1,1
1,medium,8.0,43,OLSR,1001,3,n9,n13,0.115,1,0,0
1,medium,8.0,43,OLSR,1001,4,n13,S,0.165,1,0,0
1,medium,8.0,43,DSR,1001,0,n2,n6,0.142,1,0,0
1,medium,8.0,43,DSR,1001,1,n6,n10,4.566,1,0,1
1,medium,8.0,43,DSR,1001,2,n10,n14,184.566,1,1,1
1,medium,8.0,43,DSR,1001,3,n14,S,0.160,1,0,0
1,medium,8.0,43,DSDV,1001,0,n2,n6,0.142,1,0,0
1,medium,8.0,43,DSDV,1001,1,n6,n10,4.566,1,0,1
1,medium,8.0,43,DSDV,1001,2,n10,n14,124.566,1,1,1
1,medium,8.0,43,DSDV,1001,3,n14,S,0.160,1,0,0
1,medium,8.0,44,AODV,1001,0,n2,n6,0.154,1,0,0
1,medium,8.0,44,AODV,1001,1,n6,n5,2.573,0,1,1
1,medium,8.0,44,AODV,1001,2,n5,n9,0.094,1,0,0
1,medium,8.0,44,AODV,1001,3,n9,n13,0.125,1,0,0
1,medium,8.0,44,AODV,1001,4,n13,S,0.130,1,0,0
1,medium,8.0,44,OLSR,1001,0,n2,n6,0.154,1,0,0
1,medium,8.0,44,OLSR,1001,1,n6,n5,2.573,1,0,1
1,medium,8.0,44,OLSR,1001,2,n5,n9,0.094,1,0,0
1,medium,8.0,44,OLSR,1001,3,n9,n13,0.125,1,0,0
1,medium,8.0,44,OLSR,1001,4,n13,S,0.130,1,0,0
1,medium,8.0,44,DSR,1001,0,n2,n6,0.154,1,0,0
1,medium,8.0,44,DSR,1001,1,n6,n10,62.573,1,1,1
1,medium,8.0,44,DSR,1001,2,n10,n14,3.947,1,0,1
1,medium,8.0,44,DSR,1001,3,n14,S,0.130,1,0,0
1,medium,8.0,44,DSDV,1001,0,n2,n6,0.154,1,0,0
1,medium,8.0,44,DSDV,1001,1,n6,n5,2.573,1,0,1
1,medium,8.0,44,DSDV,1001,2,n5,n9,0.094,1,0,0
1,medium,8.0,44,DSDV,1001,3,n9,n13,0.125,1,0,0
1,medium,8.0,44,DSDV,1001,4,n13,S,0.130,1,0,0
1,medium,10.0,37,AODV,1001,0,n2,n6,0.089,1,0,0
1,medium,10.0,37,AODV,1001,1,n6,n5,182.984,0,1,1
1,medium,10.0,37,AODV,1001,2,n5,n9,0.119,1,0,0
1,medium,10.0,37,AODV,1001,3,n9,n13,0.133,1,0,0
1,medium,10.0,37,AODV,1001,4,n13,S,0.074,1,0,0
1,medium,10.0,37,OLSR,1001,0,n2,n6,0.089,1,0,0
1,medium,10.0,37,OLSR,1001,1,n6,n5,182.984,1,1,1
1,medium,10.0,37,OLSR,1001,2,n5,n9,0.119,1,0,0
1,medium,10.0,37,OLSR,1001,3,n9,n13,0.133,1,0,0
1,medium,10.0,37,OLSR,1001,4,n13,S,0.074,1,0,0
1,medium,10.0,37,DSR,1001,0,n2,n6,0.089,1,0,0
1,medium,10.0,37,DSR,1001,1,n6,n10,422.984,1,1,1
1,medium,10.0,37,DSR,1001,2,n10,n14,182.984,1,1,1
1,medium,10.0,37,DSR,1001,3,n14,S,0.178,1,0,0
1,medium,10.0,37,DSDV,1001,0,n2,n6,0.089,1,0,0
1,medium,10.0,37,DSDV,1001,1,n6,n5,242.984,1,1,1
1,medium,10.0,37,DSDV,1001,2,n5,n9,0.119,1,0,0
1,medium,10.0,37,DSDV,1001,3,n9,n13,0.133,1,0,0
1,medium,10.0,37,DSDV,1001,4,n13,S,0.074,1,0,0
1,medium,10.0,38,AODV,1001,0,n2,n6,0.155,1,0,0
1,medium,10.0,38,AODV,1001,1,n6,n10,124.506,1,1,1
1,medium,10.0,38,AODV,1001,2,n10,n14,122.984,1,1,1
1,medium,10.0,38,AODV,1001,3,n14,S,0.163,1,0,0
1,medium,10.0,38,OLSR,1001,0,n2,n6,0.155,1,0,0
1,medium,10.0,38,OLSR,1001,1,n6,n10,124.506,1,1,1
1,medium,10.0,38,OLSR,1001,2,n10,n14,122.984,1,1,1
1,medium,10.0,38,OLSR,1001,3,n14,S,0.163,1,0,0
1,medium,10.0,38,DSR,1001,0,n2,n6,0.155,1,0,0
1,medium,10.0,38,DSR,1001,1,n6,n10,244.506,1,1,1
1,medium,10.0,38,DSR,1001,2,n10,n14,242.984,1,1,1
1,medium,10.0,38,DSR,1001,3,n14,S,0.163,1,0,0
1,medium,10.0,38,DSDV,1001,0,n2,n6,0.155,1,0,0
1,medium,10.0,38,DSDV,1001,1,n6,n5,124.506,1,1,1
1,medium,10.0,38,DSDV,1001,2,n5,n9,0.054,1,0,0
1,medium,10.0,38,DSDV,1001,3,n9,n13,0.119,1,0,0
1,medium,10.0,38,DSDV,1001,4,n13,S,0.101,1,0,0
1,medium,10.0,39,AODV,1001,0,n2,n6,0.166,1,0,0
1,medium,10.0,39,AODV,1001,1,n6,n10,64.506,1,1,1
1,medium,10.0,39,AODV,1001,2,n10,n14,122.984,1,1,1
1,medium,10.0,39,AODV,1001,3,n14,S,0.178,1,0,0
1,medium,10.0,39,OLSR,1001,0,n2,n6,0.166,1,0,0
1,medium,10.0,39,OLSR,1001,1,n6,n10,64.506,1,1,1
1,medium,10.0,39,OLSR,1001,2,n10,n14,122.984,1,1,1
1,medium,10.0,39,OLSR,1001,3,n14,S,0.178,1,0,0
1,medium,10.0,39,DSR,1001,0,n2,n6,0.166,1,0,0
1,medium,10.0,39,DSR,1001,1,n6,n10,124.506,1,1,1
1,medium,10.0,39,DSR,1001,2,n10,n14,242.984,1,1,1
1,medium,10.0,39,DSR,1001,3,n14,S,0.178,1,0,0
1,medium,10.0,39,DSDV,1001,0,n2,n6,0.166,1,0,0
1,medium,10.0,39,DSDV,1001,1,n6,n5,64.506,1,1,1
1,medium,10.0,39,DSDV,1001,2,n5,n9,0.054,1,0,0
1,medium,10.0,39,DSDV,1001,3,n9,n13,0.105,1,0,0
1,medium,10.0,39,DSDV,1001,4,n13,S,0.117,1,0,0
1,medium,10.0,40,AODV,1001,0,n2,n6,0.127,1,0,0
1,medium,10.0,40,AODV,1001,1,n6,n10,64.566,1,1,1
1,medium,10.0,40,AODV,1001,2,n10,n14,124.822,1,1,1
1,medium,10.0,40,AODV,1001,3,n14,S,0.177,1,0,0
1,medium,10.0,40,OLSR,1001,0,n2,n6,0.127,1,0,0
1,medium,10.0,40,OLSR,1001,1,n6,n10,64.566,1,1,1
1,medium,10.0,40,OLSR,1001,2,n10,n14,124.822,1,1,1
1,medium,10.0,40,OLSR,1001,3,n14,S,0.177,1,0,0
1,medium,10.0,40,DSR,1001,0,n2,n6,0.127,1,0,0
1,medium,10.0,40,DSR,1001,1,n6,n10,124.566,1,1,1
1,medium,10.0,40,DSR,1001,2,n10,n14,244.822,1,1,1
1,medium,10.0,40,DSR,1001,3,n14,S,0.177,1,0,0
1,medium,10.0,40,DSDV,1001,0,n2,n6,0.127,1,0,0
1,medium,10.0,40,DSDV,1001,1,n6,n5,64.566,1,1,1
1,medium,10.0,40,DSDV,1001,2,n5,n9,0.115,1,0,0
1,medium,10.0,40,DSDV,1001,3,n9,n13,0.158,1,0,0
1,medium,10.0,40,DSDV,1001,4,n13,S,0.056,1,0,0
1,medium,10.0,41,AODV,1001,0,n2,n6,0.094,1,0,0
1,medium,10.0,41,AODV,1001,1,n6,n10,124.566,1,1,1
1,medium,10.0,41,AODV,1001,2,n10,n9,4.874,0,1,1
1,medium,10.0,41,AODV,1001,3,n9,n13,0.084,1,0,0
1,medium,10.0,41,AODV,1001,4,n13,S,0.100,1,0,0
1,medium,10.0,41,OLSR,1001,0,n2,n6,0.094,1,0,0
1,medium,10.0,41,OLSR,1001,1,n6,n5,124.566,1,1,1
1,medium,10.0,41,OLSR,1001,2,n5,n9,0.115,1,0,0
1,medium,10.0,41,OLSR,1001,3,n9,n13,0.119,1,0,0
1,medium,10.0,41,OLSR,1001,4,n13,S,0.120,1,0,0
1,medium,10.0,41,DSR,1001,0,n2,n6,0.094,1,0,0
1,medium,10.0,41,DSR,1001,1,n6,n10,244.566,1,1,1
1,medium,10.0,41,DSR,1001,2,n10,n14,64.874,1,1,1
1,medium,10.0,41,DSR,1001,3,n14,S,0.100,1,0,0
1,medium,10.0,41,DSDV,1001,0,n2,n6,0.094,1,0,0
1,medium,10.0,41,DSDV,1001,1,n6,n5,124.566,1,1,1
1,medium,10.0,41,DSDV,1001,2,n5,n9,0.115,1,0,0
1,medium,10.0,41,DSDV,1001,3,n9,n13,0.119,1,0,0
1,medium,10.0,41,DSDV,1001,4,n13,S,0.120,1,0,0
1,medium,10.0,42,AODV,1001,0,n2,n6,0.119,1,0,0
1,medium,10.0,42,AODV,1001,1,n6,n5,184.822,0,1,1
1,medium,10.0,42,AODV,1001,2,n5,n9,0.119,1,0,0
1,medium,10.0,42,AODV,1001,3,n9,n13,0.078,1,0,0
1,medium,10.0,42,AODV,1001,4,n13,S,0.100,1,0,0
1,medium,10.0,42,OLSR,1001,0,n2,n6,0.119,1,0,0
1,medium,10.0,42,OLSR,1001,1,n6,n10,244.822,1,1,1
1,medium,10.0,42,OLSR,1001,2,n10,n14,4.473,1,0,1
1,medium,10.0,42,OLSR,1001,3,n14,S,0.121,1,0,0
1,medium,10.0,42,DSR,1001,0,n2,n6,0.119,1,0,0
1,medium,10.0,42,DSR,1001,1,n6,n10,424.822,1,1,1
1,medium,10.0,42,DSR,1001,2,n10,n14,4.473,1,0,1
1,medium,10.0,42,DSR,1001,3,n14,S,0.121,1,0,0
1,medium,10.0,42,DSDV,1001,0,n2,n6,0.119,1,0,0
1,medium,10.0,42,DSDV,1001,1,n6,n5,244.822,1,1,1
1,medium,10.0,42,DSDV,1001,2,n5,n9,0.119,1,0,0
1,medium,10.0,42,DSDV,1001,3,n9,n13,0.078,1,0,0
1,medium,10.0,42,DSDV,1001,4,n13,S,0.100,1,0,0
1,medium,10.0,43,AODV,1001,0,n2,n6,0.142,1,0,0
1,medium,10.0,43,AODV,1001,1,n6,n10,4.566,1,0,1
1,medium,10.0,43,AODV,1001,2,n10,n9,64.566,0,1,1
1,medium,10.0,43,AODV,1001,3,n9,n13,0.115,1,0,0
1,medium,10.0,43,AODV,1001,4,n13,S,0.165,1,0,0
1,medium,10.0,43,OLSR,1001,0,n2,n6,0.142,1,0,0
1,medium,10.0,43,OLSR,1001,1,n6,n10,4.566,1,0,1
1,medium,10.0,43,OLSR,1001,2,n10,n9,64.566,1,1,1
1,medium,10.0,43,OLSR,1001,3,n9,n13,0.115,1,0,0
1,medium,10.0,43,OLSR,1001,4,n13,S,0.165,1,0,0
1,medium,10.0,43,DSR,1001,0,n2,n6,0.142,1,0,0
1,medium,10.0,43,DSR,1001,1,n6,n10,4.566,1,0,1
1,medium,10.0,43,DSR,1001,2,n10,n14,184.566,1,1,1
1,medium,10.0,43,DSR,1001,3,n14,S,0.160,1,0,0
1,medium,10.0,43,DSDV,1001,0,n2,n6,0.142,1,0,0
1,medium,10.0,43,DSDV,1001,1,n6,n10,4.566,1,0,1
1,medium,10.0,43,DSDV,1001,2,n10,n14,124.566,1,1,1
1,medium,10.0,43,DSDV,1001,3,n14,S,0.160,1,0,0
1,medium,10.0,44,AODV,1001,0,n2,n6,0.154,1,0,0
1,medium,10.0,44,AODV,1001,1,n6,n5,2.573,0,1,1
1,medium,10.0,44,AODV,1001,2,n5,n9,0.094,1,0,0
1,medium,10.0,44,AODV,1001,3,n9,n13,0.125,1,0,0
1,medium,10.0,44,AODV,1001,4,n13,S,0.130,1,0,0
1,medium,10.0,44,OLSR,1001,0,n2,n6,0.154,1,0,0
1,medium,10.0,44,OLSR,1001,1,n6,n5,2.573,1,0,1
1,medium,10.0,44,OLSR,1001,2,n5,n9,0.094,1,0,0
1,medium,10.0,44,OLSR,1001,3,n9,n13,0.125,1,0,0
1,medium,10.0,44,OLSR,1001,4,n13,S,0.130,1,0,0
1,medium,10.0,44,DSR,1001,0,n2,n6,0.154,1,0,0
1,medium,10.0,44,DSR,1001,1,n6,n10,62.573,1,1,1
1,medium,10.0,44,DSR,1001,2,n10,n14,3.947,1,0,1
1,medium,10.0,44,DSR,1001,3,n14,S,0.130,1,0,0
1,medium,10.0,44,DSDV,1001,0,n2,n6,0.154,1,0,0
1,medium,10.0,44,DSDV,1001,1,n6,n5,2.573,1,0,1
1,medium,10.0,44,DSDV,1001,2,n5,n9,0.094,1,0,0
1,medium,10.0,44,DSDV,1001,3,n9,n13,0.125,1,0,0
1,medium,10.0,44,DSDV,1001,4,n13,S,0.130,1,0,0
2,low,0.25,37,AODV,1001,0,n5,n4,0.054,1,0,0
2,low,0.25,37,AODV,1001,1,n4,n3,3.372,1,1,1
2,low,0.25,37,AODV,1001,2,n3,n2,3.610,1,1,1
2,low,0.25,37,AODV,1001,3,n2,n1,0.176,1,0,0
2,low,0.25,37,AODV,1001,4,n1,S,0.062,1,0,0
2,low,0.25,37,OLSR,1001,0,n5,n4,0.054,1,0,0
2,low,0.25,37,OLSR,1001,1,n4,n3,3.372,1,1,1
2,low,0.25,37,OLSR,1001,2,n3,n2,3.610,1,1,1
2,low,0.25,37,OLSR,1001,3,n2,n1,0.176,1,0,0
2,low,0.25,37,OLSR,1001,4,n1,S,0.062,1,0,0
2,low,0.25,37,DSR,1001,0,n5,n4,0.054,1,0,0
2,low,0.25,37,DSR,1001,1,n4,n3,3.372,1,1,1
2,low,0.25,37,DSR,1001,2,n3,n2,3.610,1,1,1
2,low,0.25,37,DSR,1001,3,n2,n1,0.176,1,0,0
2,low,0.25,37,DSR,1001,4,n1,S,0.062,1,0,0
2,low,0.25,37,DSDV,1001,0,n5,n4,0.054,1,0,0
2,low,0.25,37,DSDV,1001,1,n4,n3,3.372,1,1,1
2,low,0.25,37,DSDV,1001,2,n3,n2,3.610,1,1,1
2,low,0.25,37,DSDV,1001,3,n2,n1,0.176,1,0,0
2,low,0.25,37,DSDV,1001,4,n1,S,0.062,1,0,0
2,low,0.25,38,AODV,1001,0,n5,n4,0.128,1,0,0
2,low,0.25,38,AODV,1001,1,n4,n3,4.132,1,1,1
2,low,0.25,38,AODV,1001,2,n3,n2,3.228,1,1,1
2,low,0.25,38,AODV,1001,3,n2,n1,0.142,1,0,0
2,low,0.25,38,AODV,1001,4,n1,S,0.136,1,0,0
2,low,0.25,38,OLSR,1001,0,n5,n4,0.128,1,0,0
2,low,0.25,38,OLSR,1001,1,n4,n3,4.132,1,1,1
2,low,0.25,38,OLSR,1001,2,n3,n2,3.228,1,1,1
2,low,0.25,38,OLSR,1001,3,n2,n1,0.142,1,0,0
2,low,0.25,38,OLSR,1001,4,n1,S,0.136,1,0,0
2,low,0.25,38,DSR,1001,0,n5,n4,0.128,1,0,0
2,low,0.25,38,DSR,1001,1,n4,n3,4.132,1,1,1
2,low,0.25,38,DSR,1001,2,n3,n2,3.228,1,1,1
2,low,0.25,38,DSR,1001,3,n2,n1,0.142,1,0,0
2,low,0.25,38,DSR,1001,4,n1,S,0.136,1,0,0
2,low,0.25,38,DSDV,1001,0,n5,n4,0.128,1,0,0
2,low,0.25,38,DSDV,1001,1,n4,n3,4.132,1,1,1
2,low,0.25,38,DSDV,1001,2,n3,n2,3.228,1,1,1
2,low,0.25,38,DSDV,1001,3,n2,n1,0.142,1,0,0
2,low,0.25,38,DSDV,1001,4,n1,S,0.136,1,0,0
2,low,0.25,39,AODV,1001,0,n5,n4,0.108,1,0,0
2,low,0.25,39,AODV,1001,1,n4,n3,4.303,1,1,1
2,low,0.25,39,AODV,1001,2,n3,n2,1.460,1,1,1
2,low,0.25,39,AODV,1001,3,n2,n1,0.136,1,0,0
2,low,0.25,39,AODV,1001,4,n1,S,0.142,1,0,0
2,low,0.25,39,OLSR,1001,0,n5,n4,0.108,1,0,0
2,low,0.25,39,OLSR,1001,1,n4,n3,4.303,1,1,1
2,low,0.25,39,OLSR,1001,2,n3,n2,1.460,1,1,1
2,low,0.25,39,OLSR,1001,3,n2,n1,0.136,1,0,0
2,low,0.25,39,OLSR,1001,4,n1,S,0.142,1,0,0
2,low,0.25,39,DSR,1001,0,n5,n4,0.108,1,0,0
2,low,0.25,39,DSR,1001,1,n4,n3,4.303,1,1,1
2,low,0.25,39,DSR,1001,2,n3,n2,1.460,1,1,1
2,low,0.25,39,DSR,1001,3,n2,n1,0.136,1,0,0
2,low,0.25,39,DSR,1001,4,n1,S,0.142,1,0,0
2,low,0.25,39,DSDV,1001,0,n5,n4,0.108,1,0,0
2,low,0.25,39,DSDV,1001,1,n4,n3,4.303,1,1,1
2,low,0.25,39,DSDV,1001,2,n3,n2,1.460,1,1,1
2,low,0.25,39,DSDV,1001,3,n2,n1,0.136,1,0,0
2,low,0.25,39,DSDV,1001,4,n1,S,0.142,1,0,0
2,low,0.25,40,AODV,1001,0,n5,n4,0.127,1,0,0
2,low,0.25,40,AODV,1001,1,n4,n3,63.838,1,1,1
2,low,0.25,40,AODV,1001,2,n3,n2,3.223,1,1,1
2,low,0.25,40,AODV,1001,3,n2,n1,0.119,1,0,0
2,low,0.25,40,AODV,1001,4,n1,S,0.119,1,0,0
2,low,0.25,40,OLSR,1001,0,n5,n4,0.127,1,0,0
2,low,0.25,40,OLSR,1001,1,n4,n3,63.838,1,1,1
2,low,0.25,40,OLSR,1001,2,n3,n2,3.223,1,1,1
2,low,0.25,40,OLSR,1001,3,n2,n1,0.119,1,0,0
2,low,0.25,40,OLSR,1001,4,n1,S,0.119,1,0,0
2,low,0.25,40,DSR,1001,0,n5,n4,0.127,1,0,0
2,low,0.25,40,DSR,1001,1,n4,n3,63.838,1,1,1
2,low,0.25,40,DSR,1001,2,n3,n2,3.223,1,1,1
2,low,0.25,40,DSR,1001,3,n2,n1,0.119,1,0,0
2,low,0.25,40,DSR,1001,4,n1,S,0.119,1,0,0
2,low,0.25,40,DSDV,1001,0,n5,n4,0.127,1,0,0
2,low,0.25,40,DSDV,1001,1,n4,n3,63.838,1,1,1
2,low,0.25,40,DSDV,1001,2,n3,n2,3.223,1,1,1
2,low,0.25,40,DSDV,1001,3,n2,n1,0.119,1,0,0
2,low,0.25,40,DSDV,1001,4,n1,S,0.119,1,0,0
2,low,0.25,41,AODV,1001,0,n5,n4,0.056,1,0,0
2,low,0.25,41,AODV,1001,1,n4,n3,123.415,1,1,1
2,low,0.25,41,AODV,1001,2,n3,n2,4.018,1,1,1
2,low,0.25,41,AODV,1001,3,n2,n1,0.111,1,0,0
2,low,0.25,41,AODV,1001,4,n1,S,0.125,1,0,0
2,low,0.25,41,OLSR,1001,0,n5,n4,0.056,1,0,0
2,low,0.25,41,OLSR,1001,1,n4,n3,123.415,1,1,1
2,low,0.25,41,OLSR,1001,2,n3,n2,4.018,1,1,1
2,low,0.25,41,OLSR,1001,3,n2,n1,0.111,1,0,0
2,low,0.25,41,OLSR,1001,4,n1,S,0.125,1,0,0
2,low,0.25,41,DSR,1001,0,n5,n4,0.056,1,0,0
2,low,0.25,41,DSR,1001,1,n4,n3,123.415,1,1,1
2,low,0.25,41,DSR,1001,2,n3,n2,4.018,1,1,1
2,low,0.25,41,DSR,1001,3,n2,n1,0.111,1,0,0
2,low,0.25,41,DSR,1001,4,n1,S,0.125,1,0,0
2,low,0.25,41,DSDV,1001,0,n5,n4,0.056,1,0,0
2,low,0.25,41,DSDV,1001,1,n4,n3,123.415,1,1,1
2,low,0.25,41,DSDV,1001,2,n3,n2,4.018,1,1,1
2,low,0.25,41,DSDV,1001,3,n2,n1,0.111,1,0,0
2,low,0.25,41,DSDV,1001,4,n1,S,0.125,1,0,0
2,low,0.25,42,AODV,1001,0,n5,n4,0.115,1,0,0
2,low,0.25,42,AODV,1001,1,n4,n3,3.415,1,1,1
2,low,0.25,42,AODV,1001,2,n3,n2,4.018,1,1,1
2,low,0.25,42,AODV,1001,3,n2,n1,0.075,1,0,0
2,low,0.25,42,AODV,1001,4,n1,S,0.112,1,0,0
2,low,0.25,42,OLSR,1001,0,n5,n4,0.115,1,0,0
2,low,0.25,42,OLSR,1001,1,n4,n3,3.415,1,1,1
2,low,0.25,42,OLSR,1001,2,n3,n2,4.018,1,1,1
2,low,0.25,42,OLSR,1001,3,n2,n1,0.075,1,0,0
2,low,0.25,42,OLSR,1001,4,n1,S,0.112,1,0,0
2,low,0.25,42,DSR,1001,0,n5,n4,0.115,1,0,0
2,low,0.25,42,DSR,1001,1,n4,n3,3.415,1,1,1
2,low,0.25,42,DSR,1001,2,n3,n2,4.018,1,1,1
2,low,0.25,42,DSR,1001,3,n2,n1,0.075,1,0,0
2,low,0.25,42,DSR,1001,4,n1,S,0.112,1,0,0
2,low,0.25,42,DSDV,1001,0,n5,n4,0.115,1,0,0
2,low,0.25,42,DSDV,1001,1,n4,n3,3.415,1,1,1
2,low,0.25,42,DSDV,1001,2,n3,n2,4.018,1,1,1
2,low,0.25,42,DSDV,1001,3,n2,n1,0.075,1,0,0
2,low,0.25,42,DSDV,1001,4,n1,S,0.112,1,0,0
2,low,0.25,43,AODV,1001,0,n5,n4,0.114,1,0,0
2,low,0.25,43,AODV,1001,1,n4,n3,4.042,1,1,1
2,low,0.25,43,AODV,1001,2,n3,n2,3.002,1,1,1
2,low,0.25,43,AODV,1001,3,n2,n1,0.112,1,0,0
2,low,0.25,43,AODV,1001,4,n1,S,0.075,1,0,0
2,low,0.25,43,OLSR,1001,0,n5,n4,0.114,1,0,0
2,low,0.25,43,OLSR,1001,1,n4,n3,4.042,1,1,1
2,low,0.25,43,OLSR,1001,2,n3,n2,3.002,1,1,1
2,low,0.25,43,OLSR,1001,3,n2,n1,0.112,1,0,0
2,low,0.25,43,OLSR,1001,4,n1,S,0.075,1,0,0
2,low,0.25,43,DSR,1001,0,n5,n4,0.114,1,0,0
2,low,0.25,43,DSR,1001,1,n4,n3,4.042,1,1,1
2,low,0.25,43,DSR,1001,2,n3,n2,3.002,1,1,1
2,low,0.25,43,DSR,1001,3,n2,n1,0.112,1,0,0
2,low,0.25,43,DSR,1001,4,n1,S,0.075,1,0,0
2,low,0.25,43,DSDV,1001,0,n5,n4,0.114,1,0,0
2,low,0.25,43,DSDV,1001,1,n4,n3,4.042,1,1,1
2,low,0.25,43,DSDV,1001,2,n3,n2,3.002,1,1,1
2,low,0.25,43,DSDV,1001,3,n2,n1,0.112,1,0,0
2,low,0.25,43,DSDV,1001,4,n1,S,0.075,1,0,0
2,low,0.25,44,AODV,1001,0,n5,n4,0.125,1,0,0
2,low,0.25,44,AODV,1001,1,n4,n3,3.002,1,1,1
2,low,0.25,44,AODV,1001,2,n3,n2,4.042,1,1,1
2,low,0.25,44,AODV,1001,3,n2,n1,0.056,1,0,0
2,low,0.25,44,AODV,1001,4,n1,S,0.127,1,0,0
2,low,0.25,44,OLSR,1001,0,n5,n4,0.125,1,0,0
2,low,0.25,44,OLSR,1001,1,n4,n3,3.002,1,1,1
2,low,0.25,44,OLSR,1001,2,n3,n2,4.042,1,1,1
2,low,0.25,44,OLSR,1001,3,n2,n1,0.056,1,0,0
2,low,0.25,44,OLSR,1001,4,n1,S,0.127,1,0,0
2,low,0.25,44,DSR,1001,0,n5,n4,0.125,1,0,0
2,low,0.25,44,DSR,1001,1,n4,n3,3.002,1,1,1
2,low,0.25,44,DSR,1001,2,n3,n2,4.042,1,1,1
2,low,0.25,44,DSR,1001,3,n2,n1,0.056,1,0,0
2,low,0.25,44,DSR,1001,4,n1,S,0.127,1,0,0
2,low,0.25,44,DSDV,1001,0,n5,n4,0.125,1,0,0
2,low,0.25,44,DSDV,1001,1,n4,n3,3.002,1,1,1
2,low,0.25,44,DSDV,1001,2,n3,n2,4.042,1,1,1
2,low,0.25,44,DSDV,1001,3,n2,n1,0.056,1,0,0
2,low,0.25,44,DSDV,1001,4,n1,S,0.127,1,0,0
2,low,0.5,37,AODV,1001,0,n5,n4,0.054,1,0,0
2,low,0.5,37,AODV,1001,1,n4,n3,3.372,1,1,1
2,low,0.5,37,AODV,1001,2,n3,n2,3.610,1,1,1
2,low,0.5,37,AODV,1001,3,n2,n1,0.176,1,0,0
2,low,0.5,37,AODV,1001,4,n1,S,0.062,1,0,0
2,low,0.5,37,OLSR,1001,0,n5,n4,0.054,1,0,0
2,low,0.5,37,OLSR,1001,1,n4,n3,3.372,1,1,1
2,low,0.5,37,OLSR,1001,2,n3,n2,3.610,1,1,1
2,low,0.5,37,OLSR,1001,3,n2,n1,0.176,1,0,0
2,low,0.5,37,OLSR,1001,4,n1,S,0.062,1,0,0
2,low,0.5,37,DSR,1001,0,n5,n4,0.054,1,0,0
2,low,0.5,37,DSR,1001,1,n4,n3,3.372,1,1,1
2,low,0.5,37,DSR,1001,2,n3,n2,3.610,1,1,1
2,low,0.5,37,DSR,1001,3,n2,n1,0.176,1,0,0
2,low,0.5,37,DSR,1001,4,n1,S,0.062,1,0,0
2,low,0.5,37,DSDV,1001,0,n5,n4,0.054,1,0,0
2,low,0.5,37,DSDV,1001,1,n4,n3,3.372,1,1,1
2,low,0.5,37,DSDV,1001,2,n3,n2,3.610,1,1,1
2,low,0.5,37,DSDV,1001,3,n2,n1,0.176,1,0,0
2,low,0.5,37,DSDV,1001,4,n1,S,0.062,1,0,0
2,low,0.5,38,AODV,1001,0,n5,n4,0.128,1,0,0
2,low,0.5,38,AODV,1001,1,n4,n3,4.132,1,1,1
2,low,0.5,38,AODV,1001,2,n3,n2,3.228,1,1,1
2,low,0.5,38,AODV,1001,3,n2,n1,0.142,1,0,0
2,low,0.5,38,AODV,1001,4,n1,S,0.136,1,0,0
2,low,0.5,38,OLSR,1001,0,n5,n4,0.128,1,0,0
2,low,0.5,38,OLSR,1001,1,n4,n3,4.132,1,1,1
2,low,0.5,38,OLSR,1001,2,n3,n2,3.228,1,1,1
2,low,0.5,38,OLSR,1001,3,n2,n1,0.142,1,0,0
2,low,0.5,38,OLSR,1001,4,n1,S,0.136,1,0,0
2,low,0.5,38,DSR,1001,0,n5,n4,0.128,1,0,0
2,low,0.5,38,DSR,1001,1,n4,n3,4.132,1,1,1
2,low,0.5,38,DSR,1001,2,n3,n2,3.228,1,1,1
2,low,0.5,38,DSR,1001,3,n2,n1,0.142,1,0,0
2,low,0.5,38,DSR,1001,4,n1,S,0.136,1,0,0
2,low,0.5,38,DSDV,1001,0,n5,n4,0.128,1,0,0
2,low,0.5,38,DSDV,1001,1,n4,n3,4.132,1,1,1
2,low,0.5,38,DSDV,1001,2,n3,n2,3.228,1,1,1
2,low,0.5,38,DSDV,1001,3,n2,n1,0.142,1,0,0
2,low,0.5,38,DSDV,1001,4,n1,S,0.136,1,0,0
2,low,0.5,39,AODV,1001,0,n5,n4,0.108,1,0,0
2,low,0.5,39,AODV,1001,1,n4,n3,4.303,1,1,1
2,low,0.5,39,AODV,1001,2,n3,n2,1.460,1,1,1
2,low,0.5,39,AODV,1001,3,n2,n1,0.136,1,0,0
2,low,0.5,39,AODV,1001,4,n1,S,0.142,1,0,0
2,low,0.5,39,OLSR,1001,0,n5,n4,0.108,1,0,0
2,low,0.5,39,OLSR,1001,1,n4,n3,4.303,1,1,1
2,low,0.5,39,OLSR,1001,2,n3,n2,1.460,1,1,1
2,low,0.5,39,OLSR,1001,3,n2,n1,0.136,1,0,0
2,low,0.5,39,OLSR,1001,4,n1,S,0.142,1,0,0
2,low,0.5,39,DSR,1001,0,n5,n4,0.108,1,0,0
2,low,0.5,39,DSR,1001,1,n4,n3,4.303,1,1,1
2,low,0.5,39,DSR,1001,2,n3,n2,1.460,1,1,1
2,low,0.5,39,DSR,1001,3,n2,n1,0.136,1,0,0
2,low,0.5,39,DSR,1001,4,n1,S,0.142,1,0,0
2,low,0.5,39,DSDV,1001,0,n5,n4,0.108,1,0,0
2,low,0.5,39,DSDV,1001,1,n4,n3,4.303,1,1,1
2,low,0.5,39,DSDV,1001,2,n3,n2,1.460,1,1,1
2,low,0.5,39,DSDV,1001,3,n2,n1,0.136,1,0,0
2,low,0.5,39,DSDV,1001,4,n1,S,0.142,1,0,0
2,low,0.5,40,AODV,1001,0,n5,n4,0.127,1,0,0
2,low,0.5,40,AODV,1001,1,n4,n3,63.838,1,1,1
2,low,0.5,40,AODV,1001,2,n3,n2,3.223,1,1,1
2,low,0.5,40,AODV,1001,3,n2,n1,0.119,1,0,0
2,low,0.5,40,AODV,1001,4,n1,S,0.119,1,0,0
2,low,0.5,40,OLSR,1001,0,n5,n4,0.127,1,0,0
2,low,0.5,40,OLSR,1001,1,n4,n3,63.838,1,1,1
2,low,0.5,40,OLSR,1001,2,n3,n2,3.223,1,1,1
2,low,0.5,40,OLSR,1001,3,n2,n1,0.119,1,0,0
2,low,0.5,40,OLSR,1001,4,n1,S,0.119,1,0,0
2,low,0.5,40,DSR,1001,0,n5,n4,0.127,1,0,0
2,low,0.5,40,DSR,1001,1,n4,n3,63.838,1,1,1
2,low,0.5,40,DSR,1001,2,n3,n2,3.223,1,1,1
2,low,0.5,40,DSR,1001,3,n2,n1,0.119,1,0,0
2,low,0.5,40,DSR,1001,4,n1,S,0.119,1,0,0
2,low,0.5,40,DSDV,1001,0,n5,n4,0.127,1,0,0
2,low,0.5,40,DSDV,1001,1,n4,n3,63.838,1,1,1
2,low,0.5,40,DSDV,1001,2,n3,n2,3.223,1,1,1
2,low,0.5,40,DSDV,1001,3,n2,n1,0.119,1,0,0
2,low,0.5,40,DSDV,1001,4,n1,S,0.119,1,0,0
2,low,0.5,41,AODV,1001,0,n5,n4,0.056,1,0,0
2,low,0.5,41,AODV,1001,1,n4,n3,123.415,1,1,1
2,low,0.5,41,AODV,1001,2,n3,n2,4.018,1,1,1
2,low,0.5,41,AODV,1001,3,n2,n1,0.111,1,0,0
2,low,0.5,41,AODV,1001,4,n1,S,0.125,1,0,0
2,low,0.5,41,OLSR,1001,0,n5,n4,0.056,1,0,0
2,low,0.5,41,OLSR,1001,1,n4,n3,123.415,1,1,1
2,low,0.5,41,OLSR,1001,2,n3,n2,4.018,1,1,1
2,low,0.5,41,OLSR,1001,3,n2,n1,0.111,1,0,0
2,low,0.5,41,OLSR,1001,4,n1,S,0.125,1,0,0
2,low,0.5,41,DSR,1001,0,n5,n4,0.056,1,0,0
2,low,0.5,41,DSR,1001,1,n4,n3,123.415,1,1,1
2,low,0.5,41,DSR,1001,2,n3,n2,4.018,1,1,1
2,low,0.5,41,DSR,1001,3,n2,n1,0.111,1,0,0
2,low,0.5,41,DSR,1001,4,n1,S,0.125,1,0,0
2,low,0.5,41,DSDV,1001,0,n5,n4,0.056,1,0,0
2,low,0.5,41,DSDV,1001,1,n4,n3,123.415,1,1,1
2,low,0.5,41,DSDV,1001,2,n3,n2,4.018,1,1,1
2,low,0.5,41,DSDV,1001,3,n2,n1,0.111,1,0,0
2,low,0.5,41,DSDV,1001,4,n1,S,0.125,1,0,0
2,low,0.5,42,AODV,1001,0,n5,n4,0.115,1,0,0
2,low,0.5,42,AODV,1001,1,n4,n3,3.415,1,1,1
2,low,0.5,42,AODV,1001,2,n3,n2,4.018,1,1,1
2,low,0.5,42,AODV,1001,3,n2,n1,0.075,1,0,0
2,low,0.5,42,AODV,1001,4,n1,S,0.112,1,0,0
2,low,0.5,42,OLSR,1001,0,n5,n4,0.115,1,0,0
2,low,0.5,42,OLSR,1001,1,n4,n3,3.415,1,1,1
2,low,0.5,42,OLSR,1001,2,n3,n2,4.018,1,1,1
2,low,0.5,42,OLSR,1001,3,n2,n1,0.075,1,0,0
2,low,0.5,42,OLSR,1001,4,n1,S,0.112,1,0,0
2,low,0.5,42,DSR,1001,0,n5,n4,0.115,1,0,0
2,low,0.5,42,DSR,1001,1,n4,n3,3.415,1,1,1
2,low,0.5,42,DSR,1001,2,n3,n2,4.018,1,1,1
2,low,0.5,42,DSR,1001,3,n2,n1,0.075,1,0,0
2,low,0.5,42,DSR,1001,4,n1,S,0.112,1,0,0
2,low,0.5,42,DSDV,1001,0,n5,n4,0.115,1,0,0
2,low,0.5,42,DSDV,1001,1,n4,n3,3.415,1,1,1
2,low,0.5,42,DSDV,1001,2,n3,n2,4.018,1,1,1
2,low,0.5,42,DSDV,1001,3,n2,n1,0.075,1,0,0
2,low,0.5,42,DSDV,1001,4,n1,S,0.112,1,0,0
2,low,0.5,43,AODV,1001,0,n5,n4,0.114,1,0,0
2,low,0.5,43,AODV,1001,1,n4,n3,4.042,1,1,1
2,low,0.5,43,AODV,1001,2,n3,n2,3.002,1,1,1
2,low,0.5,43,AODV,1001,3,n2,n1,0.112,1,0,0
2,low,0.5,43,AODV,1001,4,n1,S,0.075,1,0,0
2,low,0.5,43,OLSR,1001,0,n5,n4,0.114,1,0,0
2,low,0.5,43,OLSR,1001,1,n4,n3,4.042,1,1,1
2,low,0.5,43,OLSR,1001,2,n3,n2,3.002,1,1,1
2,low,0.5,43,OLSR,1001,3,n2,n1,0.112,1,0,0
2,low,0.5,43,OLSR,1001,4,n1,S,0.075,1,0,0
2,low,0.5,43,DSR,1001,0,n5,n4,0.114,1,0,0
2,low,0.5,43,DSR,1001,1,n4,n3,4.042,1,1,1
2,low,0.5,43,DSR,1001,2,n3,n2,3.002,1,1,1
2,low,0.5,43,DSR,1001,3,n2,n1,0.112,1,0,0
2,low,0.5,43,DSR,1001,4,n1,S,0.075,1,0,0
2,low,0.5,43,DSDV,1001,0,n5,n4,0.114,1,0,0
2,low,0.5,43,DSDV,1001,1,n4,n3,4.042,1,1,1
2,low,0.5,43,DSDV,1001,2,n3,n2,3.002,1,1,1
2,low,0.5,43,DSDV,1001,3,n2,n1,0.112,1,0,0
2,low,0.5,43,DSDV,1001,4,n1,S,0.075,1,0,0
2,low,0.5,44,AODV,1001,0,n5,n4,0.125,1,0,0
2,low,0.5,44,AODV,1001,1,n4,n3,3.002,1,1,1
2,low,0.5,44,AODV,1001,2,n3,n2,4.042,1,1,1
2,low,0.5,44,AODV,1001,3,n2,n1,0.056,1,0,0
2,low,0.5,44,AODV,1001,4,n1,S,0.127,1,0,0
2,low,0.5,44,OLSR,1001,0,n5,n4,0.125,1,0,0
2,low,0.5,44,OLSR,1001,1,n4,n3,3.002,1,1,1
2,low,0.5,44,OLSR,1001,2,n3,n2,4.042,1,1,1
2,low,0.5,44,OLSR,1001,3,n2,n1,0.056,1,0,0
2,low,0.5,44,OLSR,1001,4,n1,S,0.127,1,0,0
2,low,0.5,44,DSR,1001,0,n5,n4,0.125,1,0,0
2,low,0.5,44,DSR,1001,1,n4,n3,3.002,1,1,1
2,low,0.5,44,DSR,1001,2,n3,n2,4.042,1,1,1
2,low,0.5,44,DSR,1001,3,n2,n1,0.056,1,0,0
2,low,0.5,44,DSR,1001,4,n1,S,0.127,1,0,0
2,low,0.5,44,DSDV,1001,0,n5,n4,0.125,1,0,0
2,low,0.5,44,DSDV,1001,1,n4,n3,3.002,1,1,1
2,low,0.5,44,DSDV,1001,2,n3,n2,4.042,1,1,1
2,low,0.5,44,DSDV,1001,3,n2,n1,0.056,1,0,0
2,low,0.5,44,DSDV,1001,4,n1,S,0.127,1,0,0
2,low,1.0,37,AODV,1001,0,n5,n4,0.054,1,0,0
2,low,1.0,37,AODV,1001,1,n4,n3,3.372,1,1,1
2,low,1.0,37,AODV,1001,2,n3,n2,3.610,1,1,1
2,low,1.0,37,AODV,1001,3,n2,n1,0.176,1,0,0
2,low,1.0,37,AODV,1001,4,n1,S,0.062,1,0,0
2,low,1.0,37,OLSR,1001,0,n5,n4,0.054,1,0,0
2,low,1.0,37,OLSR,1001,1,n4,n3,3.372,1,1,1
2,low,1.0,37,OLSR,1001,2,n3,n2,3.610,1,1,1
2,low,1.0,37,OLSR,1001,3,n2,n1,0.176,1,0,0
2,low,1.0,37,OLSR,1001,4,n1,S,0.062,1,0,0
2,low,1.0,37,DSR,1001,0,n5,n4,0.054,1,0,0
2,low,1.0,37,DSR,1001,1,n4,n3,3.372,1,1,1
2,low,1.0,37,DSR,1001,2,n3,n2,3.610,1,1,1
2,low,1.0,37,DSR,1001,3,n2,n1,0.176,1,0,0
2,low,1.0,37,DSR,1001,4,n1,S,0.062,1,0,0
2,low,1.0,37,DSDV,1001,0,n5,n4,0.054,1,0,0
2,low,1.0,37,DSDV,1001,1,n4,n3,3.372,1,1,1
2,low,1.0,37,DSDV,1001,2,n3,n2,3.610,1,1,1
2,low,1.0,37,DSDV,1001,3,n2,n1,0.176,1,0,0
2,low,1.0,37,DSDV,1001,4,n1,S,0.062,1,0,0
2,low,1.0,38,AODV,1001,0,n5,n4,0.128,1,0,0
2,low,1.0,38,AODV,1001,1,n4,n3,4.132,1,1,1
2,low,1.0,38,AODV,1001,2,n3,n2,3.228,1,1,1
2,low,1.0,38,AODV,1001,3,n2,n1,0.142,1,0,0
2,low,1.0,38,AODV,1001,4,n1,S,0.136,1,0,0
2,low,1.0,38,OLSR,1001,0,n5,n4,0.128,1,0,0
2,low,1.0,38,OLSR,1001,1,n4,n3,4.132,1,1,1
2,low,1.0,38,OLSR,1001,2,n3,n2,3.228,1,1,1
2,low,1.0,38,OLSR,1001,3,n2,n1,0.142,1,0,0
2,low,1.0,38,OLSR,1001,4,n1,S,0.136,1,0,0
2,low,1.0,38,DSR,1001,0,n5,n4,0.128,1,0,0
2,low,1.0,38,DSR,1001,1,n4,n3,4.132,1,1,1
2,low,1.0,38,DSR,1001,2,n3,n2,3.228,1,1,1
2,low,1.0,38,DSR,1001,3,n2,n1,0.142,1,0,0
2,low,1.0,38,DSR,1001,4,n1,S,0.136,1,0,0
2,low,1.0,38,DSDV,1001,0,n5,n4,0.128,1,0,0
2,low,1.0,38,DSDV,1001,1,n4,n3,4.132,1,1,1
2,low,1.0,38,DSDV,1001,2,n3,n2,3.228,1,1,1
2,low,1.0,38,DSDV,1001,3,n2,n1,0.142,1,0,0
2,low,1.0,38,DSDV,1001,4,n1,S,0.136,1,0,0
2,low,1.0,39,AODV,1001,0,n5,n4,0.108,1,0,0
2,low,1.0,39,AODV,1001,1,n4,n3,4.303,1,1,1
2,low,1.0,39,AODV,1001,2,n3,n2,1.460,1,1,1
2,low,1.0,39,AODV,1001,3,n2,n1,0.136,1,0,0
2,low,1.0,39,AODV,1001,4,n1,S,0.142,1,0,0
2,low,1.0,39,OLSR,1001,0,n5,n4,0.108,1,0,0
2,low,1.0,39,OLSR,1001,1,n4,n3,4.303,1,1,1
2,low,1.0,39,OLSR,1001,2,n3,n2,1.460,1,1,1
2,low,1.0,39,OLSR,1001,3,n2,n1,0.136,1,0,0
2,low,1.0,39,OLSR,1001,4,n1,S,0.142,1,0,0
2,low,1.0,39,DSR,1001,0,n5,n4,0.108,1,0,0
2,low,1.0,39,DSR,1001,1,n4,n3,4.303,1,1,1
2,low,1.0,39,DSR,1001,2,n3,n2,1.460,1,1,1
2,low,1.0,39,DSR,1001,3,n2,n1,0.136,1,0,0
2,low,1.0,39,DSR,1001,4,n1,S,0.142,1,0,0
2,low,1.0,39,DSDV,1001,0,n5,n4,0.108,1,0,0
2,low,1.0,39,DSDV,1001,1,n4,n3,4.303,1,1,1
2,low,1.0,39,DSDV,1001,2,n3,n2,1.460,1,1,1
2,low,1.0,39,DSDV,1001,3,n2,n1,0.136,1,0,0
2,low,1.0,39,DSDV,1001,4,n1,S,0.142,1,0,0
2,low,1.0,40,AODV,1001,0,n5,n4,0.127,1,0,0
2,low,1.0,40,AODV,1001,1,n4,n3,63.838,1,1,1
2,low,1.0,40,AODV,1001,2,n3,n2,3.223,1,1,1
2,low,1.0,40,AODV,1001,3,n2,n1,0.119,1,0,0
2,low,1.0,40,AODV,1001,4,n1,S,0.119,1,0,0
2,low,1.0,40,OLSR,1001,0,n5,n4,0.127,1,0,0
2,low,1.0,40,OLSR,1001,1,n4,n3,63.838,1,1,1
2,low,1.0,40,OLSR,1001,2,n3,n2,3.223,1,1,1
2,low,1.0,40,OLSR,1001,3,n2,n1,0.119,1,0,0
2,low,1.0,40,OLSR,1001,4,n1,S,0.119,1,0,0
2,low,1.0,40,DSR,1001,0,n5,n4,0.127,1,0,0
2,low,1.0,40,DSR,1001,1,n4,n3,63.838,1,1,1
2,low,1.0,40,DSR,1001,2,n3,n2,3.223,1,1,1
2,low,1.0,40,DSR,1001,3,n2,n1,0.119,1,0,0
2,low,1.0,40,DSR,1001,4,n1,S,0.119,1,0,0
2,low,1.0,40,DSDV,1001,0,n5,n4,0.127,1,0,0
2,low,1.0,40,DSDV,1001,1,n4,n3,63.838,1,1,1
2,low,1.0,40,DSDV,1001,2,n3,n2,3.223,1,1,1
2,low,1.0,40,DSDV,1001,3,n2,n1,0.119,1,0,0
2,low,1.0,40,DSDV,1001,4,n1,S,0.119,1,0,0
2,low,1.0,41,AODV,1001,0,n5,n4,0.056,1,0,0
2,low,1.0,41,AODV,1001,1,n4,n3,123.415,1,1,1
2,low,1.0,41,AODV,1001,2,n3,n2,4.018,1,1,1
2,low,1.0,41,AODV,1001,3,n2,n1,0.111,1,0,0
2,low,1.0,41,AODV,1001,4,n1,S,0.125,1,0,0
2,low,1.0,41,OLSR,1001,0,n5,n4,0.056,1,0,0
2,low,1.0,41,OLSR,1001,1,n4,n3,123.415,1,1,1
2,low,1.0,41,OLSR,1001,2,n3,n2,4.018,1,1,1
2,low,1.0,41,OLSR,1001,3,n2,n1,0.111,1,0,0
2,low,1.0,41,OLSR,1001,4,n1,S,0.125,1,0,0
2,low,1.0,41,DSR,1001,0,n5,n4,0.056,1,0,0
2,low,1.0,41,DSR,1001,1,n4,n3,123.415,1,1,1
2,low,1.0,41,DSR,1001,2,n3,n2,4.018,1,1,1
2,low,1.0,41,DSR,1001,3,n2,n1,0.111,1,0,0
2,low,1.0,41,DSR,1001,4,n1,S,0.125,1,0,0
2,low,1.0,41,DSDV,1001,0,n5,n4,0.056,1,0,0
2,low,1.0,41,DSDV,1001,1,n4,n3,123.415,1,1,1
2,low,1.0,41,DSDV,1001,2,n3,n2,4.018,1,1,1
2,low,1.0,41,DSDV,1001,3,n2,n1,0.111,1,0,0
2,low,1.0,41,DSDV,1001,4,n1,S,0.125,1,0,0
2,low,1.0,42,AODV,1001,0,n5,n4,0.115,1,0,0
2,low,1.0,42,AODV,1001,1,n4,n3,3.415,1,1,1
2,low,1.0,42,AODV,1001,2,n3,n2,4.018,1,1,1
2,low,1.0,42,AODV,1001,3,n2,n1,0.075,1,0,0
2,low,1.0,42,AODV,1001,4,n1,S,0.112,1,0,0
2,low,1.0,42,OLSR,1001,0,n5,n4,0.115,1,0,0
2,low,1.0,42,OLSR,1001,1,n4,n3,3.415,1,1,1
2,low,1.0,42,OLSR,1001,2,n3,n2,4.018,1,1,1
2,low,1.0,42,OLSR,1001,3,n2,n1,0.075,1,0,0
2,low,1.0,42,OLSR,1001,4,n1,S,0.112,1,0,0
2,low,1.0,42,DSR,1001,0,n5,n4,0.115,1,0,0
2,low,1.0,42,DSR,1001,1,n4,n3,3.415,1,1,1
2,low,1.0,42,DSR,1001,2,n3,n2,4.018,1,1,1
2,low,1.0,42,DSR,1001,3,n2,n1,0.075,1,0,0
2,low,1.0,42,DSR,1001,4,n1,S,0.112,1,0,0
2,low,1.0,42,DSDV,1001,0,n5,n4,0.115,1,0,0
2,low,1.0,42,DSDV,1001,1,n4,n3,3.415,1,1,1
2,low,1.0,42,DSDV,1001,2,n3,n2,4.018,1,1,1
2,low,1.0,42,DSDV,1001,3,n2,n1,0.075,1,0,0
2,low,1.0,42,DSDV,1001,4,n1,S,0.112,1,0,0
2,low,1.0,43,AODV,1001,0,n5,n4,0.114,1,0,0
2,low,1.0,43,AODV,1001,1,n4,n3,4.042,1,1,1
2,low,1.0,43,AODV,1001,2,n3,n2,3.002,1,1,1
2,low,1.0,43,AODV,1001,3,n2,n1,0.112,1,0,0
2,low,1.0,43,AODV,1001,4,n1,S,0.075,1,0,0
2,low,1.0,43,OLSR,1001,0,n5,n4,0.114,1,0,0
2,low,1.0,43,OLSR,1001,1,n4,n3,4.042,1,1,1
2,low,1.0,43,OLSR,1001,2,n3,n2,3.002,1,1,1
2,low,1.0,43,OLSR,1001,3,n2,n1,0.112,1,0,0
2,low,1.0,43,OLSR,1001,4,n1,S,0.075,1,0,0
2,low,1.0,43,DSR,1001,0,n5,n4,0.114,1,0,0
2,low,1.0,43,DSR,1001,1,n4,n3,4.042,1,1,1
2,low,1.0,43,DSR,1001,2,n3,n2,3.002,1,1,1
2,low,1.0,43,DSR,1001,3,n2,n1,0.112,1,0,0
2,low,1.0,43,DSR,1001,4,n1,S,0.075,1,0,0
2,low,1.0,43,DSDV,1001,0,n5,n4,0.114,1,0,0
2,low,1.0,43,DSDV,1001,1,n4,n3,4.042,1,1,1
2,low,1.0,43,DSDV,1001,2,n3,n2,3.002,1,1,1
2,low,1.0,43,DSDV,1001,3,n2,n1,0.112,1,0,0
2,low,1.0,43,DSDV,1001,4,n1,S,0.075,1,0,0
2,low,1.0,44,AODV,1001,0,n5,n4,0.125,1,0,0
2,low,1.0,44,AODV,1001,1,n4,n3,3.002,1,1,1
2,low,1.0,44,AODV,1001,2,n3,n2,4.042,1,1,1
2,low,1.0,44,AODV,1001,3,n2,n1,0.056,1,0,0
2,low,1.0,44,AODV,1001,4,n1,S,0.127,1,0,0
2,low,1.0,44,OLSR,1001,0,n5,n4,0.125,1,0,0
2,low,1.0,44,OLSR,1001,1,n4,n3,3.002,1,1,1
2,low,1.0,44,OLSR,1001,2,n3,n2,4.042,1,1,1
2,low,1.0,44,OLSR,1001,3,n2,n1,0.056,1,0,0
2,low,1.0,44,OLSR,1001,4,n1,S,0.127,1,0,0
2,low,1.0,44,DSR,1001,0,n5,n4,0.125,1,0,0
2,low,1.0,44,DSR,1001,1,n4,n3,3.002,1,1,1
2,low,1.0,44,DSR,1001,2,n3,n2,4.042,1,1,1
2,low,1.0,44,DSR,1001,3,n2,n1,0.056,1,0,0
2,low,1.0,44,DSR,1001,4,n1,S,0.127,1,0,0
2,low,1.0,44,DSDV,1001,0,n5,n4,0.125,1,0,0
2,low,1.0,44,DSDV,1001,1,n4,n3,3.002,1,1,1
2,low,1.0,44,DSDV,1001,2,n3,n2,4.042,1,1,1
2,low,1.0,44,DSDV,1001,3,n2,n1,0.056,1,0,0
2,low,1.0,44,DSDV,1001,4,n1,S,0.127,1,0,0
2,low,1.5,37,AODV,1001,0,n5,n4,0.054,1,0,0
2,low,1.5,37,AODV,1001,1,n4,n3,3.372,1,1,1
2,low,1.5,37,AODV,1001,2,n3,n2,3.610,1,1,1
2,low,1.5,37,AODV,1001,3,n2,n1,0.176,1,0,0
2,low,1.5,37,AODV,1001,4,n1,S,0.062,1,0,0
2,low,1.5,37,OLSR,1001,0,n5,n4,0.054,1,0,0
2,low,1.5,37,OLSR,1001,1,n4,n3,3.372,1,1,1
2,low,1.5,37,OLSR,1001,2,n3,n2,3.610,1,1,1
2,low,1.5,37,OLSR,1001,3,n2,n1,0.176,1,0,0
2,low,1.5,37,OLSR,1001,4,n1,S,0.062,1,0,0
2,low,1.5,37,DSR,1001,0,n5,n4,0.054,1,0,0
2,low,1.5,37,DSR,1001,1,n4,n3,3.372,1,1,1
2,low,1.5,37,DSR,1001,2,n3,n2,3.610,1,1,1
2,low,1.5,37,DSR,1001,3,n2,n1,0.176,1,0,0
2,low,1.5,37,DSR,1001,4,n1,S,0.062,1,0,0
2,low,1.5,37,DSDV,1001,0,n5,n4,0.054,1,0,0
2,low,1.5,37,DSDV,1001,1,n4,n3,3.372,1,1,1
2,low,1.5,37,DSDV,1001,2,n3,n2,3.610,1,1,1
2,low,1.5,37,DSDV,1001,3,n2,n1,0.176,1,0,0
2,low,1.5,37,DSDV,1001,4,n1,S,0.062,1,0,0
2,low,1.5,38,AODV,1001,0,n5,n4,0.128,1,0,0
2,low,1.5,38,AODV,1001,1,n4,n3,4.132,1,1,1
2,low,1.5,38,AODV,1001,2,n3,n2,3.228,1,1,1
2,low,1.5,38,AODV,1001,3,n2,n1,0.142,1,0,0
2,low,1.5,38,AODV,1001,4,n1,S,0.136,1,0,0
2,low,1.5,38,OLSR,1001,0,n5,n4,0.128,1,0,0
2,low,1.5,38,OLSR,1001,1,n4,n3,4.132,1,1,1
2,low,1.5,38,OLSR,1001,2,n3,n2,3.228,1,1,1
2,low,1.5,38,OLSR,1001,3,n2,n1,0.142,1,0,0
2,low,1.5,38,OLSR,1001,4,n1,S,0.136,1,0,0
2,low,1.5,38,DSR,1001,0,n5,n4,0.128,1,0,0
2,low,1.5,38,DSR,1001,1,n4,n3,4.132,1,1,1
2,low,1.5,38,DSR,1001,2,n3,n2,3.228,1,1,1
2,low,1.5,38,DSR,1001,3,n2,n1,0.142,1,0,0
2,low,1.5,38,DSR,1001,4,n1,S,0.136,1,0,0
2,low,1.5,38,DSDV,1001,0,n5,n4,0.128,1,0,0
2,low,1.5,38,DSDV,1001,1,n4,n3,4.132,1,1,1
2,low,1.5,38,DSDV,1001,2,n3,n2,3.228,1,1,1
2,low,1.5,38,DSDV,1001,3,n2,n1,0.142,1,0,0
2,low,1.5,38,DSDV,1001,4,n1,S,0.136,1,0,0
2,low,1.5,39,AODV,1001,0,n5,n4,0.108,1,0,0
2,low,1.5,39,AODV,1001,1,n4,n3,4.303,1,1,1
2,low,1.5,39,AODV,1001,2,n3,n2,1.460,1,0,1
2,low,1.5,39,AODV,1001,3,n2,n1,0.136,1,0,0
2,low,1.5,39,AODV,1001,4,n1,S,0.142,1,0,0
2,low,1.5,39,OLSR,1001,0,n5,n4,0.108,1,0,0
2,low,1.5,39,OLSR,1001,1,n4,n3,4.303,1,1,1
2,low,1.5,39,OLSR,1001,2,n3,n2,1.460,1,0,1
2,low,1.5,39,OLSR,1001,3,n2,n1,0.136,1,0,0
2,low,1.5,39,OLSR,1001,4,n1,S,0.142,1,0,0
2,low,1.5,39,DSR,1001,0,n5,n4,0.108,1,0,0
2,low,1.5,39,DSR,1001,1,n4,n3,4.303,1,1,1
2,low,1.5,39,DSR,1001,2,n3,n2,1.460,1,0,1
2,low,1.5,39,DSR,1001,3,n2,n1,0.136,1,0,0
2,low,1.5,39,DSR,1001,4,n1,S,0.142,1,0,0
2,low,1.5,39,DSDV,1001,0,n5,n4,0.108,1,0,0
2,low,1.5,39,DSDV,1001,1,n4,n3,4.303,1,1,1
2,low,1.5,39,DSDV,1001,2,n3,n2,1.460,1,0,1
2,low,1.5,39,DSDV,1001,3,n2,n1,0.136,1,0,0
2,low,1.5,39,DSDV,1001,4,n1,S,0.142,1,0,0
2,low,1.5,40,AODV,1001,0,n5,n4,0.127,1,0,0
2,low,1.5,40,AODV,1001,1,n4,n3,63.838,1,1,1
2,low,1.5,40,AODV,1001,2,n3,n2,3.223,1,1,1
2,low,1.5,40,AODV,1001,3,n2,n1,0.119,1,0,0
2,low,1.5,40,AODV,1001,4,n1,S,0.119,1,0,0
2,low,1.5,40,OLSR,1001,0,n5,n4,0.127,1,0,0
2,low,1.5,40,OLSR,1001,1,n4,n3,63.838,1,1,1
2,low,1.5,40,OLSR,1001,2,n3,n2,3.223,1,1,1
2,low,1.5,40,OLSR,1001,3,n2,n1,0.119,1,0,0
2,low,1.5,40,OLSR,1001,4,n1,S,0.119,1,0,0
2,low,1.5,40,DSR,1001,0,n5,n4,0.127,1,0,0
2,low,1.5,40,DSR,1001,1,n4,n3,63.838,1,1,1
2,low,1.5,40,DSR,1001,2,n3,n2,3.223,1,1,1
2,low,1.5,40,DSR,1001,3,n2,n1,0.119,1,0,0
2,low,1.5,40,DSR,1001,4,n1,S,0.119,1,0,0
2,low,1.5,40,DSDV,1001,0,n5,n4,0.127,1,0,0
2,low,1.5,40,DSDV,1001,1,n4,n3,63.838,1,1,1
2,low,1.5,40,DSDV,1001,2,n3,n2,3.223,1,1,1
2,low,1.5,40,DSDV,1001,3,n2,n1,0.119,1,0,0
2,low,1.5,40,DSDV,1001,4,n1,S,0.119,1,0,0
2,low,1.5,41,AODV,1001,0,n5,n4,0.056,1,0,0
2,low,1.5,41,AODV,1001,1,n4,n3,123.415,1,1,1
2,low,1.5,41,AODV,1001,2,n3,n2,4.018,1,1,1
2,low,1.5,41,AODV,1001,3,n2,n1,0.111,1,0,0
2,low,1.5,41,AODV,1001,4,n1,S,0.125,1,0,0
2,low,1.5,41,OLSR,1001,0,n5,n4,0.056,1,0,0
2,low,1.5,41,OLSR,1001,1,n4,n3,123.415,1,1,1
2,low,1.5,41,OLSR,1001,2,n3,n2,4.018,1,1,1
2,low,1.5,41,OLSR,1001,3,n2,n1,0.111,1,0,0
2,low,1.5,41,OLSR,1001,4,n1,S,0.125,1,0,0
2,low,1.5,41,DSR,1001,0,n5,n4,0.056,1,0,0
2,low,1.5,41,DSR,1001,1,n4,n3,123.415,1,1,1
2,low,1.5,41,DSR,1001,2,n3,n2,4.018,1,1,1
2,low,1.5,41,DSR,1001,3,n2,n1,0.111,1,0,0
2,low,1.5,41,DSR,1001,4,n1,S,0.125,1,0,0
2,low,1.5,41,DSDV,1001,0,n5,n4,0.056,1,0,0
2,low,1.5,41,DSDV,1001,1,n4,n3,123.415,1,1,1
2,low,1.5,41,DSDV,1001,2,n3,n2,4.018,1,1,1
2,low,1.5,41,DSDV,1001,3,n2,n1,0.111,1,0,0
2,low,1.5,41,DSDV,1001,4,n1,S,0.125,1,0,0
2,low,1.5,42,AODV,1001,0,n5,n4,0.115,1,0,0
2,low,1.5,42,AODV,1001,1,n4,n3,3.415,1,1,1
2,low,1.5,42,AODV,1001,2,n3,n2,4.018,1,1,1
2,low,1.5,42,AODV,1001,3,n2,n1,0.075,1,0,0
2,low,1.5,42,AODV,1001,4,n1,S,0.112,1,0,0
2,low,1.5,42,OLSR,1001,0,n5,n4,0.115,1,0,0
2,low,1.5,42,OLSR,1001,1,n4,n3,3.415,1,1,1
2,low,1.5,42,OLSR,1001,2,n3,n2,4.018,1,1,1
2,low,1.5,42,OLSR,1001,3,n2,n1,0.075,1,0,0
2,low,1.5,42,OLSR,1001,4,n1,S,0.112,1,0,0
2,low,1.5,42,DSR,1001,0,n5,n4,0.115,1,0,0
2,low,1.5,42,DSR,1001,1,n4,n3,3.415,1,1,1
2,low,1.5,42,DSR,1001,2,n3,n2,4.018,1,1,1
2,low,1.5,42,DSR,1001,3,n2,n1,0.075,1,0,0
2,low,1.5,42,DSR,1001,4,n1,S,0.112,1,0,0
2,low,1.5,42,DSDV,1001,0,n5,n4,0.115,1,0,0
2,low,1.5,42,DSDV,1001,1,n4,n3,3.415,1,1,1
2,low,1.5,42,DSDV,1001,2,n3,n2,4.018,1,1,1
2,low,1.5,42,DSDV,1001,3,n2,n1,0.075,1,0,0
2,low,1.5,42,DSDV,1001,4,n1,S,0.112,1,0,0
2,low,1.5,43,AODV,1001,0,n5,n4,0.114,1,0,0
2,low,1.5,43,AODV,1001,1,n4,n3,4.042,1,1,1
2,low,1.5,43,AODV,1001,2,n3,n2,3.002,1,1,1
2,low,1.5,43,AODV,1001,3,n2,n1,0.112,1,0,0
2,low,1.5,43,AODV,1001,4,n1,S,0.075,1,0,0
2,low,1.5,43,OLSR,1001,0,n5,n4,0.114,1,0,0
2,low,1.5,43,OLSR,1001,1,n4,n3,4.042,1,1,1
2,low,1.5,43,OLSR,1001,2,n3,n2,3.002,1,1,1
2,low,1.5,43,OLSR,1001,3,n2,n1,0.112,1,0,0
2,low,1.5,43,OLSR,1001,4,n1,S,0.075,1,0,0
2,low,1.5,43,DSR,1001,0,n5,n4,0.114,1,0,0
2,low,1.5,43,DSR,1001,1,n4,n3,4.042,1,1,1
2,low,1.5,43,DSR,1001,2,n3,n2,3.002,1,1,1
2,low,1.5,43,DSR,1001,3,n2,n1,0.112,1,0,0
2,low,1.5,43,DSR,1001,4,n1,S,0.075,1,0,0
2,low,1.5,43,DSDV,1001,0,n5,n4,0.114,1,0,0
2,low,1.5,43,DSDV,1001,1,n4,n3,4.042,1,1,1
2,low,1.5,43,DSDV,1001,2,n3,n2,3.002,1,1,1
2,low,1.5,43,DSDV,1001,3,n2,n1,0.112,1,0,0
2,low,1.5,43,DSDV,1001,4,n1,S,0.075,1,0,0
2,low,1.5,44,AODV,1001,0,n5,n4,0.125,1,0,0
2,low,1.5,44,AODV,1001,1,n4,n3,3.002,1,1,1
2,low,1.5,44,AODV,1001,2,n3,n2,4.042,1,1,1
2,low,1.5,44,AODV,1001,3,n2,n1,0.056,1,0,0
2,low,1.5,44,AODV,1001,4,n1,S,0.127,1,0,0
2,low,1.5,44,OLSR,1001,0,n5,n4,0.125,1,0,0
2,low,1.5,44,OLSR,1001,1,n4,n3,3.002,1,1,1
2,low,1.5,44,OLSR,1001,2,n3,n2,4.042,1,1,1
2,low,1.5,44,OLSR,1001,3,n2,n1,0.056,1,0,0
2,low,1.5,44,OLSR,1001,4,n1,S,0.127,1,0,0
2,low,1.5,44,DSR,1001,0,n5,n4,0.125,1,0,0
2,low,1.5,44,DSR,1001,1,n4,n3,3.002,1,1,1
2,low,1.5,44,DSR,1001,2,n3,n2,4.042,1,1,1
2,low,1.5,44,DSR,1001,3,n2,n1,0.056,1,0,0
2,low,1.5,44,DSR,1001,4,n1,S,0.127,1,0,0
2,low,1.5,44,DSDV,1001,0,n5,n4,0.125,1,0,0
2,low,1.5,44,DSDV,1001,1,n4,n3,3.002,1,1,1
2,low,1.5,44,DSDV,1001,2,n3,n2,4.042,1,1,1
2,low,1.5,44,DSDV,1001,3,n2,n1,0.056,1,0,0
2,low,1.5,44,DSDV,1001,4,n1,S,0.127,1,0,0
2,low,2.0,37,AODV,1001,0,n5,n4,0.054,1,0,0
2,low,2.0,37,AODV,1001,1,n4,n3,3.372,1,1,1
2,low,2.0,37,AODV,1001,2,n3,n2,3.610,1,1,1
2,low,2.0,37,AODV,1001,3,n2,n1,0.176,1,0,0
2,low,2.0,37,AODV,1001,4,n1,S,0.062,1,0,0
2,low,2.0,37,OLSR,1001,0,n5,n4,0.054,1,0,0
2,low,2.0,37,OLSR,1001,1,n4,n3,3.372,1,1,1
2,low,2.0,37,OLSR,1001,2,n3,n2,3.610,1,1,1
2,low,2.0,37,OLSR,1001,3,n2,n1,0.176,1,0,0
2,low,2.0,37,OLSR,1001,4,n1,S,0.062,1,0,0
2,low,2.0,37,DSR,1001,0,n5,n4,0.054,1,0,0
2,low,2.0,37,DSR,1001,1,n4,n3,3.372,1,1,1
2,low,2.0,37,DSR,1001,2,n3,n2,3.610,1,1,1
2,low,2.0,37,DSR,1001,3,n2,n1,0.176,1,0,0
2,low,2.0,37,DSR,1001,4,n1,S,0.062,1,0,0
2,low,2.0,37,DSDV,1001,0,n5,n4,0.054,1,0,0
2,low,2.0,37,DSDV,1001,1,n4,n3,3.372,1,1,1
2,low,2.0,37,DSDV,1001,2,n3,n2,3.610,1,1,1
2,low,2.0,37,DSDV,1001,3,n2,n1,0.176,1,0,0
2,low,2.0,37,DSDV,1001,4,n1,S,0.062,1,0,0
2,low,2.0,38,AODV,1001,0,n5,n4,0.128,1,0,0
2,low,2.0,38,AODV,1001,1,n4,n3,4.132,1,1,1
2,low,2.0,38,AODV,1001,2,n3,n2,3.228,1,1,1
2,low,2.0,38,AODV,1001,3,n2,n1,0.142,1,0,0
2,low,2.0,38,AODV,1001,4,n1,S,0.136,1,0,0
2,low,2.0,38,OLSR,1001,0,n5,n4,0.128,1,0,0
2,low,2.0,38,OLSR,1001,1,n4,n3,4.132,1,1,1
2,low,2.0,38,OLSR,1001,2,n3,n2,3.228,1,1,1
2,low,2.0,38,OLSR,1001,3,n2,n1,0.142,1,0,0
2,low,2.0,38,OLSR,1001,4,n1,S,0.136,1,0,0
2,low,2.0,38,DSR,1001,0,n5,n4,0.128,1,0,0
2,low,2.0,38,DSR,1001,1,n4,n3,4.132,1,1,1
2,low,2.0,38,DSR,1001,2,n3,n2,3.228,1,1,1
2,low,2.0,38,DSR,1001,3,n2,n1,0.142,1,0,0
2,low,2.0,38,DSR,1001,4,n1,S,0.136,1,0,0
2,low,2.0,38,DSDV,1001,0,n5,n4,0.128,1,0,0
2,low,2.0,38,DSDV,1001,1,n4,n3,4.132,1,1,1
2,low,2.0,38,DSDV,1001,2,n3,n2,3.228,1,1,1
2,low,2.0,38,DSDV,1001,3,n2,n1,0.142,1,0,0
2,low,2.0,38,DSDV,1001,4,n1,S,0.136,1,0,0
2,low,2.0,39,AODV,1001,0,n5,n4,0.108,1,0,0
2,low,2.0,39,AODV,1001,1,n4,n3,4.303,1,1,1
2,low,2.0,39,AODV,1001,2,n3,n2,1.460,1,0,1
2,low,2.0,39,AODV,1001,3,n2,n1,0.136,1,0,0
2,low,2.0,39,AODV,1001,4,n1,S,0.142,1,0,0
2,low,2.0,39,OLSR,1001,0,n5,n4,0.108,1,0,0
2,low,2.0,39,OLSR,1001,1,n4,n3,4.303,1,1,1
2,low,2.0,39,OLSR,1001,2,n3,n2,1.460,1,0,1
2,low,2.0,39,OLSR,1001,3,n2,n1,0.136,1,0,0
2,low,2.0,39,OLSR,1001,4,n1,S,0.142,1,0,0
2,low,2.0,39,DSR,1001,0,n5,n4,0.108,1,0,0
2,low,2.0,39,DSR,1001,1,n4,n3,4.303,1,1,1
2,low,2.0,39,DSR,1001,2,n3,n2,1.460,1,0,1
2,low,2.0,39,DSR,1001,3,n2,n1,0.136,1,0,0
2,low,2.0,39,DSR,1001,4,n1,S,0.142,1,0,0
2,low,2.0,39,DSDV,1001,0,n5,n4,0.108,1,0,0
2,low,2.0,39,DSDV,1001,1,n4,n3,4.303,1,1,1
2,low,2.0,39,DSDV,1001,2,n3,n2,1.460,1,0,1
2,low,2.0,39,DSDV,1001,3,n2,n1,0.136,1,0,0
2,low,2.0,39,DSDV,1001,4,n1,S,0.142,1,0,0
2,low,2.0,40,AODV,1001,0,n5,n4,0.127,1,0,0
2,low,2.0,40,AODV,1001,1,n4,n3,63.838,1,1,1
2,low,2.0,40,AODV,1001,2,n3,n2,3.223,1,1,1
2,low,2.0,40,AODV,1001,3,n2,n1,0.119,1,0,0
2,low,2.0,40,AODV,1001,4,n1,S,0.119,1,0,0
2,low,2.0,40,OLSR,1001,0,n5,n4,0.127,1,0,0
2,low,2.0,40,OLSR,1001,1,n4,n3,63.838,1,1,1
2,low,2.0,40,OLSR,1001,2,n3,n2,3.223,1,1,1
2,low,2.0,40,OLSR,1001,3,n2,n1,0.119,1,0,0
2,low,2.0,40,OLSR,1001,4,n1,S,0.119,1,0,0
2,low,2.0,40,DSR,1001,0,n5,n4,0.127,1,0,0
2,low,2.0,40,DSR,1001,1,n4,n3,63.838,1,1,1
2,low,2.0,40,DSR,1001,2,n3,n2,3.223,1,1,1
2,low,2.0,40,DSR,1001,3,n2,n1,0.119,1,0,0
2,low,2.0,40,DSR,1001,4,n1,S,0.119,1,0,0
2,low,2.0,40,DSDV,1001,0,n5,n4,0.127,1,0,0
2,low,2.0,40,DSDV,1001,1,n4,n3,63.838,1,1,1
2,low,2.0,40,DSDV,1001,2,n3,n2,3.223,1,1,1
2,low,2.0,40,DSDV,1001,3,n2,n1,0.119,1,0,0
2,low,2.0,40,DSDV,1001,4,n1,S,0.119,1,0,0
2,low,2.0,41,AODV,1001,0,n5,n4,0.056,1,0,0
2,low,2.0,41,AODV,1001,1,n4,n3,123.415,1,1,1
2,low,2.0,41,AODV,1001,2,n3,n2,4.018,1,1,1
2,low,2.0,41,AODV,1001,3,n2,n1,0.111,1,0,0
2,low,2.0,41,AODV,1001,4,n1,S,0.125,1,0,0
2,low,2.0,41,OLSR,1001,0,n5,n4,0.056,1,0,0
2,low,2.0,41,OLSR,1001,1,n4,n3,123.415,1,1,1
2,low,2.0,41,OLSR,1001,2,n3,n2,4.018,1,1,1
2,low,2.0,41,OLSR,1001,3,n2,n1,0.111,1,0,0
2,low,2.0,41,OLSR,1001,4,n1,S,0.125,1,0,0
2,low,2.0,41,DSR,1001,0,n5,n4,0.056,1,0,0
2,low,2.0,41,DSR,1001,1,n4,n3,123.415,1,1,1
2,low,2.0,41,DSR,1001,2,n3,n2,4.018,1,1,1
2,low,2.0,41,DSR,1001,3,n2,n1,0.111,1,0,0
2,low,2.0,41,DSR,1001,4,n1,S,0.125,1,0,0
2,low,2.0,41,DSDV,1001,0,n5,n4,0.056,1,0,0
2,low,2.0,41,DSDV,1001,1,n4,n3,123.415,1,1,1
2,low,2.0,41,DSDV,1001,2,n3,n2,4.018,1,1,1
2,low,2.0,41,DSDV,1001,3,n2,n1,0.111,1,0,0
2,low,2.0,41,DSDV,1001,4,n1,S,0.125,1,0,0
2,low,2.0,42,AODV,1001,0,n5,n4,0.115,1,0,0
2,low,2.0,42,AODV,1001,1,n4,n3,3.415,1,1,1
2,low,2.0,42,AODV,1001,2,n3,n2,4.018,1,1,1
2,low,2.0,42,AODV,1001,3,n2,n1,0.075,1,0,0
2,low,2.0,42,AODV,1001,4,n1,S,0.112,1,0,0
2,low,2.0,42,OLSR,1001,0,n5,n4,0.115,1,0,0
2,low,2.0,42,OLSR,1001,1,n4,n3,3.415,1,1,1
2,low,2.0,42,OLSR,1001,2,n3,n2,4.018,1,1,1
2,low,2.0,42,OLSR,1001,3,n2,n1,0.075,1,0,0
2,low,2.0,42,OLSR,1001,4,n1,S,0.112,1,0,0
2,low,2.0,42,DSR,1001,0,n5,n4,0.115,1,0,0
2,low,2.0,42,DSR,1001,1,n4,n3,3.415,1,1,1
2,low,2.0,42,DSR,1001,2,n3,n2,4.018,1,1,1
2,low,2.0,42,DSR,1001,3,n2,n1,0.075,1,0,0
2,low,2.0,42,DSR,1001,4,n1,S,0.112,1,0,0
2,low,2.0,42,DSDV,1001,0,n5,n4,0.115,1,0,0
2,low,2.0,42,DSDV,1001,1,n4,n3,3.415,1,1,1
2,low,2.0,42,DSDV,1001,2,n3,n2,4.018,1,1,1
2,low,2.0,42,DSDV,1001,3,n2,n1,0.075,1,0,0
2,low,2.0,42,DSDV,1001,4,n1,S,0.112,1,0,0
2,low,2.0,43,AODV,1001,0,n5,n4,0.114,1,0,0
2,low,2.0,43,AODV,1001,1,n4,n3,4.042,1,1,1
2,low,2.0,43,AODV,1001,2,n3,n2,3.002,1,1,1
2,low,2.0,43,AODV,1001,3,n2,n1,0.112,1,0,0
2,low,2.0,43,AODV,1001,4,n1,S,0.075,1,0,0
2,low,2.0,43,OLSR,1001,0,n5,n4,0.114,1,0,0
2,low,2.0,43,OLSR,1001,1,n4,n3,4.042,1,1,1
2,low,2.0,43,OLSR,1001,2,n3,n2,3.002,1,1,1
2,low,2.0,43,OLSR,1001,3,n2,n1,0.112,1,0,0
2,low,2.0,43,OLSR,1001,4,n1,S,0.075,1,0,0
2,low,2.0,43,DSR,1001,0,n5,n4,0.114,1,0,0
2,low,2.0,43,DSR,1001,1,n4,n3,4.042,1,1,1
2,low,2.0,43,DSR,1001,2,n3,n2,3.002,1,1,1
2,low,2.0,43,DSR,1001,3,n2,n1,0.112,1,0,0
2,low,2.0,43,DSR,1001,4,n1,S,0.075,1,0,0
2,low,2.0,43,DSDV,1001,0,n5,n4,0.114,1,0,0
2,low,2.0,43,DSDV,1001,1,n4,n3,4.042,1,1,1
2,low,2.0,43,DSDV,1001,2,n3,n2,3.002,1,1,1
2,low,2.0,43,DSDV,1001,3,n2,n1,0.112,1,0,0
2,low,2.0,43,DSDV,1001,4,n1,S,0.075,1,0,0
2,low,2.0,44,AODV,1001,0,n5,n4,0.125,1,0,0
2,low,2.0,44,AODV,1001,1,n4,n3,3.002,1,1,1
2,low,2.0,44,AODV,1001,2,n3,n2,4.042,1,1,1
2,low,2.0,44,AODV,1001,3,n2,n1,0.056,1,0,0
2,low,2.0,44,AODV,1001,4,n1,S,0.127,1,0,0
2,low,2.0,44,OLSR,1001,0,n5,n4,0.125,1,0,0
2,low,2.0,44,OLSR,1001,1,n4,n3,3.002,1,1,1
2,low,2.0,44,OLSR,1001,2,n3,n2,4.042,1,1,1
2,low,2.0,44,OLSR,1001,3,n2,n1,0.056,1,0,0
2,low,2.0,44,OLSR,1001,4,n1,S,0.127,1,0,0
2,low,2.0,44,DSR,1001,0,n5,n4,0.125,1,0,0
2,low,2.0,44,DSR,1001,1,n4,n3,3.002,1,1,1
2,low,2.0,44,DSR,1001,2,n3,n2,4.042,1,1,1
2,low,2.0,44,DSR,1001,3,n2,n1,0.056,1,0,0
2,low,2.0,44,DSR,1001,4,n1,S,0.127,1,0,0
2,low,2.0,44,DSDV,1001,0,n5,n4,0.125,1,0,0
2,low,2.0,44,DSDV,1001,1,n4,n3,3.002,1,1,1
2,low,2.0,44,DSDV,1001,2,n3,n2,4.042,1,1,1
2,low,2.0,44,DSDV,1001,3,n2,n1,0.056,1,0,0
2,low,2.0,44,DSDV,1001,4,n1,S,0.127,1,0,0
2,low,3.0,37,AODV,1001,0,n5,n4,0.054,1,0,0
2,low,3.0,37,AODV,1001,1,n4,n3,3.372,1,1,1
2,low,3.0,37,AODV,1001,2,n3,n2,3.610,1,1,1
2,low,3.0,37,AODV,1001,3,n2,n1,0.176,1,0,0
2,low,3.0,37,AODV,1001,4,n1,S,0.062,1,0,0
2,low,3.0,37,OLSR,1001,0,n5,n4,0.054,1,0,0
2,low,3.0,37,OLSR,1001,1,n4,n3,3.372,1,1,1
2,low,3.0,37,OLSR,1001,2,n3,n2,3.610,1,1,1
2,low,3.0,37,OLSR,1001,3,n2,n1,0.176,1,0,0
2,low,3.0,37,OLSR,1001,4,n1,S,0.062,1,0,0
2,low,3.0,37,DSR,1001,0,n5,n4,0.054,1,0,0
2,low,3.0,37,DSR,1001,1,n4,n3,3.372,1,1,1
2,low,3.0,37,DSR,1001,2,n3,n2,3.610,1,1,1
2,low,3.0,37,DSR,1001,3,n2,n1,0.176,1,0,0
2,low,3.0,37,DSR,1001,4,n1,S,0.062,1,0,0
2,low,3.0,37,DSDV,1001,0,n5,n4,0.054,1,0,0
2,low,3.0,37,DSDV,1001,1,n4,n3,3.372,1,1,1
2,low,3.0,37,DSDV,1001,2,n3,n2,3.610,1,1,1
2,low,3.0,37,DSDV,1001,3,n2,n1,0.176,1,0,0
2,low,3.0,37,DSDV,1001,4,n1,S,0.062,1,0,0
2,low,3.0,38,AODV,1001,0,n5,n4,0.128,1,0,0
2,low,3.0,38,AODV,1001,1,n4,n3,4.132,1,1,1
2,low,3.0,38,AODV,1001,2,n3,n2,3.228,1,1,1
2,low,3.0,38,AODV,1001,3,n2,n1,0.142,1,0,0
2,low,3.0,38,AODV,1001,4,n1,S,0.136,1,0,0
2,low,3.0,38,OLSR,1001,0,n5,n4,0.128,1,0,0
2,low,3.0,38,OLSR,1001,1,n4,n3,4.132,1,1,1
2,low,3.0,38,OLSR,1001,2,n3,n2,3.228,1,1,1
2,low,3.0,38,OLSR,1001,3,n2,n1,0.142,1,0,0
2,low,3.0,38,OLSR,1001,4,n1,S,0.136,1,0,0
2,low,3.0,38,DSR,1001,0,n5,n4,0.128,1,0,0
2,low,3.0,38,DSR,1001,1,n4,n3,4.132,1,1,1
2,low,3.0,38,DSR,1001,2,n3,n2,3.228,1,1,1
2,low,3.0,38,DSR,1001,3,n2,n1,0.142,1,0,0
2,low,3.0,38,DSR,1001,4,n1,S,0.136,1,0,0
2,low,3.0,38,DSDV,1001,0,n5,n4,0.128,1,0,0
2,low,3.0,38,DSDV,1001,1,n4,n3,4.132,1,1,1
2,low,3.0,38,DSDV,1001,2,n3,n2,3.228,1,1,1
2,low,3.0,38,DSDV,1001,3,n2,n1,0.142,1,0,0
2,low,3.0,38,DSDV,1001,4,n1,S,0.136,1,0,0
2,low,3.0,39,AODV,1001,0,n5,n4,0.108,1,0,0
2,low,3.0,39,AODV,1001,1,n4,n3,4.303,1,1,1
2,low,3.0,39,AODV,1001,2,n3,n2,1.460,1,0,1
2,low,3.0,39,AODV,1001,3,n2,n1,0.136,1,0,0
2,low,3.0,39,AODV,1001,4,n1,S,0.142,1,0,0
2,low,3.0,39,OLSR,1001,0,n5,n4,0.108,1,0,0
2,low,3.0,39,OLSR,1001,1,n4,n3,4.303,1,1,1
2,low,3.0,39,OLSR,1001,2,n3,n2,1.460,1,0,1
2,low,3.0,39,OLSR,1001,3,n2,n1,0.136,1,0,0
2,low,3.0,39,OLSR,1001,4,n1,S,0.142,1,0,0
2,low,3.0,39,DSR,1001,0,n5,n4,0.108,1,0,0
2,low,3.0,39,DSR,1001,1,n4,n3,4.303,1,1,1
2,low,3.0,39,DSR,1001,2,n3,n2,1.460,1,0,1
2,low,3.0,39,DSR,1001,3,n2,n1,0.136,1,0,0
2,low,3.0,39,DSR,1001,4,n1,S,0.142,1,0,0
2,low,3.0,39,DSDV,1001,0,n5,n4,0.108,1,0,0
2,low,3.0,39,DSDV,1001,1,n4,n3,4.303,1,1,1
2,low,3.0,39,DSDV,1001,2,n3,n2,1.460,1,0,1
2,low,3.0,39,DSDV,1001,3,n2,n1,0.136,1,0,0
2,low,3.0,39,DSDV,1001,4,n1,S,0.142,1,0,0
2,low,3.0,40,AODV,1001,0,n5,n4,0.127,1,0,0
2,low,3.0,40,AODV,1001,1,n4,n3,63.838,1,1,1
2,low,3.0,40,AODV,1001,2,n3,n2,3.223,1,1,1
2,low,3.0,40,AODV,1001,3,n2,n1,0.119,1,0,0
2,low,3.0,40,AODV,1001,4,n1,S,0.119,1,0,0
2,low,3.0,40,OLSR,1001,0,n5,n4,0.127,1,0,0
2,low,3.0,40,OLSR,1001,1,n4,n3,63.838,1,1,1
2,low,3.0,40,OLSR,1001,2,n3,n2,3.223,1,1,1
2,low,3.0,40,OLSR,1001,3,n2,n1,0.119,1,0,0
2,low,3.0,40,OLSR,1001,4,n1,S,0.119,1,0,0
2,low,3.0,40,DSR,1001,0,n5,n4,0.127,1,0,0
2,low,3.0,40,DSR,1001,1,n4,n3,63.838,1,1,1
2,low,3.0,40,DSR,1001,2,n3,n2,3.223,1,1,1
2,low,3.0,40,DSR,1001,3,n2,n1,0.119,1,0,0
2,low,3.0,40,DSR,1001,4,n1,S,0.119,1,0,0
2,low,3.0,40,DSDV,1001,0,n5,n4,0.127,1,0,0
2,low,3.0,40,DSDV,1001,1,n4,n3,63.838,1,1,1
2,low,3.0,40,DSDV,1001,2,n3,n2,3.223,1,1,1
2,low,3.0,40,DSDV,1001,3,n2,n1,0.119,1,0,0
2,low,3.0,40,DSDV,1001,4,n1,S,0.119,1,0,0
2,low,3.0,41,AODV,1001,0,n5,n4,0.056,1,0,0
2,low,3.0,41,AODV,1001,1,n4,n3,123.415,1,1,1
2,low,3.0,41,AODV,1001,2,n3,n2,4.018,1,1,1
2,low,3.0,41,AODV,1001,3,n2,n1,0.111,1,0,0
2,low,3.0,41,AODV,1001,4,n1,S,0.125,1,0,0
2,low,3.0,41,OLSR,1001,0,n5,n4,0.056,1,0,0
2,low,3.0,41,OLSR,1001,1,n4,n3,123.415,1,1,1
2,low,3.0,41,OLSR,1001,2,n3,n2,4.018,1,1,1
2,low,3.0,41,OLSR,1001,3,n2,n1,0.111,1,0,0
2,low,3.0,41,OLSR,1001,4,n1,S,0.125,1,0,0
2,low,3.0,41,DSR,1001,0,n5,n4,0.056,1,0,0
2,low,3.0,41,DSR,1001,1,n4,n3,123.415,1,1,1
2,low,3.0,41,DSR,1001,2,n3,n2,4.018,1,1,1
2,low,3.0,41,DSR,1001,3,n2,n1,0.111,1,0,0
2,low,3.0,41,DSR,1001,4,n1,S,0.125,1,0,0
2,low,3.0,41,DSDV,1001,0,n5,n4,0.056,1,0,0
2,low,3.0,41,DSDV,1001,1,n4,n3,123.415,1,1,1
2,low,3.0,41,DSDV,1001,2,n3,n2,4.018,1,1,1
2,low,3.0,41,DSDV,1001,3,n2,n1,0.111,1,0,0
2,low,3.0,41,DSDV,1001,4,n1,S,0.125,1,0,0
2,low,3.0,42,AODV,1001,0,n5,n4,0.115,1,0,0
2,low,3.0,42,AODV,1001,1,n4,n3,3.415,1,1,1
2,low,3.0,42,AODV,1001,2,n3,n2,4.018,1,1,1
2,low,3.0,42,AODV,1001,3,n2,n1,0.075,1,0,0
2,low,3.0,42,AODV,1001,4,n1,S,0.112,1,0,0
2,low,3.0,42,OLSR,1001,0,n5,n4,0.115,1,0,0
2,low,3.0,42,OLSR,1001,1,n4,n3,3.415,1,1,1
2,low,3.0,42,OLSR,1001,2,n3,n2,4.018,1,1,1
2,low,3.0,42,OLSR,1001,3,n2,n1,0.075,1,0,0
2,low,3.0,42,OLSR,1001,4,n1,S,0.112,1,0,0
2,low,3.0,42,DSR,1001,0,n5,n4,0.115,1,0,0
2,low,3.0,42,DSR,1001,1,n4,n3,3.415,1,1,1
2,low,3.0,42,DSR,1001,2,n3,n2,4.018,1,1,1
2,low,3.0,42,DSR,1001,3,n2,n1,0.075,1,0,0
2,low,3.0,42,DSR,1001,4,n1,S,0.112,1,0,0
2,low,3.0,42,DSDV,1001,0,n5,n4,0.115,1,0,0
2,low,3.0,42,DSDV,1001,1,n4,n3,3.415,1,1,1
2,low,3.0,42,DSDV,1001,2,n3,n2,4.018,1,1,1
2,low,3.0,42,DSDV,1001,3,n2,n1,0.075,1,0,0
2,low,3.0,42,DSDV,1001,4,n1,S,0.112,1,0,0
2,low,3.0,43,AODV,1001,0,n5,n4,0.114,1,0,0
2,low,3.0,43,AODV,1001,1,n4,n3,4.042,1,1,1
2,low,3.0,43,AODV,1001,2,n3,n2,3.002,1,1,1
2,low,3.0,43,AODV,1001,3,n2,n1,0.112,1,0,0
2,low,3.0,43,AODV,1001,4,n1,S,0.075,1,0,0
2,low,3.0,43,OLSR,1001,0,n5,n4,0.114,1,0,0
2,low,3.0,43,OLSR,1001,1,n4,n3,4.042,1,1,1
2,low,3.0,43,OLSR,1001,2,n3,n2,3.002,1,1,1
2,low,3.0,43,OLSR,1001,3,n2,n1,0.112,1,0,0
2,low,3.0,43,OLSR,1001,4,n1,S,0.075,1,0,0
2,low,3.0,43,DSR,1001,0,n5,n4,0.114,1,0,0
2,low,3.0,43,DSR,1001,1,n4,n3,4.042,1,1,1
2,low,3.0,43,DSR,1001,2,n3,n2,3.002,1,1,1
2,low,3.0,43,DSR,1001,3,n2,n1,0.112,1,0,0
2,low,3.0,43,DSR,1001,4,n1,S,0.075,1,0,0
2,low,3.0,43,DSDV,1001,0,n5,n4,0.114,1,0,0
2,low,3.0,43,DSDV,1001,1,n4,n3,4.042,1,1,1
2,low,3.0,43,DSDV,1001,2,n3,n2,3.002,1,1,1
2,low,3.0,43,DSDV,1001,3,n2,n1,0.112,1,0,0
2,low,3.0,43,DSDV,1001,4,n1,S,0.075,1,0,0
2,low,3.0,44,AODV,1001,0,n5,n4,0.125,1,0,0
2,low,3.0,44,AODV,1001,1,n4,n3,3.002,1,1,1
2,low,3.0,44,AODV,1001,2,n3,n2,4.042,1,1,1
2,low,3.0,44,AODV,1001,3,n2,n1,0.056,1,0,0
2,low,3.0,44,AODV,1001,4,n1,S,0.127,1,0,0
2,low,3.0,44,OLSR,1001,0,n5,n4,0.125,1,0,0
2,low,3.0,44,OLSR,1001,1,n4,n3,3.002,1,1,1
2,low,3.0,44,OLSR,1001,2,n3,n2,4.042,1,1,1
2,low,3.0,44,OLSR,1001,3,n2,n1,0.056,1,0,0
2,low,3.0,44,OLSR,1001,4,n1,S,0.127,1,0,0
2,low,3.0,44,DSR,1001,0,n5,n4,0.125,1,0,0
2,low,3.0,44,DSR,1001,1,n4,n3,3.002,1,1,1
2,low,3.0,44,DSR,1001,2,n3,n2,4.042,1,1,1
2,low,3.0,44,DSR,1001,3,n2,n1,0.056,1,0,0
2,low,3.0,44,DSR,1001,4,n1,S,0.127,1,0,0
2,low,3.0,44,DSDV,1001,0,n5,n4,0.125,1,0,0
2,low,3.0,44,DSDV,1001,1,n4,n3,3.002,1,1,1
2,low,3.0,44,DSDV,1001,2,n3,n2,4.042,1,1,1
2,low,3.0,44,DSDV,1001,3,n2,n1,0.056,1,0,0
2,low,3.0,44,DSDV,1001,4,n1,S,0.127,1,0,0
2,low,4.0,37,AODV,1001,0,n5,n4,0.054,1,0,0
2,low,4.0,37,AODV,1001,1,n4,n3,3.372,1,0,1
2,low,4.0,37,AODV,1001,2,n3,n2,3.610,1,0,1
2,low,4.0,37,AODV,1001,3,n2,n1,0.176,1,0,0
2,low,4.0,37,AODV,1001,4,n1,S,0.062,1,0,0
2,low,4.0,37,OLSR,1001,0,n5,n4,0.054,1,0,0
2,low,4.0,37,OLSR,1001,1,n4,n3,3.372,1,0,1
2,low,4.0,37,OLSR,1001,2,n3,n2,3.610,1,0,1
2,low,4.0,37,OLSR,1001,3,n2,n1,0.176,1,0,0
2,low,4.0,37,OLSR,1001,4,n1,S,0.062,1,0,0
2,low,4.0,37,DSR,1001,0,n5,n4,0.054,1,0,0
2,low,4.0,37,DSR,1001,1,n4,n3,3.372,1,0,1
2,low,4.0,37,DSR,1001,2,n3,n2,3.610,1,0,1
2,low,4.0,37,DSR,1001,3,n2,n1,0.176,1,0,0
2,low,4.0,37,DSR,1001,4,n1,S,0.062,1,0,0
2,low,4.0,37,DSDV,1001,0,n5,n4,0.054,1,0,0
2,low,4.0,37,DSDV,1001,1,n4,n3,3.372,1,0,1
2,low,4.0,37,DSDV,1001,2,n3,n2,3.610,1,0,1
2,low,4.0,37,DSDV,1001,3,n2,n1,0.176,1,0,0
2,low,4.0,37,DSDV,1001,4,n1,S,0.062,1,0,0
2,low,4.0,38,AODV,1001,0,n5,n4,0.128,1,0,0
2,low,4.0,38,AODV,1001,1,n4,n3,4.132,1,1,1
2,low,4.0,38,AODV,1001,2,n3,n2,3.228,1,0,1
2,low,4.0,38,AODV,1001,3,n2,n1,0.142,1,0,0
2,low,4.0,38,AODV,1001,4,n1,S,0.136,1,0,0
2,low,4.0,38,OLSR,1001,0,n5,n4,0.128,1,0,0
2,low,4.0,38,OLSR,1001,1,n4,n3,4.132,1,1,1
2,low,4.0,38,OLSR,1001,2,n3,n2,3.228,1,0,1
2,low,4.0,38,OLSR,1001,3,n2,n1,0.142,1,0,0
2,low,4.0,38,OLSR,1001,4,n1,S,0.136,1,0,0
2,low,4.0,38,DSR,1001,0,n5,n4,0.128,1,0,0
2,low,4.0,38,DSR,1001,1,n4,n3,4.132,1,1,1
2,low,4.0,38,DSR,1001,2,n3,n2,3.228,1,0,1
2,low,4.0,38,DSR,1001,3,n2,n1,0.142,1,0,0
2,low,4.0,38,DSR,1001,4,n1,S,0.136,1,0,0
2,low,4.0,38,DSDV,1001,0,n5,n4,0.128,1,0,0
2,low,4.0,38,DSDV,1001,1,n4,n3,4.132,1,1,1
2,low,4.0,38,DSDV,1001,2,n3,n2,3.228,1,0,1
2,low,4.0,38,DSDV,1001,3,n2,n1,0.142,1,0,0
2,low,4.0,38,DSDV,1001,4,n1,S,0.136,1,0,0
2,low,4.0,39,AODV,1001,0,n5,n4,0.108,1,0,0
2,low,4.0,39,AODV,1001,1,n4,n3,4.303,1,1,1
2,low,4.0,39,AODV,1001,2,n3,n2,1.460,1,0,1
2,low,4.0,39,AODV,1001,3,n2,n1,0.136,1,0,0
2,low,4.0,39,AODV,1001,4,n1,S,0.142,1,0,0
2,low,4.0,39,OLSR,1001,0,n5,n4,0.108,1,0,0
2,low,4.0,39,OLSR,1001,1,n4,n3,4.303,1,1,1
2,low,4.0,39,OLSR,1001,2,n3,n2,1.460,1,0,1
2,low,4.0,39,OLSR,1001,3,n2,n1,0.136,1,0,0
2,low,4.0,39,OLSR,1001,4,n1,S,0.142,1,0,0
2,low,4.0,39,DSR,1001,0,n5,n4,0.108,1,0,0
2,low,4.0,39,DSR,1001,1,n4,n3,4.303,1,1,1
2,low,4.0,39,DSR,1001,2,n3,n2,1.460,1,0,1
2,low,4.0,39,DSR,1001,3,n2,n1,0.136,1,0,0
2,low,4.0,39,DSR,1001,4,n1,S,0.142,1,0,0
2,low,4.0,39,DSDV,1001,0,n5,n4,0.108,1,0,0
2,low,4.0,39,DSDV,1001,1,n4,n3,4.303,1,1,1
2,low,4.0,39,DSDV,1001,2,n3,n2,1.460,1,0,1
2,low,4.0,39,DSDV,1001,3,n2,n1,0.136,1,0,0
2,low,4.0,39,DSDV,1001,4,n1,S,0.142,1,0,0
2,low,4.0,40,AODV,1001,0,n5,n4,0.127,1,0,0
2,low,4.0,40,AODV,1001,1,n4,n3,63.838,1,1,1
2,low,4.0,40,AODV,1001,2,n3,n2,3.223,1,0,1
2,low,4.0,40,AODV,1001,3,n2,n1,0.119,1,0,0
2,low,4.0,40,AODV,1001,4,n1,S,0.119,1,0,0
2,low,4.0,40,OLSR,1001,0,n5,n4,0.127,1,0,0
2,low,4.0,40,OLSR,1001,1,n4,n3,63.838,1,1,1
2,low,4.0,40,OLSR,1001,2,n3,n2,3.223,1,0,1
2,low,4.0,40,OLSR,1001,3,n2,n1,0.119,1,0,0
2,low,4.0,40,OLSR,1001,4,n1,S,0.119,1,0,0
2,low,4.0,40,DSR,1001,0,n5,n4,0.127,1,0,0
2,low,4.0,40,DSR,1001,1,n4,n3,63.838,1,1,1
2,low,4.0,40,DSR,1001,2,n3,n2,3.223,1,0,1
2,low,4.0,40,DSR,1001,3,n2,n1,0.119,1,0,0
2,low,4.0,40,DSR,1001,4,n1,S,0.119,1,0,0
2,low,4.0,40,DSDV,1001,0,n5,n4,0.127,1,0,0
2,low,4.0,40,DSDV,1001,1,n4,n3,63.838,1,1,1
2,low,4.0,40,DSDV,1001,2,n3,n2,3.223,1,0,1
2,low,4.0,40,DSDV,1001,3,n2,n1,0.119,1,0,0
2,low,4.0,40,DSDV,1001,4,n1,S,0.119,1,0,0
2,low,4.0,41,AODV,1001,0,n5,n4,0.056,1,0,0
2,low,4.0,41,AODV,1001,1,n4,n3,123.415,1,1,1
2,low,4.0,41,AODV,1001,2,n3,n2,4.018,1,1,1
2,low,4.0,41,AODV,1001,3,n2,n1,0.111,1,0,0
2,low,4.0,41,AODV,1001,4,n1,S,0.125,1,0,0
2,low,4.0,41,OLSR,1001,0,n5,n4,0.056,1,0,0
2,low,4.0,41,OLSR,1001,1,n4,n3,123.415,1,1,1
2,low,4.0,41,OLSR,1001,2,n3,n2,4.018,1,1,1
2,low,4.0,41,OLSR,1001,3,n2,n1,0.111,1,0,0
2,low,4.0,41,OLSR,1001,4,n1,S,0.125,1,0,0
2,low,4.0,41,DSR,1001,0,n5,n4,0.056,1,0,0
2,low,4.0,41,DSR,1001,1,n4,n3,123.415,1,1,1
2,low,4.0,41,DSR,1001,2,n3,n2,4.018,1,1,1
2,low,4.0,41,DSR,1001,3,n2,n1,0.111,1,0,0
2,low,4.0,41,DSR,1001,4,n1,S,0.125,1,0,0
2,low,4.0,41,DSDV,1001,0,n5,n4,0.056,1,0,0
2,low,4.0,41,DSDV,1001,1,n4,n3,123.415,1,1,1
2,low,4.0,41,DSDV,1001,2,n3,n2,4.018,1,1,1
2,low,4.0,41,DSDV,1001,3,n2,n1,0.111,1,0,0
2,low,4.0,41,DSDV,1001,4,n1,S,0.125,1,0,0
2,low,4.0,42,AODV,1001,0,n5,n4,0.115,1,0,0
2,low,4.0,42,AODV,1001,1,n4,n3,3.415,1,0,1
2,low,4.0,42,AODV,1001,2,n3,n2,4.018,1,1,1
2,low,4.0,42,AODV,1001,3,n2,n1,0.075,1,0,0
2,low,4.0,42,AODV,1001,4,n1,S,0.112,1,0,0
2,low,4.0,42,OLSR,1001,0,n5,n4,0.115,1,0,0
2,low,4.0,42,OLSR,1001,1,n4,n3,3.415,1,0,1
2,low,4.0,42,OLSR,1001,2,n3,n2,4.018,1,1,1
2,low,4.0,42,OLSR,1001,3,n2,n1,0.075,1,0,0
2,low,4.0,42,OLSR,1001,4,n1,S,0.112,1,0,0
2,low,4.0,42,DSR,1001,0,n5,n4,0.115,1,0,0
2,low,4.0,42,DSR,1001,1,n4,n3,3.415,1,0,1
2,low,4.0,42,DSR,1001,2,n3,n2,4.018,1,1,1
2,low,4.0,42,DSR,1001,3,n2,n1,0.075,1,0,0
2,low,4.0,42,DSR,1001,4,n1,S,0.112,1,0,0
2,low,4.0,42,DSDV,1001,0,n5,n4,0.115,1,0,0
2,low,4.0,42,DSDV,1001,1,n4,n3,3.415,1,0,1
2,low,4.0,42,DSDV,1001,2,n3,n2,4.018,1,1,1
2,low,4.0,42,DSDV,1001,3,n2,n1,0.075,1,0,0
2,low,4.0,42,DSDV,1001,4,n1,S,0.112,1,0,0
2,low,4.0,43,AODV,1001,0,n5,n4,0.114,1,0,0
2,low,4.0,43,AODV,1001,1,n4,n3,4.042,1,1,1
2,low,4.0,43,AODV,1001,2,n3,n2,3.002,1,0,1
2,low,4.0,43,AODV,1001,3,n2,n1,0.112,1,0,0
2,low,4.0,43,AODV,1001,4,n1,S,0.075,1,0,0
2,low,4.0,43,OLSR,1001,0,n5,n4,0.114,1,0,0
2,low,4.0,43,OLSR,1001,1,n4,n3,4.042,1,1,1
2,low,4.0,43,OLSR,1001,2,n3,n2,3.002,1,0,1
2,low,4.0,43,OLSR,1001,3,n2,n1,0.112,1,0,0
2,low,4.0,43,OLSR,1001,4,n1,S,0.075,1,0,0
2,low,4.0,43,DSR,1001,0,n5,n4,0.114,1,0,0
2,low,4.0,43,DSR,1001,1,n4,n3,4.042,1,1,1
2,low,4.0,43,DSR,1001,2,n3,n2,3.002,1,0,1
2,low,4.0,43,DSR,1001,3,n2,n1,0.112,1,0,0
2,low,4.0,43,DSR,1001,4,n1,S,0.075,1,0,0
2,low,4.0,43,DSDV,1001,0,n5,n4,0.114,1,0,0
2,low,4.0,43,DSDV,1001,1,n4,n3,4.042,1,1,1
2,low,4.0,43,DSDV,1001,2,n3,n2,3.002,1,0,1
2,low,4.0,43,DSDV,1001,3,n2,n1,0.112,1,0,0
2,low,4.0,43,DSDV,1001,4,n1,S,0.075,1,0,0
2,low,4.0,44,AODV,1001,0,n5,n4,0.125,1,0,0
2,low,4.0,44,AODV,1001,1,n4,n3,3.002,1,0,1
2,low,4.0,44,AODV,1001,2,n3,n2,4.042,1,1,1
2,low,4.0,44,AODV,1001,3,n2,n1,0.056,1,0,0
2,low,4.0,44,AODV,1001,4,n1,S,0.127,1,0,0
2,low,4.0,44,OLSR,1001,0,n5,n4,0.125,1,0,0
2,low,4.0,44,OLSR,1001,1,n4,n3,3.002,1,0,1
2,low,4.0,44,OLSR,1001,2,n3,n2,4.042,1,1,1
2,low,4.0,44,OLSR,1001,3,n2,n1,0.056,1,0,0
2,low,4.0,44,OLSR,1001,4,n1,S,0.127,1,0,0
2,low,4.0,44,DSR,1001,0,n5,n4,0.125,1,0,0
2,low,4.0,44,DSR,1001,1,n4,n3,3.002,1,0,1
2,low,4.0,44,DSR,1001,2,n3,n2,4.042,1,1,1
2,low,4.0,44,DSR,1001,3,n2,n1,0.056,1,0,0
2,low,4.0,44,DSR,1001,4,n1,S,0.127,1,0,0
2,low,4.0,44,DSDV,1001,0,n5,n4,0.125,1,0,0
2,low,4.0,44,DSDV,1001,1,n4,n3,3.002,1,0,1
2,low,4.0,44,DSDV,1001,2,n3,n2,4.042,1,1,1
2,low,4.0,44,DSDV,1001,3,n2,n1,0.056,1,0,0
2,low,4.0,44,DSDV,1001,4,n1,S,0.127,1,0,0
2,low,5.0,37,AODV,1001,0,n5,n4,0.054,1,0,0
2,low,5.0,37,AODV,1001,1,n4,n3,3.372,1,0,1
2,low,5.0,37,AODV,1001,2,n3,n2,3.610,1,0,1
2,low,5.0,37,AODV,1001,3,n2,n1,0.176,1,0,0
2,low,5.0,37,AODV,1001,4,n1,S,0.062,1,0,0
2,low,5.0,37,OLSR,1001,0,n5,n4,0.054,1,0,0
2,low,5.0,37,OLSR,1001,1,n4,n3,3.372,1,0,1
2,low,5.0,37,OLSR,1001,2,n3,n2,3.610,1,0,1
2,low,5.0,37,OLSR,1001,3,n2,n1,0.176,1,0,0
2,low,5.0,37,OLSR,1001,4,n1,S,0.062,1,0,0
2,low,5.0,37,DSR,1001,0,n5,n4,0.054,1,0,0
2,low,5.0,37,DSR,1001,1,n4,n3,3.372,1,0,1
2,low,5.0,37,DSR,1001,2,n3,n2,3.610,1,0,1
2,low,5.0,37,DSR,1001,3,n2,n1,0.176,1,0,0
2,low,5.0,37,DSR,1001,4,n1,S,0.062,1,0,0
2,low,5.0,37,DSDV,1001,0,n5,n4,0.054,1,0,0
2,low,5.0,37,DSDV,1001,1,n4,n3,3.372,1,0,1
2,low,5.0,37,DSDV,1001,2,n3,n2,3.610,1,0,1
2,low,5.0,37,DSDV,1001,3,n2,n1,0.176,1,0,0
2,low,5.0,37,DSDV,1001,4,n1,S,0.062,1,0,0
2,low,5.0,38,AODV,1001,0,n5,n4,0.128,1,0,0
2,low,5.0,38,AODV,1001,1,n4,n3,4.132,1,0,1
2,low,5.0,38,AODV,1001,2,n3,n2,3.228,1,0,1
2,low,5.0,38,AODV,1001,3,n2,n1,0.142,1,0,0
2,low,5.0,38,AODV,1001,4,n1,S,0.136,1,0,0
2,low,5.0,38,OLSR,1001,0,n5,n4,0.128,1,0,0
2,low,5.0,38,OLSR,1001,1,n4,n3,4.132,1,0,1
2,low,5.0,38,OLSR,1001,2,n3,n2,3.228,1,0,1
2,low,5.0,38,OLSR,1001,3,n2,n1,0.142,1,0,0
2,low,5.0,38,OLSR,1001,4,n1,S,0.136,1,0,0
2,low,5.0,38,DSR,1001,0,n5,n4,0.128,1,0,0
2,low,5.0,38,DSR,1001,1,n4,n3,4.132,1,0,1
2,low,5.0,38,DSR,1001,2,n3,n2,3.228,1,0,1
2,low,5.0,38,DSR,1001,3,n2,n1,0.142,1,0,0
2,low,5.0,38,DSR,1001,4,n1,S,0.136,1,0,0
2,low,5.0,38,DSDV,1001,0,n5,n4,0.128,1,0,0
2,low,5.0,38,DSDV,1001,1,n4,n3,4.132,1,0,1
2,low,5.0,38,DSDV,1001,2,n3,n2,3.228,1,0,1
2,low,5.0,38,DSDV,1001,3,n2,n1,0.142,1,0,0
2,low,5.0,38,DSDV,1001,4,n1,S,0.136,1,0,0
2,low,5.0,39,AODV,1001,0,n5,n4,0.108,1,0,0
2,low,5.0,39,AODV,1001,1,n4,n3,4.303,1,0,1
2,low,5.0,39,AODV,1001,2,n3,n2,1.460,1,0,1
2,low,5.0,39,AODV,1001,3,n2,n1,0.136,1,0,0
2,low,5.0,39,AODV,1001,4,n1,S,0.142,1,0,0
2,low,5.0,39,OLSR,1001,0,n5,n4,0.108,1,0,0
2,low,5.0,39,OLSR,1001,1,n4,n3,4.303,1,0,1
2,low,5.0,39,OLSR,1001,2,n3,n2,1.460,1,0,1
2,low,5.0,39,OLSR,1001,3,n2,n1,0.136,1,0,0
2,low,5.0,39,OLSR,1001,4,n1,S,0.142,1,0,0
2,low,5.0,39,DSR,1001,0,n5,n4,0.108,1,0,0
2,low,5.0,39,DSR,1001,1,n4,n3,4.303,1,0,1
2,low,5.0,39,DSR,1001,2,n3,n2,1.460,1,0,1
2,low,5.0,39,DSR,1001,3,n2,n1,0.136,1,0,0
2,low,5.0,39,DSR,1001,4,n1,S,0.142,1,0,0
2,low,5.0,39,DSDV,1001,0,n5,n4,0.108,1,0,0
2,low,5.0,39,DSDV,1001,1,n4,n3,4.303,1,0,1
2,low,5.0,39,DSDV,1001,2,n3,n2,1.460,1,0,1
2,low,5.0,39,DSDV,1001,3,n2,n1,0.136,1,0,0
2,low,5.0,39,DSDV,1001,4,n1,S,0.142,1,0,0
2,low,5.0,40,AODV,1001,0,n5,n4,0.127,1,0,0
2,low,5.0,40,AODV,1001,1,n4,n3,63.838,1,1,1
2,low,5.0,40,AODV,1001,2,n3,n2,3.223,1,0,1
2,low,5.0,40,AODV,1001,3,n2,n1,0.119,1,0,0
2,low,5.0,40,AODV,1001,4,n1,S,0.119,1,0,0
2,low,5.0,40,OLSR,1001,0,n5,n4,0.127,1,0,0
2,low,5.0,40,OLSR,1001,1,n4,n3,63.838,1,1,1
2,low,5.0,40,OLSR,1001,2,n3,n2,3.223,1,0,1
2,low,5.0,40,OLSR,1001,3,n2,n1,0.119,1,0,0
2,low,5.0,40,OLSR,1001,4,n1,S,0.119,1,0,0
2,low,5.0,40,DSR,1001,0,n5,n4,0.127,1,0,0
2,low,5.0,40,DSR,1001,1,n4,n3,63.838,1,1,1
2,low,5.0,40,DSR,1001,2,n3,n2,3.223,1,0,1
2,low,5.0,40,DSR,1001,3,n2,n1,0.119,1,0,0
2,low,5.0,40,DSR,1001,4,n1,S,0.119,1,0,0
2,low,5.0,40,DSDV,1001,0,n5,n4,0.127,1,0,0
2,low,5.0,40,DSDV,1001,1,n4,n3,63.838,1,1,1
2,low,5.0,40,DSDV,1001,2,n3,n2,3.223,1,0,1
2,low,5.0,40,DSDV,1001,3,n2,n1,0.119,1,0,0
2,low,5.0,40,DSDV,1001,4,n1,S,0.119,1,0,0
2,low,5.0,41,AODV,1001,0,n5,n4,0.056,1,0,0
2,low,5.0,41,AODV,1001,1,n4,n3,123.415,1,1,1
2,low,5.0,41,AODV,1001,2,n3,n2,4.018,1,0,1
2,low,5.0,41,AODV,1001,3,n2,n1,0.111,1,0,0
2,low,5.0,41,AODV,1001,4,n1,S,0.125,1,0,0
2,low,5.0,41,OLSR,1001,0,n5,n4,0.056,1,0,0
2,low,5.0,41,OLSR,1001,1,n4,n3,123.415,1,1,1
2,low,5.0,41,OLSR,1001,2,n3,n2,4.018,1,0,1
2,low,5.0,41,OLSR,1001,3,n2,n1,0.111,1,0,0
2,low,5.0,41,OLSR,1001,4,n1,S,0.125,1,0,0
2,low,5.0,41,DSR,1001,0,n5,n4,0.056,1,0,0
2,low,5.0,41,DSR,1001,1,n4,n3,123.415,1,1,1
2,low,5.0,41,DSR,1001,2,n3,n2,4.018,1,0,1
2,low,5.0,41,DSR,1001,3,n2,n1,0.111,1,0,0
2,low,5.0,41,DSR,1001,4,n1,S,0.125,1,0,0
2,low,5.0,41,DSDV,1001,0,n5,n4,0.056,1,0,0
2,low,5.0,41,DSDV,1001,1,n4,n3,123.415,1,1,1
2,low,5.0,41,DSDV,1001,2,n3,n2,4.018,1,0,1
2,low,5.0,41,DSDV,1001,3,n2,n1,0.111,1,0,0
2,low,5.0,41,DSDV,1001,4,n1,S,0.125,1,0,0
2,low,5.0,42,AODV,1001,0,n5,n4,0.115,1,0,0
2,low,5.0,42,AODV,1001,1,n4,n3,3.415,1,0,1
2,low,5.0,42,AODV,1001,2,n3,n2,4.018,1,0,1
2,low,5.0,42,AODV,1001,3,n2,n1,0.075,1,0,0
2,low,5.0,42,AODV,1001,4,n1,S,0.112,1,0,0
2,low,5.0,42,OLSR,1001,0,n5,n4,0.115,1,0,0
2,low,5.0,42,OLSR,1001,1,n4,n3,3.415,1,0,1
2,low,5.0,42,OLSR,1001,2,n3,n2,4.018,1,0,1
2,low,5.0,42,OLSR,1001,3,n2,n1,0.075,1,0,0
2,low,5.0,42,OLSR,1001,4,n1,S,0.112,1,0,0
2,low,5.0,42,DSR,1001,0,n5,n4,0.115,1,0,0
2,low,5.0,42,DSR,1001,1,n4,n3,3.415,1,0,1
2,low,5.0,42,DSR,1001,2,n3,n2,4.018,1,0,1
2,low,5.0,42,DSR,1001,3,n2,n1,0.075,1,0,0
2,low,5.0,42,DSR,1001,4,n1,S,0.112,1,0,0
2,low,5.0,42,DSDV,1001,0,n5,n4,0.115,1,0,0
2,low,5.0,42,DSDV,1001,1,n4,n3,3.415,1,0,1
2,low,5.0,42,DSDV,1001,2,n3,n2,4.018,1,0,1
2,low,5.0,42,DSDV,1001,3,n2,n1,0.075,1,0,0
2,low,5.0,42,DSDV,1001,4,n1,S,0.112,1,0,0
2,low,5.0,43,AODV,1001,0,n5,n4,0.114,1,0,0
2,low,5.0,43,AODV,1001,1,n4,n3,4.042,1,0,1
2,low,5.0,43,AODV,1001,2,n3,n2,3.002,1,0,1
2,low,5.0,43,AODV,1001,3,n2,n1,0.112,1,0,0
2,low,5.0,43,AODV,1001,4,n1,S,0.075,1,0,0
2,low,5.0,43,OLSR,1001,0,n5,n4,0.114,1,0,0
2,low,5.0,43,OLSR,1001,1,n4,n3,4.042,1,0,1
2,low,5.0,43,OLSR,1001,2,n3,n2,3.002,1,0,1
2,low,5.0,43,OLSR,1001,3,n2,n1,0.112,1,0,0
2,low,5.0,43,OLSR,1001,4,n1,S,0.075,1,0,0
2,low,5.0,43,DSR,1001,0,n5,n4,0.114,1,0,0
2,low,5.0,43,DSR,1001,1,n4,n3,4.042,1,0,1
2,low,5.0,43,DSR,1001,2,n3,n2,3.002,1,0,1
2,low,5.0,43,DSR,1001,3,n2,n1,0.112,1,0,0
2,low,5.0,43,DSR,1001,4,n1,S,0.075,1,0,0
2,low,5.0,43,DSDV,1001,0,n5,n4,0.114,1,0,0
2,low,5.0,43,DSDV,1001,1,n4,n3,4.042,1,0,1
2,low,5.0,43,DSDV,1001,2,n3,n2,3.002,1,0,1
2,low,5.0,43,DSDV,1001,3,n2,n1,0.112,1,0,0
2,low,5.0,43,DSDV,1001,4,n1,S,0.075,1,0,0
2,low,5.0,44,AODV,1001,0,n5,n4,0.125,1,0,0
2,low,5.0,44,AODV,1001,1,n4,n3,3.002,1,0,1
2,low,5.0,44,AODV,1001,2,n3,n2,4.042,1,0,1
2,low,5.0,44,AODV,1001,3,n2,n1,0.056,1,0,0
2,low,5.0,44,AODV,1001,4,n1,S,0.127,1,0,0
2,low,5.0,44,OLSR,1001,0,n5,n4,0.125,1,0,0
2,low,5.0,44,OLSR,1001,1,n4,n3,3.002,1,0,1
2,low,5.0,44,OLSR,1001,2,n3,n2,4.042,1,0,1
2,low,5.0,44,OLSR,1001,3,n2,n1,0.056,1,0,0
2,low,5.0,44,OLSR,1001,4,n1,S,0.127,1,0,0
2,low,5.0,44,DSR,1001,0,n5,n4,0.125,1,0,0
2,low,5.0,44,DSR,1001,1,n4,n3,3.002,1,0,1
2,low,5.0,44,DSR,1001,2,n3,n2,4.042,1,0,1
2,low,5.0,44,DSR,1001,3,n2,n1,0.056,1,0,0
2,low,5.0,44,DSR,1001,4,n1,S,0.127,1,0,0
2,low,5.0,44,DSDV,1001,0,n5,n4,0.125,1,0,0
2,low,5.0,44,DSDV,1001,1,n4,n3,3.002,1,0,1
2,low,5.0,44,DSDV,1001,2,n3,n2,4.042,1,0,1
2,low,5.0,44,DSDV,1001,3,n2,n1,0.056,1,0,0
2,low,5.0,44,DSDV,1001,4,n1,S,0.127,1,0,0
2,low,6.0,37,AODV,1001,0,n5,n4,0.054,1,0,0
2,low,6.0,37,AODV,1001,1,n4,n3,3.372,1,0,1
2,low,6.0,37,AODV,1001,2,n3,n2,3.610,1,0,1
2,low,6.0,37,AODV,1001,3,n2,n1,0.176,1,0,0
2,low,6.0,37,AODV,1001,4,n1,S,0.062,1,0,0
2,low,6.0,37,OLSR,1001,0,n5,n4,0.054,1,0,0
2,low,6.0,37,OLSR,1001,1,n4,n3,3.372,1,0,1
2,low,6.0,37,OLSR,1001,2,n3,n2,3.610,1,0,1
2,low,6.0,37,OLSR,1001,3,n2,n1,0.176,1,0,0
2,low,6.0,37,OLSR,1001,4,n1,S,0.062,1,0,0
2,low,6.0,37,DSR,1001,0,n5,n4,0.054,1,0,0
2,low,6.0,37,DSR,1001,1,n4,n3,3.372,1,0,1
2,low,6.0,37,DSR,1001,2,n3,n2,3.610,1,0,1
2,low,6.0,37,DSR,1001,3,n2,n1,0.176,1,0,0
2,low,6.0,37,DSR,1001,4,n1,S,0.062,1,0,0
2,low,6.0,37,DSDV,1001,0,n5,n4,0.054,1,0,0
2,low,6.0,37,DSDV,1001,1,n4,n3,3.372,1,0,1
2,low,6.0,37,DSDV,1001,2,n3,n2,3.610,1,0,1
2,low,6.0,37,DSDV,1001,3,n2,n1,0.176,1,0,0
2,low,6.0,37,DSDV,1001,4,n1,S,0.062,1,0,0
2,low,6.0,38,AODV,1001,0,n5,n4,0.128,1,0,0
2,low,6.0,38,AODV,1001,1,n4,n3,4.132,1,0,1
2,low,6.0,38,AODV,1001,2,n3,n2,3.228,1,0,1
2,low,6.0,38,AODV,1001,3,n2,n1,0.142,1,0,0
2,low,6.0,38,AODV,1001,4,n1,S,0.136,1,0,0
2,low,6.0,38,OLSR,1001,0,n5,n4,0.128,1,0,0
2,low,6.0,38,OLSR,1001,1,n4,n3,4.132,1,0,1
2,low,6.0,38,OLSR,1001,2,n3,n2,3.228,1,0,1
2,low,6.0,38,OLSR,1001,3,n2,n1,0.142,1,0,0
2,low,6.0,38,OLSR,1001,4,n1,S,0.136,1,0,0
2,low,6.0,38,DSR,1001,0,n5,n4,0.128,1,0,0
2,low,6.0,38,DSR,1001,1,n4,n3,4.132,1,0,1
2,low,6.0,38,DSR,1001,2,n3,n2,3.228,1,0,1
2,low,6.0,38,DSR,1001,3,n2,n1,0.142,1,0,0
2,low,6.0,38,DSR,1001,4,n1,S,0.136,1,0,0
2,low,6.0,38,DSDV,1001,0,n5,n4,0.128,1,0,0
2,low,6.0,38,DSDV,1001,1,n4,n3,4.132,1,0,1
2,low,6.0,38,DSDV,1001,2,n3,n2,3.228,1,0,1
2,low,6.0,38,DSDV,1001,3,n2,n1,0.142,1,0,0
2,low,6.0,38,DSDV,1001,4,n1,S,0.136,1,0,0
2,low,6.0,39,AODV,1001,0,n5,n4,0.108,1,0,0
2,low,6.0,39,AODV,1001,1,n4,n3,4.303,1,0,1
2,low,6.0,39,AODV,1001,2,n3,n2,1.460,1,0,1
2,low,6.0,39,AODV,1001,3,n2,n1,0.136,1,0,0
2,low,6.0,39,AODV,1001,4,n1,S,0.142,1,0,0
2,low,6.0,39,OLSR,1001,0,n5,n4,0.108,1,0,0
2,low,6.0,39,OLSR,1001,1,n4,n3,4.303,1,0,1
2,low,6.0,39,OLSR,1001,2,n3,n2,1.460,1,0,1
2,low,6.0,39,OLSR,1001,3,n2,n1,0.136,1,0,0
2,low,6.0,39,OLSR,1001,4,n1,S,0.142,1,0,0
2,low,6.0,39,DSR,1001,0,n5,n4,0.108,1,0,0
2,low,6.0,39,DSR,1001,1,n4,n3,4.303,1,0,1
2,low,6.0,39,DSR,1001,2,n3,n2,1.460,1,0,1
2,low,6.0,39,DSR,1001,3,n2,n1,0.136,1,0,0
2,low,6.0,39,DSR,1001,4,n1,S,0.142,1,0,0
2,low,6.0,39,DSDV,1001,0,n5,n4,0.108,1,0,0
2,low,6.0,39,DSDV,1001,1,n4,n3,4.303,1,0,1
2,low,6.0,39,DSDV,1001,2,n3,n2,1.460,1,0,1
2,low,6.0,39,DSDV,1001,3,n2,n1,0.136,1,0,0
2,low,6.0,39,DSDV,1001,4,n1,S,0.142,1,0,0
2,low,6.0,40,AODV,1001,0,n5,n4,0.127,1,0,0
2,low,6.0,40,AODV,1001,1,n4,n3,63.838,1,1,1
2,low,6.0,40,AODV,1001,2,n3,n2,3.223,1,0,1
2,low,6.0,40,AODV,1001,3,n2,n1,0.119,1,0,0
2,low,6.0,40,AODV,1001,4,n1,S,0.119,1,0,0
2,low,6.0,40,OLSR,1001,0,n5,n4,0.127,1,0,0
2,low,6.0,40,OLSR,1001,1,n4,n3,63.838,1,1,1
2,low,6.0,40,OLSR,1001,2,n3,n2,3.223,1,0,1
2,low,6.0,40,OLSR,1001,3,n2,n1,0.119,1,0,0
2,low,6.0,40,OLSR,1001,4,n1,S,0.119,1,0,0
2,low,6.0,40,DSR,1001,0,n5,n4,0.127,1,0,0
2,low,6.0,40,DSR,1001,1,n4,n3,63.838,1,1,1
2,low,6.0,40,DSR,1001,2,n3,n2,3.223,1,0,1
2,low,6.0,40,DSR,1001,3,n2,n1,0.119,1,0,0
2,low,6.0,40,DSR,1001,4,n1,S,0.119,1,0,0
2,low,6.0,40,DSDV,1001,0,n5,n4,0.127,1,0,0
2,low,6.0,40,DSDV,1001,1,n4,n3,63.838,1,1,1
2,low,6.0,40,DSDV,1001,2,n3,n2,3.223,1,0,1
2,low,6.0,40,DSDV,1001,3,n2,n1,0.119,1,0,0
2,low,6.0,40,DSDV,1001,4,n1,S,0.119,1,0,0
2,low,6.0,41,AODV,1001,0,n5,n4,0.056,1,0,0
2,low,6.0,41,AODV,1001,1,n4,n3,123.415,1,1,1
2,low,6.0,41,AODV,1001,2,n3,n2,4.018,1,0,1
2,low,6.0,41,AODV,1001,3,n2,n1,0.111,1,0,0
2,low,6.0,41,AODV,1001,4,n1,S,0.125,1,0,0
2,low,6.0,41,OLSR,1001,0,n5,n4,0.056,1,0,0
2,low,6.0,41,OLSR,1001,1,n4,n3,123.415,1,1,1
2,low,6.0,41,OLSR,1001,2,n3,n2,4.018,1,0,1
2,low,6.0,41,OLSR,1001,3,n2,n1,0.111,1,0,0
2,low,6.0,41,OLSR,1001,4,n1,S,0.125,1,0,0
2,low,6.0,41,DSR,1001,0,n5,n4,0.056,1,0,0
2,low,6.0,41,DSR,1001,1,n4,n3,123.415,1,1,1
2,low,6.0,41,DSR,1001,2,n3,n2,4.018,1,0,1
2,low,6.0,41,DSR,1001,3,n2,n1,0.111,1,0,0
2,low,6.0,41,DSR,1001,4,n1,S,0.125,1,0,0
2,low,6.0,41,DSDV,1001,0,n5,n4,0.056,1,0,0
2,low,6.0,41,DSDV,1001,1,n4,n3,123.415,1,1,1
2,low,6.0,41,DSDV,1001,2,n3,n2,4.018,1,0,1
2,low,6.0,41,DSDV,1001,3,n2,n1,0.111,1,0,0
2,low,6.0,41,DSDV,1001,4,n1,S,0.125,1,0,0
2,low,6.0,42,AODV,1001,0,n5,n4,0.115,1,0,0
2,low,6.0,42,AODV,1001,1,n4,n3,3.415,1,0,1
2,low,6.0,42,AODV,1001,2,n3,n2,4.018,1,0,1
2,low,6.0,42,AODV,1001,3,n2,n1,0.075,1,0,0
2,low,6.0,42,AODV,1001,4,n1,S,0.112,1,0,0
2,low,6.0,42,OLSR,1001,0,n5,n4,0.115,1,0,0
2,low,6.0,42,OLSR,1001,1,n4,n3,3.415,1,0,1
2,low,6.0,42,OLSR,1001,2,n3,n2,4.018,1,0,1
2,low,6.0,42,OLSR,1001,3,n2,n1,0.075,1,0,0
2,low,6.0,42,OLSR,1001,4,n1,S,0.112,1,0,0
2,low,6.0,42,DSR,1001,0,n5,n4,0.115,1,0,0
2,low,6.0,42,DSR,1001,1,n4,n3,3.415,1,0,1
2,low,6.0,42,DSR,1001,2,n3,n2,4.018,1,0,1
2,low,6.0,42,DSR,1001,3,n2,n1,0.075,1,0,0
2,low,6.0,42,DSR,1001,4,n1,S,0.112,1,0,0
2,low,6.0,42,DSDV,1001,0,n5,n4,0.115,1,0,0
2,low,6.0,42,DSDV,1001,1,n4,n3,3.415,1,0,1
2,low,6.0,42,DSDV,1001,2,n3,n2,4.018,1,0,1
2,low,6.0,42,DSDV,1001,3,n2,n1,0.075,1,0,0
2,low,6.0,42,DSDV,1001,4,n1,S,0.112,1,0,0
2,low,6.0,43,AODV,1001,0,n5,n4,0.114,1,0,0
2,low,6.0,43,AODV,1001,1,n4,n3,4.042,1,0,1
2,low,6.0,43,AODV,1001,2,n3,n2,3.002,1,0,1
2,low,6.0,43,AODV,1001,3,n2,n1,0.112,1,0,0
2,low,6.0,43,AODV,1001,4,n1,S,0.075,1,0,0
2,low,6.0,43,OLSR,1001,0,n5,n4,0.114,1,0,0
2,low,6.0,43,OLSR,1001,1,n4,n3,4.042,1,0,1
2,low,6.0,43,OLSR,1001,2,n3,n2,3.002,1,0,1
2,low,6.0,43,OLSR,1001,3,n2,n1,0.112,1,0,0
2,low,6.0,43,OLSR,1001,4,n1,S,0.075,1,0,0
2,low,6.0,43,DSR,1001,0,n5,n4,0.114,1,0,0
2,low,6.0,43,DSR,1001,1,n4,n3,4.042,1,0,1
2,low,6.0,43,DSR,1001,2,n3,n2,3.002,1,0,1
2,low,6.0,43,DSR,1001,3,n2,n1,0.112,1,0,0
2,low,6.0,43,DSR,1001,4,n1,S,0.075,1,0,0
2,low,6.0,43,DSDV,1001,0,n5,n4,0.114,1,0,0
2,low,6.0,43,DSDV,1001,1,n4,n3,4.042,1,0,1
2,low,6.0,43,DSDV,1001,2,n3,n2,3.002,1,0,1
2,low,6.0,43,DSDV,1001,3,n2,n1,0.112,1,0,0
2,low,6.0,43,DSDV,1001,4,n1,S,0.075,1,0,0
2,low,6.0,44,AODV,1001,0,n5,n4,0.125,1,0,0
2,low,6.0,44,AODV,1001,1,n4,n3,3.002,1,0,1
2,low,6.0,44,AODV,1001,2,n3,n2,4.042,1,0,1
2,low,6.0,44,AODV,1001,3,n2,n1,0.056,1,0,0
2,low,6.0,44,AODV,1001,4,n1,S,0.127,1,0,0
2,low,6.0,44,OLSR,1001,0,n5,n4,0.125,1,0,0
2,low,6.0,44,OLSR,1001,1,n4,n3,3.002,1,0,1
2,low,6.0,44,OLSR,1001,2,n3,n2,4.042,1,0,1
2,low,6.0,44,OLSR,1001,3,n2,n1,0.056,1,0,0
2,low,6.0,44,OLSR,1001,4,n1,S,0.127,1,0,0
2,low,6.0,44,DSR,1001,0,n5,n4,0.125,1,0,0
2,low,6.0,44,DSR,1001,1,n4,n3,3.002,1,0,1
2,low,6.0,44,DSR,1001,2,n3,n2,4.042,1,0,1
2,low,6.0,44,DSR,1001,3,n2,n1,0.056,1,0,0
2,low,6.0,44,DSR,1001,4,n1,S,0.127,1,0,0
2,low,6.0,44,DSDV,1001,0,n5,n4,0.125,1,0,0
2,low,6.0,44,DSDV,1001,1,n4,n3,3.002,1,0,1
2,low,6.0,44,DSDV,1001,2,n3,n2,4.042,1,0,1
2,low,6.0,44,DSDV,1001,3,n2,n1,0.056,1,0,0
2,low,6.0,44,DSDV,1001,4,n1,S,0.127,1,0,0
2,low,6.5,37,AODV,1001,0,n5,n4,0.054,1,0,0
2,low,6.5,37,AODV,1001,1,n4,n3,3.372,1,0,1
2,low,6.5,37,AODV,1001,2,n3,n2,3.610,1,0,1
2,low,6.5,37,AODV,1001,3,n2,n1,0.176,1,0,0
2,low,6.5,37,AODV,1001,4,n1,S,0.062,1,0,0
2,low,6.5,37,OLSR,1001,0,n5,n4,0.054,1,0,0
2,low,6.5,37,OLSR,1001,1,n4,n3,3.372,1,0,1
2,low,6.5,37,OLSR,1001,2,n3,n2,3.610,1,0,1
2,low,6.5,37,OLSR,1001,3,n2,n1,0.176,1,0,0
2,low,6.5,37,OLSR,1001,4,n1,S,0.062,1,0,0
2,low,6.5,37,DSR,1001,0,n5,n4,0.054,1,0,0
2,low,6.5,37,DSR,1001,1,n4,n3,3.372,1,0,1
2,low,6.5,37,DSR,1001,2,n3,n2,3.610,1,0,1
2,low,6.5,37,DSR,1001,3,n2,n1,0.176,1,0,0
2,low,6.5,37,DSR,1001,4,n1,S,0.062,1,0,0
2,low,6.5,37,DSDV,1001,0,n5,n4,0.054,1,0,0
2,low,6.5,37,DSDV,1001,1,n4,n3,3.372,1,0,1
2,low,6.5,37,DSDV,1001,2,n3,n2,3.610,1,0,1
2,low,6.5,37,DSDV,1001,3,n2,n1,0.176,1,0,0
2,low,6.5,37,DSDV,1001,4,n1,S,0.062,1,0,0
2,low,6.5,38,AODV,1001,0,n5,n4,0.128,1,0,0
2,low,6.5,38,AODV,1001,1,n4,n3,4.132,1,0,1
2,low,6.5,38,AODV,1001,2,n3,n2,3.228,1,0,1
2,low,6.5,38,AODV,1001,3,n2,n1,0.142,1,0,0
2,low,6.5,38,AODV,1001,4,n1,S,0.136,1,0,0
2,low,6.5,38,OLSR,1001,0,n5,n4,0.128,1,0,0
2,low,6.5,38,OLSR,1001,1,n4,n3,4.132,1,0,1
2,low,6.5,38,OLSR,1001,2,n3,n2,3.228,1,0,1
2,low,6.5,38,OLSR,1001,3,n2,n1,0.142,1,0,0
2,low,6.5,38,OLSR,1001,4,n1,S,0.136,1,0,0
2,low,6.5,38,DSR,1001,0,n5,n4,0.128,1,0,0
2,low,6.5,38,DSR,1001,1,n4,n3,4.132,1,0,1
2,low,6.5,38,DSR,1001,2,n3,n2,3.228,1,0,1
2,low,6.5,38,DSR,1001,3,n2,n1,0.142,1,0,0
2,low,6.5,38,DSR,1001,4,n1,S,0.136,1,0,0
2,low,6.5,38,DSDV,1001,0,n5,n4,0.128,1,0,0
2,low,6.5,38,DSDV,1001,1,n4,n3,4.132,1,0,1
2,low,6.5,38,DSDV,1001,2,n3,n2,3.228,1,0,1
2,low,6.5,38,DSDV,1001,3,n2,n1,0.142,1,0,0
2,low,6.5,38,DSDV,1001,4,n1,S,0.136,1,0,0
2,low,6.5,39,AODV,1001,0,n5,n4,0.108,1,0,0
2,low,6.5,39,AODV,1001,1,n4,n3,4.303,1,0,1
2,low,6.5,39,AODV,1001,2,n3,n2,1.460,1,0,1
2,low,6.5,39,AODV,1001,3,n2,n1,0.136,1,0,0
2,low,6.5,39,AODV,1001,4,n1,S,0.142,1,0,0
2,low,6.5,39,OLSR,1001,0,n5,n4,0.108,1,0,0
2,low,6.5,39,OLSR,1001,1,n4,n3,4.303,1,0,1
2,low,6.5,39,OLSR,1001,2,n3,n2,1.460,1,0,1
2,low,6.5,39,OLSR,1001,3,n2,n1,0.136,1,0,0
2,low,6.5,39,OLSR,1001,4,n1,S,0.142,1,0,0
2,low,6.5,39,DSR,1001,0,n5,n4,0.108,1,0,0
2,low,6.5,39,DSR,1001,1,n4,n3,4.303,1,0,1
2,low,6.5,39,DSR,1001,2,n3,n2,1.460,1,0,1
2,low,6.5,39,DSR,1001,3,n2,n1,0.136,1,0,0
2,low,6.5,39,DSR,1001,4,n1,S,0.142,1,0,0
2,low,6.5,39,DSDV,1001,0,n5,n4,0.108,1,0,0
2,low,6.5,39,DSDV,1001,1,n4,n3,4.303,1,0,1
2,low,6.5,39,DSDV,1001,2,n3,n2,1.460,1,0,1
2,low,6.5,39,DSDV,1001,3,n2,n1,0.136,1,0,0
2,low,6.5,39,DSDV,1001,4,n1,S,0.142,1,0,0
2,low,6.5,40,AODV,1001,0,n5,n4,0.127,1,0,0
2,low,6.5,40,AODV,1001,1,n4,n3,63.838,1,1,1
2,low,6.5,40,AODV,1001,2,n3,n2,3.223,1,0,1
2,low,6.5,40,AODV,1001,3,n2,n1,0.119,1,0,0
2,low,6.5,40,AODV,1001,4,n1,S,0.119,1,0,0
2,low,6.5,40,OLSR,1001,0,n5,n4,0.127,1,0,0
2,low,6.5,40,OLSR,1001,1,n4,n3,63.838,1,1,1
2,low,6.5,40,OLSR,1001,2,n3,n2,3.223,1,0,1
2,low,6.5,40,OLSR,1001,3,n2,n1,0.119,1,0,0
2,low,6.5,40,OLSR,1001,4,n1,S,0.119,1,0,0
2,low,6.5,40,DSR,1001,0,n5,n4,0.127,1,0,0
2,low,6.5,40,DSR,1001,1,n4,n3,63.838,1,1,1
2,low,6.5,40,DSR,1001,2,n3,n2,3.223,1,0,1
2,low,6.5,40,DSR,1001,3,n2,n1,0.119,1,0,0
2,low,6.5,40,DSR,1001,4,n1,S,0.119,1,0,0
2,low,6.5,40,DSDV,1001,0,n5,n4,0.127,1,0,0
2,low,6.5,40,DSDV,1001,1,n4,n3,63.838,1,1,1
2,low,6.5,40,DSDV,1001,2,n3,n2,3.223,1,0,1
2,low,6.5,40,DSDV,1001,3,n2,n1,0.119,1,0,0
2,low,6.5,40,DSDV,1001,4,n1,S,0.119,1,0,0
2,low,6.5,41,AODV,1001,0,n5,n4,0.056,1,0,0
2,low,6.5,41,AODV,1001,1,n4,n3,123.415,1,1,1
2,low,6.5,41,AODV,1001,2,n3,n2,4.018,1,0,1
2,low,6.5,41,AODV,1001,3,n2,n1,0.111,1,0,0
2,low,6.5,41,AODV,1001,4,n1,S,0.125,1,0,0
2,low,6.5,41,OLSR,1001,0,n5,n4,0.056,1,0,0
2,low,6.5,41,OLSR,1001,1,n4,n3,123.415,1,1,1
2,low,6.5,41,OLSR,1001,2,n3,n2,4.018,1,0,1
2,low,6.5,41,OLSR,1001,3,n2,n1,0.111,1,0,0
2,low,6.5,41,OLSR,1001,4,n1,S,0.125,1,0,0
2,low,6.5,41,DSR,1001,0,n5,n4,0.056,1,0,0
2,low,6.5,41,DSR,1001,1,n4,n3,123.415,1,1,1
2,low,6.5,41,DSR,1001,2,n3,n2,4.018,1,0,1
2,low,6.5,41,DSR,1001,3,n2,n1,0.111,1,0,0
2,low,6.5,41,DSR,1001,4,n1,S,0.125,1,0,0
2,low,6.5,41,DSDV,1001,0,n5,n4,0.056,1,0,0
2,low,6.5,41,DSDV,1001,1,n4,n3,123.415,1,1,1
2,low,6.5,41,DSDV,1001,2,n3,n2,4.018,1,0,1
2,low,6.5,41,DSDV,1001,3,n2,n1,0.111,1,0,0
2,low,6.5,41,DSDV,1001,4,n1,S,0.125,1,0,0
2,low,6.5,42,AODV,1001,0,n5,n4,0.115,1,0,0
2,low,6.5,42,AODV,1001,1,n4,n3,3.415,1,0,1
2,low,6.5,42,AODV,1001,2,n3,n2,4.018,1,0,1
2,low,6.5,42,AODV,1001,3,n2,n1,0.075,1,0,0
2,low,6.5,42,AODV,1001,4,n1,S,0.112,1,0,0
2,low,6.5,42,OLSR,1001,0,n5,n4,0.115,1,0,0
2,low,6.5,42,OLSR,1001,1,n4,n3,3.415,1,0,1
2,low,6.5,42,OLSR,1001,2,n3,n2,4.018,1,0,1
2,low,6.5,42,OLSR,1001,3,n2,n1,0.075,1,0,0
2,low,6.5,42,OLSR,1001,4,n1,S,0.112,1,0,0
2,low,6.5,42,DSR,1001,0,n5,n4,0.115,1,0,0
2,low,6.5,42,DSR,1001,1,n4,n3,3.415,1,0,1
2,low,6.5,42,DSR,1001,2,n3,n2,4.018,1,0,1
2,low,6.5,42,DSR,1001,3,n2,n1,0.075,1,0,0
2,low,6.5,42,DSR,1001,4,n1,S,0.112,1,0,0
2,low,6.5,42,DSDV,1001,0,n5,n4,0.115,1,0,0
2,low,6.5,42,DSDV,1001,1,n4,n3,3.415,1,0,1
2,low,6.5,42,DSDV,1001,2,n3,n2,4.018,1,0,1
2,low,6.5,42,DSDV,1001,3,n2,n1,0.075,1,0,0
2,low,6.5,42,DSDV,1001,4,n1,S,0.112,1,0,0
2,low,6.5,43,AODV,1001,0,n5,n4,0.114,1,0,0
2,low,6.5,43,AODV,1001,1,n4,n3,4.042,1,0,1
2,low,6.5,43,AODV,1001,2,n3,n2,3.002,1,0,1
2,low,6.5,43,AODV,1001,3,n2,n1,0.112,1,0,0
2,low,6.5,43,AODV,1001,4,n1,S,0.075,1,0,0
2,low,6.5,43,OLSR,1001,0,n5,n4,0.114,1,0,0
2,low,6.5,43,OLSR,1001,1,n4,n3,4.042,1,0,1
2,low,6.5,43,OLSR,1001,2,n3,n2,3.002,1,0,1
2,low,6.5,43,OLSR,1001,3,n2,n1,0.112,1,0,0
2,low,6.5,43,OLSR,1001,4,n1,S,0.075,1,0,0
2,low,6.5,43,DSR,1001,0,n5,n4,0.114,1,0,0
2,low,6.5,43,DSR,1001,1,n4,n3,4.042,1,0,1
2,low,6.5,43,DSR,1001,2,n3,n2,3.002,1,0,1
2,low,6.5,43,DSR,1001,3,n2,n1,0.112,1,0,0
2,low,6.5,43,DSR,1001,4,n1,S,0.075,1,0,0
2,low,6.5,43,DSDV,1001,0,n5,n4,0.114,1,0,0
2,low,6.5,43,DSDV,1001,1,n4,n3,4.042,1,0,1
2,low,6.5,43,DSDV,1001,2,n3,n2,3.002,1,0,1
2,low,6.5,43,DSDV,1001,3,n2,n1,0.112,1,0,0
2,low,6.5,43,DSDV,1001,4,n1,S,0.075,1,0,0
2,low,6.5,44,AODV,1001,0,n5,n4,0.125,1,0,0
2,low,6.5,44,AODV,1001,1,n4,n3,3.002,1,0,1
2,low,6.5,44,AODV,1001,2,n3,n2,4.042,1,0,1
2,low,6.5,44,AODV,1001,3,n2,n1,0.056,1,0,0
2,low,6.5,44,AODV,1001,4,n1,S,0.127,1,0,0
2,low,6.5,44,OLSR,1001,0,n5,n4,0.125,1,0,0
2,low,6.5,44,OLSR,1001,1,n4,n3,3.002,1,0,1
2,low,6.5,44,OLSR,1001,2,n3,n2,4.042,1,0,1
2,low,6.5,44,OLSR,1001,3,n2,n1,0.056,1,0,0
2,low,6.5,44,OLSR,1001,4,n1,S,0.127,1,0,0
2,low,6.5,44,DSR,1001,0,n5,n4,0.125,1,0,0
2,low,6.5,44,DSR,1001,1,n4,n3,3.002,1,0,1
2,low,6.5,44,DSR,1001,2,n3,n2,4.042,1,0,1
2,low,6.5,44,DSR,1001,3,n2,n1,0.056,1,0,0
2,low,6.5,44,DSR,1001,4,n1,S,0.127,1,0,0
2,low,6.5,44,DSDV,1001,0,n5,n4,0.125,1,0,0
2,low,6.5,44,DSDV,1001,1,n4,n3,3.002,1,0,1
2,low,6.5,44,DSDV,1001,2,n3,n2,4.042,1,0,1
2,low,6.5,44,DSDV,1001,3,n2,n1,0.056,1,0,0
2,low,6.5,44,DSDV,1001,4,n1,S,0.127,1,0,0
2,low,7.0,37,AODV,1001,0,n5,n4,0.054,1,0,0
2,low,7.0,37,AODV,1001,1,n4,n3,3.372,1,0,1
2,low,7.0,37,AODV,1001,2,n3,n2,3.610,1,0,1
2,low,7.0,37,AODV,1001,3,n2,n1,0.176,1,0,0
2,low,7.0,37,AODV,1001,4,n1,S,0.062,1,0,0
2,low,7.0,37,OLSR,1001,0,n5,n4,0.054,1,0,0
2,low,7.0,37,OLSR,1001,1,n4,n3,3.372,1,0,1
2,low,7.0,37,OLSR,1001,2,n3,n2,3.610,1,0,1
2,low,7.0,37,OLSR,1001,3,n2,n1,0.176,1,0,0
2,low,7.0,37,OLSR,1001,4,n1,S,0.062,1,0,0
2,low,7.0,37,DSR,1001,0,n5,n4,0.054,1,0,0
2,low,7.0,37,DSR,1001,1,n4,n3,3.372,1,0,1
2,low,7.0,37,DSR,1001,2,n3,n2,3.610,1,0,1
2,low,7.0,37,DSR,1001,3,n2,n1,0.176,1,0,0
2,low,7.0,37,DSR,1001,4,n1,S,0.062,1,0,0
2,low,7.0,37,DSDV,1001,0,n5,n4,0.054,1,0,0
2,low,7.0,37,DSDV,1001,1,n4,n3,3.372,1,0,1
2,low,7.0,37,DSDV,1001,2,n3,n2,3.610,1,0,1
2,low,7.0,37,DSDV,1001,3,n2,n1,0.176,1,0,0
2,low,7.0,37,DSDV,1001,4,n1,S,0.062,1,0,0
2,low,7.0,38,AODV,1001,0,n5,n4,0.128,1,0,0
2,low,7.0,38,AODV,1001,1,n4,n3,4.132,1,0,1
2,low,7.0,38,AODV,1001,2,n3,n2,3.228,1,0,1
2,low,7.0,38,AODV,1001,3,n2,n1,0.142,1,0,0
2,low,7.0,38,AODV,1001,4,n1,S,0.136,1,0,0
2,low,7.0,38,OLSR,1001,0,n5,n4,0.128,1,0,0
2,low,7.0,38,OLSR,1001,1,n4,n3,4.132,1,0,1
2,low,7.0,38,OLSR,1001,2,n3,n2,3.228,1,0,1
2,low,7.0,38,OLSR,1001,3,n2,n1,0.142,1,0,0
2,low,7.0,38,OLSR,1001,4,n1,S,0.136,1,0,0
2,low,7.0,38,DSR,1001,0,n5,n4,0.128,1,0,0
2,low,7.0,38,DSR,1001,1,n4,n3,4.132,1,0,1
2,low,7.0,38,DSR,1001,2,n3,n2,3.228,1,0,1
2,low,7.0,38,DSR,1001,3,n2,n1,0.142,1,0,0
2,low,7.0,38,DSR,1001,4,n1,S,0.136,1,0,0
2,low,7.0,38,DSDV,1001,0,n5,n4,0.128,1,0,0
2,low,7.0,38,DSDV,1001,1,n4,n3,4.132,1,0,1
2,low,7.0,38,DSDV,1001,2,n3,n2,3.228,1,0,1
2,low,7.0,38,DSDV,1001,3,n2,n1,0.142,1,0,0
2,low,7.0,38,DSDV,1001,4,n1,S,0.136,1,0,0
2,low,7.0,39,AODV,1001,0,n5,n4,0.108,1,0,0
2,low,7.0,39,AODV,1001,1,n4,n3,4.303,1,0,1
2,low,7.0,39,AODV,1001,2,n3,n2,1.460,1,0,1
2,low,7.0,39,AODV,1001,3,n2,n1,0.136,1,0,0
2,low,7.0,39,AODV,1001,4,n1,S,0.142,1,0,0
2,low,7.0,39,OLSR,1001,0,n5,n4,0.108,1,0,0
2,low,7.0,39,OLSR,1001,1,n4,n3,4.303,1,0,1
2,low,7.0,39,OLSR,1001,2,n3,n2,1.460,1,0,1
2,low,7.0,39,OLSR,1001,3,n2,n1,0.136,1,0,0
2,low,7.0,39,OLSR,1001,4,n1,S,0.142,1,0,0
2,low,7.0,39,DSR,1001,0,n5,n4,0.108,1,0,0
2,low,7.0,39,DSR,1001,1,n4,n3,4.303,1,0,1
2,low,7.0,39,DSR,1001,2,n3,n2,1.460,1,0,1
2,low,7.0,39,DSR,1001,3,n2,n1,0.136,1,0,0
2,low,7.0,39,DSR,1001,4,n1,S,0.142,1,0,0
2,low,7.0,39,DSDV,1001,0,n5,n4,0.108,1,0,0
2,low,7.0,39,DSDV,1001,1,n4,n3,4.303,1,0,1
2,low,7.0,39,DSDV,1001,2,n3,n2,1.460,1,0,1
2,low,7.0,39,DSDV,1001,3,n2,n1,0.136,1,0,0
2,low,7.0,39,DSDV,1001,4,n1,S,0.142,1,0,0
2,low,7.0,40,AODV,1001,0,n5,n4,0.127,1,0,0
2,low,7.0,40,AODV,1001,1,n4,n3,63.838,1,1,1
2,low,7.0,40,AODV,1001,2,n3,n2,3.223,1,0,1
2,low,7.0,40,AODV,1001,3,n2,n1,0.119,1,0,0
2,low,7.0,40,AODV,1001,4,n1,S,0.119,1,0,0
2,low,7.0,40,OLSR,1001,0,n5,n4,0.127,1,0,0
2,low,7.0,40,OLSR,1001,1,n4,n3,63.838,1,1,1
2,low,7.0,40,OLSR,1001,2,n3,n2,3.223,1,0,1
2,low,7.0,40,OLSR,1001,3,n2,n1,0.119,1,0,0
2,low,7.0,40,OLSR,1001,4,n1,S,0.119,1,0,0
2,low,7.0,40,DSR,1001,0,n5,n4,0.127,1,0,0
2,low,7.0,40,DSR,1001,1,n4,n3,63.838,1,1,1
2,low,7.0,40,DSR,1001,2,n3,n2,3.223,1,0,1
2,low,7.0,40,DSR,1001,3,n2,n1,0.119,1,0,0
2,low,7.0,40,DSR,1001,4,n1,S,0.119,1,0,0
2,low,7.0,40,DSDV,1001,0,n5,n4,0.127,1,0,0
2,low,7.0,40,DSDV,1001,1,n4,n3,63.838,1,1,1
2,low,7.0,40,DSDV,1001,2,n3,n2,3.223,1,0,1
2,low,7.0,40,DSDV,1001,3,n2,n1,0.119,1,0,0
2,low,7.0,40,DSDV,1001,4,n1,S,0.119,1,0,0
2,low,7.0,41,AODV,1001,0,n5,n4,0.056,1,0,0
2,low,7.0,41,AODV,1001,1,n4,n3,123.415,1,1,1
2,low,7.0,41,AODV,1001,2,n3,n2,4.018,1,0,1
2,low,7.0,41,AODV,1001,3,n2,n1,0.111,1,0,0
2,low,7.0,41,AODV,1001,4,n1,S,0.125,1,0,0
2,low,7.0,41,OLSR,1001,0,n5,n4,0.056,1,0,0
2,low,7.0,41,OLSR,1001,1,n4,n3,123.415,1,1,1
2,low,7.0,41,OLSR,1001,2,n3,n2,4.018,1,0,1
2,low,7.0,41,OLSR,1001,3,n2,n1,0.111,1,0,0
2,low,7.0,41,OLSR,1001,4,n1,S,0.125,1,0,0
2,low,7.0,41,DSR,1001,0,n5,n4,0.056,1,0,0
2,low,7.0,41,DSR,1001,1,n4,n3,123.415,1,1,1
2,low,7.0,41,DSR,1001,2,n3,n2,4.018,1,0,1
2,low,7.0,41,DSR,1001,3,n2,n1,0.111,1,0,0
2,low,7.0,41,DSR,1001,4,n1,S,0.125,1,0,0
2,low,7.0,41,DSDV,1001,0,n5,n4,0.056,1,0,0
2,low,7.0,41,DSDV,1001,1,n4,n3,123.415,1,1,1
2,low,7.0,41,DSDV,1001,2,n3,n2,4.018,1,0,1
2,low,7.0,41,DSDV,1001,3,n2,n1,0.111,1,0,0
2,low,7.0,41,DSDV,1001,4,n1,S,0.125,1,0,0
2,low,7.0,42,AODV,1001,0,n5,n4,0.115,1,0,0
2,low,7.0,42,AODV,1001,1,n4,n3,3.415,1,0,1
2,low,7.0,42,AODV,1001,2,n3,n2,4.018,1,0,1
2,low,7.0,42,AODV,1001,3,n2,n1,0.075,1,0,0
2,low,7.0,42,AODV,1001,4,n1,S,0.112,1,0,0
2,low,7.0,42,OLSR,1001,0,n5,n4,0.115,1,0,0
2,low,7.0,42,OLSR,1001,1,n4,n3,3.415,1,0,1
2,low,7.0,42,OLSR,1001,2,n3,n2,4.018,1,0,1
2,low,7.0,42,OLSR,1001,3,n2,n1,0.075,1,0,0
2,low,7.0,42,OLSR,1001,4,n1,S,0.112,1,0,0
2,low,7.0,42,DSR,1001,0,n5,n4,0.115,1,0,0
2,low,7.0,42,DSR,1001,1,n4,n3,3.415,1,0,1
2,low,7.0,42,DSR,1001,2,n3,n2,4.018,1,0,1
2,low,7.0,42,DSR,1001,3,n2,n1,0.075,1,0,0
2,low,7.0,42,DSR,1001,4,n1,S,0.112,1,0,0
2,low,7.0,42,DSDV,1001,0,n5,n4,0.115,1,0,0
2,low,7.0,42,DSDV,1001,1,n4,n3,3.415,1,0,1
2,low,7.0,42,DSDV,1001,2,n3,n2,4.018,1,0,1
2,low,7.0,42,DSDV,1001,3,n2,n1,0.075,1,0,0
2,low,7.0,42,DSDV,1001,4,n1,S,0.112,1,0,0
2,low,7.0,43,AODV,1001,0,n5,n4,0.114,1,0,0
2,low,7.0,43,AODV,1001,1,n4,n3,4.042,1,0,1
2,low,7.0,43,AODV,1001,2,n3,n2,3.002,1,0,1
2,low,7.0,43,AODV,1001,3,n2,n1,0.112,1,0,0
2,low,7.0,43,AODV,1001,4,n1,S,0.075,1,0,0
2,low,7.0,43,OLSR,1001,0,n5,n4,0.114,1,0,0
2,low,7.0,43,OLSR,1001,1,n4,n3,4.042,1,0,1
2,low,7.0,43,OLSR,1001,2,n3,n2,3.002,1,0,1
2,low,7.0,43,OLSR,1001,3,n2,n1,0.112,1,0,0
2,low,7.0,43,OLSR,1001,4,n1,S,0.075,1,0,0
2,low,7.0,43,DSR,1001,0,n5,n4,0.114,1,0,0
2,low,7.0,43,DSR,1001,1,n4,n3,4.042,1,0,1
2,low,7.0,43,DSR,1001,2,n3,n2,3.002,1,0,1
2,low,7.0,43,DSR,1001,3,n2,n1,0.112,1,0,0
2,low,7.0,43,DSR,1001,4,n1,S,0.075,1,0,0
2,low,7.0,43,DSDV,1001,0,n5,n4,0.114,1,0,0
2,low,7.0,43,DSDV,1001,1,n4,n3,4.042,1,0,1
2,low,7.0,43,DSDV,1001,2,n3,n2,3.002,1,0,1
2,low,7.0,43,DSDV,1001,3,n2,n1,0.112,1,0,0
2,low,7.0,43,DSDV,1001,4,n1,S,0.075,1,0,0
2,low,7.0,44,AODV,1001,0,n5,n4,0.125,1,0,0
2,low,7.0,44,AODV,1001,1,n4,n3,3.002,1,0,1
2,low,7.0,44,AODV,1001,2,n3,n2,4.042,1,0,1
2,low,7.0,44,AODV,1001,3,n2,n1,0.056,1,0,0
2,low,7.0,44,AODV,1001,4,n1,S,0.127,1,0,0
2,low,7.0,44,OLSR,1001,0,n5,n4,0.125,1,0,0
2,low,7.0,44,OLSR,1001,1,n4,n3,3.002,1,0,1
2,low,7.0,44,OLSR,1001,2,n3,n2,4.042,1,0,1
2,low,7.0,44,OLSR,1001,3,n2,n1,0.056,1,0,0
2,low,7.0,44,OLSR,1001,4,n1,S,0.127,1,0,0
2,low,7.0,44,DSR,1001,0,n5,n4,0.125,1,0,0
2,low,7.0,44,DSR,1001,1,n4,n3,3.002,1,0,1
2,low,7.0,44,DSR,1001,2,n3,n2,4.042,1,0,1
2,low,7.0,44,DSR,1001,3,n2,n1,0.056,1,0,0
2,low,7.0,44,DSR,1001,4,n1,S,0.127,1,0,0
2,low,7.0,44,DSDV,1001,0,n5,n4,0.125,1,0,0
2,low,7.0,44,DSDV,1001,1,n4,n3,3.002,1,0,1
2,low,7.0,44,DSDV,1001,2,n3,n2,4.042,1,0,1
2,low,7.0,44,DSDV,1001,3,n2,n1,0.056,1,0,0
2,low,7.0,44,DSDV,1001,4,n1,S,0.127,1,0,0
2,low,8.0,37,AODV,1001,0,n5,n4,0.054,1,0,0
2,low,8.0,37,AODV,1001,1,n4,n3,3.372,1,0,1
2,low,8.0,37,AODV,1001,2,n3,n2,3.610,1,0,1
2,low,8.0,37,AODV,1001,3,n2,n1,0.176,1,0,0
2,low,8.0,37,AODV,1001,4,n1,S,0.062,1,0,0
2,low,8.0,37,OLSR,1001,0,n5,n4,0.054,1,0,0
2,low,8.0,37,OLSR,1001,1,n4,n3,3.372,1,0,1
2,low,8.0,37,OLSR,1001,2,n3,n2,3.610,1,0,1
2,low,8.0,37,OLSR,1001,3,n2,n1,0.176,1,0,0
2,low,8.0,37,OLSR,1001,4,n1,S,0.062,1,0,0
2,low,8.0,37,DSR,1001,0,n5,n4,0.054,1,0,0
2,low,8.0,37,DSR,1001,1,n4,n3,3.372,1,0,1
2,low,8.0,37,DSR,1001,2,n3,n2,3.610,1,0,1
2,low,8.0,37,DSR,1001,3,n2,n1,0.176,1,0,0
2,low,8.0,37,DSR,1001,4,n1,S,0.062,1,0,0
2,low,8.0,37,DSDV,1001,0,n5,n4,0.054,1,0,0
2,low,8.0,37,DSDV,1001,1,n4,n3,3.372,1,0,1
2,low,8.0,37,DSDV,1001,2,n3,n2,3.610,1,0,1
2,low,8.0,37,DSDV,1001,3,n2,n1,0.176,1,0,0
2,low,8.0,37,DSDV,1001,4,n1,S,0.062,1,0,0
2,low,8.0,38,AODV,1001,0,n5,n4,0.128,1,0,0
2,low,8.0,38,AODV,1001,1,n4,n3,4.132,1,0,1
2,low,8.0,38,AODV,1001,2,n3,n2,3.228,1,0,1
2,low,8.0,38,AODV,1001,3,n2,n1,0.142,1,0,0
2,low,8.0,38,AODV,1001,4,n1,S,0.136,1,0,0
2,low,8.0,38,OLSR,1001,0,n5,n4,0.128,1,0,0
2,low,8.0,38,OLSR,1001,1,n4,n3,4.132,1,0,1
2,low,8.0,38,OLSR,1001,2,n3,n2,3.228,1,0,1
2,low,8.0,38,OLSR,1001,3,n2,n1,0.142,1,0,0
2,low,8.0,38,OLSR,1001,4,n1,S,0.136,1,0,0
2,low,8.0,38,DSR,1001,0,n5,n4,0.128,1,0,0
2,low,8.0,38,DSR,1001,1,n4,n3,4.132,1,0,1
2,low,8.0,38,DSR,1001,2,n3,n2,3.228,1,0,1
2,low,8.0,38,DSR,1001,3,n2,n1,0.142,1,0,0
2,low,8.0,38,DSR,1001,4,n1,S,0.136,1,0,0
2,low,8.0,38,DSDV,1001,0,n5,n4,0.128,1,0,0
2,low,8.0,38,DSDV,1001,1,n4,n3,4.132,1,0,1
2,low,8.0,38,DSDV,1001,2,n3,n2,3.228,1,0,1
2,low,8.0,38,DSDV,1001,3,n2,n1,0.142,1,0,0
2,low,8.0,38,DSDV,1001,4,n1,S,0.136,1,0,0
2,low,8.0,39,AODV,1001,0,n5,n4,0.108,1,0,0
2,low,8.0,39,AODV,1001,1,n4,n3,4.303,1,0,1
2,low,8.0,39,AODV,1001,2,n3,n2,1.460,1,0,1
2,low,8.0,39,AODV,1001,3,n2,n1,0.136,1,0,0
2,low,8.0,39,AODV,1001,4,n1,S,0.142,1,0,0
2,low,8.0,39,OLSR,1001,0,n5,n4,0.108,1,0,0
2,low,8.0,39,OLSR,1001,1,n4,n3,4.303,1,0,1
2,low,8.0,39,OLSR,1001,2,n3,n2,1.460,1,0,1
2,low,8.0,39,OLSR,1001,3,n2,n1,0.136,1,0,0
2,low,8.0,39,OLSR,1001,4,n1,S,0.142,1,0,0
2,low,8.0,39,DSR,1001,0,n5,n4,0.108,1,0,0
2,low,8.0,39,DSR,1001,1,n4,n3,4.303,1,0,1
2,low,8.0,39,DSR,1001,2,n3,n2,1.460,1,0,1
2,low,8.0,39,DSR,1001,3,n2,n1,0.136,1,0,0
2,low,8.0,39,DSR,1001,4,n1,S,0.142,1,0,0
2,low,8.0,39,DSDV,1001,0,n5,n4,0.108,1,0,0
2,low,8.0,39,DSDV,1001,1,n4,n3,4.303,1,0,1
2,low,8.0,39,DSDV,1001,2,n3,n2,1.460,1,0,1
2,low,8.0,39,DSDV,1001,3,n2,n1,0.136,1,0,0
2,low,8.0,39,DSDV,1001,4,n1,S,0.142,1,0,0
2,low,8.0,40,AODV,1001,0,n5,n4,0.127,1,0,0
2,low,8.0,40,AODV,1001,1,n4,n3,63.838,1,1,1
2,low,8.0,40,AODV,1001,2,n3,n2,3.223,1,0,1
2,low,8.0,40,AODV,1001,3,n2,n1,0.119,1,0,0
2,low,8.0,40,AODV,1001,4,n1,S,0.119,1,0,0
2,low,8.0,40,OLSR,1001,0,n5,n4,0.127,1,0,0
2,low,8.0,40,OLSR,1001,1,n4,n3,63.838,1,1,1
2,low,8.0,40,OLSR,1001,2,n3,n2,3.223,1,0,1
2,low,8.0,40,OLSR,1001,3,n2,n1,0.119,1,0,0
2,low,8.0,40,OLSR,1001,4,n1,S,0.119,1,0,0
2,low,8.0,40,DSR,1001,0,n5,n4,0.127,1,0,0
2,low,8.0,40,DSR,1001,1,n4,n3,63.838,1,1,1
2,low,8.0,40,DSR,1001,2,n3,n2,3.223,1,0,1
2,low,8.0,40,DSR,1001,3,n2,n1,0.119,1,0,0
2,low,8.0,40,DSR,1001,4,n1,S,0.119,1,0,0
2,low,8.0,40,DSDV,1001,0,n5,n4,0.127,1,0,0
2,low,8.0,40,DSDV,1001,1,n4,n3,63.838,1,1,1
2,low,8.0,40,DSDV,1001,2,n3,n2,3.223,1,0,1
2,low,8.0,40,DSDV,1001,3,n2,n1,0.119,1,0,0
2,low,8.0,40,DSDV,1001,4,n1,S,0.119,1,0,0
2,low,8.0,41,AODV,1001,0,n5,n4,0.056,1,0,0
2,low,8.0,41,AODV,1001,1,n4,n3,123.415,1,1,1
2,low,8.0,41,AODV,1001,2,n3,n2,4.018,1,0,1
2,low,8.0,41,AODV,1001,3,n2,n1,0.111,1,0,0
2,low,8.0,41,AODV,1001,4,n1,S,0.125,1,0,0
2,low,8.0,41,OLSR,1001,0,n5,n4,0.056,1,0,0
2,low,8.0,41,OLSR,1001,1,n4,n3,123.415,1,1,1
2,low,8.0,41,OLSR,1001,2,n3,n2,4.018,1,0,1
2,low,8.0,41,OLSR,1001,3,n2,n1,0.111,1,0,0
2,low,8.0,41,OLSR,1001,4,n1,S,0.125,1,0,0
2,low,8.0,41,DSR,1001,0,n5,n4,0.056,1,0,0
2,low,8.0,41,DSR,1001,1,n4,n3,123.415,1,1,1
2,low,8.0,41,DSR,1001,2,n3,n2,4.018,1,0,1
2,low,8.0,41,DSR,1001,3,n2,n1,0.111,1,0,0
2,low,8.0,41,DSR,1001,4,n1,S,0.125,1,0,0
2,low,8.0,41,DSDV,1001,0,n5,n4,0.056,1,0,0
2,low,8.0,41,DSDV,1001,1,n4,n3,123.415,1,1,1
2,low,8.0,41,DSDV,1001,2,n3,n2,4.018,1,0,1
2,low,8.0,41,DSDV,1001,3,n2,n1,0.111,1,0,0
2,low,8.0,41,DSDV,1001,4,n1,S,0.125,1,0,0
2,low,8.0,42,AODV,1001,0,n5,n4,0.115,1,0,0
2,low,8.0,42,AODV,1001,1,n4,n3,3.415,1,0,1
2,low,8.0,42,AODV,1001,2,n3,n2,4.018,1,0,1
2,low,8.0,42,AODV,1001,3,n2,n1,0.075,1,0,0
2,low,8.0,42,AODV,1001,4,n1,S,0.112,1,0,0
2,low,8.0,42,OLSR,1001,0,n5,n4,0.115,1,0,0
2,low,8.0,42,OLSR,1001,1,n4,n3,3.415,1,0,1
2,low,8.0,42,OLSR,1001,2,n3,n2,4.018,1,0,1
2,low,8.0,42,OLSR,1001,3,n2,n1,0.075,1,0,0
2,low,8.0,42,OLSR,1001,4,n1,S,0.112,1,0,0
2,low,8.0,42,DSR,1001,0,n5,n4,0.115,1,0,0
2,low,8.0,42,DSR,1001,1,n4,n3,3.415,1,0,1
2,low,8.0,42,DSR,1001,2,n3,n2,4.018,1,0,1
2,low,8.0,42,DSR,1001,3,n2,n1,0.075,1,0,0
2,low,8.0,42,DSR,1001,4,n1,S,0.112,1,0,0
2,low,8.0,42,DSDV,1001,0,n5,n4,0.115,1,0,0
2,low,8.0,42,DSDV,1001,1,n4,n3,3.415,1,0,1
2,low,8.0,42,DSDV,1001,2,n3,n2,4.018,1,0,1
2,low,8.0,42,DSDV,1001,3,n2,n1,0.075,1,0,0
2,low,8.0,42,DSDV,1001,4,n1,S,0.112,1,0,0
2,low,8.0,43,AODV,1001,0,n5,n4,0.114,1,0,0
2,low,8.0,43,AODV,1001,1,n4,n3,4.042,1,0,1
2,low,8.0,43,AODV,1001,2,n3,n2,3.002,1,0,1
2,low,8.0,43,AODV,1001,3,n2,n1,0.112,1,0,0
2,low,8.0,43,AODV,1001,4,n1,S,0.075,1,0,0
2,low,8.0,43,OLSR,1001,0,n5,n4,0.114,1,0,0
2,low,8.0,43,OLSR,1001,1,n4,n3,4.042,1,0,1
2,low,8.0,43,OLSR,1001,2,n3,n2,3.002,1,0,1
2,low,8.0,43,OLSR,1001,3,n2,n1,0.112,1,0,0
2,low,8.0,43,OLSR,1001,4,n1,S,0.075,1,0,0
2,low,8.0,43,DSR,1001,0,n5,n4,0.114,1,0,0
2,low,8.0,43,DSR,1001,1,n4,n3,4.042,1,0,1
2,low,8.0,43,DSR,1001,2,n3,n2,3.002,1,0,1
2,low,8.0,43,DSR,1001,3,n2,n1,0.112,1,0,0
2,low,8.0,43,DSR,1001,4,n1,S,0.075,1,0,0
2,low,8.0,43,DSDV,1001,0,n5,n4,0.114,1,0,0
2,low,8.0,43,DSDV,1001,1,n4,n3,4.042,1,0,1
2,low,8.0,43,DSDV,1001,2,n3,n2,3.002,1,0,1
2,low,8.0,43,DSDV,1001,3,n2,n1,0.112,1,0,0
2,low,8.0,43,DSDV,1001,4,n1,S,0.075,1,0,0
2,low,8.0,44,AODV,1001,0,n5,n4,0.125,1,0,0
2,low,8.0,44,AODV,1001,1,n4,n3,3.002,1,0,1
2,low,8.0,44,AODV,1001,2,n3,n2,4.042,1,0,1
2,low,8.0,44,AODV,1001,3,n2,n1,0.056,1,0,0
2,low,8.0,44,AODV,1001,4,n1,S,0.127,1,0,0
2,low,8.0,44,OLSR,1001,0,n5,n4,0.125,1,0,0
2,low,8.0,44,OLSR,1001,1,n4,n3,3.002,1,0,1
2,low,8.0,44,OLSR,1001,2,n3,n2,4.042,1,0,1
2,low,8.0,44,OLSR,1001,3,n2,n1,0.056,1,0,0
2,low,8.0,44,OLSR,1001,4,n1,S,0.127,1,0,0
2,low,8.0,44,DSR,1001,0,n5,n4,0.125,1,0,0
2,low,8.0,44,DSR,1001,1,n4,n3,3.002,1,0,1
2,low,8.0,44,DSR,1001,2,n3,n2,4.042,1,0,1
2,low,8.0,44,DSR,1001,3,n2,n1,0.056,1,0,0
2,low,8.0,44,DSR,1001,4,n1,S,0.127,1,0,0
2,low,8.0,44,DSDV,1001,0,n5,n4,0.125,1,0,0
2,low,8.0,44,DSDV,1001,1,n4,n3,3.002,1,0,1
2,low,8.0,44,DSDV,1001,2,n3,n2,4.042,1,0,1
2,low,8.0,44,DSDV,1001,3,n2,n1,0.056,1,0,0
2,low,8.0,44,DSDV,1001,4,n1,S,0.127,1,0,0
2,low,10.0,37,AODV,1001,0,n5,n4,0.054,1,0,0
2,low,10.0,37,AODV,1001,1,n4,n3,3.372,1,0,1
2,low,10.0,37,AODV,1001,2,n3,n2,3.610,1,0,1
2,low,10.0,37,AODV,1001,3,n2,n1,0.176,1,0,0
2,low,10.0,37,AODV,1001,4,n1,S,0.062,1,0,0
2,low,10.0,37,OLSR,1001,0,n5,n4,0.054,1,0,0
2,low,10.0,37,OLSR,1001,1,n4,n3,3.372,1,0,1
2,low,10.0,37,OLSR,1001,2,n3,n2,3.610,1,0,1
2,low,10.0,37,OLSR,1001,3,n2,n1,0.176,1,0,0
2,low,10.0,37,OLSR,1001,4,n1,S,0.062,1,0,0
2,low,10.0,37,DSR,1001,0,n5,n4,0.054,1,0,0
2,low,10.0,37,DSR,1001,1,n4,n3,3.372,1,0,1
2,low,10.0,37,DSR,1001,2,n3,n2,3.610,1,0,1
2,low,10.0,37,DSR,1001,3,n2,n1,0.176,1,0,0
2,low,10.0,37,DSR,1001,4,n1,S,0.062,1,0,0
2,low,10.0,37,DSDV,1001,0,n5,n4,0.054,1,0,0
2,low,10.0,37,DSDV,1001,1,n4,n3,3.372,1,0,1
2,low,10.0,37,DSDV,1001,2,n3,n2,3.610,1,0,1
2,low,10.0,37,DSDV,1001,3,n2,n1,0.176,1,0,0
2,low,10.0,37,DSDV,1001,4,n1,S,0.062,1,0,0
2,low,10.0,38,AODV,1001,0,n5,n4,0.128,1,0,0
2,low,10.0,38,AODV,1001,1,n4,n3,4.132,1,0,1
2,low,10.0,38,AODV,1001,2,n3,n2,3.228,1,0,1
2,low,10.0,38,AODV,1001,3,n2,n1,0.142,1,0,0
2,low,10.0,38,AODV,1001,4,n1,S,0.136,1,0,0
2,low,10.0,38,OLSR,1001,0,n5,n4,0.128,1,0,0
2,low,10.0,38,OLSR,1001,1,n4,n3,4.132,1,0,1
2,low,10.0,38,OLSR,1001,2,n3,n2,3.228,1,0,1
2,low,10.0,38,OLSR,1001,3,n2,n1,0.142,1,0,0
2,low,10.0,38,OLSR,1001,4,n1,S,0.136,1,0,0
2,low,10.0,38,DSR,1001,0,n5,n4,0.128,1,0,0
2,low,10.0,38,DSR,1001,1,n4,n3,4.132,1,0,1
2,low,10.0,38,DSR,1001,2,n3,n2,3.228,1,0,1
2,low,10.0,38,DSR,1001,3,n2,n1,0.142,1,0,0
2,low,10.0,38,DSR,1001,4,n1,S,0.136,1,0,0
2,low,10.0,38,DSDV,1001,0,n5,n4,0.128,1,0,0
2,low,10.0,38,DSDV,1001,1,n4,n3,4.132,1,0,1
2,low,10.0,38,DSDV,1001,2,n3,n2,3.228,1,0,1
2,low,10.0,38,DSDV,1001,3,n2,n1,0.142,1,0,0
2,low,10.0,38,DSDV,1001,4,n1,S,0.136,1,0,0
2,low,10.0,39,AODV,1001,0,n5,n4,0.108,1,0,0
2,low,10.0,39,AODV,1001,1,n4,n3,4.303,1,0,1
2,low,10.0,39,AODV,1001,2,n3,n2,1.460,1,0,1
2,low,10.0,39,AODV,1001,3,n2,n1,0.136,1,0,0
2,low,10.0,39,AODV,1001,4,n1,S,0.142,1,0,0
2,low,10.0,39,OLSR,1001,0,n5,n4,0.108,1,0,0
2,low,10.0,39,OLSR,1001,1,n4,n3,4.303,1,0,1
2,low,10.0,39,OLSR,1001,2,n3,n2,1.460,1,0,1
2,low,10.0,39,OLSR,1001,3,n2,n1,0.136,1,0,0
2,low,10.0,39,OLSR,1001,4,n1,S,0.142,1,0,0
2,low,10.0,39,DSR,1001,0,n5,n4,0.108,1,0,0
2,low,10.0,39,DSR,1001,1,n4,n3,4.303,1,0,1
2,low,10.0,39,DSR,1001,2,n3,n2,1.460,1,0,1
2,low,10.0,39,DSR,1001,3,n2,n1,0.136,1,0,0
2,low,10.0,39,DSR,1001,4,n1,S,0.142,1,0,0
2,low,10.0,39,DSDV,1001,0,n5,n4,0.108,1,0,0
2,low,10.0,39,DSDV,1001,1,n4,n3,4.303,1,0,1
2,low,10.0,39,DSDV,1001,2,n3,n2,1.460,1,0,1
2,low,10.0,39,DSDV,1001,3,n2,n1,0.136,1,0,0
2,low,10.0,39,DSDV,1001,4,n1,S,0.142,1,0,0
2,low,10.0,40,AODV,1001,0,n5,n4,0.127,1,0,0
2,low,10.0,40,AODV,1001,1,n4,n3,63.838,1,1,1
2,low,10.0,40,AODV,1001,2,n3,n2,3.223,1,0,1
2,low,10.0,40,AODV,1001,3,n2,n1,0.119,1,0,0
2,low,10.0,40,AODV,1001,4,n1,S,0.119,1,0,0
2,low,10.0,40,OLSR,1001,0,n5,n4,0.127,1,0,0
2,low,10.0,40,OLSR,1001,1,n4,n3,63.838,1,1,1
2,low,10.0,40,OLSR,1001,2,n3,n2,3.223,1,0,1
2,low,10.0,40,OLSR,1001,3,n2,n1,0.119,1,0,0
2,low,10.0,40,OLSR,1001,4,n1,S,0.119,1,0,0
2,low,10.0,40,DSR,1001,0,n5,n4,0.127,1,0,0
2,low,10.0,40,DSR,1001,1,n4,n3,63.838,1,1,1
2,low,10.0,40,DSR,1001,2,n3,n2,3.223,1,0,1
2,low,10.0,40,DSR,1001,3,n2,n1,0.119,1,0,0
2,low,10.0,40,DSR,1001,4,n1,S,0.119,1,0,0
2,low,10.0,40,DSDV,1001,0,n5,n4,0.127,1,0,0
2,low,10.0,40,DSDV,1001,1,n4,n3,63.838,1,1,1
2,low,10.0,40,DSDV,1001,2,n3,n2,3.223,1,0,1
2,low,10.0,40,DSDV,1001,3,n2,n1,0.119,1,0,0
2,low,10.0,40,DSDV,1001,4,n1,S,0.119,1,0,0
2,low,10.0,41,AODV,1001,0,n5,n4,0.056,1,0,0
2,low,10.0,41,AODV,1001,1,n4,n3,123.415,1,1,1
2,low,10.0,41,AODV,1001,2,n3,n2,4.018,1,0,1
2,low,10.0,41,AODV,1001,3,n2,n1,0.111,1,0,0
2,low,10.0,41,AODV,1001,4,n1,S,0.125,1,0,0
2,low,10.0,41,OLSR,1001,0,n5,n4,0.056,1,0,0
2,low,10.0,41,OLSR,1001,1,n4,n3,123.415,1,1,1
2,low,10.0,41,OLSR,1001,2,n3,n2,4.018,1,0,1
2,low,10.0,41,OLSR,1001,3,n2,n1,0.111,1,0,0
2,low,10.0,41,OLSR,1001,4,n1,S,0.125,1,0,0
2,low,10.0,41,DSR,1001,0,n5,n4,0.056,1,0,0
2,low,10.0,41,DSR,1001,1,n4,n3,123.415,1,1,1
2,low,10.0,41,DSR,1001,2,n3,n2,4.018,1,0,1
2,low,10.0,41,DSR,1001,3,n2,n1,0.111,1,0,0
2,low,10.0,41,DSR,1001,4,n1,S,0.125,1,0,0
2,low,10.0,41,DSDV,1001,0,n5,n4,0.056,1,0,0
2,low,10.0,41,DSDV,1001,1,n4,n3,123.415,1,1,1
2,low,10.0,41,DSDV,1001,2,n3,n2,4.018,1,0,1
2,low,10.0,41,DSDV,1001,3,n2,n1,0.111,1,0,0
2,low,10.0,41,DSDV,1001,4,n1,S,0.125,1,0,0
2,low,10.0,42,AODV,1001,0,n5,n4,0.115,1,0,0
2,low,10.0,42,AODV,1001,1,n4,n3,3.415,1,0,1
2,low,10.0,42,AODV,1001,2,n3,n2,4.018,1,0,1
2,low,10.0,42,AODV,1001,3,n2,n1,0.075,1,0,0
2,low,10.0,42,AODV,1001,4,n1,S,0.112,1,0,0
2,low,10.0,42,OLSR,1001,0,n5,n4,0.115,1,0,0
2,low,10.0,42,OLSR,1001,1,n4,n3,3.415,1,0,1
2,low,10.0,42,OLSR,1001,2,n3,n2,4.018,1,0,1
2,low,10.0,42,OLSR,1001,3,n2,n1,0.075,1,0,0
2,low,10.0,42,OLSR,1001,4,n1,S,0.112,1,0,0
2,low,10.0,42,DSR,1001,0,n5,n4,0.115,1,0,0
2,low,10.0,42,DSR,1001,1,n4,n3,3.415,1,0,1
2,low,10.0,42,DSR,1001,2,n3,n2,4.018,1,0,1
2,low,10.0,42,DSR,1001,3,n2,n1,0.075,1,0,0
2,low,10.0,42,DSR,1001,4,n1,S,0.112,1,0,0
2,low,10.0,42,DSDV,1001,0,n5,n4,0.115,1,0,0
2,low,10.0,42,DSDV,1001,1,n4,n3,3.415,1,0,1
2,low,10.0,42,DSDV,1001,2,n3,n2,4.018,1,0,1
2,low,10.0,42,DSDV,1001,3,n2,n1,0.075,1,0,0
2,low,10.0,42,DSDV,1001,4,n1,S,0.112,1,0,0
2,low,10.0,43,AODV,1001,0,n5,n4,0.114,1,0,0
2,low,10.0,43,AODV,1001,1,n4,n3,4.042,1,0,1
2,low,10.0,43,AODV,1001,2,n3,n2,3.002,1,0,1
2,low,10.0,43,AODV,1001,3,n2,n1,0.112,1,0,0
2,low,10.0,43,AODV,1001,4,n1,S,0.075,1,0,0
2,low,10.0,43,OLSR,1001,0,n5,n4,0.114,1,0,0
2,low,10.0,43,OLSR,1001,1,n4,n3,4.042,1,0,1
2,low,10.0,43,OLSR,1001,2,n3,n2,3.002,1,0,1
2,low,10.0,43,OLSR,1001,3,n2,n1,0.112,1,0,0
2,low,10.0,43,OLSR,1001,4,n1,S,0.075,1,0,0
2,low,10.0,43,DSR,1001,0,n5,n4,0.114,1,0,0
2,low,10.0,43,DSR,1001,1,n4,n3,4.042,1,0,1
2,low,10.0,43,DSR,1001,2,n3,n2,3.002,1,0,1
2,low,10.0,43,DSR,1001,3,n2,n1,0.112,1,0,0
2,low,10.0,43,DSR,1001,4,n1,S,0.075,1,0,0
2,low,10.0,43,DSDV,1001,0,n5,n4,0.114,1,0,0
2,low,10.0,43,DSDV,1001,1,n4,n3,4.042,1,0,1
2,low,10.0,43,DSDV,1001,2,n3,n2,3.002,1,0,1
2,low,10.0,43,DSDV,1001,3,n2,n1,0.112,1,0,0
2,low,10.0,43,DSDV,1001,4,n1,S,0.075,1,0,0
2,low,10.0,44,AODV,1001,0,n5,n4,0.125,1,0,0
2,low,10.0,44,AODV,1001,1,n4,n3,3.002,1,0,1
2,low,10.0,44,AODV,1001,2,n3,n2,4.042,1,0,1
2,low,10.0,44,AODV,1001,3,n2,n1,0.056,1,0,0
2,low,10.0,44,AODV,1001,4,n1,S,0.127,1,0,0
2,low,10.0,44,OLSR,1001,0,n5,n4,0.125,1,0,0
2,low,10.0,44,OLSR,1001,1,n4,n3,3.002,1,0,1
2,low,10.0,44,OLSR,1001,2,n3,n2,4.042,1,0,1
2,low,10.0,44,OLSR,1001,3,n2,n1,0.056,1,0,0
2,low,10.0,44,OLSR,1001,4,n1,S,0.127,1,0,0
2,low,10.0,44,DSR,1001,0,n5,n4,0.125,1,0,0
2,low,10.0,44,DSR,1001,1,n4,n3,3.002,1,0,1
2,low,10.0,44,DSR,1001,2,n3,n2,4.042,1,0,1
2,low,10.0,44,DSR,1001,3,n2,n1,0.056,1,0,0
2,low,10.0,44,DSR,1001,4,n1,S,0.127,1,0,0
2,low,10.0,44,DSDV,1001,0,n5,n4,0.125,1,0,0
2,low,10.0,44,DSDV,1001,1,n4,n3,3.002,1,0,1
2,low,10.0,44,DSDV,1001,2,n3,n2,4.042,1,0,1
2,low,10.0,44,DSDV,1001,3,n2,n1,0.056,1,0,0
2,low,10.0,44,DSDV,1001,4,n1,S,0.127,1,0,0
2,medium,0.25,37,AODV,1001,0,n5,n4,0.054,1,0,0
2,medium,0.25,37,AODV,1001,1,n4,n3,4.506,1,1,1
2,medium,0.25,37,AODV,1001,2,n3,n2,4.843,1,1,1
2,medium,0.25,37,AODV,1001,3,n2,n1,0.176,1,0,0
2,medium,0.25,37,AODV,1001,4,n1,S,0.062,1,0,0
2,medium,0.25,37,OLSR,1001,0,n5,n4,0.054,1,0,0
2,medium,0.25,37,OLSR,1001,1,n4,n3,4.506,1,1,1
2,medium,0.25,37,OLSR,1001,2,n3,n2,4.843,1,1,1
2,medium,0.25,37,OLSR,1001,3,n2,n1,0.176,1,0,0
2,medium,0.25,37,OLSR,1001,4,n1,S,0.062,1,0,0
2,medium,0.25,37,DSR,1001,0,n5,n4,0.054,1,0,0
2,medium,0.25,37,DSR,1001,1,n4,n3,4.506,1,1,1
2,medium,0.25,37,DSR,1001,2,n3,n2,4.843,1,1,1
2,medium,0.25,37,DSR,1001,3,n2,n1,0.176,1,0,0
2,medium,0.25,37,DSR,1001,4,n1,S,0.062,1,0,0
2,medium,0.25,37,DSDV,1001,0,n5,n4,0.054,1,0,0
2,medium,0.25,37,DSDV,1001,1,n4,n3,4.506,1,1,1
2,medium,0.25,37,DSDV,1001,2,n3,n2,4.843,1,1,1
2,medium,0.25,37,DSDV,1001,3,n2,n1,0.176,1,0,0
2,medium,0.25,37,DSDV,1001,4,n1,S,0.062,1,0,0
2,medium,0.25,38,AODV,1001,0,n5,n4,0.128,1,0,0
2,medium,0.25,38,AODV,1001,1,n4,n3,124.506,1,1,1
2,medium,0.25,38,AODV,1001,2,n3,n2,4.843,1,1,1
2,medium,0.25,38,AODV,1001,3,n2,n1,0.136,1,0,0
2,medium,0.25,38,AODV,1001,4,n1,S,0.142,1,0,0
2,medium,0.25,38,OLSR,1001,0,n5,n4,0.128,1,0,0
2,medium,0.25,38,OLSR,1001,1,n4,n3,124.506,1,1,1
2,medium,0.25,38,OLSR,1001,2,n3,n2,4.843,1,1,1
2,medium,0.25,38,OLSR,1001,3,n2,n1,0.136,1,0,0
2,medium,0.25,38,OLSR,1001,4,n1,S,0.142,1,0,0
2,medium,0.25,38,DSR,1001,0,n5,n4,0.128,1,0,0
2,medium,0.25,38,DSR,1001,1,n4,n3,124.506,1,1,1
2,medium,0.25,38,DSR,1001,2,n3,n2,4.843,1,1,1
2,medium,0.25,38,DSR,1001,3,n2,n1,0.136,1,0,0
2,medium,0.25,38,DSR,1001,4,n1,S,0.142,1,0,0
2,medium,0.25,38,DSDV,1001,0,n5,n4,0.128,1,0,0
2,medium,0.25,38,DSDV,1001,1,n4,n3,124.506,1,1,1
2,medium,0.25,38,DSDV,1001,2,n3,n2,4.843,1,1,1
2,medium,0.25,38,DSDV,1001,3,n2,n1,0.136,1,0,0
2,medium,0.25,38,DSDV,1001,4,n1,S,0.142,1,0,0
2,medium,0.25,39,AODV,1001,0,n5,n4,0.108,1,0,0
2,medium,0.25,39,AODV,1001,1,n4,n3,244.506,1,1,1
2,medium,0.25,39,AODV,1001,2,n3,n2,4.843,1,1,1
2,medium,0.25,39,AODV,1001,3,n2,n1,0.113,1,0,0
2,medium,0.25,39,AODV,1001,4,n1,S,0.095,1,0,0
2,medium,0.25,39,OLSR,1001,0,n5,n4,0.108,1,0,0
2,medium,0.25,39,OLSR,1001,1,n4,n3,244.506,1,1,1
2,medium,0.25,39,OLSR,1001,2,n3,n2,4.843,1,1,1
2,medium,0.25,39,OLSR,1001,3,n2,n1,0.113,1,0,0
2,medium,0.25,39,OLSR,1001,4,n1,S,0.095,1,0,0
2,medium,0.25,39,DSR,1001,0,n5,n4,0.108,1,0,0
2,medium,0.25,39,DSR,1001,1,n4,n3,244.506,1,1,1
2,medium,0.25,39,DSR,1001,2,n3,n2,4.843,1,1,1
2,medium,0.25,39,DSR,1001,3,n2,n1,0.113,1,0,0
2,medium,0.25,39,DSR,1001,4,n1,S,0.095,1,0,0
2,medium,0.25,39,DSDV,1001,0,n5,n4,0.108,1,0,0
2,medium,0.25,39,DSDV,1001,1,n4,n3,244.506,1,1,1
2,medium,0.25,39,DSDV,1001,2,n3,n2,4.843,1,1,1
2,medium,0.25,39,DSDV,1001,3,n2,n1,0.113,1,0,0
2,medium,0.25,39,DSDV,1001,4,n1,S,0.095,1,0,0
2,medium,0.25,40,AODV,1001,0,n5,n4,0.127,1,0,0
2,medium,0.25,40,AODV,1001,1,n4,n3,244.566,1,1,1
2,medium,0.25,40,AODV,1001,2,n3,n2,243.309,1,1,1
2,medium,0.25,40,AODV,1001,3,n2,n1,0.078,1,0,0
2,medium,0.25,40,AODV,1001,4,n1,S,0.081,1,0,0
2,medium,0.25,40,OLSR,1001,0,n5,n4,0.127,1,0,0
2,medium,0.25,40,OLSR,1001,1,n4,n3,244.566,1,1,1
2,medium,0.25,40,OLSR,1001,2,n3,n2,243.309,1,1,1
2,medium,0.25,40,OLSR,1001,3,n2,n1,0.078,1,0,0
2,medium,0.25,40,OLSR,1001,4,n1,S,0.081,1,0,0
2,medium,0.25,40,DSR,1001,0,n5,n4,0.127,1,0,0
2,medium,0.25,40,DSR,1001,1,n4,n3,244.566,1,1,1
2,medium,0.25,40,DSR,1001,2,n3,n2,243.309,1,1,1
2,medium,0.25,40,DSR,1001,3,n2,n1,0.078,1,0,0
2,medium,0.25,40,DSR,1001,4,n1,S,0.081,1,0,0
2,medium,0.25,40,DSDV,1001,0,n5,n4,0.127,1,0,0
2,medium,0.25,40,DSDV,1001,1,n4,n3,244.566,1,1,1
2,medium,0.25,40,DSDV,1001,2,n3,n2,243.309,1,1,1
2,medium,0.25,40,DSDV,1001,3,n2,n1,0.078,1,0,0
2,medium,0.25,40,DSDV,1001,4,n1,S,0.081,1,0,0
2,medium,0.25,41,AODV,1001,0,n5,n4,0.056,1,0,0
2,medium,0.25,41,AODV,1001,1,n4,n3,124.566,1,1,1
2,medium,0.25,41,AODV,1001,2,n3,n2,64.275,1,1,1
2,medium,0.25,41,AODV,1001,3,n2,n1,0.119,1,0,0
2,medium,0.25,41,AODV,1001,4,n1,S,0.168,1,0,0
2,medium,0.25,41,OLSR,1001,0,n5,n4,0.056,1,0,0
2,medium,0.25,41,OLSR,1001,1,n4,n3,124.566,1,1,1
2,medium,0.25,41,OLSR,1001,2,n3,n2,64.275,1,1,1
2,medium,0.25,41,OLSR,1001,3,n2,n1,0.119,1,0,0
2,medium,0.25,41,OLSR,1001,4,n1,S,0.168,1,0,0
2,medium,0.25,41,DSR,1001,0,n5,n4,0.056,1,0,0
2,medium,0.25,41,DSR,1001,1,n4,n3,124.566,1,1,1
2,medium,0.25,41,DSR,1001,2,n3,n2,64.275,1,1,1
2,medium,0.25,41,DSR,1001,3,n2,n1,0.119,1,0,0
2,medium,0.25,41,DSR,1001,4,n1,S,0.168,1,0,0
2,medium,0.25,41,DSDV,1001,0,n5,n4,0.056,1,0,0
2,medium,0.25,41,DSDV,1001,1,n4,n3,124.566,1,1,1
2,medium,0.25,41,DSDV,1001,2,n3,n2,64.275,1,1,1
2,medium,0.25,41,DSDV,1001,3,n2,n1,0.119,1,0,0
2,medium,0.25,41,DSDV,1001,4,n1,S,0.168,1,0,0
2,medium,0.25,42,AODV,1001,0,n5,n4,0.115,1,0,0
2,medium,0.25,42,AODV,1001,1,n4,n3,4.566,1,1,1
2,medium,0.25,42,AODV,1001,2,n3,n2,63.769,1,1,1
2,medium,0.25,42,AODV,1001,3,n2,n1,0.127,1,0,0
2,medium,0.25,42,AODV,1001,4,n1,S,0.127,1,0,0
2,medium,0.25,42,OLSR,1001,0,n5,n4,0.115,1,0,0
2,medium,0.25,42,OLSR,1001,1,n4,n3,4.566,1,1,1
2,medium,0.25,42,OLSR,1001,2,n3,n2,63.769,1,1,1
2,medium,0.25,42,OLSR,1001,3,n2,n1,0.127,1,0,0
2,medium,0.25,42,OLSR,1001,4,n1,S,0.127,1,0,0
2,medium,0.25,42,DSR,1001,0,n5,n4,0.115,1,0,0
2,medium,0.25,42,DSR,1001,1,n4,n3,4.566,1,1,1
2,medium,0.25,42,DSR,1001,2,n3,n2,63.769,1,1,1
2,medium,0.25,42,DSR,1001,3,n2,n1,0.127,1,0,0
2,medium,0.25,42,DSR,1001,4,n1,S,0.127,1,0,0
2,medium,0.25,42,DSDV,1001,0,n5,n4,0.115,1,0,0
2,medium,0.25,42,DSDV,1001,1,n4,n3,4.566,1,1,1
2,medium,0.25,42,DSDV,1001,2,n3,n2,63.769,1,1,1
2,medium,0.25,42,DSDV,1001,3,n2,n1,0.127,1,0,0
2,medium,0.25,42,DSDV,1001,4,n1,S,0.127,1,0,0
2,medium,0.25,43,AODV,1001,0,n5,n4,0.114,1,0,0
2,medium,0.25,43,AODV,1001,1,n4,n3,424.822,1,1,1
2,medium,0.25,43,AODV,1001,2,n3,n2,62.554,1,1,1
2,medium,0.25,43,AODV,1001,3,n2,n1,0.152,1,0,0
2,medium,0.25,43,AODV,1001,4,n1,S,0.140,1,0,0
2,medium,0.25,43,OLSR,1001,0,n5,n4,0.114,1,0,0
2,medium,0.25,43,OLSR,1001,1,n4,n3,424.822,1,1,1
2,medium,0.25,43,OLSR,1001,2,n3,n2,62.554,1,1,1
2,medium,0.25,43,OLSR,1001,3,n2,n1,0.152,1,0,0
2,medium,0.25,43,OLSR,1001,4,n1,S,0.140,1,0,0
2,medium,0.25,43,DSR,1001,0,n5,n4,0.114,1,0,0
2,medium,0.25,43,DSR,1001,1,n4,n3,424.822,1,1,1
2,medium,0.25,43,DSR,1001,2,n3,n2,62.554,1,1,1
2,medium,0.25,43,DSR,1001,3,n2,n1,0.152,1,0,0
2,medium,0.25,43,DSR,1001,4,n1,S,0.140,1,0,0
2,medium,0.25,43,DSDV,1001,0,n5,n4,0.114,1,0,0
2,medium,0.25,43,DSDV,1001,1,n4,n3,424.822,1,1,1
2,medium,0.25,43,DSDV,1001,2,n3,n2,62.554,1,1,1
2,medium,0.25,43,DSDV,1001,3,n2,n1,0.152,1,0,0
2,medium,0.25,43,DSDV,1001,4,n1,S,0.140,1,0,0
2,medium,0.25,44,AODV,1001,0,n5,n4,0.125,1,0,0
2,medium,0.25,44,AODV,1001,1,n4,n3,3.947,1,1,1
2,medium,0.25,44,AODV,1001,2,n3,n2,304.822,1,1,1
2,medium,0.25,44,AODV,1001,3,n2,n1,0.119,1,0,0
2,medium,0.25,44,AODV,1001,4,n1,S,0.119,1,0,0
2,medium,0.25,44,OLSR,1001,0,n5,n4,0.125,1,0,0
2,medium,0.25,44,OLSR,1001,1,n4,n3,3.947,1,1,1
2,medium,0.25,44,OLSR,1001,2,n3,n2,304.822,1,1,1
2,medium,0.25,44,OLSR,1001,3,n2,n1,0.119,1,0,0
2,medium,0.25,44,OLSR,1001,4,n1,S,0.119,1,0,0
2,medium,0.25,44,DSR,1001,0,n5,n4,0.125,1,0,0
2,medium,0.25,44,DSR,1001,1,n4,n3,3.947,1,1,1
2,medium,0.25,44,DSR,1001,2,n3,n2,304.822,1,1,1
2,medium,0.25,44,DSR,1001,3,n2,n1,0.119,1,0,0
2,medium,0.25,44,DSR,1001,4,n1,S,0.119,1,0,0
2,medium,0.25,44,DSDV,1001,0,n5,n4,0.125,1,0,0
2,medium,0.25,44,DSDV,1001,1,n4,n3,3.947,1,1,1
2,medium,0.25,44,DSDV,1001,2,n3,n2,304.822,1,1,1
2,medium,0.25,44,DSDV,1001,3,n2,n1,0.119,1,0,0
2,medium,0.25,44,DSDV,1001,4,n1,S,0.119,1,0,0
2,medium,0.5,37,AODV,1001,0,n5,n4,0.054,1,0,0
2,medium,0.5,37,AODV,1001,1,n4,n3,4.506,1,1,1
2,medium,0.5,37,AODV,1001,2,n3,n2,4.843,1,1,1
2,medium,0.5,37,AODV,1001,3,n2,n1,0.176,1,0,0
2,medium,0.5,37,AODV,1001,4,n1,S,0.062,1,0,0
2,medium,0.5,37,OLSR,1001,0,n5,n4,0.054,1,0,0
2,medium,0.5,37,OLSR,1001,1,n4,n3,4.506,1,1,1
2,medium,0.5,37,OLSR,1001,2,n3,n2,4.843,1,1,1
2,medium,0.5,37,OLSR,1001,3,n2,n1,0.176,1,0,0
2,medium,0.5,37,OLSR,1001,4,n1,S,0.062,1,0,0
2,medium,0.5,37,DSR,1001,0,n5,n4,0.054,1,0,0
2,medium,0.5,37,DSR,1001,1,n4,n3,4.506,1,1,1
2,medium,0.5,37,DSR,1001,2,n3,n2,4.843,1,1,1
2,medium,0.5,37,DSR,1001,3,n2,n1,0.176,1,0,0
2,medium,0.5,37,DSR,1001,4,n1,S,0.062,1,0,0
2,medium,0.5,37,DSDV,1001,0,n5,n4,0.054,1,0,0
2,medium,0.5,37,DSDV,1001,1,n4,n3,4.506,1,1,1
2,medium,0.5,37,DSDV,1001,2,n3,n2,4.843,1,1,1
2,medium,0.5,37,DSDV,1001,3,n2,n1,0.176,1,0,0
2,medium,0.5,37,DSDV,1001,4,n1,S,0.062,1,0,0
2,medium,0.5,38,AODV,1001,0,n5,n4,0.128,1,0,0
2,medium,0.5,38,AODV,1001,1,n4,n3,124.506,1,1,1
2,medium,0.5,38,AODV,1001,2,n3,n2,4.843,1,1,1
2,medium,0.5,38,AODV,1001,3,n2,n1,0.136,1,0,0
2,medium,0.5,38,AODV,1001,4,n1,S,0.142,1,0,0
2,medium,0.5,38,OLSR,1001,0,n5,n4,0.128,1,0,0
2,medium,0.5,38,OLSR,1001,1,n4,n3,124.506,1,1,1
2,medium,0.5,38,OLSR,1001,2,n3,n2,4.843,1,1,1
2,medium,0.5,38,OLSR,1001,3,n2,n1,0.136,1,0,0
2,medium,0.5,38,OLSR,1001,4,n1,S,0.142,1,0,0
2,medium,0.5,38,DSR,1001,0,n5,n4,0.128,1,0,0
2,medium,0.5,38,DSR,1001,1,n4,n3,124.506,1,1,1
2,medium,0.5,38,DSR,1001,2,n3,n2,4.843,1,1,1
2,medium,0.5,38,DSR,1001,3,n2,n1,0.136,1,0,0
2,medium,0.5,38,DSR,1001,4,n1,S,0.142,1,0,0
2,medium,0.5,38,DSDV,1001,0,n5,n4,0.128,1,0,0
2,medium,0.5,38,DSDV,1001,1,n4,n3,124.506,1,1,1
2,medium,0.5,38,DSDV,1001,2,n3,n2,4.843,1,1,1
2,medium,0.5,38,DSDV,1001,3,n2,n1,0.136,1,0,0
2,medium,0.5,38,DSDV,1001,4,n1,S,0.142,1,0,0
2,medium,0.5,39,AODV,1001,0,n5,n4,0.108,1,0,0
2,medium,0.5,39,AODV,1001,1,n4,n3,244.506,1,1,1
2,medium,0.5,39,AODV,1001,2,n3,n2,4.843,1,1,1
2,medium,0.5,39,AODV,1001,3,n2,n1,0.113,1,0,0
2,medium,0.5,39,AODV,1001,4,n1,S,0.095,1,0,0
2,medium,0.5,39,OLSR,1001,0,n5,n4,0.108,1,0,0
2,medium,0.5,39,OLSR,1001,1,n4,n3,244.506,1,1,1
2,medium,0.5,39,OLSR,1001,2,n3,n2,4.843,1,1,1
2,medium,0.5,39,OLSR,1001,3,n2,n1,0.113,1,0,0
2,medium,0.5,39,OLSR,1001,4,n1,S,0.095,1,0,0
2,medium,0.5,39,DSR,1001,0,n5,n4,0.108,1,0,0
2,medium,0.5,39,DSR,1001,1,n4,n3,244.506,1,1,1
2,medium,0.5,39,DSR,1001,2,n3,n2,4.843,1,1,1
2,medium,0.5,39,DSR,1001,3,n2,n1,0.113,1,0,0
2,medium,0.5,39,DSR,1001,4,n1,S,0.095,1,0,0
2,medium,0.5,39,DSDV,1001,0,n5,n4,0.108,1,0,0
2,medium,0.5,39,DSDV,1001,1,n4,n3,244.506,1,1,1
2,medium,0.5,39,DSDV,1001,2,n3,n2,4.843,1,1,1
2,medium,0.5,39,DSDV,1001,3,n2,n1,0.113,1,0,0
2,medium,0.5,39,DSDV,1001,4,n1,S,0.095,1,0,0
2,medium,0.5,40,AODV,1001,0,n5,n4,0.127,1,0,0
2,medium,0.5,40,AODV,1001,1,n4,n3,244.566,1,1,1
2,medium,0.5,40,AODV,1001,2,n3,n2,243.309,1,1,1
2,medium,0.5,40,AODV,1001,3,n2,n1,0.078,1,0,0
2,medium,0.5,40,AODV,1001,4,n1,S,0.081,1,0,0
2,medium,0.5,40,OLSR,1001,0,n5,n4,0.127,1,0,0
2,medium,0.5,40,OLSR,1001,1,n4,n3,244.566,1,1,1
2,medium,0.5,40,OLSR,1001,2,n3,n2,243.309,1,1,1
2,medium,0.5,40,OLSR,1001,3,n2,n1,0.078,1,0,0
2,medium,0.5,40,OLSR,1001,4,n1,S,0.081,1,0,0
2,medium,0.5,40,DSR,1001,0,n5,n4,0.127,1,0,0
2,medium,0.5,40,DSR,1001,1,n4,n3,244.566,1,1,1
2,medium,0.5,40,DSR,1001,2,n3,n2,243.309,1,1,1
2,medium,0.5,40,DSR,1001,3,n2,n1,0.078,1,0,0
2,medium,0.5,40,DSR,1001,4,n1,S,0.081,1,0,0
2,medium,0.5,40,DSDV,1001,0,n5,n4,0.127,1,0,0
2,medium,0.5,40,DSDV,1001,1,n4,n3,244.566,1,1,1
2,medium,0.5,40,DSDV,1001,2,n3,n2,243.309,1,1,1
2,medium,0.5,40,DSDV,1001,3,n2,n1,0.078,1,0,0
2,medium,0.5,40,DSDV,1001,4,n1,S,0.081,1,0,0
2,medium,0.5,41,AODV,1001,0,n5,n4,0.056,1,0,0
2,medium,0.5,41,AODV,1001,1,n4,n3,124.566,1,1,1
2,medium,0.5,41,AODV,1001,2,n3,n2,64.275,1,1,1
2,medium,0.5,41,AODV,1001,3,n2,n1,0.119,1,0,0
2,medium,0.5,41,AODV,1001,4,n1,S,0.168,1,0,0
2,medium,0.5,41,OLSR,1001,0,n5,n4,0.056,1,0,0
2,medium,0.5,41,OLSR,1001,1,n4,n3,124.566,1,1,1
2,medium,0.5,41,OLSR,1001,2,n3,n2,64.275,1,1,1
2,medium,0.5,41,OLSR,1001,3,n2,n1,0.119,1,0,0
2,medium,0.5,41,OLSR,1001,4,n1,S,0.168,1,0,0
2,medium,0.5,41,DSR,1001,0,n5,n4,0.056,1,0,0
2,medium,0.5,41,DSR,1001,1,n4,n3,124.566,1,1,1
2,medium,0.5,41,DSR,1001,2,n3,n2,64.275,1,1,1
2,medium,0.5,41,DSR,1001,3,n2,n1,0.119,1,0,0
2,medium,0.5,41,DSR,1001,4,n1,S,0.168,1,0,0
2,medium,0.5,41,DSDV,1001,0,n5,n4,0.056,1,0,0
2,medium,0.5,41,DSDV,1001,1,n4,n3,124.566,1,1,1
2,medium,0.5,41,DSDV,1001,2,n3,n2,64.275,1,1,1
2,medium,0.5,41,DSDV,1001,3,n2,n1,0.119,1,0,0
2,medium,0.5,41,DSDV,1001,4,n1,S,0.168,1,0,0
2,medium,0.5,42,AODV,1001,0,n5,n4,0.115,1,0,0
2,medium,0.5,42,AODV,1001,1,n4,n3,4.566,1,1,1
2,medium,0.5,42,AODV,1001,2,n3,n2,63.769,1,1,1
2,medium,0.5,42,AODV,1001,3,n2,n1,0.127,1,0,0
2,medium,0.5,42,AODV,1001,4,n1,S,0.127,1,0,0
2,medium,0.5,42,OLSR,1001,0,n5,n4,0.115,1,0,0
2,medium,0.5,42,OLSR,1001,1,n4,n3,4.566,1,1,1
2,medium,0.5,42,OLSR,1001,2,n3,n2,63.769,1,1,1
2,medium,0.5,42,OLSR,1001,3,n2,n1,0.127,1,0,0
2,medium,0.5,42,OLSR,1001,4,n1,S,0.127,1,0,0
2,medium,0.5,42,DSR,1001,0,n5,n4,0.115,1,0,0
2,medium,0.5,42,DSR,1001,1,n4,n3,4.566,1,1,1
2,medium,0.5,42,DSR,1001,2,n3,n2,63.769,1,1,1
2,medium,0.5,42,DSR,1001,3,n2,n1,0.127,1,0,0
2,medium,0.5,42,DSR,1001,4,n1,S,0.127,1,0,0
2,medium,0.5,42,DSDV,1001,0,n5,n4,0.115,1,0,0
2,medium,0.5,42,DSDV,1001,1,n4,n3,4.566,1,1,1
2,medium,0.5,42,DSDV,1001,2,n3,n2,63.769,1,1,1
2,medium,0.5,42,DSDV,1001,3,n2,n1,0.127,1,0,0
2,medium,0.5,42,DSDV,1001,4,n1,S,0.127,1,0,0
2,medium,0.5,43,AODV,1001,0,n5,n4,0.114,1,0,0
2,medium,0.5,43,AODV,1001,1,n4,n3,424.822,1,1,1
2,medium,0.5,43,AODV,1001,2,n3,n2,62.554,1,1,1
2,medium,0.5,43,AODV,1001,3,n2,n1,0.152,1,0,0
2,medium,0.5,43,AODV,1001,4,n1,S,0.140,1,0,0
2,medium,0.5,43,OLSR,1001,0,n5,n4,0.114,1,0,0
2,medium,0.5,43,OLSR,1001,1,n4,n3,424.822,1,1,1
2,medium,0.5,43,OLSR,1001,2,n3,n2,62.554,1,1,1
2,medium,0.5,43,OLSR,1001,3,n2,n1,0.152,1,0,0
2,medium,0.5,43,OLSR,1001,4,n1,S,0.140,1,0,0
2,medium,0.5,43,DSR,1001,0,n5,n4,0.114,1,0,0
2,medium,0.5,43,DSR,1001,1,n4,n3,424.822,1,1,1
2,medium,0.5,43,DSR,1001,2,n3,n2,62.554,1,1,1
2,medium,0.5,43,DSR,1001,3,n2,n1,0.152,1,0,0
2,medium,0.5,43,DSR,1001,4,n1,S,0.140,1,0,0
2,medium,0.5,43,DSDV,1001,0,n5,n4,0.114,1,0,0
2,medium,0.5,43,DSDV,1001,1,n4,n3,424.822,1,1,1
2,medium,0.5,43,DSDV,1001,2,n3,n2,62.554,1,1,1
2,medium,0.5,43,DSDV,1001,3,n2,n1,0.152,1,0,0
2,medium,0.5,43,DSDV,1001,4,n1,S,0.140,1,0,0
2,medium,0.5,44,AODV,1001,0,n5,n4,0.125,1,0,0
2,medium,0.5,44,AODV,1001,1,n4,n3,3.947,1,1,1
2,medium,0.5,44,AODV,1001,2,n3,n2,304.822,1,1,1
2,medium,0.5,44,AODV,1001,3,n2,n1,0.119,1,0,0
2,medium,0.5,44,AODV,1001,4,n1,S,0.119,1,0,0
2,medium,0.5,44,OLSR,1001,0,n5,n4,0.125,1,0,0
2,medium,0.5,44,OLSR,1001,1,n4,n3,3.947,1,1,1
2,medium,0.5,44,OLSR,1001,2,n3,n2,304.822,1,1,1
2,medium,0.5,44,OLSR,1001,3,n2,n1,0.119,1,0,0
2,medium,0.5,44,OLSR,1001,4,n1,S,0.119,1,0,0
2,medium,0.5,44,DSR,1001,0,n5,n4,0.125,1,0,0
2,medium,0.5,44,DSR,1001,1,n4,n3,3.947,1,1,1
2,medium,0.5,44,DSR,1001,2,n3,n2,304.822,1,1,1
2,medium,0.5,44,DSR,1001,3,n2,n1,0.119,1,0,0
2,medium,0.5,44,DSR,1001,4,n1,S,0.119,1,0,0
2,medium,0.5,44,DSDV,1001,0,n5,n4,0.125,1,0,0
2,medium,0.5,44,DSDV,1001,1,n4,n3,3.947,1,1,1
2,medium,0.5,44,DSDV,1001,2,n3,n2,304.822,1,1,1
2,medium,0.5,44,DSDV,1001,3,n2,n1,0.119,1,0,0
2,medium,0.5,44,DSDV,1001,4,n1,S,0.119,1,0,0
2,medium,1.0,37,AODV,1001,0,n5,n4,0.054,1,0,0
2,medium,1.0,37,AODV,1001,1,n4,n3,4.506,1,1,1
2,medium,1.0,37,AODV,1001,2,n3,n2,4.843,1,1,1
2,medium,1.0,37,AODV,1001,3,n2,n1,0.176,1,0,0
2,medium,1.0,37,AODV,1001,4,n1,S,0.062,1,0,0
2,medium,1.0,37,OLSR,1001,0,n5,n4,0.054,1,0,0
2,medium,1.0,37,OLSR,1001,1,n4,n3,4.506,1,1,1
2,medium,1.0,37,OLSR,1001,2,n3,n2,4.843,1,1,1
2,medium,1.0,37,OLSR,1001,3,n2,n1,0.176,1,0,0
2,medium,1.0,37,OLSR,1001,4,n1,S,0.062,1,0,0
2,medium,1.0,37,DSR,1001,0,n5,n4,0.054,1,0,0
2,medium,1.0,37,DSR,1001,1,n4,n3,4.506,1,1,1
2,medium,1.0,37,DSR,1001,2,n3,n2,4.843,1,1,1
2,medium,1.0,37,DSR,1001,3,n2,n1,0.176,1,0,0
2,medium,1.0,37,DSR,1001,4,n1,S,0.062,1,0,0
2,medium,1.0,37,DSDV,1001,0,n5,n4,0.054,1,0,0
2,medium,1.0,37,DSDV,1001,1,n4,n3,4.506,1,1,1
2,medium,1.0,37,DSDV,1001,2,n3,n2,4.843,1,1,1
2,medium,1.0,37,DSDV,1001,3,n2,n1,0.176,1,0,0
2,medium,1.0,37,DSDV,1001,4,n1,S,0.062,1,0,0
2,medium,1.0,38,AODV,1001,0,n5,n4,0.128,1,0,0
2,medium,1.0,38,AODV,1001,1,n4,n3,124.506,1,1,1
2,medium,1.0,38,AODV,1001,2,n3,n2,4.843,1,1,1
2,medium,1.0,38,AODV,1001,3,n2,n1,0.136,1,0,0
2,medium,1.0,38,AODV,1001,4,n1,S,0.142,1,0,0
2,medium,1.0,38,OLSR,1001,0,n5,n4,0.128,1,0,0
2,medium,1.0,38,OLSR,1001,1,n4,n3,124.506,1,1,1
2,medium,1.0,38,OLSR,1001,2,n3,n2,4.843,1,1,1
2,medium,1.0,38,OLSR,1001,3,n2,n1,0.136,1,0,0
2,medium,1.0,38,OLSR,1001,4,n1,S,0.142,1,0,0
2,medium,1.0,38,DSR,1001,0,n5,n4,0.128,1,0,0
2,medium,1.0,38,DSR,1001,1,n4,n3,124.506,1,1,1
2,medium,1.0,38,DSR,1001,2,n3,n2,4.843,1,1,1
2,medium,1.0,38,DSR,1001,3,n2,n1,0.136,1,0,0
2,medium,1.0,38,DSR,1001,4,n1,S,0.142,1,0,0
2,medium,1.0,38,DSDV,1001,0,n5,n4,0.128,1,0,0
2,medium,1.0,38,DSDV,1001,1,n4,n3,124.506,1,1,1
2,medium,1.0,38,DSDV,1001,2,n3,n2,4.843,1,1,1
2,medium,1.0,38,DSDV,1001,3,n2,n1,0.136,1,0,0
2,medium,1.0,38,DSDV,1001,4,n1,S,0.142,1,0,0
2,medium,1.0,39,AODV,1001,0,n5,n4,0.108,1,0,0
2,medium,1.0,39,AODV,1001,1,n4,n3,244.506,1,1,1
2,medium,1.0,39,AODV,1001,2,n3,n2,4.843,1,1,1
2,medium,1.0,39,AODV,1001,3,n2,n1,0.113,1,0,0
2,medium,1.0,39,AODV,1001,4,n1,S,0.095,1,0,0
2,medium,1.0,39,OLSR,1001,0,n5,n4,0.108,1,0,0
2,medium,1.0,39,OLSR,1001,1,n4,n3,244.506,1,1,1
2,medium,1.0,39,OLSR,1001,2,n3,n2,4.843,1,1,1
2,medium,1.0,39,OLSR,1001,3,n2,n1,0.113,1,0,0
2,medium,1.0,39,OLSR,1001,4,n1,S,0.095,1,0,0
2,medium,1.0,39,DSR,1001,0,n5,n4,0.108,1,0,0
2,medium,1.0,39,DSR,1001,1,n4,n3,244.506,1,1,1
2,medium,1.0,39,DSR,1001,2,n3,n2,4.843,1,1,1
2,medium,1.0,39,DSR,1001,3,n2,n1,0.113,1,0,0
2,medium,1.0,39,DSR,1001,4,n1,S,0.095,1,0,0
2,medium,1.0,39,DSDV,1001,0,n5,n4,0.108,1,0,0
2,medium,1.0,39,DSDV,1001,1,n4,n3,244.506,1,1,1
2,medium,1.0,39,DSDV,1001,2,n3,n2,4.843,1,1,1
2,medium,1.0,39,DSDV,1001,3,n2,n1,0.113,1,0,0
2,medium,1.0,39,DSDV,1001,4,n1,S,0.095,1,0,0
2,medium,1.0,40,AODV,1001,0,n5,n4,0.127,1,0,0
2,medium,1.0,40,AODV,1001,1,n4,n3,244.566,1,1,1
2,medium,1.0,40,AODV,1001,2,n3,n2,243.309,1,1,1
2,medium,1.0,40,AODV,1001,3,n2,n1,0.078,1,0,0
2,medium,1.0,40,AODV,1001,4,n1,S,0.081,1,0,0
2,medium,1.0,40,OLSR,1001,0,n5,n4,0.127,1,0,0
2,medium,1.0,40,OLSR,1001,1,n4,n3,244.566,1,1,1
2,medium,1.0,40,OLSR,1001,2,n3,n2,243.309,1,1,1
2,medium,1.0,40,OLSR,1001,3,n2,n1,0.078,1,0,0
2,medium,1.0,40,OLSR,1001,4,n1,S,0.081,1,0,0
2,medium,1.0,40,DSR,1001,0,n5,n4,0.127,1,0,0
2,medium,1.0,40,DSR,1001,1,n4,n3,244.566,1,1,1
2,medium,1.0,40,DSR,1001,2,n3,n2,243.309,1,1,1
2,medium,1.0,40,DSR,1001,3,n2,n1,0.078,1,0,0
2,medium,1.0,40,DSR,1001,4,n1,S,0.081,1,0,0
2,medium,1.0,40,DSDV,1001,0,n5,n4,0.127,1,0,0
2,medium,1.0,40,DSDV,1001,1,n4,n3,244.566,1,1,1
2,medium,1.0,40,DSDV,1001,2,n3,n2,243.309,1,1,1
2,medium,1.0,40,DSDV,1001,3,n2,n1,0.078,1,0,0
2,medium,1.0,40,DSDV,1001,4,n1,S,0.081,1,0,0
2,medium,1.0,41,AODV,1001,0,n5,n4,0.056,1,0,0
2,medium,1.0,41,AODV,1001,1,n4,n3,124.566,1,1,1
2,medium,1.0,41,AODV,1001,2,n3,n2,64.275,1,1,1
2,medium,1.0,41,AODV,1001,3,n2,n1,0.119,1,0,0
2,medium,1.0,41,AODV,1001,4,n1,S,0.168,1,0,0
2,medium,1.0,41,OLSR,1001,0,n5,n4,0.056,1,0,0
2,medium,1.0,41,OLSR,1001,1,n4,n3,124.566,1,1,1
2,medium,1.0,41,OLSR,1001,2,n3,n2,64.275,1,1,1
2,medium,1.0,41,OLSR,1001,3,n2,n1,0.119,1,0,0
2,medium,1.0,41,OLSR,1001,4,n1,S,0.168,1,0,0
2,medium,1.0,41,DSR,1001,0,n5,n4,0.056,1,0,0
2,medium,1.0,41,DSR,1001,1,n4,n3,124.566,1,1,1
2,medium,1.0,41,DSR,1001,2,n3,n2,64.275,1,1,1
2,medium,1.0,41,DSR,1001,3,n2,n1,0.119,1,0,0
2,medium,1.0,41,DSR,1001,4,n1,S,0.168,1,0,0
2,medium,1.0,41,DSDV,1001,0,n5,n4,0.056,1,0,0
2,medium,1.0,41,DSDV,1001,1,n4,n3,124.566,1,1,1
2,medium,1.0,41,DSDV,1001,2,n3,n2,64.275,1,1,1
2,medium,1.0,41,DSDV,1001,3,n2,n1,0.119,1,0,0
2,medium,1.0,41,DSDV,1001,4,n1,S,0.168,1,0,0
2,medium,1.0,42,AODV,1001,0,n5,n4,0.115,1,0,0
2,medium,1.0,42,AODV,1001,1,n4,n3,4.566,1,1,1
2,medium,1.0,42,AODV,1001,2,n3,n2,63.769,1,1,1
2,medium,1.0,42,AODV,1001,3,n2,n1,0.127,1,0,0
2,medium,1.0,42,AODV,1001,4,n1,S,0.127,1,0,0
2,medium,1.0,42,OLSR,1001,0,n5,n4,0.115,1,0,0
2,medium,1.0,42,OLSR,1001,1,n4,n3,4.566,1,1,1
2,medium,1.0,42,OLSR,1001,2,n3,n2,63.769,1,1,1
2,medium,1.0,42,OLSR,1001,3,n2,n1,0.127,1,0,0
2,medium,1.0,42,OLSR,1001,4,n1,S,0.127,1,0,0
2,medium,1.0,42,DSR,1001,0,n5,n4,0.115,1,0,0
2,medium,1.0,42,DSR,1001,1,n4,n3,4.566,1,1,1
2,medium,1.0,42,DSR,1001,2,n3,n2,63.769,1,1,1
2,medium,1.0,42,DSR,1001,3,n2,n1,0.127,1,0,0
2,medium,1.0,42,DSR,1001,4,n1,S,0.127,1,0,0
2,medium,1.0,42,DSDV,1001,0,n5,n4,0.115,1,0,0
2,medium,1.0,42,DSDV,1001,1,n4,n3,4.566,1,1,1
2,medium,1.0,42,DSDV,1001,2,n3,n2,63.769,1,1,1
2,medium,1.0,42,DSDV,1001,3,n2,n1,0.127,1,0,0
2,medium,1.0,42,DSDV,1001,4,n1,S,0.127,1,0,0
2,medium,1.0,43,AODV,1001,0,n5,n4,0.114,1,0,0
2,medium,1.0,43,AODV,1001,1,n4,n3,424.822,1,1,1
2,medium,1.0,43,AODV,1001,2,n3,n2,62.554,1,1,1
2,medium,1.0,43,AODV,1001,3,n2,n1,0.152,1,0,0
2,medium,1.0,43,AODV,1001,4,n1,S,0.140,1,0,0
2,medium,1.0,43,OLSR,1001,0,n5,n4,0.114,1,0,0
2,medium,1.0,43,OLSR,1001,1,n4,n3,424.822,1,1,1
2,medium,1.0,43,OLSR,1001,2,n3,n2,62.554,1,1,1
2,medium,1.0,43,OLSR,1001,3,n2,n1,0.152,1,0,0
2,medium,1.0,43,OLSR,1001,4,n1,S,0.140,1,0,0
2,medium,1.0,43,DSR,1001,0,n5,n4,0.114,1,0,0
2,medium,1.0,43,DSR,1001,1,n4,n3,424.822,1,1,1
2,medium,1.0,43,DSR,1001,2,n3,n2,62.554,1,1,1
2,medium,1.0,43,DSR,1001,3,n2,n1,0.152,1,0,0
2,medium,1.0,43,DSR,1001,4,n1,S,0.140,1,0,0
2,medium,1.0,43,DSDV,1001,0,n5,n4,0.114,1,0,0
2,medium,1.0,43,DSDV,1001,1,n4,n3,424.822,1,1,1
2,medium,1.0,43,DSDV,1001,2,n3,n2,62.554,1,1,1
2,medium,1.0,43,DSDV,1001,3,n2,n1,0.152,1,0,0
2,medium,1.0,43,DSDV,1001,4,n1,S,0.140,1,0,0
2,medium,1.0,44,AODV,1001,0,n5,n4,0.125,1,0,0
2,medium,1.0,44,AODV,1001,1,n4,n3,3.947,1,1,1
2,medium,1.0,44,AODV,1001,2,n3,n2,304.822,1,1,1
2,medium,1.0,44,AODV,1001,3,n2,n1,0.119,1,0,0
2,medium,1.0,44,AODV,1001,4,n1,S,0.119,1,0,0
2,medium,1.0,44,OLSR,1001,0,n5,n4,0.125,1,0,0
2,medium,1.0,44,OLSR,1001,1,n4,n3,3.947,1,1,1
2,medium,1.0,44,OLSR,1001,2,n3,n2,304.822,1,1,1
2,medium,1.0,44,OLSR,1001,3,n2,n1,0.119,1,0,0
2,medium,1.0,44,OLSR,1001,4,n1,S,0.119,1,0,0
2,medium,1.0,44,DSR,1001,0,n5,n4,0.125,1,0,0
2,medium,1.0,44,DSR,1001,1,n4,n3,3.947,1,1,1
2,medium,1.0,44,DSR,1001,2,n3,n2,304.822,1,1,1
2,medium,1.0,44,DSR,1001,3,n2,n1,0.119,1,0,0
2,medium,1.0,44,DSR,1001,4,n1,S,0.119,1,0,0
2,medium,1.0,44,DSDV,1001,0,n5,n4,0.125,1,0,0
2,medium,1.0,44,DSDV,1001,1,n4,n3,3.947,1,1,1
2,medium,1.0,44,DSDV,1001,2,n3,n2,304.822,1,1,1
2,medium,1.0,44,DSDV,1001,3,n2,n1,0.119,1,0,0
2,medium,1.0,44,DSDV,1001,4,n1,S,0.119,1,0,0
2,medium,1.5,37,AODV,1001,0,n5,n4,0.054,1,0,0
2,medium,1.5,37,AODV,1001,1,n4,n3,4.506,1,1,1
2,medium,1.5,37,AODV,1001,2,n3,n2,4.843,1,1,1
2,medium,1.5,37,AODV,1001,3,n2,n1,0.176,1,0,0
2,medium,1.5,37,AODV,1001,4,n1,S,0.062,1,0,0
2,medium,1.5,37,OLSR,1001,0,n5,n4,0.054,1,0,0
2,medium,1.5,37,OLSR,1001,1,n4,n3,4.506,1,1,1
2,medium,1.5,37,OLSR,1001,2,n3,n2,4.843,1,1,1
2,medium,1.5,37,OLSR,1001,3,n2,n1,0.176,1,0,0
2,medium,1.5,37,OLSR,1001,4,n1,S,0.062,1,0,0
2,medium,1.5,37,DSR,1001,0,n5,n4,0.054,1,0,0
2,medium,1.5,37,DSR,1001,1,n4,n3,4.506,1,1,1
2,medium,1.5,37,DSR,1001,2,n3,n2,4.843,1,1,1
2,medium,1.5,37,DSR,1001,3,n2,n1,0.176,1,0,0
2,medium,1.5,37,DSR,1001,4,n1,S,0.062,1,0,0
2,medium,1.5,37,DSDV,1001,0,n5,n4,0.054,1,0,0
2,medium,1.5,37,DSDV,1001,1,n4,n3,4.506,1,1,1
2,medium,1.5,37,DSDV,1001,2,n3,n2,4.843,1,1,1
2,medium,1.5,37,DSDV,1001,3,n2,n1,0.176,1,0,0
2,medium,1.5,37,DSDV,1001,4,n1,S,0.062,1,0,0
2,medium,1.5,38,AODV,1001,0,n5,n4,0.128,1,0,0
2,medium,1.5,38,AODV,1001,1,n4,n3,124.506,1,1,1
2,medium,1.5,38,AODV,1001,2,n3,n2,4.843,1,1,1
2,medium,1.5,38,AODV,1001,3,n2,n1,0.136,1,0,0
2,medium,1.5,38,AODV,1001,4,n1,S,0.142,1,0,0
2,medium,1.5,38,OLSR,1001,0,n5,n4,0.128,1,0,0
2,medium,1.5,38,OLSR,1001,1,n4,n3,124.506,1,1,1
2,medium,1.5,38,OLSR,1001,2,n3,n2,4.843,1,1,1
2,medium,1.5,38,OLSR,1001,3,n2,n1,0.136,1,0,0
2,medium,1.5,38,OLSR,1001,4,n1,S,0.142,1,0,0
2,medium,1.5,38,DSR,1001,0,n5,n4,0.128,1,0,0
2,medium,1.5,38,DSR,1001,1,n4,n3,124.506,1,1,1
2,medium,1.5,38,DSR,1001,2,n3,n2,4.843,1,1,1
2,medium,1.5,38,DSR,1001,3,n2,n1,0.136,1,0,0
2,medium,1.5,38,DSR,1001,4,n1,S,0.142,1,0,0
2,medium,1.5,38,DSDV,1001,0,n5,n4,0.128,1,0,0
2,medium,1.5,38,DSDV,1001,1,n4,n3,124.506,1,1,1
2,medium,1.5,38,DSDV,1001,2,n3,n2,4.843,1,1,1
2,medium,1.5,38,DSDV,1001,3,n2,n1,0.136,1,0,0
2,medium,1.5,38,DSDV,1001,4,n1,S,0.142,1,0,0
2,medium,1.5,39,AODV,1001,0,n5,n4,0.108,1,0,0
2,medium,1.5,39,AODV,1001,1,n4,n3,244.506,1,1,1
2,medium,1.5,39,AODV,1001,2,n3,n2,4.843,1,1,1
2,medium,1.5,39,AODV,1001,3,n2,n1,0.113,1,0,0
2,medium,1.5,39,AODV,1001,4,n1,S,0.095,1,0,0
2,medium,1.5,39,OLSR,1001,0,n5,n4,0.108,1,0,0
2,medium,1.5,39,OLSR,1001,1,n4,n3,244.506,1,1,1
2,medium,1.5,39,OLSR,1001,2,n3,n2,4.843,1,1,1
2,medium,1.5,39,OLSR,1001,3,n2,n1,0.113,1,0,0
2,medium,1.5,39,OLSR,1001,4,n1,S,0.095,1,0,0
2,medium,1.5,39,DSR,1001,0,n5,n4,0.108,1,0,0
2,medium,1.5,39,DSR,1001,1,n4,n3,244.506,1,1,1
2,medium,1.5,39,DSR,1001,2,n3,n2,4.843,1,1,1
2,medium,1.5,39,DSR,1001,3,n2,n1,0.113,1,0,0
2,medium,1.5,39,DSR,1001,4,n1,S,0.095,1,0,0
2,medium,1.5,39,DSDV,1001,0,n5,n4,0.108,1,0,0
2,medium,1.5,39,DSDV,1001,1,n4,n3,244.506,1,1,1
2,medium,1.5,39,DSDV,1001,2,n3,n2,4.843,1,1,1
2,medium,1.5,39,DSDV,1001,3,n2,n1,0.113,1,0,0
2,medium,1.5,39,DSDV,1001,4,n1,S,0.095,1,0,0
2,medium,1.5,40,AODV,1001,0,n5,n4,0.127,1,0,0
2,medium,1.5,40,AODV,1001,1,n4,n3,244.566,1,1,1
2,medium,1.5,40,AODV,1001,2,n3,n2,243.309,1,1,1
2,medium,1.5,40,AODV,1001,3,n2,n1,0.078,1,0,0
2,medium,1.5,40,AODV,1001,4,n1,S,0.081,1,0,0
2,medium,1.5,40,OLSR,1001,0,n5,n4,0.127,1,0,0
2,medium,1.5,40,OLSR,1001,1,n4,n3,244.566,1,1,1
2,medium,1.5,40,OLSR,1001,2,n3,n2,243.309,1,1,1
2,medium,1.5,40,OLSR,1001,3,n2,n1,0.078,1,0,0
2,medium,1.5,40,OLSR,1001,4,n1,S,0.081,1,0,0
2,medium,1.5,40,DSR,1001,0,n5,n4,0.127,1,0,0
2,medium,1.5,40,DSR,1001,1,n4,n3,244.566,1,1,1
2,medium,1.5,40,DSR,1001,2,n3,n2,243.309,1,1,1
2,medium,1.5,40,DSR,1001,3,n2,n1,0.078,1,0,0
2,medium,1.5,40,DSR,1001,4,n1,S,0.081,1,0,0
2,medium,1.5,40,DSDV,1001,0,n5,n4,0.127,1,0,0
2,medium,1.5,40,DSDV,1001,1,n4,n3,244.566,1,1,1
2,medium,1.5,40,DSDV,1001,2,n3,n2,243.309,1,1,1
2,medium,1.5,40,DSDV,1001,3,n2,n1,0.078,1,0,0
2,medium,1.5,40,DSDV,1001,4,n1,S,0.081,1,0,0
2,medium,1.5,41,AODV,1001,0,n5,n4,0.056,1,0,0
2,medium,1.5,41,AODV,1001,1,n4,n3,124.566,1,1,1
2,medium,1.5,41,AODV,1001,2,n3,n2,64.275,1,1,1
2,medium,1.5,41,AODV,1001,3,n2,n1,0.119,1,0,0
2,medium,1.5,41,AODV,1001,4,n1,S,0.168,1,0,0
2,medium,1.5,41,OLSR,1001,0,n5,n4,0.056,1,0,0
2,medium,1.5,41,OLSR,1001,1,n4,n3,124.566,1,1,1
2,medium,1.5,41,OLSR,1001,2,n3,n2,64.275,1,1,1
2,medium,1.5,41,OLSR,1001,3,n2,n1,0.119,1,0,0
2,medium,1.5,41,OLSR,1001,4,n1,S,0.168,1,0,0
2,medium,1.5,41,DSR,1001,0,n5,n4,0.056,1,0,0
2,medium,1.5,41,DSR,1001,1,n4,n3,124.566,1,1,1
2,medium,1.5,41,DSR,1001,2,n3,n2,64.275,1,1,1
2,medium,1.5,41,DSR,1001,3,n2,n1,0.119,1,0,0
2,medium,1.5,41,DSR,1001,4,n1,S,0.168,1,0,0
2,medium,1.5,41,DSDV,1001,0,n5,n4,0.056,1,0,0
2,medium,1.5,41,DSDV,1001,1,n4,n3,124.566,1,1,1
2,medium,1.5,41,DSDV,1001,2,n3,n2,64.275,1,1,1
2,medium,1.5,41,DSDV,1001,3,n2,n1,0.119,1,0,0
2,medium,1.5,41,DSDV,1001,4,n1,S,0.168,1,0,0
2,medium,1.5,42,AODV,1001,0,n5,n4,0.115,1,0,0
2,medium,1.5,42,AODV,1001,1,n4,n3,4.566,1,1,1
2,medium,1.5,42,AODV,1001,2,n3,n2,63.769,1,1,1
2,medium,1.5,42,AODV,1001,3,n2,n1,0.127,1,0,0
2,medium,1.5,42,AODV,1001,4,n1,S,0.127,1,0,0
2,medium,1.5,42,OLSR,1001,0,n5,n4,0.115,1,0,0
2,medium,1.5,42,OLSR,1001,1,n4,n3,4.566,1,1,1
2,medium,1.5,42,OLSR,1001,2,n3,n2,63.769,1,1,1
2,medium,1.5,42,OLSR,1001,3,n2,n1,0.127,1,0,0
2,medium,1.5,42,OLSR,1001,4,n1,S,0.127,1,0,0
2,medium,1.5,42,DSR,1001,0,n5,n4,0.115,1,0,0
2,medium,1.5,42,DSR,1001,1,n4,n3,4.566,1,1,1
2,medium,1.5,42,DSR,1001,2,n3,n2,63.769,1,1,1
2,medium,1.5,42,DSR,1001,3,n2,n1,0.127,1,0,0
2,medium,1.5,42,DSR,1001,4,n1,S,0.127,1,0,0
2,medium,1.5,42,DSDV,1001,0,n5,n4,0.115,1,0,0
2,medium,1.5,42,DSDV,1001,1,n4,n3,4.566,1,1,1
2,medium,1.5,42,DSDV,1001,2,n3,n2,63.769,1,1,1
2,medium,1.5,42,DSDV,1001,3,n2,n1,0.127,1,0,0
2,medium,1.5,42,DSDV,1001,4,n1,S,0.127,1,0,0
2,medium,1.5,43,AODV,1001,0,n5,n4,0.114,1,0,0
2,medium,1.5,43,AODV,1001,1,n4,n3,424.822,1,1,1
2,medium,1.5,43,AODV,1001,2,n3,n2,62.554,1,1,1
2,medium,1.5,43,AODV,1001,3,n2,n1,0.152,1,0,0
2,medium,1.5,43,AODV,1001,4,n1,S,0.140,1,0,0
2,medium,1.5,43,OLSR,1001,0,n5,n4,0.114,1,0,0
2,medium,1.5,43,OLSR,1001,1,n4,n3,424.822,1,1,1
2,medium,1.5,43,OLSR,1001,2,n3,n2,62.554,1,1,1
2,medium,1.5,43,OLSR,1001,3,n2,n1,0.152,1,0,0
2,medium,1.5,43,OLSR,1001,4,n1,S,0.140,1,0,0
2,medium,1.5,43,DSR,1001,0,n5,n4,0.114,1,0,0
2,medium,1.5,43,DSR,1001,1,n4,n3,424.822,1,1,1
2,medium,1.5,43,DSR,1001,2,n3,n2,62.554,1,1,1
2,medium,1.5,43,DSR,1001,3,n2,n1,0.152,1,0,0
2,medium,1.5,43,DSR,1001,4,n1,S,0.140,1,0,0
2,medium,1.5,43,DSDV,1001,0,n5,n4,0.114,1,0,0
2,medium,1.5,43,DSDV,1001,1,n4,n3,424.822,1,1,1
2,medium,1.5,43,DSDV,1001,2,n3,n2,62.554,1,1,1
2,medium,1.5,43,DSDV,1001,3,n2,n1,0.152,1,0,0
2,medium,1.5,43,DSDV,1001,4,n1,S,0.140,1,0,0
2,medium,1.5,44,AODV,1001,0,n5,n4,0.125,1,0,0
2,medium,1.5,44,AODV,1001,1,n4,n3,3.947,1,1,1
2,medium,1.5,44,AODV,1001,2,n3,n2,304.822,1,1,1
2,medium,1.5,44,AODV,1001,3,n2,n1,0.119,1,0,0
2,medium,1.5,44,AODV,1001,4,n1,S,0.119,1,0,0
2,medium,1.5,44,OLSR,1001,0,n5,n4,0.125,1,0,0
2,medium,1.5,44,OLSR,1001,1,n4,n3,3.947,1,1,1
2,medium,1.5,44,OLSR,1001,2,n3,n2,304.822,1,1,1
2,medium,1.5,44,OLSR,1001,3,n2,n1,0.119,1,0,0
2,medium,1.5,44,OLSR,1001,4,n1,S,0.119,1,0,0
2,medium,1.5,44,DSR,1001,0,n5,n4,0.125,1,0,0
2,medium,1.5,44,DSR,1001,1,n4,n3,3.947,1,1,1
2,medium,1.5,44,DSR,1001,2,n3,n2,304.822,1,1,1
2,medium,1.5,44,DSR,1001,3,n2,n1,0.119,1,0,0
2,medium,1.5,44,DSR,1001,4,n1,S,0.119,1,0,0
2,medium,1.5,44,DSDV,1001,0,n5,n4,0.125,1,0,0
2,medium,1.5,44,DSDV,1001,1,n4,n3,3.947,1,1,1
2,medium,1.5,44,DSDV,1001,2,n3,n2,304.822,1,1,1
2,medium,1.5,44,DSDV,1001,3,n2,n1,0.119,1,0,0
2,medium,1.5,44,DSDV,1001,4,n1,S,0.119,1,0,0
2,medium,2.0,37,AODV,1001,0,n5,n4,0.054,1,0,0
2,medium,2.0,37,AODV,1001,1,n4,n3,4.506,1,1,1
2,medium,2.0,37,AODV,1001,2,n3,n2,4.843,1,1,1
2,medium,2.0,37,AODV,1001,3,n2,n1,0.176,1,0,0
2,medium,2.0,37,AODV,1001,4,n1,S,0.062,1,0,0
2,medium,2.0,37,OLSR,1001,0,n5,n4,0.054,1,0,0
2,medium,2.0,37,OLSR,1001,1,n4,n3,4.506,1,1,1
2,medium,2.0,37,OLSR,1001,2,n3,n2,4.843,1,1,1
2,medium,2.0,37,OLSR,1001,3,n2,n1,0.176,1,0,0
2,medium,2.0,37,OLSR,1001,4,n1,S,0.062,1,0,0
2,medium,2.0,37,DSR,1001,0,n5,n4,0.054,1,0,0
2,medium,2.0,37,DSR,1001,1,n4,n3,4.506,1,1,1
2,medium,2.0,37,DSR,1001,2,n3,n2,4.843,1,1,1
2,medium,2.0,37,DSR,1001,3,n2,n1,0.176,1,0,0
2,medium,2.0,37,DSR,1001,4,n1,S,0.062,1,0,0
2,medium,2.0,37,DSDV,1001,0,n5,n4,0.054,1,0,0
2,medium,2.0,37,DSDV,1001,1,n4,n3,4.506,1,1,1
2,medium,2.0,37,DSDV,1001,2,n3,n2,4.843,1,1,1
2,medium,2.0,37,DSDV,1001,3,n2,n1,0.176,1,0,0
2,medium,2.0,37,DSDV,1001,4,n1,S,0.062,1,0,0
2,medium,2.0,38,AODV,1001,0,n5,n4,0.128,1,0,0
2,medium,2.0,38,AODV,1001,1,n4,n3,124.506,1,1,1
2,medium,2.0,38,AODV,1001,2,n3,n2,4.843,1,1,1
2,medium,2.0,38,AODV,1001,3,n2,n1,0.136,1,0,0
2,medium,2.0,38,AODV,1001,4,n1,S,0.142,1,0,0
2,medium,2.0,38,OLSR,1001,0,n5,n4,0.128,1,0,0
2,medium,2.0,38,OLSR,1001,1,n4,n3,124.506,1,1,1
2,medium,2.0,38,OLSR,1001,2,n3,n2,4.843,1,1,1
2,medium,2.0,38,OLSR,1001,3,n2,n1,0.136,1,0,0
2,medium,2.0,38,OLSR,1001,4,n1,S,0.142,1,0,0
2,medium,2.0,38,DSR,1001,0,n5,n4,0.128,1,0,0
2,medium,2.0,38,DSR,1001,1,n4,n3,124.506,1,1,1
2,medium,2.0,38,DSR,1001,2,n3,n2,4.843,1,1,1
2,medium,2.0,38,DSR,1001,3,n2,n1,0.136,1,0,0
2,medium,2.0,38,DSR,1001,4,n1,S,0.142,1,0,0
2,medium,2.0,38,DSDV,1001,0,n5,n4,0.128,1,0,0
2,medium,2.0,38,DSDV,1001,1,n4,n3,124.506,1,1,1
2,medium,2.0,38,DSDV,1001,2,n3,n2,4.843,1,1,1
2,medium,2.0,38,DSDV,1001,3,n2,n1,0.136,1,0,0
2,medium,2.0,38,DSDV,1001,4,n1,S,0.142,1,0,0
2,medium,2.0,39,AODV,1001,0,n5,n4,0.108,1,0,0
2,medium,2.0,39,AODV,1001,1,n4,n3,244.506,1,1,1
2,medium,2.0,39,AODV,1001,2,n3,n2,4.843,1,1,1
2,medium,2.0,39,AODV,1001,3,n2,n1,0.113,1,0,0
2,medium,2.0,39,AODV,1001,4,n1,S,0.095,1,0,0
2,medium,2.0,39,OLSR,1001,0,n5,n4,0.108,1,0,0
2,medium,2.0,39,OLSR,1001,1,n4,n3,244.506,1,1,1
2,medium,2.0,39,OLSR,1001,2,n3,n2,4.843,1,1,1
2,medium,2.0,39,OLSR,1001,3,n2,n1,0.113,1,0,0
2,medium,2.0,39,OLSR,1001,4,n1,S,0.095,1,0,0
2,medium,2.0,39,DSR,1001,0,n5,n4,0.108,1,0,0
2,medium,2.0,39,DSR,1001,1,n4,n3,244.506,1,1,1
2,medium,2.0,39,DSR,1001,2,n3,n2,4.843,1,1,1
2,medium,2.0,39,DSR,1001,3,n2,n1,0.113,1,0,0
2,medium,2.0,39,DSR,1001,4,n1,S,0.095,1,0,0
2,medium,2.0,39,DSDV,1001,0,n5,n4,0.108,1,0,0
2,medium,2.0,39,DSDV,1001,1,n4,n3,244.506,1,1,1
2,medium,2.0,39,DSDV,1001,2,n3,n2,4.843,1,1,1
2,medium,2.0,39,DSDV,1001,3,n2,n1,0.113,1,0,0
2,medium,2.0,39,DSDV,1001,4,n1,S,0.095,1,0,0
2,medium,2.0,40,AODV,1001,0,n5,n4,0.127,1,0,0
2,medium,2.0,40,AODV,1001,1,n4,n3,244.566,1,1,1
2,medium,2.0,40,AODV,1001,2,n3,n2,243.309,1,1,1
2,medium,2.0,40,AODV,1001,3,n2,n1,0.078,1,0,0
2,medium,2.0,40,AODV,1001,4,n1,S,0.081,1,0,0
2,medium,2.0,40,OLSR,1001,0,n5,n4,0.127,1,0,0
2,medium,2.0,40,OLSR,1001,1,n4,n3,244.566,1,1,1
2,medium,2.0,40,OLSR,1001,2,n3,n2,243.309,1,1,1
2,medium,2.0,40,OLSR,1001,3,n2,n1,0.078,1,0,0
2,medium,2.0,40,OLSR,1001,4,n1,S,0.081,1,0,0
2,medium,2.0,40,DSR,1001,0,n5,n4,0.127,1,0,0
2,medium,2.0,40,DSR,1001,1,n4,n3,244.566,1,1,1
2,medium,2.0,40,DSR,1001,2,n3,n2,243.309,1,1,1
2,medium,2.0,40,DSR,1001,3,n2,n1,0.078,1,0,0
2,medium,2.0,40,DSR,1001,4,n1,S,0.081,1,0,0
2,medium,2.0,40,DSDV,1001,0,n5,n4,0.127,1,0,0
2,medium,2.0,40,DSDV,1001,1,n4,n3,244.566,1,1,1
2,medium,2.0,40,DSDV,1001,2,n3,n2,243.309,1,1,1
2,medium,2.0,40,DSDV,1001,3,n2,n1,0.078,1,0,0
2,medium,2.0,40,DSDV,1001,4,n1,S,0.081,1,0,0
2,medium,2.0,41,AODV,1001,0,n5,n4,0.056,1,0,0
2,medium,2.0,41,AODV,1001,1,n4,n3,124.566,1,1,1
2,medium,2.0,41,AODV,1001,2,n3,n2,64.275,1,1,1
2,medium,2.0,41,AODV,1001,3,n2,n1,0.119,1,0,0
2,medium,2.0,41,AODV,1001,4,n1,S,0.168,1,0,0
2,medium,2.0,41,OLSR,1001,0,n5,n4,0.056,1,0,0
2,medium,2.0,41,OLSR,1001,1,n4,n3,124.566,1,1,1
2,medium,2.0,41,OLSR,1001,2,n3,n2,64.275,1,1,1
2,medium,2.0,41,OLSR,1001,3,n2,n1,0.119,1,0,0
2,medium,2.0,41,OLSR,1001,4,n1,S,0.168,1,0,0
2,medium,2.0,41,DSR,1001,0,n5,n4,0.056,1,0,0
2,medium,2.0,41,DSR,1001,1,n4,n3,124.566,1,1,1
2,medium,2.0,41,DSR,1001,2,n3,n2,64.275,1,1,1
2,medium,2.0,41,DSR,1001,3,n2,n1,0.119,1,0,0
2,medium,2.0,41,DSR,1001,4,n1,S,0.168,1,0,0
2,medium,2.0,41,DSDV,1001,0,n5,n4,0.056,1,0,0
2,medium,2.0,41,DSDV,1001,1,n4,n3,124.566,1,1,1
2,medium,2.0,41,DSDV,1001,2,n3,n2,64.275,1,1,1
2,medium,2.0,41,DSDV,1001,3,n2,n1,0.119,1,0,0
2,medium,2.0,41,DSDV,1001,4,n1,S,0.168,1,0,0
2,medium,2.0,42,AODV,1001,0,n5,n4,0.115,1,0,0
2,medium,2.0,42,AODV,1001,1,n4,n3,4.566,1,1,1
2,medium,2.0,42,AODV,1001,2,n3,n2,63.769,1,1,1
2,medium,2.0,42,AODV,1001,3,n2,n1,0.127,1,0,0
2,medium,2.0,42,AODV,1001,4,n1,S,0.127,1,0,0
2,medium,2.0,42,OLSR,1001,0,n5,n4,0.115,1,0,0
2,medium,2.0,42,OLSR,1001,1,n4,n3,4.566,1,1,1
2,medium,2.0,42,OLSR,1001,2,n3,n2,63.769,1,1,1
2,medium,2.0,42,OLSR,1001,3,n2,n1,0.127,1,0,0
2,medium,2.0,42,OLSR,1001,4,n1,S,0.127,1,0,0
2,medium,2.0,42,DSR,1001,0,n5,n4,0.115,1,0,0
2,medium,2.0,42,DSR,1001,1,n4,n3,4.566,1,1,1
2,medium,2.0,42,DSR,1001,2,n3,n2,63.769,1,1,1
2,medium,2.0,42,DSR,1001,3,n2,n1,0.127,1,0,0
2,medium,2.0,42,DSR,1001,4,n1,S,0.127,1,0,0
2,medium,2.0,42,DSDV,1001,0,n5,n4,0.115,1,0,0
2,medium,2.0,42,DSDV,1001,1,n4,n3,4.566,1,1,1
2,medium,2.0,42,DSDV,1001,2,n3,n2,63.769,1,1,1
2,medium,2.0,42,DSDV,1001,3,n2,n1,0.127,1,0,0
2,medium,2.0,42,DSDV,1001,4,n1,S,0.127,1,0,0
2,medium,2.0,43,AODV,1001,0,n5,n4,0.114,1,0,0
2,medium,2.0,43,AODV,1001,1,n4,n3,424.822,1,1,1
2,medium,2.0,43,AODV,1001,2,n3,n2,62.554,1,1,1
2,medium,2.0,43,AODV,1001,3,n2,n1,0.152,1,0,0
2,medium,2.0,43,AODV,1001,4,n1,S,0.140,1,0,0
2,medium,2.0,43,OLSR,1001,0,n5,n4,0.114,1,0,0
2,medium,2.0,43,OLSR,1001,1,n4,n3,424.822,1,1,1
2,medium,2.0,43,OLSR,1001,2,n3,n2,62.554,1,1,1
2,medium,2.0,43,OLSR,1001,3,n2,n1,0.152,1,0,0
2,medium,2.0,43,OLSR,1001,4,n1,S,0.140,1,0,0
2,medium,2.0,43,DSR,1001,0,n5,n4,0.114,1,0,0
2,medium,2.0,43,DSR,1001,1,n4,n3,424.822,1,1,1
2,medium,2.0,43,DSR,1001,2,n3,n2,62.554,1,1,1
2,medium,2.0,43,DSR,1001,3,n2,n1,0.152,1,0,0
2,medium,2.0,43,DSR,1001,4,n1,S,0.140,1,0,0
2,medium,2.0,43,DSDV,1001,0,n5,n4,0.114,1,0,0
2,medium,2.0,43,DSDV,1001,1,n4,n3,424.822,1,1,1
2,medium,2.0,43,DSDV,1001,2,n3,n2,62.554,1,1,1
2,medium,2.0,43,DSDV,1001,3,n2,n1,0.152,1,0,0
2,medium,2.0,43,DSDV,1001,4,n1,S,0.140,1,0,0
2,medium,2.0,44,AODV,1001,0,n5,n4,0.125,1,0,0
2,medium,2.0,44,AODV,1001,1,n4,n3,3.947,1,1,1
2,medium,2.0,44,AODV,1001,2,n3,n2,304.822,1,1,1
2,medium,2.0,44,AODV,1001,3,n2,n1,0.119,1,0,0
2,medium,2.0,44,AODV,1001,4,n1,S,0.119,1,0,0
2,medium,2.0,44,OLSR,1001,0,n5,n4,0.125,1,0,0
2,medium,2.0,44,OLSR,1001,1,n4,n3,3.947,1,1,1
2,medium,2.0,44,OLSR,1001,2,n3,n2,304.822,1,1,1
2,medium,2.0,44,OLSR,1001,3,n2,n1,0.119,1,0,0
2,medium,2.0,44,OLSR,1001,4,n1,S,0.119,1,0,0
2,medium,2.0,44,DSR,1001,0,n5,n4,0.125,1,0,0
2,medium,2.0,44,DSR,1001,1,n4,n3,3.947,1,1,1
2,medium,2.0,44,DSR,1001,2,n3,n2,304.822,1,1,1
2,medium,2.0,44,DSR,1001,3,n2,n1,0.119,1,0,0
2,medium,2.0,44,DSR,1001,4,n1,S,0.119,1,0,0
2,medium,2.0,44,DSDV,1001,0,n5,n4,0.125,1,0,0
2,medium,2.0,44,DSDV,1001,1,n4,n3,3.947,1,1,1
2,medium,2.0,44,DSDV,1001,2,n3,n2,304.822,1,1,1
2,medium,2.0,44,DSDV,1001,3,n2,n1,0.119,1,0,0
2,medium,2.0,44,DSDV,1001,4,n1,S,0.119,1,0,0
2,medium,3.0,37,AODV,1001,0,n5,n4,0.054,1,0,0
2,medium,3.0,37,AODV,1001,1,n4,n3,4.506,1,1,1
2,medium,3.0,37,AODV,1001,2,n3,n2,4.843,1,1,1
2,medium,3.0,37,AODV,1001,3,n2,n1,0.176,1,0,0
2,medium,3.0,37,AODV,1001,4,n1,S,0.062,1,0,0
2,medium,3.0,37,OLSR,1001,0,n5,n4,0.054,1,0,0
2,medium,3.0,37,OLSR,1001,1,n4,n3,4.506,1,1,1
2,medium,3.0,37,OLSR,1001,2,n3,n2,4.843,1,1,1
2,medium,3.0,37,OLSR,1001,3,n2,n1,0.176,1,0,0
2,medium,3.0,37,OLSR,1001,4,n1,S,0.062,1,0,0
2,medium,3.0,37,DSR,1001,0,n5,n4,0.054,1,0,0
2,medium,3.0,37,DSR,1001,1,n4,n3,4.506,1,1,1
2,medium,3.0,37,DSR,1001,2,n3,n2,4.843,1,1,1
2,medium,3.0,37,DSR,1001,3,n2,n1,0.176,1,0,0
2,medium,3.0,37,DSR,1001,4,n1,S,0.062,1,0,0
2,medium,3.0,37,DSDV,1001,0,n5,n4,0.054,1,0,0
2,medium,3.0,37,DSDV,1001,1,n4,n3,4.506,1,1,1
2,medium,3.0,37,DSDV,1001,2,n3,n2,4.843,1,1,1
2,medium,3.0,37,DSDV,1001,3,n2,n1,0.176,1,0,0
2,medium,3.0,37,DSDV,1001,4,n1,S,0.062,1,0,0
2,medium,3.0,38,AODV,1001,0,n5,n4,0.128,1,0,0
2,medium,3.0,38,AODV,1001,1,n4,n3,124.506,1,1,1
2,medium,3.0,38,AODV,1001,2,n3,n2,4.843,1,1,1
2,medium,3.0,38,AODV,1001,3,n2,n1,0.136,1,0,0
2,medium,3.0,38,AODV,1001,4,n1,S,0.142,1,0,0
2,medium,3.0,38,OLSR,1001,0,n5,n4,0.128,1,0,0
2,medium,3.0,38,OLSR,1001,1,n4,n3,124.506,1,1,1
2,medium,3.0,38,OLSR,1001,2,n3,n2,4.843,1,1,1
2,medium,3.0,38,OLSR,1001,3,n2,n1,0.136,1,0,0
2,medium,3.0,38,OLSR,1001,4,n1,S,0.142,1,0,0
2,medium,3.0,38,DSR,1001,0,n5,n4,0.128,1,0,0
2,medium,3.0,38,DSR,1001,1,n4,n3,124.506,1,1,1
2,medium,3.0,38,DSR,1001,2,n3,n2,4.843,1,1,1
2,medium,3.0,38,DSR,1001,3,n2,n1,0.136,1,0,0
2,medium,3.0,38,DSR,1001,4,n1,S,0.142,1,0,0
2,medium,3.0,38,DSDV,1001,0,n5,n4,0.128,1,0,0
2,medium,3.0,38,DSDV,1001,1,n4,n3,124.506,1,1,1
2,medium,3.0,38,DSDV,1001,2,n3,n2,4.843,1,1,1
2,medium,3.0,38,DSDV,1001,3,n2,n1,0.136,1,0,0
2,medium,3.0,38,DSDV,1001,4,n1,S,0.142,1,0,0
2,medium,3.0,39,AODV,1001,0,n5,n4,0.108,1,0,0
2,medium,3.0,39,AODV,1001,1,n4,n3,244.506,1,1,1
2,medium,3.0,39,AODV,1001,2,n3,n2,4.843,1,1,1
2,medium,3.0,39,AODV,1001,3,n2,n1,0.113,1,0,0
2,medium,3.0,39,AODV,1001,4,n1,S,0.095,1,0,0
2,medium,3.0,39,OLSR,1001,0,n5,n4,0.108,1,0,0
2,medium,3.0,39,OLSR,1001,1,n4,n3,244.506,1,1,1
2,medium,3.0,39,OLSR,1001,2,n3,n2,4.843,1,1,1
2,medium,3.0,39,OLSR,1001,3,n2,n1,0.113,1,0,0
2,medium,3.0,39,OLSR,1001,4,n1,S,0.095,1,0,0
2,medium,3.0,39,DSR,1001,0,n5,n4,0.108,1,0,0
2,medium,3.0,39,DSR,1001,1,n4,n3,244.506,1,1,1
2,medium,3.0,39,DSR,1001,2,n3,n2,4.843,1,1,1
2,medium,3.0,39,DSR,1001,3,n2,n1,0.113,1,0,0
2,medium,3.0,39,DSR,1001,4,n1,S,0.095,1,0,0
2,medium,3.0,39,DSDV,1001,0,n5,n4,0.108,1,0,0
2,medium,3.0,39,DSDV,1001,1,n4,n3,244.506,1,1,1
2,medium,3.0,39,DSDV,1001,2,n3,n2,4.843,1,1,1
2,medium,3.0,39,DSDV,1001,3,n2,n1,0.113,1,0,0
2,medium,3.0,39,DSDV,1001,4,n1,S,0.095,1,0,0
2,medium,3.0,40,AODV,1001,0,n5,n4,0.127,1,0,0
2,medium,3.0,40,AODV,1001,1,n4,n3,244.566,1,1,1
2,medium,3.0,40,AODV,1001,2,n3,n2,243.309,1,1,1
2,medium,3.0,40,AODV,1001,3,n2,n1,0.078,1,0,0
2,medium,3.0,40,AODV,1001,4,n1,S,0.081,1,0,0
2,medium,3.0,40,OLSR,1001,0,n5,n4,0.127,1,0,0
2,medium,3.0,40,OLSR,1001,1,n4,n3,244.566,1,1,1
2,medium,3.0,40,OLSR,1001,2,n3,n2,243.309,1,1,1
2,medium,3.0,40,OLSR,1001,3,n2,n1,0.078,1,0,0
2,medium,3.0,40,OLSR,1001,4,n1,S,0.081,1,0,0
2,medium,3.0,40,DSR,1001,0,n5,n4,0.127,1,0,0
2,medium,3.0,40,DSR,1001,1,n4,n3,244.566,1,1,1
2,medium,3.0,40,DSR,1001,2,n3,n2,243.309,1,1,1
2,medium,3.0,40,DSR,1001,3,n2,n1,0.078,1,0,0
2,medium,3.0,40,DSR,1001,4,n1,S,0.081,1,0,0
2,medium,3.0,40,DSDV,1001,0,n5,n4,0.127,1,0,0
2,medium,3.0,40,DSDV,1001,1,n4,n3,244.566,1,1,1
2,medium,3.0,40,DSDV,1001,2,n3,n2,243.309,1,1,1
2,medium,3.0,40,DSDV,1001,3,n2,n1,0.078,1,0,0
2,medium,3.0,40,DSDV,1001,4,n1,S,0.081,1,0,0
2,medium,3.0,41,AODV,1001,0,n5,n4,0.056,1,0,0
2,medium,3.0,41,AODV,1001,1,n4,n3,124.566,1,1,1
2,medium,3.0,41,AODV,1001,2,n3,n2,64.275,1,1,1
2,medium,3.0,41,AODV,1001,3,n2,n1,0.119,1,0,0
2,medium,3.0,41,AODV,1001,4,n1,S,0.168,1,0,0
2,medium,3.0,41,OLSR,1001,0,n5,n4,0.056,1,0,0
2,medium,3.0,41,OLSR,1001,1,n4,n3,124.566,1,1,1
2,medium,3.0,41,OLSR,1001,2,n3,n2,64.275,1,1,1
2,medium,3.0,41,OLSR,1001,3,n2,n1,0.119,1,0,0
2,medium,3.0,41,OLSR,1001,4,n1,S,0.168,1,0,0
2,medium,3.0,41,DSR,1001,0,n5,n4,0.056,1,0,0
2,medium,3.0,41,DSR,1001,1,n4,n3,124.566,1,1,1
2,medium,3.0,41,DSR,1001,2,n3,n2,64.275,1,1,1
2,medium,3.0,41,DSR,1001,3,n2,n1,0.119,1,0,0
2,medium,3.0,41,DSR,1001,4,n1,S,0.168,1,0,0
2,medium,3.0,41,DSDV,1001,0,n5,n4,0.056,1,0,0
2,medium,3.0,41,DSDV,1001,1,n4,n3,124.566,1,1,1
2,medium,3.0,41,DSDV,1001,2,n3,n2,64.275,1,1,1
2,medium,3.0,41,DSDV,1001,3,n2,n1,0.119,1,0,0
2,medium,3.0,41,DSDV,1001,4,n1,S,0.168,1,0,0
2,medium,3.0,42,AODV,1001,0,n5,n4,0.115,1,0,0
2,medium,3.0,42,AODV,1001,1,n4,n3,4.566,1,1,1
2,medium,3.0,42,AODV,1001,2,n3,n2,63.769,1,1,1
2,medium,3.0,42,AODV,1001,3,n2,n1,0.127,1,0,0
2,medium,3.0,42,AODV,1001,4,n1,S,0.127,1,0,0
2,medium,3.0,42,OLSR,1001,0,n5,n4,0.115,1,0,0
2,medium,3.0,42,OLSR,1001,1,n4,n3,4.566,1,1,1
2,medium,3.0,42,OLSR,1001,2,n3,n2,63.769,1,1,1
2,medium,3.0,42,OLSR,1001,3,n2,n1,0.127,1,0,0
2,medium,3.0,42,OLSR,1001,4,n1,S,0.127,1,0,0
2,medium,3.0,42,DSR,1001,0,n5,n4,0.115,1,0,0
2,medium,3.0,42,DSR,1001,1,n4,n3,4.566,1,1,1
2,medium,3.0,42,DSR,1001,2,n3,n2,63.769,1,1,1
2,medium,3.0,42,DSR,1001,3,n2,n1,0.127,1,0,0
2,medium,3.0,42,DSR,1001,4,n1,S,0.127,1,0,0
2,medium,3.0,42,DSDV,1001,0,n5,n4,0.115,1,0,0
2,medium,3.0,42,DSDV,1001,1,n4,n3,4.566,1,1,1
2,medium,3.0,42,DSDV,1001,2,n3,n2,63.769,1,1,1
2,medium,3.0,42,DSDV,1001,3,n2,n1,0.127,1,0,0
2,medium,3.0,42,DSDV,1001,4,n1,S,0.127,1,0,0
2,medium,3.0,43,AODV,1001,0,n5,n4,0.114,1,0,0
2,medium,3.0,43,AODV,1001,1,n4,n3,424.822,1,1,1
2,medium,3.0,43,AODV,1001,2,n3,n2,62.554,1,1,1
2,medium,3.0,43,AODV,1001,3,n2,n1,0.152,1,0,0
2,medium,3.0,43,AODV,1001,4,n1,S,0.140,1,0,0
2,medium,3.0,43,OLSR,1001,0,n5,n4,0.114,1,0,0
2,medium,3.0,43,OLSR,1001,1,n4,n3,424.822,1,1,1
2,medium,3.0,43,OLSR,1001,2,n3,n2,62.554,1,1,1
2,medium,3.0,43,OLSR,1001,3,n2,n1,0.152,1,0,0
2,medium,3.0,43,OLSR,1001,4,n1,S,0.140,1,0,0
2,medium,3.0,43,DSR,1001,0,n5,n4,0.114,1,0,0
2,medium,3.0,43,DSR,1001,1,n4,n3,424.822,1,1,1
2,medium,3.0,43,DSR,1001,2,n3,n2,62.554,1,1,1
2,medium,3.0,43,DSR,1001,3,n2,n1,0.152,1,0,0
2,medium,3.0,43,DSR,1001,4,n1,S,0.140,1,0,0
2,medium,3.0,43,DSDV,1001,0,n5,n4,0.114,1,0,0
2,medium,3.0,43,DSDV,1001,1,n4,n3,424.822,1,1,1
2,medium,3.0,43,DSDV,1001,2,n3,n2,62.554,1,1,1
2,medium,3.0,43,DSDV,1001,3,n2,n1,0.152,1,0,0
2,medium,3.0,43,DSDV,1001,4,n1,S,0.140,1,0,0
2,medium,3.0,44,AODV,1001,0,n5,n4,0.125,1,0,0
2,medium,3.0,44,AODV,1001,1,n4,n3,3.947,1,1,1
2,medium,3.0,44,AODV,1001,2,n3,n2,304.822,1,1,1
2,medium,3.0,44,AODV,1001,3,n2,n1,0.119,1,0,0
2,medium,3.0,44,AODV,1001,4,n1,S,0.119,1,0,0
2,medium,3.0,44,OLSR,1001,0,n5,n4,0.125,1,0,0
2,medium,3.0,44,OLSR,1001,1,n4,n3,3.947,1,1,1
2,medium,3.0,44,OLSR,1001,2,n3,n2,304.822,1,1,1
2,medium,3.0,44,OLSR,1001,3,n2,n1,0.119,1,0,0
2,medium,3.0,44,OLSR,1001,4,n1,S,0.119,1,0,0
2,medium,3.0,44,DSR,1001,0,n5,n4,0.125,1,0,0
2,medium,3.0,44,DSR,1001,1,n4,n3,3.947,1,1,1
2,medium,3.0,44,DSR,1001,2,n3,n2,304.822,1,1,1
2,medium,3.0,44,DSR,1001,3,n2,n1,0.119,1,0,0
2,medium,3.0,44,DSR,1001,4,n1,S,0.119,1,0,0
2,medium,3.0,44,DSDV,1001,0,n5,n4,0.125,1,0,0
2,medium,3.0,44,DSDV,1001,1,n4,n3,3.947,1,1,1
2,medium,3.0,44,DSDV,1001,2,n3,n2,304.822,1,1,1
2,medium,3.0,44,DSDV,1001,3,n2,n1,0.119,1,0,0
2,medium,3.0,44,DSDV,1001,4,n1,S,0.119,1,0,0
2,medium,4.0,37,AODV,1001,0,n5,n4,0.054,1,0,0
2,medium,4.0,37,AODV,1001,1,n4,n3,4.506,1,1,1
2,medium,4.0,37,AODV,1001,2,n3,n2,4.843,1,1,1
2,medium,4.0,37,AODV,1001,3,n2,n1,0.176,1,0,0
2,medium,4.0,37,AODV,1001,4,n1,S,0.062,1,0,0
2,medium,4.0,37,OLSR,1001,0,n5,n4,0.054,1,0,0
2,medium,4.0,37,OLSR,1001,1,n4,n3,4.506,1,1,1
2,medium,4.0,37,OLSR,1001,2,n3,n2,4.843,1,1,1
2,medium,4.0,37,OLSR,1001,3,n2,n1,0.176,1,0,0
2,medium,4.0,37,OLSR,1001,4,n1,S,0.062,1,0,0
2,medium,4.0,37,DSR,1001,0,n5,n4,0.054,1,0,0
2,medium,4.0,37,DSR,1001,1,n4,n3,4.506,1,1,1
2,medium,4.0,37,DSR,1001,2,n3,n2,4.843,1,1,1
2,medium,4.0,37,DSR,1001,3,n2,n1,0.176,1,0,0
2,medium,4.0,37,DSR,1001,4,n1,S,0.062,1,0,0
2,medium,4.0,37,DSDV,1001,0,n5,n4,0.054,1,0,0
2,medium,4.0,37,DSDV,1001,1,n4,n3,4.506,1,1,1
2,medium,4.0,37,DSDV,1001,2,n3,n2,4.843,1,1,1
2,medium,4.0,37,DSDV,1001,3,n2,n1,0.176,1,0,0
2,medium,4.0,37,DSDV,1001,4,n1,S,0.062,1,0,0
2,medium,4.0,38,AODV,1001,0,n5,n4,0.128,1,0,0
2,medium,4.0,38,AODV,1001,1,n4,n3,124.506,1,1,1
2,medium,4.0,38,AODV,1001,2,n3,n2,4.843,1,1,1
2,medium,4.0,38,AODV,1001,3,n2,n1,0.136,1,0,0
2,medium,4.0,38,AODV,1001,4,n1,S,0.142,1,0,0
2,medium,4.0,38,OLSR,1001,0,n5,n4,0.128,1,0,0
2,medium,4.0,38,OLSR,1001,1,n4,n3,124.506,1,1,1
2,medium,4.0,38,OLSR,1001,2,n3,n2,4.843,1,1,1
2,medium,4.0,38,OLSR,1001,3,n2,n1,0.136,1,0,0
2,medium,4.0,38,OLSR,1001,4,n1,S,0.142,1,0,0
2,medium,4.0,38,DSR,1001,0,n5,n4,0.128,1,0,0
2,medium,4.0,38,DSR,1001,1,n4,n3,124.506,1,1,1
2,medium,4.0,38,DSR,1001,2,n3,n2,4.843,1,1,1
2,medium,4.0,38,DSR,1001,3,n2,n1,0.136,1,0,0
2,medium,4.0,38,DSR,1001,4,n1,S,0.142,1,0,0
2,medium,4.0,38,DSDV,1001,0,n5,n4,0.128,1,0,0
2,medium,4.0,38,DSDV,1001,1,n4,n3,124.506,1,1,1
2,medium,4.0,38,DSDV,1001,2,n3,n2,4.843,1,1,1
2,medium,4.0,38,DSDV,1001,3,n2,n1,0.136,1,0,0
2,medium,4.0,38,DSDV,1001,4,n1,S,0.142,1,0,0
2,medium,4.0,39,AODV,1001,0,n5,n4,0.108,1,0,0
2,medium,4.0,39,AODV,1001,1,n4,n3,244.506,1,1,1
2,medium,4.0,39,AODV,1001,2,n3,n2,4.843,1,1,1
2,medium,4.0,39,AODV,1001,3,n2,n1,0.113,1,0,0
2,medium,4.0,39,AODV,1001,4,n1,S,0.095,1,0,0
2,medium,4.0,39,OLSR,1001,0,n5,n4,0.108,1,0,0
2,medium,4.0,39,OLSR,1001,1,n4,n3,244.506,1,1,1
2,medium,4.0,39,OLSR,1001,2,n3,n2,4.843,1,1,1
2,medium,4.0,39,OLSR,1001,3,n2,n1,0.113,1,0,0
2,medium,4.0,39,OLSR,1001,4,n1,S,0.095,1,0,0
2,medium,4.0,39,DSR,1001,0,n5,n4,0.108,1,0,0
2,medium,4.0,39,DSR,1001,1,n4,n3,244.506,1,1,1
2,medium,4.0,39,DSR,1001,2,n3,n2,4.843,1,1,1
2,medium,4.0,39,DSR,1001,3,n2,n1,0.113,1,0,0
2,medium,4.0,39,DSR,1001,4,n1,S,0.095,1,0,0
2,medium,4.0,39,DSDV,1001,0,n5,n4,0.108,1,0,0
2,medium,4.0,39,DSDV,1001,1,n4,n3,244.506,1,1,1
2,medium,4.0,39,DSDV,1001,2,n3,n2,4.843,1,1,1
2,medium,4.0,39,DSDV,1001,3,n2,n1,0.113,1,0,0
2,medium,4.0,39,DSDV,1001,4,n1,S,0.095,1,0,0
2,medium,4.0,40,AODV,1001,0,n5,n4,0.127,1,0,0
2,medium,4.0,40,AODV,1001,1,n4,n3,244.566,1,1,1
2,medium,4.0,40,AODV,1001,2,n3,n2,243.309,1,1,1
2,medium,4.0,40,AODV,1001,3,n2,n1,0.078,1,0,0
2,medium,4.0,40,AODV,1001,4,n1,S,0.081,1,0,0
2,medium,4.0,40,OLSR,1001,0,n5,n4,0.127,1,0,0
2,medium,4.0,40,OLSR,1001,1,n4,n3,244.566,1,1,1
2,medium,4.0,40,OLSR,1001,2,n3,n2,243.309,1,1,1
2,medium,4.0,40,OLSR,1001,3,n2,n1,0.078,1,0,0
2,medium,4.0,40,OLSR,1001,4,n1,S,0.081,1,0,0
2,medium,4.0,40,DSR,1001,0,n5,n4,0.127,1,0,0
2,medium,4.0,40,DSR,1001,1,n4,n3,244.566,1,1,1
2,medium,4.0,40,DSR,1001,2,n3,n2,243.309,1,1,1
2,medium,4.0,40,DSR,1001,3,n2,n1,0.078,1,0,0
2,medium,4.0,40,DSR,1001,4,n1,S,0.081,1,0,0
2,medium,4.0,40,DSDV,1001,0,n5,n4,0.127,1,0,0
2,medium,4.0,40,DSDV,1001,1,n4,n3,244.566,1,1,1
2,medium,4.0,40,DSDV,1001,2,n3,n2,243.309,1,1,1
2,medium,4.0,40,DSDV,1001,3,n2,n1,0.078,1,0,0
2,medium,4.0,40,DSDV,1001,4,n1,S,0.081,1,0,0
2,medium,4.0,41,AODV,1001,0,n5,n4,0.056,1,0,0
2,medium,4.0,41,AODV,1001,1,n4,n3,124.566,1,1,1
2,medium,4.0,41,AODV,1001,2,n3,n2,64.275,1,1,1
2,medium,4.0,41,AODV,1001,3,n2,n1,0.119,1,0,0
2,medium,4.0,41,AODV,1001,4,n1,S,0.168,1,0,0
2,medium,4.0,41,OLSR,1001,0,n5,n4,0.056,1,0,0
2,medium,4.0,41,OLSR,1001,1,n4,n3,124.566,1,1,1
2,medium,4.0,41,OLSR,1001,2,n3,n2,64.275,1,1,1
2,medium,4.0,41,OLSR,1001,3,n2,n1,0.119,1,0,0
2,medium,4.0,41,OLSR,1001,4,n1,S,0.168,1,0,0
2,medium,4.0,41,DSR,1001,0,n5,n4,0.056,1,0,0
2,medium,4.0,41,DSR,1001,1,n4,n3,124.566,1,1,1
2,medium,4.0,41,DSR,1001,2,n3,n2,64.275,1,1,1
2,medium,4.0,41,DSR,1001,3,n2,n1,0.119,1,0,0
2,medium,4.0,41,DSR,1001,4,n1,S,0.168,1,0,0
2,medium,4.0,41,DSDV,1001,0,n5,n4,0.056,1,0,0
2,medium,4.0,41,DSDV,1001,1,n4,n3,124.566,1,1,1
2,medium,4.0,41,DSDV,1001,2,n3,n2,64.275,1,1,1
2,medium,4.0,41,DSDV,1001,3,n2,n1,0.119,1,0,0
2,medium,4.0,41,DSDV,1001,4,n1,S,0.168,1,0,0
2,medium,4.0,42,AODV,1001,0,n5,n4,0.115,1,0,0
2,medium,4.0,42,AODV,1001,1,n4,n3,4.566,1,1,1
2,medium,4.0,42,AODV,1001,2,n3,n2,63.769,1,1,1
2,medium,4.0,42,AODV,1001,3,n2,n1,0.127,1,0,0
2,medium,4.0,42,AODV,1001,4,n1,S,0.127,1,0,0
2,medium,4.0,42,OLSR,1001,0,n5,n4,0.115,1,0,0
2,medium,4.0,42,OLSR,1001,1,n4,n3,4.566,1,1,1
2,medium,4.0,42,OLSR,1001,2,n3,n2,63.769,1,1,1
2,medium,4.0,42,OLSR,1001,3,n2,n1,0.127,1,0,0
2,medium,4.0,42,OLSR,1001,4,n1,S,0.127,1,0,0
2,medium,4.0,42,DSR,1001,0,n5,n4,0.115,1,0,0
2,medium,4.0,42,DSR,1001,1,n4,n3,4.566,1,1,1
2,medium,4.0,42,DSR,1001,2,n3,n2,63.769,1,1,1
2,medium,4.0,42,DSR,1001,3,n2,n1,0.127,1,0,0
2,medium,4.0,42,DSR,1001,4,n1,S,0.127,1,0,0
2,medium,4.0,42,DSDV,1001,0,n5,n4,0.115,1,0,0
2,medium,4.0,42,DSDV,1001,1,n4,n3,4.566,1,1,1
2,medium,4.0,42,DSDV,1001,2,n3,n2,63.769,1,1,1
2,medium,4.0,42,DSDV,1001,3,n2,n1,0.127,1,0,0
2,medium,4.0,42,DSDV,1001,4,n1,S,0.127,1,0,0
2,medium,4.0,43,AODV,1001,0,n5,n4,0.114,1,0,0
2,medium,4.0,43,AODV,1001,1,n4,n3,424.822,1,1,1
2,medium,4.0,43,AODV,1001,2,n3,n2,62.554,1,1,1
2,medium,4.0,43,AODV,1001,3,n2,n1,0.152,1,0,0
2,medium,4.0,43,AODV,1001,4,n1,S,0.140,1,0,0
2,medium,4.0,43,OLSR,1001,0,n5,n4,0.114,1,0,0
2,medium,4.0,43,OLSR,1001,1,n4,n3,424.822,1,1,1
2,medium,4.0,43,OLSR,1001,2,n3,n2,62.554,1,1,1
2,medium,4.0,43,OLSR,1001,3,n2,n1,0.152,1,0,0
2,medium,4.0,43,OLSR,1001,4,n1,S,0.140,1,0,0
2,medium,4.0,43,DSR,1001,0,n5,n4,0.114,1,0,0
2,medium,4.0,43,DSR,1001,1,n4,n3,424.822,1,1,1
2,medium,4.0,43,DSR,1001,2,n3,n2,62.554,1,1,1
2,medium,4.0,43,DSR,1001,3,n2,n1,0.152,1,0,0
2,medium,4.0,43,DSR,1001,4,n1,S,0.140,1,0,0
2,medium,4.0,43,DSDV,1001,0,n5,n4,0.114,1,0,0
2,medium,4.0,43,DSDV,1001,1,n4,n3,424.822,1,1,1
2,medium,4.0,43,DSDV,1001,2,n3,n2,62.554,1,1,1
2,medium,4.0,43,DSDV,1001,3,n2,n1,0.152,1,0,0
2,medium,4.0,43,DSDV,1001,4,n1,S,0.140,1,0,0
2,medium,4.0,44,AODV,1001,0,n5,n4,0.125,1,0,0
2,medium,4.0,44,AODV,1001,1,n4,n3,3.947,1,0,1
2,medium,4.0,44,AODV,1001,2,n3,n2,304.822,1,1,1
2,medium,4.0,44,AODV,1001,3,n2,n1,0.119,1,0,0
2,medium,4.0,44,AODV,1001,4,n1,S,0.119,1,0,0
2,medium,4.0,44,OLSR,1001,0,n5,n4,0.125,1,0,0
2,medium,4.0,44,OLSR,1001,1,n4,n3,3.947,1,0,1
2,medium,4.0,44,OLSR,1001,2,n3,n2,304.822,1,1,1
2,medium,4.0,44,OLSR,1001,3,n2,n1,0.119,1,0,0
2,medium,4.0,44,OLSR,1001,4,n1,S,0.119,1,0,0
2,medium,4.0,44,DSR,1001,0,n5,n4,0.125,1,0,0
2,medium,4.0,44,DSR,1001,1,n4,n3,3.947,1,0,1
2,medium,4.0,44,DSR,1001,2,n3,n2,304.822,1,1,1
2,medium,4.0,44,DSR,1001,3,n2,n1,0.119,1,0,0
2,medium,4.0,44,DSR,1001,4,n1,S,0.119,1,0,0
2,medium,4.0,44,DSDV,1001,0,n5,n4,0.125,1,0,0
2,medium,4.0,44,DSDV,1001,1,n4,n3,3.947,1,0,1
2,medium,4.0,44,DSDV,1001,2,n3,n2,304.822,1,1,1
2,medium,4.0,44,DSDV,1001,3,n2,n1,0.119,1,0,0
2,medium,4.0,44,DSDV,1001,4,n1,S,0.119,1,0,0
2,medium,5.0,37,AODV,1001,0,n5,n4,0.054,1,0,0
2,medium,5.0,37,AODV,1001,1,n4,n3,4.506,1,0,1
2,medium,5.0,37,AODV,1001,2,n3,n2,4.843,1,0,1
2,medium,5.0,37,AODV,1001,3,n2,n1,0.176,1,0,0
2,medium,5.0,37,AODV,1001,4,n1,S,0.062,1,0,0
2,medium,5.0,37,OLSR,1001,0,n5,n4,0.054,1,0,0
2,medium,5.0,37,OLSR,1001,1,n4,n3,4.506,1,0,1
2,medium,5.0,37,OLSR,1001,2,n3,n2,4.843,1,0,1
2,medium,5.0,37,OLSR,1001,3,n2,n1,0.176,1,0,0
2,medium,5.0,37,OLSR,1001,4,n1,S,0.062,1,0,0
2,medium,5.0,37,DSR,1001,0,n5,n4,0.054,1,0,0
2,medium,5.0,37,DSR,1001,1,n4,n3,4.506,1,0,1
2,medium,5.0,37,DSR,1001,2,n3,n2,4.843,1,0,1
2,medium,5.0,37,DSR,1001,3,n2,n1,0.176,1,0,0
2,medium,5.0,37,DSR,1001,4,n1,S,0.062,1,0,0
2,medium,5.0,37,DSDV,1001,0,n5,n4,0.054,1,0,0
2,medium,5.0,37,DSDV,1001,1,n4,n3,4.506,1,0,1
2,medium,5.0,37,DSDV,1001,2,n3,n2,4.843,1,0,1
2,medium,5.0,37,DSDV,1001,3,n2,n1,0.176,1,0,0
2,medium,5.0,37,DSDV,1001,4,n1,S,0.062,1,0,0
2,medium,5.0,38,AODV,1001,0,n5,n4,0.128,1,0,0
2,medium,5.0,38,AODV,1001,1,n4,n3,124.506,1,1,1
2,medium,5.0,38,AODV,1001,2,n3,n2,4.843,1,0,1
2,medium,5.0,38,AODV,1001,3,n2,n1,0.136,1,0,0
2,medium,5.0,38,AODV,1001,4,n1,S,0.142,1,0,0
2,medium,5.0,38,OLSR,1001,0,n5,n4,0.128,1,0,0
2,medium,5.0,38,OLSR,1001,1,n4,n3,124.506,1,1,1
2,medium,5.0,38,OLSR,1001,2,n3,n2,4.843,1,0,1
2,medium,5.0,38,OLSR,1001,3,n2,n1,0.136,1,0,0
2,medium,5.0,38,OLSR,1001,4,n1,S,0.142,1,0,0
2,medium,5.0,38,DSR,1001,0,n5,n4,0.128,1,0,0
2,medium,5.0,38,DSR,1001,1,n4,n3,124.506,1,1,1
2,medium,5.0,38,DSR,1001,2,n3,n2,4.843,1,0,1
2,medium,5.0,38,DSR,1001,3,n2,n1,0.136,1,0,0
2,medium,5.0,38,DSR,1001,4,n1,S,0.142,1,0,0
2,medium,5.0,38,DSDV,1001,0,n5,n4,0.128,1,0,0
2,medium,5.0,38,DSDV,1001,1,n4,n3,124.506,1,1,1
2,medium,5.0,38,DSDV,1001,2,n3,n2,4.843,1,0,1
2,medium,5.0,38,DSDV,1001,3,n2,n1,0.136,1,0,0
2,medium,5.0,38,DSDV,1001,4,n1,S,0.142,1,0,0
2,medium,5.0,39,AODV,1001,0,n5,n4,0.108,1,0,0
2,medium,5.0,39,AODV,1001,1,n4,n3,244.506,1,1,1
2,medium,5.0,39,AODV,1001,2,n3,n2,4.843,1,0,1
2,medium,5.0,39,AODV,1001,3,n2,n1,0.113,1,0,0
2,medium,5.0,39,AODV,1001,4,n1,S,0.095,1,0,0
2,medium,5.0,39,OLSR,1001,0,n5,n4,0.108,1,0,0
2,medium,5.0,39,OLSR,1001,1,n4,n3,244.506,1,1,1
2,medium,5.0,39,OLSR,1001,2,n3,n2,4.843,1,0,1
2,medium,5.0,39,OLSR,1001,3,n2,n1,0.113,1,0,0
2,medium,5.0,39,OLSR,1001,4,n1,S,0.095,1,0,0
2,medium,5.0,39,DSR,1001,0,n5,n4,0.108,1,0,0
2,medium,5.0,39,DSR,1001,1,n4,n3,244.506,1,1,1
2,medium,5.0,39,DSR,1001,2,n3,n2,4.843,1,0,1
2,medium,5.0,39,DSR,1001,3,n2,n1,0.113,1,0,0
2,medium,5.0,39,DSR,1001,4,n1,S,0.095,1,0,0
2,medium,5.0,39,DSDV,1001,0,n5,n4,0.108,1,0,0
2,medium,5.0,39,DSDV,1001,1,n4,n3,244.506,1,1,1
2,medium,5.0,39,DSDV,1001,2,n3,n2,4.843,1,0,1
2,medium,5.0,39,DSDV,1001,3,n2,n1,0.113,1,0,0
2,medium,5.0,39,DSDV,1001,4,n1,S,0.095,1,0,0
2,medium,5.0,40,AODV,1001,0,n5,n4,0.127,1,0,0
2,medium,5.0,40,AODV,1001,1,n4,n3,244.566,1,1,1
2,medium,5.0,40,AODV,1001,2,n3,n2,243.309,1,1,1
2,medium,5.0,40,AODV,1001,3,n2,n1,0.078,1,0,0
2,medium,5.0,40,AODV,1001,4,n1,S,0.081,1,0,0
2,medium,5.0,40,OLSR,1001,0,n5,n4,0.127,1,0,0
2,medium,5.0,40,OLSR,1001,1,n4,n3,244.566,1,1,1
2,medium,5.0,40,OLSR,1001,2,n3,n2,243.309,1,1,1
2,medium,5.0,40,OLSR,1001,3,n2,n1,0.078,1,0,0
2,medium,5.0,40,OLSR,1001,4,n1,S,0.081,1,0,0
2,medium,5.0,40,DSR,1001,0,n5,n4,0.127,1,0,0
2,medium,5.0,40,DSR,1001,1,n4,n3,244.566,1,1,1
2,medium,5.0,40,DSR,1001,2,n3,n2,243.309,1,1,1
2,medium,5.0,40,DSR,1001,3,n2,n1,0.078,1,0,0
2,medium,5.0,40,DSR,1001,4,n1,S,0.081,1,0,0
2,medium,5.0,40,DSDV,1001,0,n5,n4,0.127,1,0,0
2,medium,5.0,40,DSDV,1001,1,n4,n3,244.566,1,1,1
2,medium,5.0,40,DSDV,1001,2,n3,n2,243.309,1,1,1
2,medium,5.0,40,DSDV,1001,3,n2,n1,0.078,1,0,0
2,medium,5.0,40,DSDV,1001,4,n1,S,0.081,1,0,0
2,medium,5.0,41,AODV,1001,0,n5,n4,0.056,1,0,0
2,medium,5.0,41,AODV,1001,1,n4,n3,124.566,1,1,1
2,medium,5.0,41,AODV,1001,2,n3,n2,64.275,1,1,1
2,medium,5.0,41,AODV,1001,3,n2,n1,0.119,1,0,0
2,medium,5.0,41,AODV,1001,4,n1,S,0.168,1,0,0
2,medium,5.0,41,OLSR,1001,0,n5,n4,0.056,1,0,0
2,medium,5.0,41,OLSR,1001,1,n4,n3,124.566,1,1,1
2,medium,5.0,41,OLSR,1001,2,n3,n2,64.275,1,1,1
2,medium,5.0,41,OLSR,1001,3,n2,n1,0.119,1,0,0
2,medium,5.0,41,OLSR,1001,4,n1,S,0.168,1,0,0
2,medium,5.0,41,DSR,1001,0,n5,n4,0.056,1,0,0
2,medium,5.0,41,DSR,1001,1,n4,n3,124.566,1,1,1
2,medium,5.0,41,DSR,1001,2,n3,n2,64.275,1,1,1
2,medium,5.0,41,DSR,1001,3,n2,n1,0.119,1,0,0
2,medium,5.0,41,DSR,1001,4,n1,S,0.168,1,0,0
2,medium,5.0,41,DSDV,1001,0,n5,n4,0.056,1,0,0
2,medium,5.0,41,DSDV,1001,1,n4,n3,124.566,1,1,1
2,medium,5.0,41,DSDV,1001,2,n3,n2,64.275,1,1,1
2,medium,5.0,41,DSDV,1001,3,n2,n1,0.119,1,0,0
2,medium,5.0,41,DSDV,1001,4,n1,S,0.168,1,0,0
2,medium,5.0,42,AODV,1001,0,n5,n4,0.115,1,0,0
2,medium,5.0,42,AODV,1001,1,n4,n3,4.566,1,0,1
2,medium,5.0,42,AODV,1001,2,n3,n2,63.769,1,1,1
2,medium,5.0,42,AODV,1001,3,n2,n1,0.127,1,0,0
2,medium,5.0,42,AODV,1001,4,n1,S,0.127,1,0,0
2,medium,5.0,42,OLSR,1001,0,n5,n4,0.115,1,0,0
2,medium,5.0,42,OLSR,1001,1,n4,n3,4.566,1,0,1
2,medium,5.0,42,OLSR,1001,2,n3,n2,63.769,1,1,1
2,medium,5.0,42,OLSR,1001,3,n2,n1,0.127,1,0,0
2,medium,5.0,42,OLSR,1001,4,n1,S,0.127,1,0,0
2,medium,5.0,42,DSR,1001,0,n5,n4,0.115,1,0,0
2,medium,5.0,42,DSR,1001,1,n4,n3,4.566,1,0,1
2,medium,5.0,42,DSR,1001,2,n3,n2,63.769,1,1,1
2,medium,5.0,42,DSR,1001,3,n2,n1,0.127,1,0,0
2,medium,5.0,42,DSR,1001,4,n1,S,0.127,1,0,0
2,medium,5.0,42,DSDV,1001,0,n5,n4,0.115,1,0,0
2,medium,5.0,42,DSDV,1001,1,n4,n3,4.566,1,0,1
2,medium,5.0,42,DSDV,1001,2,n3,n2,63.769,1,1,1
2,medium,5.0,42,DSDV,1001,3,n2,n1,0.127,1,0,0
2,medium,5.0,42,DSDV,1001,4,n1,S,0.127,1,0,0
2,medium,5.0,43,AODV,1001,0,n5,n4,0.114,1,0,0
2,medium,5.0,43,AODV,1001,1,n4,n3,424.822,1,1,1
2,medium,5.0,43,AODV,1001,2,n3,n2,62.554,1,1,1
2,medium,5.0,43,AODV,1001,3,n2,n1,0.152,1,0,0
2,medium,5.0,43,AODV,1001,4,n1,S,0.140,1,0,0
2,medium,5.0,43,OLSR,1001,0,n5,n4,0.114,1,0,0
2,medium,5.0,43,OLSR,1001,1,n4,n3,424.822,1,1,1
2,medium,5.0,43,OLSR,1001,2,n3,n2,62.554,1,1,1
2,medium,5.0,43,OLSR,1001,3,n2,n1,0.152,1,0,0
2,medium,5.0,43,OLSR,1001,4,n1,S,0.140,1,0,0
2,medium,5.0,43,DSR,1001,0,n5,n4,0.114,1,0,0
2,medium,5.0,43,DSR,1001,1,n4,n3,424.822,1,1,1
2,medium,5.0,43,DSR,1001,2,n3,n2,62.554,1,1,1
2,medium,5.0,43,DSR,1001,3,n2,n1,0.152,1,0,0
2,medium,5.0,43,DSR,1001,4,n1,S,0.140,1,0,0
2,medium,5.0,43,DSDV,1001,0,n5,n4,0.114,1,0,0
2,medium,5.0,43,DSDV,1001,1,n4,n3,424.822,1,1,1
2,medium,5.0,43,DSDV,1001,2,n3,n2,62.554,1,1,1
2,medium,5.0,43,DSDV,1001,3,n2,n1,0.152,1,0,0
2,medium,5.0,43,DSDV,1001,4,n1,S,0.140,1,0,0
2,medium,5.0,44,AODV,1001,0,n5,n4,0.125,1,0,0
2,medium,5.0,44,AODV,1001,1,n4,n3,3.947,1,0,1
2,medium,5.0,44,AODV,1001,2,n3,n2,304.822,1,1,1
2,medium,5.0,44,AODV,1001,3,n2,n1,0.119,1,0,0
2,medium,5.0,44,AODV,1001,4,n1,S,0.119,1,0,0
2,medium,5.0,44,OLSR,1001,0,n5,n4,0.125,1,0,0
2,medium,5.0,44,OLSR,1001,1,n4,n3,3.947,1,0,1
2,medium,5.0,44,OLSR,1001,2,n3,n2,304.822,1,1,1
2,medium,5.0,44,OLSR,1001,3,n2,n1,0.119,1,0,0
2,medium,5.0,44,OLSR,1001,4,n1,S,0.119,1,0,0
2,medium,5.0,44,DSR,1001,0,n5,n4,0.125,1,0,0
2,medium,5.0,44,DSR,1001,1,n4,n3,3.947,1,0,1
2,medium,5.0,44,DSR,1001,2,n3,n2,304.822,1,1,1
2,medium,5.0,44,DSR,1001,3,n2,n1,0.119,1,0,0
2,medium,5.0,44,DSR,1001,4,n1,S,0.119,1,0,0
2,medium,5.0,44,DSDV,1001,0,n5,n4,0.125,1,0,0
2,medium,5.0,44,DSDV,1001,1,n4,n3,3.947,1,0,1
2,medium,5.0,44,DSDV,1001,2,n3,n2,304.822,1,1,1
2,medium,5.0,44,DSDV,1001,3,n2,n1,0.119,1,0,0
2,medium,5.0,44,DSDV,1001,4,n1,S,0.119,1,0,0
2,medium,6.0,37,AODV,1001,0,n5,n4,0.054,1,0,0
2,medium,6.0,37,AODV,1001,1,n4,n3,4.506,1,0,1
2,medium,6.0,37,AODV,1001,2,n3,n2,4.843,1,0,1
2,medium,6.0,37,AODV,1001,3,n2,n1,0.176,1,0,0
2,medium,6.0,37,AODV,1001,4,n1,S,0.062,1,0,0
2,medium,6.0,37,OLSR,1001,0,n5,n4,0.054,1,0,0
2,medium,6.0,37,OLSR,1001,1,n4,n3,4.506,1,0,1
2,medium,6.0,37,OLSR,1001,2,n3,n2,4.843,1,0,1
2,medium,6.0,37,OLSR,1001,3,n2,n1,0.176,1,0,0
2,medium,6.0,37,OLSR,1001,4,n1,S,0.062,1,0,0
2,medium,6.0,37,DSR,1001,0,n5,n4,0.054,1,0,0
2,medium,6.0,37,DSR,1001,1,n4,n3,4.506,1,0,1
2,medium,6.0,37,DSR,1001,2,n3,n2,4.843,1,0,1
2,medium,6.0,37,DSR,1001,3,n2,n1,0.176,1,0,0
2,medium,6.0,37,DSR,1001,4,n1,S,0.062,1,0,0
2,medium,6.0,37,DSDV,1001,0,n5,n4,0.054,1,0,0
2,medium,6.0,37,DSDV,1001,1,n4,n3,4.506,1,0,1
2,medium,6.0,37,DSDV,1001,2,n3,n2,4.843,1,0,1
2,medium,6.0,37,DSDV,1001,3,n2,n1,0.176,1,0,0
2,medium,6.0,37,DSDV,1001,4,n1,S,0.062,1,0,0
2,medium,6.0,38,AODV,1001,0,n5,n4,0.128,1,0,0
2,medium,6.0,38,AODV,1001,1,n4,n3,124.506,1,1,1
2,medium,6.0,38,AODV,1001,2,n3,n2,4.843,1,0,1
2,medium,6.0,38,AODV,1001,3,n2,n1,0.136,1,0,0
2,medium,6.0,38,AODV,1001,4,n1,S,0.142,1,0,0
2,medium,6.0,38,OLSR,1001,0,n5,n4,0.128,1,0,0
2,medium,6.0,38,OLSR,1001,1,n4,n3,124.506,1,1,1
2,medium,6.0,38,OLSR,1001,2,n3,n2,4.843,1,0,1
2,medium,6.0,38,OLSR,1001,3,n2,n1,0.136,1,0,0
2,medium,6.0,38,OLSR,1001,4,n1,S,0.142,1,0,0
2,medium,6.0,38,DSR,1001,0,n5,n4,0.128,1,0,0
2,medium,6.0,38,DSR,1001,1,n4,n3,124.506,1,1,1
2,medium,6.0,38,DSR,1001,2,n3,n2,4.843,1,0,1
2,medium,6.0,38,DSR,1001,3,n2,n1,0.136,1,0,0
2,medium,6.0,38,DSR,1001,4,n1,S,0.142,1,0,0
2,medium,6.0,38,DSDV,1001,0,n5,n4,0.128,1,0,0
2,medium,6.0,38,DSDV,1001,1,n4,n3,124.506,1,1,1
2,medium,6.0,38,DSDV,1001,2,n3,n2,4.843,1,0,1
2,medium,6.0,38,DSDV,1001,3,n2,n1,0.136,1,0,0
2,medium,6.0,38,DSDV,1001,4,n1,S,0.142,1,0,0
2,medium,6.0,39,AODV,1001,0,n5,n4,0.108,1,0,0
2,medium,6.0,39,AODV,1001,1,n4,n3,244.506,1,1,1
2,medium,6.0,39,AODV,1001,2,n3,n2,4.843,1,0,1
2,medium,6.0,39,AODV,1001,3,n2,n1,0.113,1,0,0
2,medium,6.0,39,AODV,1001,4,n1,S,0.095,1,0,0
2,medium,6.0,39,OLSR,1001,0,n5,n4,0.108,1,0,0
2,medium,6.0,39,OLSR,1001,1,n4,n3,244.506,1,1,1
2,medium,6.0,39,OLSR,1001,2,n3,n2,4.843,1,0,1
2,medium,6.0,39,OLSR,1001,3,n2,n1,0.113,1,0,0
2,medium,6.0,39,OLSR,1001,4,n1,S,0.095,1,0,0
2,medium,6.0,39,DSR,1001,0,n5,n4,0.108,1,0,0
2,medium,6.0,39,DSR,1001,1,n4,n3,244.506,1,1,1
2,medium,6.0,39,DSR,1001,2,n3,n2,4.843,1,0,1
2,medium,6.0,39,DSR,1001,3,n2,n1,0.113,1,0,0
2,medium,6.0,39,DSR,1001,4,n1,S,0.095,1,0,0
2,medium,6.0,39,DSDV,1001,0,n5,n4,0.108,1,0,0
2,medium,6.0,39,DSDV,1001,1,n4,n3,244.506,1,1,1
2,medium,6.0,39,DSDV,1001,2,n3,n2,4.843,1,0,1
2,medium,6.0,39,DSDV,1001,3,n2,n1,0.113,1,0,0
2,medium,6.0,39,DSDV,1001,4,n1,S,0.095,1,0,0
2,medium,6.0,40,AODV,1001,0,n5,n4,0.127,1,0,0
2,medium,6.0,40,AODV,1001,1,n4,n3,244.566,1,1,1
2,medium,6.0,40,AODV,1001,2,n3,n2,243.309,1,1,1
2,medium,6.0,40,AODV,1001,3,n2,n1,0.078,1,0,0
2,medium,6.0,40,AODV,1001,4,n1,S,0.081,1,0,0
2,medium,6.0,40,OLSR,1001,0,n5,n4,0.127,1,0,0
2,medium,6.0,40,OLSR,1001,1,n4,n3,244.566,1,1,1
2,medium,6.0,40,OLSR,1001,2,n3,n2,243.309,1,1,1
2,medium,6.0,40,OLSR,1001,3,n2,n1,0.078,1,0,0
2,medium,6.0,40,OLSR,1001,4,n1,S,0.081,1,0,0
2,medium,6.0,40,DSR,1001,0,n5,n4,0.127,1,0,0
2,medium,6.0,40,DSR,1001,1,n4,n3,244.566,1,1,1
2,medium,6.0,40,DSR,1001,2,n3,n2,243.309,1,1,1
2,medium,6.0,40,DSR,1001,3,n2,n1,0.078,1,0,0
2,medium,6.0,40,DSR,1001,4,n1,S,0.081,1,0,0
2,medium,6.0,40,DSDV,1001,0,n5,n4,0.127,1,0,0
2,medium,6.0,40,DSDV,1001,1,n4,n3,244.566,1,1,1
2,medium,6.0,40,DSDV,1001,2,n3,n2,243.309,1,1,1
2,medium,6.0,40,DSDV,1001,3,n2,n1,0.078,1,0,0
2,medium,6.0,40,DSDV,1001,4,n1,S,0.081,1,0,0
2,medium,6.0,41,AODV,1001,0,n5,n4,0.056,1,0,0
2,medium,6.0,41,AODV,1001,1,n4,n3,124.566,1,1,1
2,medium,6.0,41,AODV,1001,2,n3,n2,64.275,1,1,1
2,medium,6.0,41,AODV,1001,3,n2,n1,0.119,1,0,0
2,medium,6.0,41,AODV,1001,4,n1,S,0.168,1,0,0
2,medium,6.0,41,OLSR,1001,0,n5,n4,0.056,1,0,0
2,medium,6.0,41,OLSR,1001,1,n4,n3,124.566,1,1,1
2,medium,6.0,41,OLSR,1001,2,n3,n2,64.275,1,1,1
2,medium,6.0,41,OLSR,1001,3,n2,n1,0.119,1,0,0
2,medium,6.0,41,OLSR,1001,4,n1,S,0.168,1,0,0
2,medium,6.0,41,DSR,1001,0,n5,n4,0.056,1,0,0
2,medium,6.0,41,DSR,1001,1,n4,n3,124.566,1,1,1
2,medium,6.0,41,DSR,1001,2,n3,n2,64.275,1,1,1
2,medium,6.0,41,DSR,1001,3,n2,n1,0.119,1,0,0
2,medium,6.0,41,DSR,1001,4,n1,S,0.168,1,0,0
2,medium,6.0,41,DSDV,1001,0,n5,n4,0.056,1,0,0
2,medium,6.0,41,DSDV,1001,1,n4,n3,124.566,1,1,1
2,medium,6.0,41,DSDV,1001,2,n3,n2,64.275,1,1,1
2,medium,6.0,41,DSDV,1001,3,n2,n1,0.119,1,0,0
2,medium,6.0,41,DSDV,1001,4,n1,S,0.168,1,0,0
2,medium,6.0,42,AODV,1001,0,n5,n4,0.115,1,0,0
2,medium,6.0,42,AODV,1001,1,n4,n3,4.566,1,0,1
2,medium,6.0,42,AODV,1001,2,n3,n2,63.769,1,1,1
2,medium,6.0,42,AODV,1001,3,n2,n1,0.127,1,0,0
2,medium,6.0,42,AODV,1001,4,n1,S,0.127,1,0,0
2,medium,6.0,42,OLSR,1001,0,n5,n4,0.115,1,0,0
2,medium,6.0,42,OLSR,1001,1,n4,n3,4.566,1,0,1
2,medium,6.0,42,OLSR,1001,2,n3,n2,63.769,1,1,1
2,medium,6.0,42,OLSR,1001,3,n2,n1,0.127,1,0,0
2,medium,6.0,42,OLSR,1001,4,n1,S,0.127,1,0,0
2,medium,6.0,42,DSR,1001,0,n5,n4,0.115,1,0,0
2,medium,6.0,42,DSR,1001,1,n4,n3,4.566,1,0,1
2,medium,6.0,42,DSR,1001,2,n3,n2,63.769,1,1,1
2,medium,6.0,42,DSR,1001,3,n2,n1,0.127,1,0,0
2,medium,6.0,42,DSR,1001,4,n1,S,0.127,1,0,0
2,medium,6.0,42,DSDV,1001,0,n5,n4,0.115,1,0,0
2,medium,6.0,42,DSDV,1001,1,n4,n3,4.566,1,0,1
2,medium,6.0,42,DSDV,1001,2,n3,n2,63.769,1,1,1
2,medium,6.0,42,DSDV,1001,3,n2,n1,0.127,1,0,0
2,medium,6.0,42,DSDV,1001,4,n1,S,0.127,1,0,0
2,medium,6.0,43,AODV,1001,0,n5,n4,0.114,1,0,0
2,medium,6.0,43,AODV,1001,1,n4,n3,424.822,1,1,1
2,medium,6.0,43,AODV,1001,2,n3,n2,62.554,1,1,1
2,medium,6.0,43,AODV,1001,3,n2,n1,0.152,1,0,0
2,medium,6.0,43,AODV,1001,4,n1,S,0.140,1,0,0
2,medium,6.0,43,OLSR,1001,0,n5,n4,0.114,1,0,0
2,medium,6.0,43,OLSR,1001,1,n4,n3,424.822,1,1,1
2,medium,6.0,43,OLSR,1001,2,n3,n2,62.554,1,1,1
2,medium,6.0,43,OLSR,1001,3,n2,n1,0.152,1,0,0
2,medium,6.0,43,OLSR,1001,4,n1,S,0.140,1,0,0
2,medium,6.0,43,DSR,1001,0,n5,n4,0.114,1,0,0
2,medium,6.0,43,DSR,1001,1,n4,n3,424.822,1,1,1
2,medium,6.0,43,DSR,1001,2,n3,n2,62.554,1,1,1
2,medium,6.0,43,DSR,1001,3,n2,n1,0.152,1,0,0
2,medium,6.0,43,DSR,1001,4,n1,S,0.140,1,0,0
2,medium,6.0,43,DSDV,1001,0,n5,n4,0.114,1,0,0
2,medium,6.0,43,DSDV,1001,1,n4,n3,424.822,1,1,1
2,medium,6.0,43,DSDV,1001,2,n3,n2,62.554,1,1,1
2,medium,6.0,43,DSDV,1001,3,n2,n1,0.152,1,0,0
2,medium,6.0,43,DSDV,1001,4,n1,S,0.140,1,0,0
2,medium,6.0,44,AODV,1001,0,n5,n4,0.125,1,0,0
2,medium,6.0,44,AODV,1001,1,n4,n3,3.947,1,0,1
2,medium,6.0,44,AODV,1001,2,n3,n2,304.822,1,1,1
2,medium,6.0,44,AODV,1001,3,n2,n1,0.119,1,0,0
2,medium,6.0,44,AODV,1001,4,n1,S,0.119,1,0,0
2,medium,6.0,44,OLSR,1001,0,n5,n4,0.125,1,0,0
2,medium,6.0,44,OLSR,1001,1,n4,n3,3.947,1,0,1
2,medium,6.0,44,OLSR,1001,2,n3,n2,304.822,1,1,1
2,medium,6.0,44,OLSR,1001,3,n2,n1,0.119,1,0,0
2,medium,6.0,44,OLSR,1001,4,n1,S,0.119,1,0,0
2,medium,6.0,44,DSR,1001,0,n5,n4,0.125,1,0,0
2,medium,6.0,44,DSR,1001,1,n4,n3,3.947,1,0,1
2,medium,6.0,44,DSR,1001,2,n3,n2,304.822,1,1,1
2,medium,6.0,44,DSR,1001,3,n2,n1,0.119,1,0,0
2,medium,6.0,44,DSR,1001,4,n1,S,0.119,1,0,0
2,medium,6.0,44,DSDV,1001,0,n5,n4,0.125,1,0,0
2,medium,6.0,44,DSDV,1001,1,n4,n3,3.947,1,0,1
2,medium,6.0,44,DSDV,1001,2,n3,n2,304.822,1,1,1
2,medium,6.0,44,DSDV,1001,3,n2,n1,0.119,1,0,0
2,medium,6.0,44,DSDV,1001,4,n1,S,0.119,1,0,0
2,medium,6.5,37,AODV,1001,0,n5,n4,0.054,1,0,0
2,medium,6.5,37,AODV,1001,1,n4,n3,4.506,1,0,1
2,medium,6.5,37,AODV,1001,2,n3,n2,4.843,1,0,1
2,medium,6.5,37,AODV,1001,3,n2,n1,0.176,1,0,0
2,medium,6.5,37,AODV,1001,4,n1,S,0.062,1,0,0
2,medium,6.5,37,OLSR,1001,0,n5,n4,0.054,1,0,0
2,medium,6.5,37,OLSR,1001,1,n4,n3,4.506,1,0,1
2,medium,6.5,37,OLSR,1001,2,n3,n2,4.843,1,0,1
2,medium,6.5,37,OLSR,1001,3,n2,n1,0.176,1,0,0
2,medium,6.5,37,OLSR,1001,4,n1,S,0.062,1,0,0
2,medium,6.5,37,DSR,1001,0,n5,n4,0.054,1,0,0
2,medium,6.5,37,DSR,1001,1,n4,n3,4.506,1,0,1
2,medium,6.5,37,DSR,1001,2,n3,n2,4.843,1,0,1
2,medium,6.5,37,DSR,1001,3,n2,n1,0.176,1,0,0
2,medium,6.5,37,DSR,1001,4,n1,S,0.062,1,0,0
2,medium,6.5,37,DSDV,1001,0,n5,n4,0.054,1,0,0
2,medium,6.5,37,DSDV,1001,1,n4,n3,4.506,1,0,1
2,medium,6.5,37,DSDV,1001,2,n3,n2,4.843,1,0,1
2,medium,6.5,37,DSDV,1001,3,n2,n1,0.176,1,0,0
2,medium,6.5,37,DSDV,1001,4,n1,S,0.062,1,0,0
2,medium,6.5,38,AODV,1001,0,n5,n4,0.128,1,0,0
2,medium,6.5,38,AODV,1001,1,n4,n3,124.506,1,1,1
2,medium,6.5,38,AODV,1001,2,n3,n2,4.843,1,0,1
2,medium,6.5,38,AODV,1001,3,n2,n1,0.136,1,0,0
2,medium,6.5,38,AODV,1001,4,n1,S,0.142,1,0,0
2,medium,6.5,38,OLSR,1001,0,n5,n4,0.128,1,0,0
2,medium,6.5,38,OLSR,1001,1,n4,n3,124.506,1,1,1
2,medium,6.5,38,OLSR,1001,2,n3,n2,4.843,1,0,1
2,medium,6.5,38,OLSR,1001,3,n2,n1,0.136,1,0,0
2,medium,6.5,38,OLSR,1001,4,n1,S,0.142,1,0,0
2,medium,6.5,38,DSR,1001,0,n5,n4,0.128,1,0,0
2,medium,6.5,38,DSR,1001,1,n4,n3,124.506,1,1,1
2,medium,6.5,38,DSR,1001,2,n3,n2,4.843,1,0,1
2,medium,6.5,38,DSR,1001,3,n2,n1,0.136,1,0,0
2,medium,6.5,38,DSR,1001,4,n1,S,0.142,1,0,0
2,medium,6.5,38,DSDV,1001,0,n5,n4,0.128,1,0,0
2,medium,6.5,38,DSDV,1001,1,n4,n3,124.506,1,1,1
2,medium,6.5,38,DSDV,1001,2,n3,n2,4.843,1,0,1
2,medium,6.5,38,DSDV,1001,3,n2,n1,0.136,1,0,0
2,medium,6.5,38,DSDV,1001,4,n1,S,0.142,1,0,0
2,medium,6.5,39,AODV,1001,0,n5,n4,0.108,1,0,0
2,medium,6.5,39,AODV,1001,1,n4,n3,244.506,1,1,1
2,medium,6.5,39,AODV,1001,2,n3,n2,4.843,1,0,1
2,medium,6.5,39,AODV,1001,3,n2,n1,0.113,1,0,0
2,medium,6.5,39,AODV,1001,4,n1,S,0.095,1,0,0
2,medium,6.5,39,OLSR,1001,0,n5,n4,0.108,1,0,0
2,medium,6.5,39,OLSR,1001,1,n4,n3,244.506,1,1,1
2,medium,6.5,39,OLSR,1001,2,n3,n2,4.843,1,0,1
2,medium,6.5,39,OLSR,1001,3,n2,n1,0.113,1,0,0
2,medium,6.5,39,OLSR,1001,4,n1,S,0.095,1,0,0
2,medium,6.5,39,DSR,1001,0,n5,n4,0.108,1,0,0
2,medium,6.5,39,DSR,1001,1,n4,n3,244.506,1,1,1
2,medium,6.5,39,DSR,1001,2,n3,n2,4.843,1,0,1
2,medium,6.5,39,DSR,1001,3,n2,n1,0.113,1,0,0
2,medium,6.5,39,DSR,1001,4,n1,S,0.095,1,0,0
2,medium,6.5,39,DSDV,1001,0,n5,n4,0.108,1,0,0
2,medium,6.5,39,DSDV,1001,1,n4,n3,244.506,1,1,1
2,medium,6.5,39,DSDV,1001,2,n3,n2,4.843,1,0,1
2,medium,6.5,39,DSDV,1001,3,n2,n1,0.113,1,0,0
2,medium,6.5,39,DSDV,1001,4,n1,S,0.095,1,0,0
2,medium,6.5,40,AODV,1001,0,n5,n4,0.127,1,0,0
2,medium,6.5,40,AODV,1001,1,n4,n3,244.566,1,1,1
2,medium,6.5,40,AODV,1001,2,n3,n2,243.309,1,1,1
2,medium,6.5,40,AODV,1001,3,n2,n1,0.078,1,0,0
2,medium,6.5,40,AODV,1001,4,n1,S,0.081,1,0,0
2,medium,6.5,40,OLSR,1001,0,n5,n4,0.127,1,0,0
2,medium,6.5,40,OLSR,1001,1,n4,n3,244.566,1,1,1
2,medium,6.5,40,OLSR,1001,2,n3,n2,243.309,1,1,1
2,medium,6.5,40,OLSR,1001,3,n2,n1,0.078,1,0,0
2,medium,6.5,40,OLSR,1001,4,n1,S,0.081,1,0,0
2,medium,6.5,40,DSR,1001,0,n5,n4,0.127,1,0,0
2,medium,6.5,40,DSR,1001,1,n4,n3,244.566,1,1,1
2,medium,6.5,40,DSR,1001,2,n3,n2,243.309,1,1,1
2,medium,6.5,40,DSR,1001,3,n2,n1,0.078,1,0,0
2,medium,6.5,40,DSR,1001,4,n1,S,0.081,1,0,0
2,medium,6.5,40,DSDV,1001,0,n5,n4,0.127,1,0,0
2,medium,6.5,40,DSDV,1001,1,n4,n3,244.566,1,1,1
2,medium,6.5,40,DSDV,1001,2,n3,n2,243.309,1,1,1
2,medium,6.5,40,DSDV,1001,3,n2,n1,0.078,1,0,0
2,medium,6.5,40,DSDV,1001,4,n1,S,0.081,1,0,0
2,medium,6.5,41,AODV,1001,0,n5,n4,0.056,1,0,0
2,medium,6.5,41,AODV,1001,1,n4,n3,124.566,1,1,1
2,medium,6.5,41,AODV,1001,2,n3,n2,64.275,1,1,1
2,medium,6.5,41,AODV,1001,3,n2,n1,0.119,1,0,0
2,medium,6.5,41,AODV,1001,4,n1,S,0.168,1,0,0
2,medium,6.5,41,OLSR,1001,0,n5,n4,0.056,1,0,0
2,medium,6.5,41,OLSR,1001,1,n4,n3,124.566,1,1,1
2,medium,6.5,41,OLSR,1001,2,n3,n2,64.275,1,1,1
2,medium,6.5,41,OLSR,1001,3,n2,n1,0.119,1,0,0
2,medium,6.5,41,OLSR,1001,4,n1,S,0.168,1,0,0
2,medium,6.5,41,DSR,1001,0,n5,n4,0.056,1,0,0
2,medium,6.5,41,DSR,1001,1,n4,n3,124.566,1,1,1
2,medium,6.5,41,DSR,1001,2,n3,n2,64.275,1,1,1
2,medium,6.5,41,DSR,1001,3,n2,n1,0.119,1,0,0
2,medium,6.5,41,DSR,1001,4,n1,S,0.168,1,0,0
2,medium,6.5,41,DSDV,1001,0,n5,n4,0.056,1,0,0
2,medium,6.5,41,DSDV,1001,1,n4,n3,124.566,1,1,1
2,medium,6.5,41,DSDV,1001,2,n3,n2,64.275,1,1,1
2,medium,6.5,41,DSDV,1001,3,n2,n1,0.119,1,0,0
2,medium,6.5,41,DSDV,1001,4,n1,S,0.168,1,0,0
2,medium,6.5,42,AODV,1001,0,n5,n4,0.115,1,0,0
2,medium,6.5,42,AODV,1001,1,n4,n3,4.566,1,0,1
2,medium,6.5,42,AODV,1001,2,n3,n2,63.769,1,1,1
2,medium,6.5,42,AODV,1001,3,n2,n1,0.127,1,0,0
2,medium,6.5,42,AODV,1001,4,n1,S,0.127,1,0,0
2,medium,6.5,42,OLSR,1001,0,n5,n4,0.115,1,0,0
2,medium,6.5,42,OLSR,1001,1,n4,n3,4.566,1,0,1
2,medium,6.5,42,OLSR,1001,2,n3,n2,63.769,1,1,1
2,medium,6.5,42,OLSR,1001,3,n2,n1,0.127,1,0,0
2,medium,6.5,42,OLSR,1001,4,n1,S,0.127,1,0,0
2,medium,6.5,42,DSR,1001,0,n5,n4,0.115,1,0,0
2,medium,6.5,42,DSR,1001,1,n4,n3,4.566,1,0,1
2,medium,6.5,42,DSR,1001,2,n3,n2,63.769,1,1,1
2,medium,6.5,42,DSR,1001,3,n2,n1,0.127,1,0,0
2,medium,6.5,42,DSR,1001,4,n1,S,0.127,1,0,0
2,medium,6.5,42,DSDV,1001,0,n5,n4,0.115,1,0,0
2,medium,6.5,42,DSDV,1001,1,n4,n3,4.566,1,0,1
2,medium,6.5,42,DSDV,1001,2,n3,n2,63.769,1,1,1
2,medium,6.5,42,DSDV,1001,3,n2,n1,0.127,1,0,0
2,medium,6.5,42,DSDV,1001,4,n1,S,0.127,1,0,0
2,medium,6.5,43,AODV,1001,0,n5,n4,0.114,1,0,0
2,medium,6.5,43,AODV,1001,1,n4,n3,424.822,1,1,1
2,medium,6.5,43,AODV,1001,2,n3,n2,62.554,1,1,1
2,medium,6.5,43,AODV,1001,3,n2,n1,0.152,1,0,0
2,medium,6.5,43,AODV,1001,4,n1,S,0.140,1,0,0
2,medium,6.5,43,OLSR,1001,0,n5,n4,0.114,1,0,0
2,medium,6.5,43,OLSR,1001,1,n4,n3,424.822,1,1,1
2,medium,6.5,43,OLSR,1001,2,n3,n2,62.554,1,1,1
2,medium,6.5,43,OLSR,1001,3,n2,n1,0.152,1,0,0
2,medium,6.5,43,OLSR,1001,4,n1,S,0.140,1,0,0
2,medium,6.5,43,DSR,1001,0,n5,n4,0.114,1,0,0
2,medium,6.5,43,DSR,1001,1,n4,n3,424.822,1,1,1
2,medium,6.5,43,DSR,1001,2,n3,n2,62.554,1,1,1
2,medium,6.5,43,DSR,1001,3,n2,n1,0.152,1,0,0
2,medium,6.5,43,DSR,1001,4,n1,S,0.140,1,0,0
2,medium,6.5,43,DSDV,1001,0,n5,n4,0.114,1,0,0
2,medium,6.5,43,DSDV,1001,1,n4,n3,424.822,1,1,1
2,medium,6.5,43,DSDV,1001,2,n3,n2,62.554,1,1,1
2,medium,6.5,43,DSDV,1001,3,n2,n1,0.152,1,0,0
2,medium,6.5,43,DSDV,1001,4,n1,S,0.140,1,0,0
2,medium,6.5,44,AODV,1001,0,n5,n4,0.125,1,0,0
2,medium,6.5,44,AODV,1001,1,n4,n3,3.947,1,0,1
2,medium,6.5,44,AODV,1001,2,n3,n2,304.822,1,1,1
2,medium,6.5,44,AODV,1001,3,n2,n1,0.119,1,0,0
2,medium,6.5,44,AODV,1001,4,n1,S,0.119,1,0,0
2,medium,6.5,44,OLSR,1001,0,n5,n4,0.125,1,0,0
2,medium,6.5,44,OLSR,1001,1,n4,n3,3.947,1,0,1
2,medium,6.5,44,OLSR,1001,2,n3,n2,304.822,1,1,1
2,medium,6.5,44,OLSR,1001,3,n2,n1,0.119,1,0,0
2,medium,6.5,44,OLSR,1001,4,n1,S,0.119,1,0,0
2,medium,6.5,44,DSR,1001,0,n5,n4,0.125,1,0,0
2,medium,6.5,44,DSR,1001,1,n4,n3,3.947,1,0,1
2,medium,6.5,44,DSR,1001,2,n3,n2,304.822,1,1,1
2,medium,6.5,44,DSR,1001,3,n2,n1,0.119,1,0,0
2,medium,6.5,44,DSR,1001,4,n1,S,0.119,1,0,0
2,medium,6.5,44,DSDV,1001,0,n5,n4,0.125,1,0,0
2,medium,6.5,44,DSDV,1001,1,n4,n3,3.947,1,0,1
2,medium,6.5,44,DSDV,1001,2,n3,n2,304.822,1,1,1
2,medium,6.5,44,DSDV,1001,3,n2,n1,0.119,1,0,0
2,medium,6.5,44,DSDV,1001,4,n1,S,0.119,1,0,0
2,medium,7.0,37,AODV,1001,0,n5,n4,0.054,1,0,0
2,medium,7.0,37,AODV,1001,1,n4,n3,4.506,1,0,1
2,medium,7.0,37,AODV,1001,2,n3,n2,4.843,1,0,1
2,medium,7.0,37,AODV,1001,3,n2,n1,0.176,1,0,0
2,medium,7.0,37,AODV,1001,4,n1,S,0.062,1,0,0
2,medium,7.0,37,OLSR,1001,0,n5,n4,0.054,1,0,0
2,medium,7.0,37,OLSR,1001,1,n4,n3,4.506,1,0,1
2,medium,7.0,37,OLSR,1001,2,n3,n2,4.843,1,0,1
2,medium,7.0,37,OLSR,1001,3,n2,n1,0.176,1,0,0
2,medium,7.0,37,OLSR,1001,4,n1,S,0.062,1,0,0
2,medium,7.0,37,DSR,1001,0,n5,n4,0.054,1,0,0
2,medium,7.0,37,DSR,1001,1,n4,n3,4.506,1,0,1
2,medium,7.0,37,DSR,1001,2,n3,n2,4.843,1,0,1
2,medium,7.0,37,DSR,1001,3,n2,n1,0.176,1,0,0
2,medium,7.0,37,DSR,1001,4,n1,S,0.062,1,0,0
2,medium,7.0,37,DSDV,1001,0,n5,n4,0.054,1,0,0
2,medium,7.0,37,DSDV,1001,1,n4,n3,4.506,1,0,1
2,medium,7.0,37,DSDV,1001,2,n3,n2,4.843,1,0,1
2,medium,7.0,37,DSDV,1001,3,n2,n1,0.176,1,0,0
2,medium,7.0,37,DSDV,1001,4,n1,S,0.062,1,0,0
2,medium,7.0,38,AODV,1001,0,n5,n4,0.128,1,0,0
2,medium,7.0,38,AODV,1001,1,n4,n3,124.506,1,1,1
2,medium,7.0,38,AODV,1001,2,n3,n2,4.843,1,0,1
2,medium,7.0,38,AODV,1001,3,n2,n1,0.136,1,0,0
2,medium,7.0,38,AODV,1001,4,n1,S,0.142,1,0,0
2,medium,7.0,38,OLSR,1001,0,n5,n4,0.128,1,0,0
2,medium,7.0,38,OLSR,1001,1,n4,n3,124.506,1,1,1
2,medium,7.0,38,OLSR,1001,2,n3,n2,4.843,1,0,1
2,medium,7.0,38,OLSR,1001,3,n2,n1,0.136,1,0,0
2,medium,7.0,38,OLSR,1001,4,n1,S,0.142,1,0,0
2,medium,7.0,38,DSR,1001,0,n5,n4,0.128,1,0,0
2,medium,7.0,38,DSR,1001,1,n4,n3,124.506,1,1,1
2,medium,7.0,38,DSR,1001,2,n3,n2,4.843,1,0,1
2,medium,7.0,38,DSR,1001,3,n2,n1,0.136,1,0,0
2,medium,7.0,38,DSR,1001,4,n1,S,0.142,1,0,0
2,medium,7.0,38,DSDV,1001,0,n5,n4,0.128,1,0,0
2,medium,7.0,38,DSDV,1001,1,n4,n3,124.506,1,1,1
2,medium,7.0,38,DSDV,1001,2,n3,n2,4.843,1,0,1
2,medium,7.0,38,DSDV,1001,3,n2,n1,0.136,1,0,0
2,medium,7.0,38,DSDV,1001,4,n1,S,0.142,1,0,0
2,medium,7.0,39,AODV,1001,0,n5,n4,0.108,1,0,0
2,medium,7.0,39,AODV,1001,1,n4,n3,244.506,1,1,1
2,medium,7.0,39,AODV,1001,2,n3,n2,4.843,1,0,1
2,medium,7.0,39,AODV,1001,3,n2,n1,0.113,1,0,0
2,medium,7.0,39,AODV,1001,4,n1,S,0.095,1,0,0
2,medium,7.0,39,OLSR,1001,0,n5,n4,0.108,1,0,0
2,medium,7.0,39,OLSR,1001,1,n4,n3,244.506,1,1,1
2,medium,7.0,39,OLSR,1001,2,n3,n2,4.843,1,0,1
2,medium,7.0,39,OLSR,1001,3,n2,n1,0.113,1,0,0
2,medium,7.0,39,OLSR,1001,4,n1,S,0.095,1,0,0
2,medium,7.0,39,DSR,1001,0,n5,n4,0.108,1,0,0
2,medium,7.0,39,DSR,1001,1,n4,n3,244.506,1,1,1
2,medium,7.0,39,DSR,1001,2,n3,n2,4.843,1,0,1
2,medium,7.0,39,DSR,1001,3,n2,n1,0.113,1,0,0
2,medium,7.0,39,DSR,1001,4,n1,S,0.095,1,0,0
2,medium,7.0,39,DSDV,1001,0,n5,n4,0.108,1,0,0
2,medium,7.0,39,DSDV,1001,1,n4,n3,244.506,1,1,1
2,medium,7.0,39,DSDV,1001,2,n3,n2,4.843,1,0,1
2,medium,7.0,39,DSDV,1001,3,n2,n1,0.113,1,0,0
2,medium,7.0,39,DSDV,1001,4,n1,S,0.095,1,0,0
2,medium,7.0,40,AODV,1001,0,n5,n4,0.127,1,0,0
2,medium,7.0,40,AODV,1001,1,n4,n3,244.566,1,1,1
2,medium,7.0,40,AODV,1001,2,n3,n2,243.309,1,1,1
2,medium,7.0,40,AODV,1001,3,n2,n1,0.078,1,0,0
2,medium,7.0,40,AODV,1001,4,n1,S,0.081,1,0,0
2,medium,7.0,40,OLSR,1001,0,n5,n4,0.127,1,0,0
2,medium,7.0,40,OLSR,1001,1,n4,n3,244.566,1,1,1
2,medium,7.0,40,OLSR,1001,2,n3,n2,243.309,1,1,1
2,medium,7.0,40,OLSR,1001,3,n2,n1,0.078,1,0,0
2,medium,7.0,40,OLSR,1001,4,n1,S,0.081,1,0,0
2,medium,7.0,40,DSR,1001,0,n5,n4,0.127,1,0,0
2,medium,7.0,40,DSR,1001,1,n4,n3,244.566,1,1,1
2,medium,7.0,40,DSR,1001,2,n3,n2,243.309,1,1,1
2,medium,7.0,40,DSR,1001,3,n2,n1,0.078,1,0,0
2,medium,7.0,40,DSR,1001,4,n1,S,0.081,1,0,0
2,medium,7.0,40,DSDV,1001,0,n5,n4,0.127,1,0,0
2,medium,7.0,40,DSDV,1001,1,n4,n3,244.566,1,1,1
2,medium,7.0,40,DSDV,1001,2,n3,n2,243.309,1,1,1
2,medium,7.0,40,DSDV,1001,3,n2,n1,0.078,1,0,0
2,medium,7.0,40,DSDV,1001,4,n1,S,0.081,1,0,0
2,medium,7.0,41,AODV,1001,0,n5,n4,0.056,1,0,0
2,medium,7.0,41,AODV,1001,1,n4,n3,124.566,1,1,1
2,medium,7.0,41,AODV,1001,2,n3,n2,64.275,1,1,1
2,medium,7.0,41,AODV,1001,3,n2,n1,0.119,1,0,0
2,medium,7.0,41,AODV,1001,4,n1,S,0.168,1,0,0
2,medium,7.0,41,OLSR,1001,0,n5,n4,0.056,1,0,0
2,medium,7.0,41,OLSR,1001,1,n4,n3,124.566,1,1,1
2,medium,7.0,41,OLSR,1001,2,n3,n2,64.275,1,1,1
2,medium,7.0,41,OLSR,1001,3,n2,n1,0.119,1,0,0
2,medium,7.0,41,OLSR,1001,4,n1,S,0.168,1,0,0
2,medium,7.0,41,DSR,1001,0,n5,n4,0.056,1,0,0
2,medium,7.0,41,DSR,1001,1,n4,n3,124.566,1,1,1
2,medium,7.0,41,DSR,1001,2,n3,n2,64.275,1,1,1
2,medium,7.0,41,DSR,1001,3,n2,n1,0.119,1,0,0
2,medium,7.0,41,DSR,1001,4,n1,S,0.168,1,0,0
2,medium,7.0,41,DSDV,1001,0,n5,n4,0.056,1,0,0
2,medium,7.0,41,DSDV,1001,1,n4,n3,124.566,1,1,1
2,medium,7.0,41,DSDV,1001,2,n3,n2,64.275,1,1,1
2,medium,7.0,41,DSDV,1001,3,n2,n1,0.119,1,0,0
2,medium,7.0,41,DSDV,1001,4,n1,S,0.168,1,0,0
2,medium,7.0,42,AODV,1001,0,n5,n4,0.115,1,0,0
2,medium,7.0,42,AODV,1001,1,n4,n3,4.566,1,0,1
2,medium,7.0,42,AODV,1001,2,n3,n2,63.769,1,1,1
2,medium,7.0,42,AODV,1001,3,n2,n1,0.127,1,0,0
2,medium,7.0,42,AODV,1001,4,n1,S,0.127,1,0,0
2,medium,7.0,42,OLSR,1001,0,n5,n4,0.115,1,0,0
2,medium,7.0,42,OLSR,1001,1,n4,n3,4.566,1,0,1
2,medium,7.0,42,OLSR,1001,2,n3,n2,63.769,1,1,1
2,medium,7.0,42,OLSR,1001,3,n2,n1,0.127,1,0,0
2,medium,7.0,42,OLSR,1001,4,n1,S,0.127,1,0,0
2,medium,7.0,42,DSR,1001,0,n5,n4,0.115,1,0,0
2,medium,7.0,42,DSR,1001,1,n4,n3,4.566,1,0,1
2,medium,7.0,42,DSR,1001,2,n3,n2,63.769,1,1,1
2,medium,7.0,42,DSR,1001,3,n2,n1,0.127,1,0,0
2,medium,7.0,42,DSR,1001,4,n1,S,0.127,1,0,0
2,medium,7.0,42,DSDV,1001,0,n5,n4,0.115,1,0,0
2,medium,7.0,42,DSDV,1001,1,n4,n3,4.566,1,0,1
2,medium,7.0,42,DSDV,1001,2,n3,n2,63.769,1,1,1
2,medium,7.0,42,DSDV,1001,3,n2,n1,0.127,1,0,0
2,medium,7.0,42,DSDV,1001,4,n1,S,0.127,1,0,0
2,medium,7.0,43,AODV,1001,0,n5,n4,0.114,1,0,0
2,medium,7.0,43,AODV,1001,1,n4,n3,424.822,1,1,1
2,medium,7.0,43,AODV,1001,2,n3,n2,62.554,1,1,1
2,medium,7.0,43,AODV,1001,3,n2,n1,0.152,1,0,0
2,medium,7.0,43,AODV,1001,4,n1,S,0.140,1,0,0
2,medium,7.0,43,OLSR,1001,0,n5,n4,0.114,1,0,0
2,medium,7.0,43,OLSR,1001,1,n4,n3,424.822,1,1,1
2,medium,7.0,43,OLSR,1001,2,n3,n2,62.554,1,1,1
2,medium,7.0,43,OLSR,1001,3,n2,n1,0.152,1,0,0
2,medium,7.0,43,OLSR,1001,4,n1,S,0.140,1,0,0
2,medium,7.0,43,DSR,1001,0,n5,n4,0.114,1,0,0
2,medium,7.0,43,DSR,1001,1,n4,n3,424.822,1,1,1
2,medium,7.0,43,DSR,1001,2,n3,n2,62.554,1,1,1
2,medium,7.0,43,DSR,1001,3,n2,n1,0.152,1,0,0
2,medium,7.0,43,DSR,1001,4,n1,S,0.140,1,0,0
2,medium,7.0,43,DSDV,1001,0,n5,n4,0.114,1,0,0
2,medium,7.0,43,DSDV,1001,1,n4,n3,424.822,1,1,1
2,medium,7.0,43,DSDV,1001,2,n3,n2,62.554,1,1,1
2,medium,7.0,43,DSDV,1001,3,n2,n1,0.152,1,0,0
2,medium,7.0,43,DSDV,1001,4,n1,S,0.140,1,0,0
2,medium,7.0,44,AODV,1001,0,n5,n4,0.125,1,0,0
2,medium,7.0,44,AODV,1001,1,n4,n3,3.947,1,0,1
2,medium,7.0,44,AODV,1001,2,n3,n2,304.822,1,1,1
2,medium,7.0,44,AODV,1001,3,n2,n1,0.119,1,0,0
2,medium,7.0,44,AODV,1001,4,n1,S,0.119,1,0,0
2,medium,7.0,44,OLSR,1001,0,n5,n4,0.125,1,0,0
2,medium,7.0,44,OLSR,1001,1,n4,n3,3.947,1,0,1
2,medium,7.0,44,OLSR,1001,2,n3,n2,304.822,1,1,1
2,medium,7.0,44,OLSR,1001,3,n2,n1,0.119,1,0,0
2,medium,7.0,44,OLSR,1001,4,n1,S,0.119,1,0,0
2,medium,7.0,44,DSR,1001,0,n5,n4,0.125,1,0,0
2,medium,7.0,44,DSR,1001,1,n4,n3,3.947,1,0,1
2,medium,7.0,44,DSR,1001,2,n3,n2,304.822,1,1,1
2,medium,7.0,44,DSR,1001,3,n2,n1,0.119,1,0,0
2,medium,7.0,44,DSR,1001,4,n1,S,0.119,1,0,0
2,medium,7.0,44,DSDV,1001,0,n5,n4,0.125,1,0,0
2,medium,7.0,44,DSDV,1001,1,n4,n3,3.947,1,0,1
2,medium,7.0,44,DSDV,1001,2,n3,n2,304.822,1,1,1
2,medium,7.0,44,DSDV,1001,3,n2,n1,0.119,1,0,0
2,medium,7.0,44,DSDV,1001,4,n1,S,0.119,1,0,0
2,medium,8.0,37,AODV,1001,0,n5,n4,0.054,1,0,0
2,medium,8.0,37,AODV,1001,1,n4,n3,4.506,1,0,1
2,medium,8.0,37,AODV,1001,2,n3,n2,4.843,1,0,1
2,medium,8.0,37,AODV,1001,3,n2,n1,0.176,1,0,0
2,medium,8.0,37,AODV,1001,4,n1,S,0.062,1,0,0
2,medium,8.0,37,OLSR,1001,0,n5,n4,0.054,1,0,0
2,medium,8.0,37,OLSR,1001,1,n4,n3,4.506,1,0,1
2,medium,8.0,37,OLSR,1001,2,n3,n2,4.843,1,0,1
2,medium,8.0,37,OLSR,1001,3,n2,n1,0.176,1,0,0
2,medium,8.0,37,OLSR,1001,4,n1,S,0.062,1,0,0
2,medium,8.0,37,DSR,1001,0,n5,n4,0.054,1,0,0
2,medium,8.0,37,DSR,1001,1,n4,n3,4.506,1,0,1
2,medium,8.0,37,DSR,1001,2,n3,n2,4.843,1,0,1
2,medium,8.0,37,DSR,1001,3,n2,n1,0.176,1,0,0
2,medium,8.0,37,DSR,1001,4,n1,S,0.062,1,0,0
2,medium,8.0,37,DSDV,1001,0,n5,n4,0.054,1,0,0
2,medium,8.0,37,DSDV,1001,1,n4,n3,4.506,1,0,1
2,medium,8.0,37,DSDV,1001,2,n3,n2,4.843,1,0,1
2,medium,8.0,37,DSDV,1001,3,n2,n1,0.176,1,0,0
2,medium,8.0,37,DSDV,1001,4,n1,S,0.062,1,0,0
2,medium,8.0,38,AODV,1001,0,n5,n4,0.128,1,0,0
2,medium,8.0,38,AODV,1001,1,n4,n3,124.506,1,1,1
2,medium,8.0,38,AODV,1001,2,n3,n2,4.843,1,0,1
2,medium,8.0,38,AODV,1001,3,n2,n1,0.136,1,0,0
2,medium,8.0,38,AODV,1001,4,n1,S,0.142,1,0,0
2,medium,8.0,38,OLSR,1001,0,n5,n4,0.128,1,0,0
2,medium,8.0,38,OLSR,1001,1,n4,n3,124.506,1,1,1
2,medium,8.0,38,OLSR,1001,2,n3,n2,4.843,1,0,1
2,medium,8.0,38,OLSR,1001,3,n2,n1,0.136,1,0,0
2,medium,8.0,38,OLSR,1001,4,n1,S,0.142,1,0,0
2,medium,8.0,38,DSR,1001,0,n5,n4,0.128,1,0,0
2,medium,8.0,38,DSR,1001,1,n4,n3,124.506,1,1,1
2,medium,8.0,38,DSR,1001,2,n3,n2,4.843,1,0,1
2,medium,8.0,38,DSR,1001,3,n2,n1,0.136,1,0,0
2,medium,8.0,38,DSR,1001,4,n1,S,0.142,1,0,0
2,medium,8.0,38,DSDV,1001,0,n5,n4,0.128,1,0,0
2,medium,8.0,38,DSDV,1001,1,n4,n3,124.506,1,1,1
2,medium,8.0,38,DSDV,1001,2,n3,n2,4.843,1,0,1
2,medium,8.0,38,DSDV,1001,3,n2,n1,0.136,1,0,0
2,medium,8.0,38,DSDV,1001,4,n1,S,0.142,1,0,0
2,medium,8.0,39,AODV,1001,0,n5,n4,0.108,1,0,0
2,medium,8.0,39,AODV,1001,1,n4,n3,244.506,1,1,1
2,medium,8.0,39,AODV,1001,2,n3,n2,4.843,1,0,1
2,medium,8.0,39,AODV,1001,3,n2,n1,0.113,1,0,0
2,medium,8.0,39,AODV,1001,4,n1,S,0.095,1,0,0
2,medium,8.0,39,OLSR,1001,0,n5,n4,0.108,1,0,0
2,medium,8.0,39,OLSR,1001,1,n4,n3,244.506,1,1,1
2,medium,8.0,39,OLSR,1001,2,n3,n2,4.843,1,0,1
2,medium,8.0,39,OLSR,1001,3,n2,n1,0.113,1,0,0
2,medium,8.0,39,OLSR,1001,4,n1,S,0.095,1,0,0
2,medium,8.0,39,DSR,1001,0,n5,n4,0.108,1,0,0
2,medium,8.0,39,DSR,1001,1,n4,n3,244.506,1,1,1
2,medium,8.0,39,DSR,1001,2,n3,n2,4.843,1,0,1
2,medium,8.0,39,DSR,1001,3,n2,n1,0.113,1,0,0
2,medium,8.0,39,DSR,1001,4,n1,S,0.095,1,0,0
2,medium,8.0,39,DSDV,1001,0,n5,n4,0.108,1,0,0
2,medium,8.0,39,DSDV,1001,1,n4,n3,244.506,1,1,1
2,medium,8.0,39,DSDV,1001,2,n3,n2,4.843,1,0,1
2,medium,8.0,39,DSDV,1001,3,n2,n1,0.113,1,0,0
2,medium,8.0,39,DSDV,1001,4,n1,S,0.095,1,0,0
2,medium,8.0,40,AODV,1001,0,n5,n4,0.127,1,0,0
2,medium,8.0,40,AODV,1001,1,n4,n3,244.566,1,1,1
2,medium,8.0,40,AODV,1001,2,n3,n2,243.309,1,1,1
2,medium,8.0,40,AODV,1001,3,n2,n1,0.078,1,0,0
2,medium,8.0,40,AODV,1001,4,n1,S,0.081,1,0,0
2,medium,8.0,40,OLSR,1001,0,n5,n4,0.127,1,0,0
2,medium,8.0,40,OLSR,1001,1,n4,n3,244.566,1,1,1
2,medium,8.0,40,OLSR,1001,2,n3,n2,243.309,1,1,1
2,medium,8.0,40,OLSR,1001,3,n2,n1,0.078,1,0,0
2,medium,8.0,40,OLSR,1001,4,n1,S,0.081,1,0,0
2,medium,8.0,40,DSR,1001,0,n5,n4,0.127,1,0,0
2,medium,8.0,40,DSR,1001,1,n4,n3,244.566,1,1,1
2,medium,8.0,40,DSR,1001,2,n3,n2,243.309,1,1,1
2,medium,8.0,40,DSR,1001,3,n2,n1,0.078,1,0,0
2,medium,8.0,40,DSR,1001,4,n1,S,0.081,1,0,0
2,medium,8.0,40,DSDV,1001,0,n5,n4,0.127,1,0,0
2,medium,8.0,40,DSDV,1001,1,n4,n3,244.566,1,1,1
2,medium,8.0,40,DSDV,1001,2,n3,n2,243.309,1,1,1
2,medium,8.0,40,DSDV,1001,3,n2,n1,0.078,1,0,0
2,medium,8.0,40,DSDV,1001,4,n1,S,0.081,1,0,0
2,medium,8.0,41,AODV,1001,0,n5,n4,0.056,1,0,0
2,medium,8.0,41,AODV,1001,1,n4,n3,124.566,1,1,1
2,medium,8.0,41,AODV,1001,2,n3,n2,64.275,1,1,1
2,medium,8.0,41,AODV,1001,3,n2,n1,0.119,1,0,0
2,medium,8.0,41,AODV,1001,4,n1,S,0.168,1,0,0
2,medium,8.0,41,OLSR,1001,0,n5,n4,0.056,1,0,0
2,medium,8.0,41,OLSR,1001,1,n4,n3,124.566,1,1,1
2,medium,8.0,41,OLSR,1001,2,n3,n2,64.275,1,1,1
2,medium,8.0,41,OLSR,1001,3,n2,n1,0.119,1,0,0
2,medium,8.0,41,OLSR,1001,4,n1,S,0.168,1,0,0
2,medium,8.0,41,DSR,1001,0,n5,n4,0.056,1,0,0
2,medium,8.0,41,DSR,1001,1,n4,n3,124.566,1,1,1
2,medium,8.0,41,DSR,1001,2,n3,n2,64.275,1,1,1
2,medium,8.0,41,DSR,1001,3,n2,n1,0.119,1,0,0
2,medium,8.0,41,DSR,1001,4,n1,S,0.168,1,0,0
2,medium,8.0,41,DSDV,1001,0,n5,n4,0.056,1,0,0
2,medium,8.0,41,DSDV,1001,1,n4,n3,124.566,1,1,1
2,medium,8.0,41,DSDV,1001,2,n3,n2,64.275,1,1,1
2,medium,8.0,41,DSDV,1001,3,n2,n1,0.119,1,0,0
2,medium,8.0,41,DSDV,1001,4,n1,S,0.168,1,0,0
2,medium,8.0,42,AODV,1001,0,n5,n4,0.115,1,0,0
2,medium,8.0,42,AODV,1001,1,n4,n3,4.566,1,0,1
2,medium,8.0,42,AODV,1001,2,n3,n2,63.769,1,1,1
2,medium,8.0,42,AODV,1001,3,n2,n1,0.127,1,0,0
2,medium,8.0,42,AODV,1001,4,n1,S,0.127,1,0,0
2,medium,8.0,42,OLSR,1001,0,n5,n4,0.115,1,0,0
2,medium,8.0,42,OLSR,1001,1,n4,n3,4.566,1,0,1
2,medium,8.0,42,OLSR,1001,2,n3,n2,63.769,1,1,1
2,medium,8.0,42,OLSR,1001,3,n2,n1,0.127,1,0,0
2,medium,8.0,42,OLSR,1001,4,n1,S,0.127,1,0,0
2,medium,8.0,42,DSR,1001,0,n5,n4,0.115,1,0,0
2,medium,8.0,42,DSR,1001,1,n4,n3,4.566,1,0,1
2,medium,8.0,42,DSR,1001,2,n3,n2,63.769,1,1,1
2,medium,8.0,42,DSR,1001,3,n2,n1,0.127,1,0,0
2,medium,8.0,42,DSR,1001,4,n1,S,0.127,1,0,0
2,medium,8.0,42,DSDV,1001,0,n5,n4,0.115,1,0,0
2,medium,8.0,42,DSDV,1001,1,n4,n3,4.566,1,0,1
2,medium,8.0,42,DSDV,1001,2,n3,n2,63.769,1,1,1
2,medium,8.0,42,DSDV,1001,3,n2,n1,0.127,1,0,0
2,medium,8.0,42,DSDV,1001,4,n1,S,0.127,1,0,0
2,medium,8.0,43,AODV,1001,0,n5,n4,0.114,1,0,0
2,medium,8.0,43,AODV,1001,1,n4,n3,424.822,1,1,1
2,medium,8.0,43,AODV,1001,2,n3,n2,62.554,1,1,1
2,medium,8.0,43,AODV,1001,3,n2,n1,0.152,1,0,0
2,medium,8.0,43,AODV,1001,4,n1,S,0.140,1,0,0
2,medium,8.0,43,OLSR,1001,0,n5,n4,0.114,1,0,0
2,medium,8.0,43,OLSR,1001,1,n4,n3,424.822,1,1,1
2,medium,8.0,43,OLSR,1001,2,n3,n2,62.554,1,1,1
2,medium,8.0,43,OLSR,1001,3,n2,n1,0.152,1,0,0
2,medium,8.0,43,OLSR,1001,4,n1,S,0.140,1,0,0
2,medium,8.0,43,DSR,1001,0,n5,n4,0.114,1,0,0
2,medium,8.0,43,DSR,1001,1,n4,n3,424.822,1,1,1
2,medium,8.0,43,DSR,1001,2,n3,n2,62.554,1,1,1
2,medium,8.0,43,DSR,1001,3,n2,n1,0.152,1,0,0
2,medium,8.0,43,DSR,1001,4,n1,S,0.140,1,0,0
2,medium,8.0,43,DSDV,1001,0,n5,n4,0.114,1,0,0
2,medium,8.0,43,DSDV,1001,1,n4,n3,424.822,1,1,1
2,medium,8.0,43,DSDV,1001,2,n3,n2,62.554,1,1,1
2,medium,8.0,43,DSDV,1001,3,n2,n1,0.152,1,0,0
2,medium,8.0,43,DSDV,1001,4,n1,S,0.140,1,0,0
2,medium,8.0,44,AODV,1001,0,n5,n4,0.125,1,0,0
2,medium,8.0,44,AODV,1001,1,n4,n3,3.947,1,0,1
2,medium,8.0,44,AODV,1001,2,n3,n2,304.822,1,1,1
2,medium,8.0,44,AODV,1001,3,n2,n1,0.119,1,0,0
2,medium,8.0,44,AODV,1001,4,n1,S,0.119,1,0,0
2,medium,8.0,44,OLSR,1001,0,n5,n4,0.125,1,0,0
2,medium,8.0,44,OLSR,1001,1,n4,n3,3.947,1,0,1
2,medium,8.0,44,OLSR,1001,2,n3,n2,304.822,1,1,1
2,medium,8.0,44,OLSR,1001,3,n2,n1,0.119,1,0,0
2,medium,8.0,44,OLSR,1001,4,n1,S,0.119,1,0,0
2,medium,8.0,44,DSR,1001,0,n5,n4,0.125,1,0,0
2,medium,8.0,44,DSR,1001,1,n4,n3,3.947,1,0,1
2,medium,8.0,44,DSR,1001,2,n3,n2,304.822,1,1,1
2,medium,8.0,44,DSR,1001,3,n2,n1,0.119,1,0,0
2,medium,8.0,44,DSR,1001,4,n1,S,0.119,1,0,0
2,medium,8.0,44,DSDV,1001,0,n5,n4,0.125,1,0,0
2,medium,8.0,44,DSDV,1001,1,n4,n3,3.947,1,0,1
2,medium,8.0,44,DSDV,1001,2,n3,n2,304.822,1,1,1
2,medium,8.0,44,DSDV,1001,3,n2,n1,0.119,1,0,0
2,medium,8.0,44,DSDV,1001,4,n1,S,0.119,1,0,0
2,medium,10.0,37,AODV,1001,0,n5,n4,0.054,1,0,0
2,medium,10.0,37,AODV,1001,1,n4,n3,4.506,1,0,1
2,medium,10.0,37,AODV,1001,2,n3,n2,4.843,1,0,1
2,medium,10.0,37,AODV,1001,3,n2,n1,0.176,1,0,0
2,medium,10.0,37,AODV,1001,4,n1,S,0.062,1,0,0
2,medium,10.0,37,OLSR,1001,0,n5,n4,0.054,1,0,0
2,medium,10.0,37,OLSR,1001,1,n4,n3,4.506,1,0,1
2,medium,10.0,37,OLSR,1001,2,n3,n2,4.843,1,0,1
2,medium,10.0,37,OLSR,1001,3,n2,n1,0.176,1,0,0
2,medium,10.0,37,OLSR,1001,4,n1,S,0.062,1,0,0
2,medium,10.0,37,DSR,1001,0,n5,n4,0.054,1,0,0
2,medium,10.0,37,DSR,1001,1,n4,n3,4.506,1,0,1
2,medium,10.0,37,DSR,1001,2,n3,n2,4.843,1,0,1
2,medium,10.0,37,DSR,1001,3,n2,n1,0.176,1,0,0
2,medium,10.0,37,DSR,1001,4,n1,S,0.062,1,0,0
2,medium,10.0,37,DSDV,1001,0,n5,n4,0.054,1,0,0
2,medium,10.0,37,DSDV,1001,1,n4,n3,4.506,1,0,1
2,medium,10.0,37,DSDV,1001,2,n3,n2,4.843,1,0,1
2,medium,10.0,37,DSDV,1001,3,n2,n1,0.176,1,0,0
2,medium,10.0,37,DSDV,1001,4,n1,S,0.062,1,0,0
2,medium,10.0,38,AODV,1001,0,n5,n4,0.128,1,0,0
2,medium,10.0,38,AODV,1001,1,n4,n3,124.506,1,1,1
2,medium,10.0,38,AODV,1001,2,n3,n2,4.843,1,0,1
2,medium,10.0,38,AODV,1001,3,n2,n1,0.136,1,0,0
2,medium,10.0,38,AODV,1001,4,n1,S,0.142,1,0,0
2,medium,10.0,38,OLSR,1001,0,n5,n4,0.128,1,0,0
2,medium,10.0,38,OLSR,1001,1,n4,n3,124.506,1,1,1
2,medium,10.0,38,OLSR,1001,2,n3,n2,4.843,1,0,1
2,medium,10.0,38,OLSR,1001,3,n2,n1,0.136,1,0,0
2,medium,10.0,38,OLSR,1001,4,n1,S,0.142,1,0,0
2,medium,10.0,38,DSR,1001,0,n5,n4,0.128,1,0,0
2,medium,10.0,38,DSR,1001,1,n4,n3,124.506,1,1,1
2,medium,10.0,38,DSR,1001,2,n3,n2,4.843,1,0,1
2,medium,10.0,38,DSR,1001,3,n2,n1,0.136,1,0,0
2,medium,10.0,38,DSR,1001,4,n1,S,0.142,1,0,0
2,medium,10.0,38,DSDV,1001,0,n5,n4,0.128,1,0,0
2,medium,10.0,38,DSDV,1001,1,n4,n3,124.506,1,1,1
2,medium,10.0,38,DSDV,1001,2,n3,n2,4.843,1,0,1
2,medium,10.0,38,DSDV,1001,3,n2,n1,0.136,1,0,0
2,medium,10.0,38,DSDV,1001,4,n1,S,0.142,1,0,0
2,medium,10.0,39,AODV,1001,0,n5,n4,0.108,1,0,0
2,medium,10.0,39,AODV,1001,1,n4,n3,244.506,1,1,1
2,medium,10.0,39,AODV,1001,2,n3,n2,4.843,1,0,1
2,medium,10.0,39,AODV,1001,3,n2,n1,0.113,1,0,0
2,medium,10.0,39,AODV,1001,4,n1,S,0.095,1,0,0
2,medium,10.0,39,OLSR,1001,0,n5,n4,0.108,1,0,0
2,medium,10.0,39,OLSR,1001,1,n4,n3,244.506,1,1,1
2,medium,10.0,39,OLSR,1001,2,n3,n2,4.843,1,0,1
2,medium,10.0,39,OLSR,1001,3,n2,n1,0.113,1,0,0
2,medium,10.0,39,OLSR,1001,4,n1,S,0.095,1,0,0
2,medium,10.0,39,DSR,1001,0,n5,n4,0.108,1,0,0
2,medium,10.0,39,DSR,1001,1,n4,n3,244.506,1,1,1
2,medium,10.0,39,DSR,1001,2,n3,n2,4.843,1,0,1
2,medium,10.0,39,DSR,1001,3,n2,n1,0.113,1,0,0
2,medium,10.0,39,DSR,1001,4,n1,S,0.095,1,0,0
2,medium,10.0,39,DSDV,1001,0,n5,n4,0.108,1,0,0
2,medium,10.0,39,DSDV,1001,1,n4,n3,244.506,1,1,1
2,medium,10.0,39,DSDV,1001,2,n3,n2,4.843,1,0,1
2,medium,10.0,39,DSDV,1001,3,n2,n1,0.113,1,0,0
2,medium,10.0,39,DSDV,1001,4,n1,S,0.095,1,0,0
2,medium,10.0,40,AODV,1001,0,n5,n4,0.127,1,0,0
2,medium,10.0,40,AODV,1001,1,n4,n3,244.566,1,1,1
2,medium,10.0,40,AODV,1001,2,n3,n2,243.309,1,1,1
2,medium,10.0,40,AODV,1001,3,n2,n1,0.078,1,0,0
2,medium,10.0,40,AODV,1001,4,n1,S,0.081,1,0,0
2,medium,10.0,40,OLSR,1001,0,n5,n4,0.127,1,0,0
2,medium,10.0,40,OLSR,1001,1,n4,n3,244.566,1,1,1
2,medium,10.0,40,OLSR,1001,2,n3,n2,243.309,1,1,1
2,medium,10.0,40,OLSR,1001,3,n2,n1,0.078,1,0,0
2,medium,10.0,40,OLSR,1001,4,n1,S,0.081,1,0,0
2,medium,10.0,40,DSR,1001,0,n5,n4,0.127,1,0,0
2,medium,10.0,40,DSR,1001,1,n4,n3,244.566,1,1,1
2,medium,10.0,40,DSR,1001,2,n3,n2,243.309,1,1,1
2,medium,10.0,40,DSR,1001,3,n2,n1,0.078,1,0,0
2,medium,10.0,40,DSR,1001,4,n1,S,0.081,1,0,0
2,medium,10.0,40,DSDV,1001,0,n5,n4,0.127,1,0,0
2,medium,10.0,40,DSDV,1001,1,n4,n3,244.566,1,1,1
2,medium,10.0,40,DSDV,1001,2,n3,n2,243.309,1,1,1
2,medium,10.0,40,DSDV,1001,3,n2,n1,0.078,1,0,0
2,medium,10.0,40,DSDV,1001,4,n1,S,0.081,1,0,0
2,medium,10.0,41,AODV,1001,0,n5,n4,0.056,1,0,0
2,medium,10.0,41,AODV,1001,1,n4,n3,124.566,1,1,1
2,medium,10.0,41,AODV,1001,2,n3,n2,64.275,1,1,1
2,medium,10.0,41,AODV,1001,3,n2,n1,0.119,1,0,0
2,medium,10.0,41,AODV,1001,4,n1,S,0.168,1,0,0
2,medium,10.0,41,OLSR,1001,0,n5,n4,0.056,1,0,0
2,medium,10.0,41,OLSR,1001,1,n4,n3,124.566,1,1,1
2,medium,10.0,41,OLSR,1001,2,n3,n2,64.275,1,1,1
2,medium,10.0,41,OLSR,1001,3,n2,n1,0.119,1,0,0
2,medium,10.0,41,OLSR,1001,4,n1,S,0.168,1,0,0
2,medium,10.0,41,DSR,1001,0,n5,n4,0.056,1,0,0
2,medium,10.0,41,DSR,1001,1,n4,n3,124.566,1,1,1
2,medium,10.0,41,DSR,1001,2,n3,n2,64.275,1,1,1
2,medium,10.0,41,DSR,1001,3,n2,n1,0.119,1,0,0
2,medium,10.0,41,DSR,1001,4,n1,S,0.168,1,0,0
2,medium,10.0,41,DSDV,1001,0,n5,n4,0.056,1,0,0
2,medium,10.0,41,DSDV,1001,1,n4,n3,124.566,1,1,1
2,medium,10.0,41,DSDV,1001,2,n3,n2,64.275,1,1,1
2,medium,10.0,41,DSDV,1001,3,n2,n1,0.119,1,0,0
2,medium,10.0,41,DSDV,1001,4,n1,S,0.168,1,0,0
2,medium,10.0,42,AODV,1001,0,n5,n4,0.115,1,0,0
2,medium,10.0,42,AODV,1001,1,n4,n3,4.566,1,0,1
2,medium,10.0,42,AODV,1001,2,n3,n2,63.769,1,1,1
2,medium,10.0,42,AODV,1001,3,n2,n1,0.127,1,0,0
2,medium,10.0,42,AODV,1001,4,n1,S,0.127,1,0,0
2,medium,10.0,42,OLSR,1001,0,n5,n4,0.115,1,0,0
2,medium,10.0,42,OLSR,1001,1,n4,n3,4.566,1,0,1
2,medium,10.0,42,OLSR,1001,2,n3,n2,63.769,1,1,1
2,medium,10.0,42,OLSR,1001,3,n2,n1,0.127,1,0,0
2,medium,10.0,42,OLSR,1001,4,n1,S,0.127,1,0,0
2,medium,10.0,42,DSR,1001,0,n5,n4,0.115,1,0,0
2,medium,10.0,42,DSR,1001,1,n4,n3,4.566,1,0,1
2,medium,10.0,42,DSR,1001,2,n3,n2,63.769,1,1,1
2,medium,10.0,42,DSR,1001,3,n2,n1,0.127,1,0,0
2,medium,10.0,42,DSR,1001,4,n1,S,0.127,1,0,0
2,medium,10.0,42,DSDV,1001,0,n5,n4,0.115,1,0,0
2,medium,10.0,42,DSDV,1001,1,n4,n3,4.566,1,0,1
2,medium,10.0,42,DSDV,1001,2,n3,n2,63.769,1,1,1
2,medium,10.0,42,DSDV,1001,3,n2,n1,0.127,1,0,0
2,medium,10.0,42,DSDV,1001,4,n1,S,0.127,1,0,0
2,medium,10.0,43,AODV,1001,0,n5,n4,0.114,1,0,0
2,medium,10.0,43,AODV,1001,1,n4,n3,424.822,1,1,1
2,medium,10.0,43,AODV,1001,2,n3,n2,62.554,1,1,1
2,medium,10.0,43,AODV,1001,3,n2,n1,0.152,1,0,0
2,medium,10.0,43,AODV,1001,4,n1,S,0.140,1,0,0
2,medium,10.0,43,OLSR,1001,0,n5,n4,0.114,1,0,0
2,medium,10.0,43,OLSR,1001,1,n4,n3,424.822,1,1,1
2,medium,10.0,43,OLSR,1001,2,n3,n2,62.554,1,1,1
2,medium,10.0,43,OLSR,1001,3,n2,n1,0.152,1,0,0
2,medium,10.0,43,OLSR,1001,4,n1,S,0.140,1,0,0
2,medium,10.0,43,DSR,1001,0,n5,n4,0.114,1,0,0
2,medium,10.0,43,DSR,1001,1,n4,n3,424.822,1,1,1
2,medium,10.0,43,DSR,1001,2,n3,n2,62.554,1,1,1
2,medium,10.0,43,DSR,1001,3,n2,n1,0.152,1,0,0
2,medium,10.0,43,DSR,1001,4,n1,S,0.140,1,0,0
2,medium,10.0,43,DSDV,1001,0,n5,n4,0.114,1,0,0
2,medium,10.0,43,DSDV,1001,1,n4,n3,424.822,1,1,1
2,medium,10.0,43,DSDV,1001,2,n3,n2,62.554,1,1,1
2,medium,10.0,43,DSDV,1001,3,n2,n1,0.152,1,0,0
2,medium,10.0,43,DSDV,1001,4,n1,S,0.140,1,0,0
2,medium,10.0,44,AODV,1001,0,n5,n4,0.125,1,0,0
2,medium,10.0,44,AODV,1001,1,n4,n3,3.947,1,0,1
2,medium,10.0,44,AODV,1001,2,n3,n2,304.822,1,1,1
2,medium,10.0,44,AODV,1001,3,n2,n1,0.119,1,0,0
2,medium,10.0,44,AODV,1001,4,n1,S,0.119,1,0,0
2,medium,10.0,44,OLSR,1001,0,n5,n4,0.125,1,0,0
2,medium,10.0,44,OLSR,1001,1,n4,n3,3.947,1,0,1
2,medium,10.0,44,OLSR,1001,2,n3,n2,304.822,1,1,1
2,medium,10.0,44,OLSR,1001,3,n2,n1,0.119,1,0,0
2,medium,10.0,44,OLSR,1001,4,n1,S,0.119,1,0,0
2,medium,10.0,44,DSR,1001,0,n5,n4,0.125,1,0,0
2,medium,10.0,44,DSR,1001,1,n4,n3,3.947,1,0,1
2,medium,10.0,44,DSR,1001,2,n3,n2,304.822,1,1,1
2,medium,10.0,44,DSR,1001,3,n2,n1,0.119,1,0,0
2,medium,10.0,44,DSR,1001,4,n1,S,0.119,1,0,0
2,medium,10.0,44,DSDV,1001,0,n5,n4,0.125,1,0,0
2,medium,10.0,44,DSDV,1001,1,n4,n3,3.947,1,0,1
2,medium,10.0,44,DSDV,1001,2,n3,n2,304.822,1,1,1
2,medium,10.0,44,DSDV,1001,3,n2,n1,0.119,1,0,0
2,medium,10.0,44,DSDV,1001,4,n1,S,0.119,1,0,0
3,low,0.25,37,AODV,1001,0,n1,n3,0.142,1,0,0
3,low,0.25,37,AODV,1001,1,n3,n5,63.610,1,1,1
3,low,0.25,37,AODV,1001,2,n5,n7,3.942,1,1,1
3,low,0.25,37,AODV,1001,3,n7,n8,0.128,1,0,0
3,low,0.25,37,AODV,1001,4,n8,n9,0.105,1,0,0
3,low,0.25,37,AODV,1001,5,n9,n11,0.105,1,0,0
3,low,0.25,37,AODV,1001,6,n11,n13,0.149,1,0,0
3,low,0.25,37,AODV,1001,7,n13,n15,0.163,1,0,0
3,low,0.25,37,AODV,1001,8,n15,S,0.065,1,0,0
3,low,0.25,37,OLSR,1001,0,n1,n3,0.142,1,0,0
3,low,0.25,37,OLSR,1001,1,n3,n5,63.610,1,1,1
3,low,0.25,37,OLSR,1001,2,n5,n7,3.942,1,1,1
3,low,0.25,37,OLSR,1001,3,n7,n8,0.128,1,0,0
3,low,0.25,37,OLSR,1001,4,n8,n9,0.105,1,0,0
3,low,0.25,37,OLSR,1001,5,n9,n11,0.105,1,0,0
3,low,0.25,37,OLSR,1001,6,n11,n13,0.149,1,0,0
3,low,0.25,37,OLSR,1001,7,n13,n15,0.163,1,0,0
3,low,0.25,37,OLSR,1001,8,n15,S,0.065,1,0,0
3,low,0.25,37,DSR,1001,0,n1,n3,0.142,1,0,0
3,low,0.25,37,DSR,1001,1,n3,n5,63.610,1,1,1
3,low,0.25,37,DSR,1001,2,n5,n7,3.942,1,1,1
3,low,0.25,37,DSR,1001,3,n7,n8,0.128,1,0,0
3,low,0.25,37,DSR,1001,4,n8,n9,0.105,1,0,0
3,low,0.25,37,DSR,1001,5,n9,n11,0.105,1,0,0
3,low,0.25,37,DSR,1001,6,n11,n13,0.149,1,0,0
3,low,0.25,37,DSR,1001,7,n13,n15,0.163,1,0,0
3,low,0.25,37,DSR,1001,8,n15,S,0.065,1,0,0
3,low,0.25,37,DSDV,1001,0,n1,n3,0.142,1,0,0
3,low,0.25,37,DSDV,1001,1,n3,n5,63.610,1,1,1
3,low,0.25,37,DSDV,1001,2,n5,n7,3.942,1,1,1
3,low,0.25,37,DSDV,1001,3,n7,n8,0.128,1,0,0
3,low,0.25,37,DSDV,1001,4,n8,n9,0.105,1,0,0
3,low,0.25,37,DSDV,1001,5,n9,n11,0.105,1,0,0
3,low,0.25,37,DSDV,1001,6,n11,n13,0.149,1,0,0
3,low,0.25,37,DSDV,1001,7,n13,n15,0.163,1,0,0
3,low,0.25,37,DSDV,1001,8,n15,S,0.065,1,0,0
3,low,0.25,38,AODV,1001,0,n1,n3,0.176,1,0,0
3,low,0.25,38,AODV,1001,1,n3,n5,3.093,1,1,1
3,low,0.25,38,AODV,1001,2,n5,n7,4.132,1,1,1
3,low,0.25,38,AODV,1001,3,n7,n8,0.122,1,0,0
3,low,0.25,38,AODV,1001,4,n8,n9,0.105,1,0,0
3,low,0.25,38,AODV,1001,5,n9,n11,0.071,1,0,0
3,low,0.25,38,AODV,1001,6,n11,n13,0.128,1,0,0
3,low,0.25,38,AODV,1001,7,n13,n15,0.123,1,0,0
3,low,0.25,38,AODV,1001,8,n15,S,0.178,1,0,0
3,low,0.25,38,OLSR,1001,0,n1,n3,0.176,1,0,0
3,low,0.25,38,OLSR,1001,1,n3,n5,3.093,1,1,1
3,low,0.25,38,OLSR,1001,2,n5,n7,4.132,1,1,1
3,low,0.25,38,OLSR,1001,3,n7,n8,0.122,1,0,0
3,low,0.25,38,OLSR,1001,4,n8,n9,0.105,1,0,0
3,low,0.25,38,OLSR,1001,5,n9,n11,0.071,1,0,0
3,low,0.25,38,OLSR,1001,6,n11,n13,0.128,1,0,0
3,low,0.25,38,OLSR,1001,7,n13,n15,0.123,1,0,0
3,low,0.25,38,OLSR,1001,8,n15,S,0.178,1,0,0
3,low,0.25,38,DSR,1001,0,n1,n3,0.176,1,0,0
3,low,0.25,38,DSR,1001,1,n3,n5,3.093,1,1,1
3,low,0.25,38,DSR,1001,2,n5,n7,4.132,1,1,1
3,low,0.25,38,DSR,1001,3,n7,n8,0.122,1,0,0
3,low,0.25,38,DSR,1001,4,n8,n9,0.105,1,0,0
3,low,0.25,38,DSR,1001,5,n9,n11,0.071,1,0,0
3,low,0.25,38,DSR,1001,6,n11,n13,0.128,1,0,0
3,low,0.25,38,DSR,1001,7,n13,n15,0.123,1,0,0
3,low,0.25,38,DSR,1001,8,n15,S,0.178,1,0,0
3,low,0.25,38,DSDV,1001,0,n1,n3,0.176,1,0,0
3,low,0.25,38,DSDV,1001,1,n3,n5,3.093,1,1,1
3,low,0.25,38,DSDV,1001,2,n5,n7,4.132,1,1,1
3,low,0.25,38,DSDV,1001,3,n7,n8,0.122,1,0,0
3,low,0.25,38,DSDV,1001,4,n8,n9,0.105,1,0,0
3,low,0.25,38,DSDV,1001,5,n9,n11,0.071,1,0,0
3,low,0.25,38,DSDV,1001,6,n11,n13,0.128,1,0,0
3,low,0.25,38,DSDV,1001,7,n13,n15,0.123,1,0,0
3,low,0.25,38,DSDV,1001,8,n15,S,0.178,1,0,0
3,low,0.25,39,AODV,1001,0,n1,n3,0.062,1,0,0
3,low,0.25,39,AODV,1001,1,n3,n5,2.242,1,1,1
3,low,0.25,39,AODV,1001,2,n5,n7,4.303,1,1,1
3,low,0.25,39,AODV,1001,3,n7,n8,0.053,1,0,0
3,low,0.25,39,AODV,1001,4,n8,n9,0.071,1,0,0
3,low,0.25,39,AODV,1001,5,n9,n11,0.105,1,0,0
3,low,0.25,39,AODV,1001,6,n11,n13,0.108,1,0,0
3,low,0.25,39,AODV,1001,7,n13,n15,0.074,1,0,0
3,low,0.25,39,AODV,1001,8,n15,S,0.101,1,0,0
3,low,0.25,39,OLSR,1001,0,n1,n3,0.062,1,0,0
3,low,0.25,39,OLSR,1001,1,n3,n5,2.242,1,1,1
3,low,0.25,39,OLSR,1001,2,n5,n7,4.303,1,1,1
3,low,0.25,39,OLSR,1001,3,n7,n8,0.053,1,0,0
3,low,0.25,39,OLSR,1001,4,n8,n9,0.071,1,0,0
3,low,0.25,39,OLSR,1001,5,n9,n11,0.105,1,0,0
3,low,0.25,39,OLSR,1001,6,n11,n13,0.108,1,0,0
3,low,0.25,39,OLSR,1001,7,n13,n15,0.074,1,0,0
3,low,0.25,39,OLSR,1001,8,n15,S,0.101,1,0,0
3,low,0.25,39,DSR,1001,0,n1,n3,0.062,1,0,0
3,low,0.25,39,DSR,1001,1,n3,n5,2.242,1,1,1
3,low,0.25,39,DSR,1001,2,n5,n7,4.303,1,1,1
3,low,0.25,39,DSR,1001,3,n7,n8,0.053,1,0,0
3,low,0.25,39,DSR,1001,4,n8,n9,0.071,1,0,0
3,low,0.25,39,DSR,1001,5,n9,n11,0.105,1,0,0
3,low,0.25,39,DSR,1001,6,n11,n13,0.108,1,0,0
3,low,0.25,39,DSR,1001,7,n13,n15,0.074,1,0,0
3,low,0.25,39,DSR,1001,8,n15,S,0.101,1,0,0
3,low,0.25,39,DSDV,1001,0,n1,n3,0.062,1,0,0
3,low,0.25,39,DSDV,1001,1,n3,n5,2.242,1,1,1
3,low,0.25,39,DSDV,1001,2,n5,n7,4.303,1,1,1
3,low,0.25,39,DSDV,1001,3,n7,n8,0.053,1,0,0
3,low,0.25,39,DSDV,1001,4,n8,n9,0.071,1,0,0
3,low,0.25,39,DSDV,1001,5,n9,n11,0.105,1,0,0
3,low,0.25,39,DSDV,1001,6,n11,n13,0.108,1,0,0
3,low,0.25,39,DSDV,1001,7,n13,n15,0.074,1,0,0
3,low,0.25,39,DSDV,1001,8,n15,S,0.101,1,0,0
3,low,0.25,40,AODV,1001,0,n1,n3,0.112,1,0,0
3,low,0.25,40,AODV,1001,1,n3,n5,123.223,1,1,1
3,low,0.25,40,AODV,1001,2,n5,n7,4.042,1,1,1
3,low,0.25,40,AODV,1001,3,n7,n8,0.124,1,0,0
3,low,0.25,40,AODV,1001,4,n8,n9,0.158,1,0,0
3,low,0.25,40,AODV,1001,5,n9,n11,0.089,1,0,0
3,low,0.25,40,AODV,1001,6,n11,n13,0.084,1,0,0
3,low,0.25,40,AODV,1001,7,n13,n15,0.127,1,0,0
3,low,0.25,40,AODV,1001,8,n15,S,0.177,1,0,0
3,low,0.25,40,OLSR,1001,0,n1,n3,0.112,1,0,0
3,low,0.25,40,OLSR,1001,1,n3,n5,123.223,1,1,1
3,low,0.25,40,OLSR,1001,2,n5,n7,4.042,1,1,1
3,low,0.25,40,OLSR,1001,3,n7,n8,0.124,1,0,0
3,low,0.25,40,OLSR,1001,4,n8,n9,0.158,1,0,0
3,low,0.25,40,OLSR,1001,5,n9,n11,0.089,1,0,0
3,low,0.25,40,OLSR,1001,6,n11,n13,0.084,1,0,0
3,low,0.25,40,OLSR,1001,7,n13,n15,0.127,1,0,0
3,low,0.25,40,OLSR,1001,8,n15,S,0.177,1,0,0
3,low,0.25,40,DSR,1001,0,n1,n3,0.112,1,0,0
3,low,0.25,40,DSR,1001,1,n3,n5,123.223,1,1,1
3,low,0.25,40,DSR,1001,2,n5,n7,4.042,1,1,1
3,low,0.25,40,DSR,1001,3,n7,n8,0.124,1,0,0
3,low,0.25,40,DSR,1001,4,n8,n9,0.158,1,0,0
3,low,0.25,40,DSR,1001,5,n9,n11,0.089,1,0,0
3,low,0.25,40,DSR,1001,6,n11,n13,0.084,1,0,0
3,low,0.25,40,DSR,1001,7,n13,n15,0.127,1,0,0
3,low,0.25,40,DSR,1001,8,n15,S,0.177,1,0,0
3,low,0.25,40,DSDV,1001,0,n1,n3,0.112,1,0,0
3,low,0.25,40,DSDV,1001,1,n3,n5,123.223,1,1,1
3,low,0.25,40,DSDV,1001,2,n5,n7,4.042,1,1,1
3,low,0.25,40,DSDV,1001,3,n7,n8,0.124,1,0,0
3,low,0.25,40,DSDV,1001,4,n8,n9,0.158,1,0,0
3,low,0.25,40,DSDV,1001,5,n9,n11,0.089,1,0,0
3,low,0.25,40,DSDV,1001,6,n11,n13,0.084,1,0,0
3,low,0.25,40,DSDV,1001,7,n13,n15,0.127,1,0,0
3,low,0.25,40,DSDV,1001,8,n15,S,0.177,1,0,0
3,low,0.25,41,AODV,1001,0,n1,n3,0.075,1,0,0
3,low,0.25,41,AODV,1001,1,n3,n5,2.888,1,1,1
3,low,0.25,41,AODV,1001,2,n5,n7,63.783,1,1,1
3,low,0.25,41,AODV,1001,3,n7,n8,0.115,1,0,0
3,low,0.25,41,AODV,1001,4,n8,n9,0.127,1,0,0
3,low,0.25,41,AODV,1001,5,n9,n11,0.127,1,0,0
3,low,0.25,41,AODV,1001,6,n11,n13,0.089,1,0,0
3,low,0.25,41,AODV,1001,7,n13,n15,0.120,1,0,0
3,low,0.25,41,AODV,1001,8,n15,S,0.127,1,0,0
3,low,0.25,41,OLSR,1001,0,n1,n3,0.075,1,0,0
3,low,0.25,41,OLSR,1001,1,n3,n5,2.888,1,1,1
3,low,0.25,41,OLSR,1001,2,n5,n7,63.783,1,1,1
3,low,0.25,41,OLSR,1001,3,n7,n8,0.115,1,0,0
3,low,0.25,41,OLSR,1001,4,n8,n9,0.127,1,0,0
3,low,0.25,41,OLSR,1001,5,n9,n11,0.127,1,0,0
3,low,0.25,41,OLSR,1001,6,n11,n13,0.089,1,0,0
3,low,0.25,41,OLSR,1001,7,n13,n15,0.120,1,0,0
3,low,0.25,41,OLSR,1001,8,n15,S,0.127,1,0,0
3,low,0.25,41,DSR,1001,0,n1,n3,0.075,1,0,0
3,low,0.25,41,DSR,1001,1,n3,n5,2.888,1,1,1
3,low,0.25,41,DSR,1001,2,n5,n7,63.783,1,1,1
3,low,0.25,41,DSR,1001,3,n7,n8,0.115,1,0,0
3,low,0.25,41,DSR,1001,4,n8,n9,0.127,1,0,0
3,low,0.25,41,DSR,1001,5,n9,n11,0.127,1,0,0
3,low,0.25,41,DSR,1001,6,n11,n13,0.089,1,0,0
3,low,0.25,41,DSR,1001,7,n13,n15,0.120,1,0,0
3,low,0.25,41,DSR,1001,8,n15,S,0.127,1,0,0
3,low,0.25,41,DSDV,1001,0,n1,n3,0.075,1,0,0
3,low,0.25,41,DSDV,1001,1,n3,n5,2.888,1,1,1
3,low,0.25,41,DSDV,1001,2,n5,n7,63.783,1,1,1
3,low,0.25,41,DSDV,1001,3,n7,n8,0.115,1,0,0
3,low,0.25,41,DSDV,1001,4,n8,n9,0.127,1,0,0
3,low,0.25,41,DSDV,1001,5,n9,n11,0.127,1,0,0
3,low,0.25,41,DSDV,1001,6,n11,n13,0.089,1,0,0
3,low,0.25,41,DSDV,1001,7,n13,n15,0.120,1,0,0
3,low,0.25,41,DSDV,1001,8,n15,S,0.127,1,0,0
3,low,0.25,42,AODV,1001,0,n1,n3,0.125,1,0,0
3,low,0.25,42,AODV,1001,1,n3,n5,2.096,1,1,1
3,low,0.25,42,AODV,1001,2,n5,n7,3.415,1,1,1
3,low,0.25,42,AODV,1001,3,n7,n8,0.158,1,0,0
3,low,0.25,42,AODV,1001,4,n8,n9,0.124,1,0,0
3,low,0.25,42,AODV,1001,5,n9,n11,0.154,1,0,0
3,low,0.25,42,AODV,1001,6,n11,n13,0.115,1,0,0
3,low,0.25,42,AODV,1001,7,n13,n15,0.121,1,0,0
3,low,0.25,42,AODV,1001,8,n15,S,0.095,1,0,0
3,low,0.25,42,OLSR,1001,0,n1,n3,0.125,1,0,0
3,low,0.25,42,OLSR,1001,1,n3,n5,2.096,1,1,1
3,low,0.25,42,OLSR,1001,2,n5,n7,3.415,1,1,1
3,low,0.25,42,OLSR,1001,3,n7,n8,0.158,1,0,0
3,low,0.25,42,OLSR,1001,4,n8,n9,0.124,1,0,0
3,low,0.25,42,OLSR,1001,5,n9,n11,0.154,1,0,0
3,low,0.25,42,OLSR,1001,6,n11,n13,0.115,1,0,0
3,low,0.25,42,OLSR,1001,7,n13,n15,0.121,1,0,0
3,low,0.25,42,OLSR,1001,8,n15,S,0.095,1,0,0
3,low,0.25,42,DSR,1001,0,n1,n3,0.125,1,0,0
3,low,0.25,42,DSR,1001,1,n3,n5,2.096,1,1,1
3,low,0.25,42,DSR,1001,2,n5,n7,3.415,1,1,1
3,low,0.25,42,DSR,1001,3,n7,n8,0.158,1,0,0
3,low,0.25,42,DSR,1001,4,n8,n9,0.124,1,0,0
3,low,0.25,42,DSR,1001,5,n9,n11,0.154,1,0,0
3,low,0.25,42,DSR,1001,6,n11,n13,0.115,1,0,0
3,low,0.25,42,DSR,1001,7,n13,n15,0.121,1,0,0
3,low,0.25,42,DSR,1001,8,n15,S,0.095,1,0,0
3,low,0.25,42,DSDV,1001,0,n1,n3,0.125,1,0,0
3,low,0.25,42,DSDV,1001,1,n3,n5,2.096,1,1,1
3,low,0.25,42,DSDV,1001,2,n5,n7,3.415,1,1,1
3,low,0.25,42,DSDV,1001,3,n7,n8,0.158,1,0,0
3,low,0.25,42,DSDV,1001,4,n8,n9,0.124,1,0,0
3,low,0.25,42,DSDV,1001,5,n9,n11,0.154,1,0,0
3,low,0.25,42,DSDV,1001,6,n11,n13,0.115,1,0,0
3,low,0.25,42,DSDV,1001,7,n13,n15,0.121,1,0,0
3,low,0.25,42,DSDV,1001,8,n15,S,0.095,1,0,0
3,low,0.25,43,AODV,1001,0,n1,n3,0.111,1,0,0
3,low,0.25,43,AODV,1001,1,n3,n5,3.223,1,1,1
3,low,0.25,43,AODV,1001,2,n5,n7,4.042,1,1,1
3,low,0.25,43,AODV,1001,3,n7,n8,0.127,1,0,0
3,low,0.25,43,AODV,1001,4,n8,n9,0.154,1,0,0
3,low,0.25,43,AODV,1001,5,n9,n11,0.124,1,0,0
3,low,0.25,43,AODV,1001,6,n11,n13,0.114,1,0,0
3,low,0.25,43,AODV,1001,7,n13,n15,0.165,1,0,0
3,low,0.25,43,AODV,1001,8,n15,S,0.173,1,0,0
3,low,0.25,43,OLSR,1001,0,n1,n3,0.111,1,0,0
3,low,0.25,43,OLSR,1001,1,n3,n5,3.223,1,1,1
3,low,0.25,43,OLSR,1001,2,n5,n7,4.042,1,1,1
3,low,0.25,43,OLSR,1001,3,n7,n8,0.127,1,0,0
3,low,0.25,43,OLSR,1001,4,n8,n9,0.154,1,0,0
3,low,0.25,43,OLSR,1001,5,n9,n11,0.124,1,0,0
3,low,0.25,43,OLSR,1001,6,n11,n13,0.114,1,0,0
3,low,0.25,43,OLSR,1001,7,n13,n15,0.165,1,0,0
3,low,0.25,43,OLSR,1001,8,n15,S,0.173,1,0,0
3,low,0.25,43,DSR,1001,0,n1,n3,0.111,1,0,0
3,low,0.25,43,DSR,1001,1,n3,n5,3.223,1,1,1
3,low,0.25,43,DSR,1001,2,n5,n7,4.042,1,1,1
3,low,0.25,43,DSR,1001,3,n7,n8,0.127,1,0,0
3,low,0.25,43,DSR,1001,4,n8,n9,0.154,1,0,0
3,low,0.25,43,DSR,1001,5,n9,n11,0.124,1,0,0
3,low,0.25,43,DSR,1001,6,n11,n13,0.114,1,0,0
3,low,0.25,43,DSR,1001,7,n13,n15,0.165,1,0,0
3,low,0.25,43,DSR,1001,8,n15,S,0.173,1,0,0
3,low,0.25,43,DSDV,1001,0,n1,n3,0.111,1,0,0
3,low,0.25,43,DSDV,1001,1,n3,n5,3.223,1,1,1
3,low,0.25,43,DSDV,1001,2,n5,n7,4.042,1,1,1
3,low,0.25,43,DSDV,1001,3,n7,n8,0.127,1,0,0
3,low,0.25,43,DSDV,1001,4,n8,n9,0.154,1,0,0
3,low,0.25,43,DSDV,1001,5,n9,n11,0.124,1,0,0
3,low,0.25,43,DSDV,1001,6,n11,n13,0.114,1,0,0
3,low,0.25,43,DSDV,1001,7,n13,n15,0.165,1,0,0
3,low,0.25,43,DSDV,1001,8,n15,S,0.173,1,0,0
3,low,0.25,44,AODV,1001,0,n1,n3,0.115,1,0,0
3,low,0.25,44,AODV,1001,1,n3,n5,64.042,1,1,1
3,low,0.25,44,AODV,1001,2,n5,n7,122.888,1,1,1
3,low,0.25,44,AODV,1001,3,n7,n8,0.112,1,0,0
3,low,0.25,44,AODV,1001,4,n8,n9,0.152,1,0,0
3,low,0.25,44,AODV,1001,5,n9,n11,0.152,1,0,0
3,low,0.25,44,AODV,1001,6,n11,n13,0.100,1,0,0
3,low,0.25,44,AODV,1001,7,n13,n15,0.092,1,0,0
3,low,0.25,44,AODV,1001,8,n15,S,0.082,1,0,0
3,low,0.25,44,OLSR,1001,0,n1,n3,0.115,1,0,0
3,low,0.25,44,OLSR,1001,1,n3,n5,64.042,1,1,1
3,low,0.25,44,OLSR,1001,2,n5,n7,122.888,1,1,1
3,low,0.25,44,OLSR,1001,3,n7,n8,0.112,1,0,0
3,low,0.25,44,OLSR,1001,4,n8,n9,0.152,1,0,0
3,low,0.25,44,OLSR,1001,5,n9,n11,0.152,1,0,0
3,low,0.25,44,OLSR,1001,6,n11,n13,0.100,1,0,0
3,low,0.25,44,OLSR,1001,7,n13,n15,0.092,1,0,0
3,low,0.25,44,OLSR,1001,8,n15,S,0.082,1,0,0
3,low,0.25,44,DSR,1001,0,n1,n3,0.115,1,0,0
3,low,0.25,44,DSR,1001,1,n3,n5,64.042,1,1,1
3,low,0.25,44,DSR,1001,2,n5,n7,122.888,1,1,1
3,low,0.25,44,DSR,1001,3,n7,n8,0.112,1,0,0
3,low,0.25,44,DSR,1001,4,n8,n9,0.152,1,0,0
3,low,0.25,44,DSR,1001,5,n9,n11,0.152,1,0,0
3,low,0.25,44,DSR,1001,6,n11,n13,0.100,1,0,0
3,low,0.25,44,DSR,1001,7,n13,n15,0.092,1,0,0
3,low,0.25,44,DSR,1001,8,n15,S,0.082,1,0,0
3,low,0.25,44,DSDV,1001,0,n1,n3,0.115,1,0,0
3,low,0.25,44,DSDV,1001,1,n3,n5,64.042,1,1,1
3,low,0.25,44,DSDV,1001,2,n5,n7,122.888,1,1,1
3,low,0.25,44,DSDV,1001,3,n7,n8,0.112,1,0,0
3,low,0.25,44,DSDV,1001,4,n8,n9,0.152,1,0,0
3,low,0.25,44,DSDV,1001,5,n9,n11,0.152,1,0,0
3,low,0.25,44,DSDV,1001,6,n11,n13,0.100,1,0,0
3,low,0.25,44,DSDV,1001,7,n13,n15,0.092,1,0,0
3,low,0.25,44,DSDV,1001,8,n15,S,0.082,1,0,0
3,low,0.5,37,AODV,1001,0,n1,n3,0.142,1,0,0
3,low,0.5,37,AODV,1001,1,n3,n5,63.610,1,1,1
3,low,0.5,37,AODV,1001,2,n5,n7,3.942,1,1,1
3,low,0.5,37,AODV,1001,3,n7,n8,0.128,1,0,0
3,low,0.5,37,AODV,1001,4,n8,n9,0.105,1,0,0
3,low,0.5,37,AODV,1001,5,n9,n11,0.105,1,0,0
3,low,0.5,37,AODV,1001,6,n11,n13,0.149,1,0,0
3,low,0.5,37,AODV,1001,7,n13,n15,0.163,1,0,0
3,low,0.5,37,AODV,1001,8,n15,S,0.065,1,0,0
3,low,0.5,37,OLSR,1001,0,n1,n3,0.142,1,0,0
3,low,0.5,37,OLSR,1001,1,n3,n5,63.610,1,1,1
3,low,0.5,37,OLSR,1001,2,n5,n7,3.942,1,1,1
3,low,0.5,37,OLSR,1001,3,n7,n8,0.128,1,0,0
3,low,0.5,37,OLSR,1001,4,n8,n9,0.105,1,0,0
3,low,0.5,37,OLSR,1001,5,n9,n11,0.105,1,0,0
3,low,0.5,37,OLSR,1001,6,n11,n13,0.149,1,0,0
3,low,0.5,37,OLSR,1001,7,n13,n15,0.163,1,0,0
3,low,0.5,37,OLSR,1001,8,n15,S,0.065,1,0,0
3,low,0.5,37,DSR,1001,0,n1,n3,0.142,1,0,0
3,low,0.5,37,DSR,1001,1,n3,n5,63.610,1,1,1
3,low,0.5,37,DSR,1001,2,n5,n7,3.942,1,1,1
3,low,0.5,37,DSR,1001,3,n7,n8,0.128,1,0,0
3,low,0.5,37,DSR,1001,4,n8,n9,0.105,1,0,0
3,low,0.5,37,DSR,1001,5,n9,n11,0.105,1,0,0
3,low,0.5,37,DSR,1001,6,n11,n13,0.149,1,0,0
3,low,0.5,37,DSR,1001,7,n13,n15,0.163,1,0,0
3,low,0.5,37,DSR,1001,8,n15,S,0.065,1,0,0
3,low,0.5,37,DSDV,1001,0,n1,n3,0.142,1,0,0
3,low,0.5,37,DSDV,1001,1,n3,n5,63.610,1,1,1
3,low,0.5,37,DSDV,1001,2,n5,n7,3.942,1,1,1
3,low,0.5,37,DSDV,1001,3,n7,n8,0.128,1,0,0
3,low,0.5,37,DSDV,1001,4,n8,n9,0.105,1,0,0
3,low,0.5,37,DSDV,1001,5,n9,n11,0.105,1,0,0
3,low,0.5,37,DSDV,1001,6,n11,n13,0.149,1,0,0
3,low,0.5,37,DSDV,1001,7,n13,n15,0.163,1,0,0
3,low,0.5,37,DSDV,1001,8,n15,S,0.065,1,0,0
3,low,0.5,38,AODV,1001,0,n1,n3,0.176,1,0,0
3,low,0.5,38,AODV,1001,1,n3,n5,3.093,1,1,1
3,low,0.5,38,AODV,1001,2,n5,n7,4.132,1,1,1
3,low,0.5,38,AODV,1001,3,n7,n8,0.122,1,0,0
3,low,0.5,38,AODV,1001,4,n8,n9,0.105,1,0,0
3,low,0.5,38,AODV,1001,5,n9,n11,0.071,1,0,0
3,low,0.5,38,AODV,1001,6,n11,n13,0.128,1,0,0
3,low,0.5,38,AODV,1001,7,n13,n15,0.123,1,0,0
3,low,0.5,38,AODV,1001,8,n15,S,0.178,1,0,0
3,low,0.5,38,OLSR,1001,0,n1,n3,0.176,1,0,0
3,low,0.5,38,OLSR,1001,1,n3,n5,3.093,1,1,1
3,low,0.5,38,OLSR,1001,2,n5,n7,4.132,1,1,1
3,low,0.5,38,OLSR,1001,3,n7,n8,0.122,1,0,0
3,low,0.5,38,OLSR,1001,4,n8,n9,0.105,1,0,0
3,low,0.5,38,OLSR,1001,5,n9,n11,0.071,1,0,0
3,low,0.5,38,OLSR,1001,6,n11,n13,0.128,1,0,0
3,low,0.5,38,OLSR,1001,7,n13,n15,0.123,1,0,0
3,low,0.5,38,OLSR,1001,8,n15,S,0.178,1,0,0
3,low,0.5,38,DSR,1001,0,n1,n3,0.176,1,0,0
3,low,0.5,38,DSR,1001,1,n3,n5,3.093,1,1,1
3,low,0.5,38,DSR,1001,2,n5,n7,4.132,1,1,1
3,low,0.5,38,DSR,1001,3,n7,n8,0.122,1,0,0
3,low,0.5,38,DSR,1001,4,n8,n9,0.105,1,0,0
3,low,0.5,38,DSR,1001,5,n9,n11,0.071,1,0,0
3,low,0.5,38,DSR,1001,6,n11,n13,0.128,1,0,0
3,low,0.5,38,DSR,1001,7,n13,n15,0.123,1,0,0
3,low,0.5,38,DSR,1001,8,n15,S,0.178,1,0,0
3,low,0.5,38,DSDV,1001,0,n1,n3,0.176,1,0,0
3,low,0.5,38,DSDV,1001,1,n3,n5,3.093,1,1,1
3,low,0.5,38,DSDV,1001,2,n5,n7,4.132,1,1,1
3,low,0.5,38,DSDV,1001,3,n7,n8,0.122,1,0,0
3,low,0.5,38,DSDV,1001,4,n8,n9,0.105,1,0,0
3,low,0.5,38,DSDV,1001,5,n9,n11,0.071,1,0,0
3,low,0.5,38,DSDV,1001,6,n11,n13,0.128,1,0,0
3,low,0.5,38,DSDV,1001,7,n13,n15,0.123,1,0,0
3,low,0.5,38,DSDV,1001,8,n15,S,0.178,1,0,0
3,low,0.5,39,AODV,1001,0,n1,n3,0.062,1,0,0
3,low,0.5,39,AODV,1001,1,n3,n5,2.242,1,1,1
3,low,0.5,39,AODV,1001,2,n5,n7,4.303,1,1,1
3,low,0.5,39,AODV,1001,3,n7,n8,0.053,1,0,0
3,low,0.5,39,AODV,1001,4,n8,n9,0.071,1,0,0
3,low,0.5,39,AODV,1001,5,n9,n11,0.105,1,0,0
3,low,0.5,39,AODV,1001,6,n11,n13,0.108,1,0,0
3,low,0.5,39,AODV,1001,7,n13,n15,0.074,1,0,0
3,low,0.5,39,AODV,1001,8,n15,S,0.101,1,0,0
3,low,0.5,39,OLSR,1001,0,n1,n3,0.062,1,0,0
3,low,0.5,39,OLSR,1001,1,n3,n5,2.242,1,1,1
3,low,0.5,39,OLSR,1001,2,n5,n7,4.303,1,1,1
3,low,0.5,39,OLSR,1001,3,n7,n8,0.053,1,0,0
3,low,0.5,39,OLSR,1001,4,n8,n9,0.071,1,0,0
3,low,0.5,39,OLSR,1001,5,n9,n11,0.105,1,0,0
3,low,0.5,39,OLSR,1001,6,n11,n13,0.108,1,0,0
3,low,0.5,39,OLSR,1001,7,n13,n15,0.074,1,0,0
3,low,0.5,39,OLSR,1001,8,n15,S,0.101,1,0,0
3,low,0.5,39,DSR,1001,0,n1,n3,0.062,1,0,0
3,low,0.5,39,DSR,1001,1,n3,n5,2.242,1,1,1
3,low,0.5,39,DSR,1001,2,n5,n7,4.303,1,1,1
3,low,0.5,39,DSR,1001,3,n7,n8,0.053,1,0,0
3,low,0.5,39,DSR,1001,4,n8,n9,0.071,1,0,0
3,low,0.5,39,DSR,1001,5,n9,n11,0.105,1,0,0
3,low,0.5,39,DSR,1001,6,n11,n13,0.108,1,0,0
3,low,0.5,39,DSR,1001,7,n13,n15,0.074,1,0,0
3,low,0.5,39,DSR,1001,8,n15,S,0.101,1,0,0
3,low,0.5,39,DSDV,1001,0,n1,n3,0.062,1,0,0
3,low,0.5,39,DSDV,1001,1,n3,n5,2.242,1,1,1
3,low,0.5,39,DSDV,1001,2,n5,n7,4.303,1,1,1
3,low,0.5,39,DSDV,1001,3,n7,n8,0.053,1,0,0
3,low,0.5,39,DSDV,1001,4,n8,n9,0.071,1,0,0
3,low,0.5,39,DSDV,1001,5,n9,n11,0.105,1,0,0
3,low,0.5,39,DSDV,1001,6,n11,n13,0.108,1,0,0
3,low,0.5,39,DSDV,1001,7,n13,n15,0.074,1,0,0
3,low,0.5,39,DSDV,1001,8,n15,S,0.101,1,0,0
3,low,0.5,40,AODV,1001,0,n1,n3,0.112,1,0,0
3,low,0.5,40,AODV,1001,1,n3,n5,123.223,1,1,1
3,low,0.5,40,AODV,1001,2,n5,n7,4.042,1,1,1
3,low,0.5,40,AODV,1001,3,n7,n8,0.124,1,0,0
3,low,0.5,40,AODV,1001,4,n8,n9,0.158,1,0,0
3,low,0.5,40,AODV,1001,5,n9,n11,0.089,1,0,0
3,low,0.5,40,AODV,1001,6,n11,n13,0.084,1,0,0
3,low,0.5,40,AODV,1001,7,n13,n15,0.127,1,0,0
3,low,0.5,40,AODV,1001,8,n15,S,0.177,1,0,0
3,low,0.5,40,OLSR,1001,0,n1,n3,0.112,1,0,0
3,low,0.5,40,OLSR,1001,1,n3,n5,123.223,1,1,1
3,low,0.5,40,OLSR,1001,2,n5,n7,4.042,1,1,1
3,low,0.5,40,OLSR,1001,3,n7,n8,0.124,1,0,0
3,low,0.5,40,OLSR,1001,4,n8,n9,0.158,1,0,0
3,low,0.5,40,OLSR,1001,5,n9,n11,0.089,1,0,0
3,low,0.5,40,OLSR,1001,6,n11,n13,0.084,1,0,0
3,low,0.5,40,OLSR,1001,7,n13,n15,0.127,1,0,0
3,low,0.5,40,OLSR,1001,8,n15,S,0.177,1,0,0
3,low,0.5,40,DSR,1001,0,n1,n3,0.112,1,0,0
3,low,0.5,40,DSR,1001,1,n3,n5,123.223,1,1,1
3,low,0.5,40,DSR,1001,2,n5,n7,4.042,1,1,1
3,low,0.5,40,DSR,1001,3,n7,n8,0.124,1,0,0
3,low,0.5,40,DSR,1001,4,n8,n9,0.158,1,0,0
3,low,0.5,40,DSR,1001,5,n9,n11,0.089,1,0,0
3,low,0.5,40,DSR,1001,6,n11,n13,0.084,1,0,0
3,low,0.5,40,DSR,1001,7,n13,n15,0.127,1,0,0
3,low,0.5,40,DSR,1001,8,n15,S,0.177,1,0,0
3,low,0.5,40,DSDV,1001,0,n1,n3,0.112,1,0,0
3,low,0.5,40,DSDV,1001,1,n3,n5,123.223,1,1,1
3,low,0.5,40,DSDV,1001,2,n5,n7,4.042,1,1,1
3,low,0.5,40,DSDV,1001,3,n7,n8,0.124,1,0,0
3,low,0.5,40,DSDV,1001,4,n8,n9,0.158,1,0,0
3,low,0.5,40,DSDV,1001,5,n9,n11,0.089,1,0,0
3,low,0.5,40,DSDV,1001,6,n11,n13,0.084,1,0,0
3,low,0.5,40,DSDV,1001,7,n13,n15,0.127,1,0,0
3,low,0.5,40,DSDV,1001,8,n15,S,0.177,1,0,0
3,low,0.5,41,AODV,1001,0,n1,n3,0.075,1,0,0
3,low,0.5,41,AODV,1001,1,n3,n5,2.888,1,1,1
3,low,0.5,41,AODV,1001,2,n5,n7,63.783,1,1,1
3,low,0.5,41,AODV,1001,3,n7,n8,0.115,1,0,0
3,low,0.5,41,AODV,1001,4,n8,n9,0.127,1,0,0
3,low,0.5,41,AODV,1001,5,n9,n11,0.127,1,0,0
3,low,0.5,41,AODV,1001,6,n11,n13,0.089,1,0,0
3,low,0.5,41,AODV,1001,7,n13,n15,0.120,1,0,0
3,low,0.5,41,AODV,1001,8,n15,S,0.127,1,0,0
3,low,0.5,41,OLSR,1001,0,n1,n3,0.075,1,0,0
3,low,0.5,41,OLSR,1001,1,n3,n5,2.888,1,1,1
3,low,0.5,41,OLSR,1001,2,n5,n7,63.783,1,1,1
3,low,0.5,41,OLSR,1001,3,n7,n8,0.115,1,0,0
3,low,0.5,41,OLSR,1001,4,n8,n9,0.127,1,0,0
3,low,0.5,41,OLSR,1001,5,n9,n11,0.127,1,0,0
3,low,0.5,41,OLSR,1001,6,n11,n13,0.089,1,0,0
3,low,0.5,41,OLSR,1001,7,n13,n15,0.120,1,0,0
3,low,0.5,41,OLSR,1001,8,n15,S,0.127,1,0,0
3,low,0.5,41,DSR,1001,0,n1,n3,0.075,1,0,0
3,low,0.5,41,DSR,1001,1,n3,n5,2.888,1,1,1
3,low,0.5,41,DSR,1001,2,n5,n7,63.783,1,1,1
3,low,0.5,41,DSR,1001,3,n7,n8,0.115,1,0,0
3,low,0.5,41,DSR,1001,4,n8,n9,0.127,1,0,0
3,low,0.5,41,DSR,1001,5,n9,n11,0.127,1,0,0
3,low,0.5,41,DSR,1001,6,n11,n13,0.089,1,0,0
3,low,0.5,41,DSR,1001,7,n13,n15,0.120,1,0,0
3,low,0.5,41,DSR,1001,8,n15,S,0.127,1,0,0
3,low,0.5,41,DSDV,1001,0,n1,n3,0.075,1,0,0
3,low,0.5,41,DSDV,1001,1,n3,n5,2.888,1,1,1
3,low,0.5,41,DSDV,1001,2,n5,n7,63.783,1,1,1
3,low,0.5,41,DSDV,1001,3,n7,n8,0.115,1,0,0
3,low,0.5,41,DSDV,1001,4,n8,n9,0.127,1,0,0
3,low,0.5,41,DSDV,1001,5,n9,n11,0.127,1,0,0
3,low,0.5,41,DSDV,1001,6,n11,n13,0.089,1,0,0
3,low,0.5,41,DSDV,1001,7,n13,n15,0.120,1,0,0
3,low,0.5,41,DSDV,1001,8,n15,S,0.127,1,0,0
3,low,0.5,42,AODV,1001,0,n1,n3,0.125,1,0,0
3,low,0.5,42,AODV,1001,1,n3,n5,2.096,1,1,1
3,low,0.5,42,AODV,1001,2,n5,n7,3.415,1,1,1
3,low,0.5,42,AODV,1001,3,n7,n8,0.158,1,0,0
3,low,0.5,42,AODV,1001,4,n8,n9,0.124,1,0,0
3,low,0.5,42,AODV,1001,5,n9,n11,0.154,1,0,0
3,low,0.5,42,AODV,1001,6,n11,n13,0.115,1,0,0
3,low,0.5,42,AODV,1001,7,n13,n15,0.121,1,0,0
3,low,0.5,42,AODV,1001,8,n15,S,0.095,1,0,0
3,low,0.5,42,OLSR,1001,0,n1,n3,0.125,1,0,0
3,low,0.5,42,OLSR,1001,1,n3,n5,2.096,1,1,1
3,low,0.5,42,OLSR,1001,2,n5,n7,3.415,1,1,1
3,low,0.5,42,OLSR,1001,3,n7,n8,0.158,1,0,0
3,low,0.5,42,OLSR,1001,4,n8,n9,0.124,1,0,0
3,low,0.5,42,OLSR,1001,5,n9,n11,0.154,1,0,0
3,low,0.5,42,OLSR,1001,6,n11,n13,0.115,1,0,0
3,low,0.5,42,OLSR,1001,7,n13,n15,0.121,1,0,0
3,low,0.5,42,OLSR,1001,8,n15,S,0.095,1,0,0
3,low,0.5,42,DSR,1001,0,n1,n3,0.125,1,0,0
3,low,0.5,42,DSR,1001,1,n3,n5,2.096,1,1,1
3,low,0.5,42,DSR,1001,2,n5,n7,3.415,1,1,1
3,low,0.5,42,DSR,1001,3,n7,n8,0.158,1,0,0
3,low,0.5,42,DSR,1001,4,n8,n9,0.124,1,0,0
3,low,0.5,42,DSR,1001,5,n9,n11,0.154,1,0,0
3,low,0.5,42,DSR,1001,6,n11,n13,0.115,1,0,0
3,low,0.5,42,DSR,1001,7,n13,n15,0.121,1,0,0
3,low,0.5,42,DSR,1001,8,n15,S,0.095,1,0,0
3,low,0.5,42,DSDV,1001,0,n1,n3,0.125,1,0,0
3,low,0.5,42,DSDV,1001,1,n3,n5,2.096,1,1,1
3,low,0.5,42,DSDV,1001,2,n5,n7,3.415,1,1,1
3,low,0.5,42,DSDV,1001,3,n7,n8,0.158,1,0,0
3,low,0.5,42,DSDV,1001,4,n8,n9,0.124,1,0,0
3,low,0.5,42,DSDV,1001,5,n9,n11,0.154,1,0,0
3,low,0.5,42,DSDV,1001,6,n11,n13,0.115,1,0,0
3,low,0.5,42,DSDV,1001,7,n13,n15,0.121,1,0,0
3,low,0.5,42,DSDV,1001,8,n15,S,0.095,1,0,0
3,low,0.5,43,AODV,1001,0,n1,n3,0.111,1,0,0
3,low,0.5,43,AODV,1001,1,n3,n5,3.223,1,1,1
3,low,0.5,43,AODV,1001,2,n5,n7,4.042,1,1,1
3,low,0.5,43,AODV,1001,3,n7,n8,0.127,1,0,0
3,low,0.5,43,AODV,1001,4,n8,n9,0.154,1,0,0
3,low,0.5,43,AODV,1001,5,n9,n11,0.124,1,0,0
3,low,0.5,43,AODV,1001,6,n11,n13,0.114,1,0,0
3,low,0.5,43,AODV,1001,7,n13,n15,0.165,1,0,0
3,low,0.5,43,AODV,1001,8,n15,S,0.173,1,0,0
3,low,0.5,43,OLSR,1001,0,n1,n3,0.111,1,0,0
3,low,0.5,43,OLSR,1001,1,n3,n5,3.223,1,1,1
3,low,0.5,43,OLSR,1001,2,n5,n7,4.042,1,1,1
3,low,0.5,43,OLSR,1001,3,n7,n8,0.127,1,0,0
3,low,0.5,43,OLSR,1001,4,n8,n9,0.154,1,0,0
3,low,0.5,43,OLSR,1001,5,n9,n11,0.124,1,0,0
3,low,0.5,43,OLSR,1001,6,n11,n13,0.114,1,0,0
3,low,0.5,43,OLSR,1001,7,n13,n15,0.165,1,0,0
3,low,0.5,43,OLSR,1001,8,n15,S,0.173,1,0,0
3,low,0.5,43,DSR,1001,0,n1,n3,0.111,1,0,0
3,low,0.5,43,DSR,1001,1,n3,n5,3.223,1,1,1
3,low,0.5,43,DSR,1001,2,n5,n7,4.042,1,1,1
3,low,0.5,43,DSR,1001,3,n7,n8,0.127,1,0,0
3,low,0.5,43,DSR,1001,4,n8,n9,0.154,1,0,0
3,low,0.5,43,DSR,1001,5,n9,n11,0.124,1,0,0
3,low,0.5,43,DSR,1001,6,n11,n13,0.114,1,0,0
3,low,0.5,43,DSR,1001,7,n13,n15,0.165,1,0,0
3,low,0.5,43,DSR,1001,8,n15,S,0.173,1,0,0
3,low,0.5,43,DSDV,1001,0,n1,n3,0.111,1,0,0
3,low,0.5,43,DSDV,1001,1,n3,n5,3.223,1,1,1
3,low,0.5,43,DSDV,1001,2,n5,n7,4.042,1,1,1
3,low,0.5,43,DSDV,1001,3,n7,n8,0.127,1,0,0
3,low,0.5,43,DSDV,1001,4,n8,n9,0.154,1,0,0
3,low,0.5,43,DSDV,1001,5,n9,n11,0.124,1,0,0
3,low,0.5,43,DSDV,1001,6,n11,n13,0.114,1,0,0
3,low,0.5,43,DSDV,1001,7,n13,n15,0.165,1,0,0
3,low,0.5,43,DSDV,1001,8,n15,S,0.173,1,0,0
3,low,0.5,44,AODV,1001,0,n1,n3,0.115,1,0,0
3,low,0.5,44,AODV,1001,1,n3,n5,64.042,1,1,1
3,low,0.5,44,AODV,1001,2,n5,n7,122.888,1,1,1
3,low,0.5,44,AODV,1001,3,n7,n8,0.112,1,0,0
3,low,0.5,44,AODV,1001,4,n8,n9,0.152,1,0,0
3,low,0.5,44,AODV,1001,5,n9,n11,0.152,1,0,0
3,low,0.5,44,AODV,1001,6,n11,n13,0.100,1,0,0
3,low,0.5,44,AODV,1001,7,n13,n15,0.092,1,0,0
3,low,0.5,44,AODV,1001,8,n15,S,0.082,1,0,0
3,low,0.5,44,OLSR,1001,0,n1,n3,0.115,1,0,0
3,low,0.5,44,OLSR,1001,1,n3,n5,64.042,1,1,1
3,low,0.5,44,OLSR,1001,2,n5,n7,122.888,1,1,1
3,low,0.5,44,OLSR,1001,3,n7,n8,0.112,1,0,0
3,low,0.5,44,OLSR,1001,4,n8,n9,0.152,1,0,0
3,low,0.5,44,OLSR,1001,5,n9,n11,0.152,1,0,0
3,low,0.5,44,OLSR,1001,6,n11,n13,0.100,1,0,0
3,low,0.5,44,OLSR,1001,7,n13,n15,0.092,1,0,0
3,low,0.5,44,OLSR,1001,8,n15,S,0.082,1,0,0
3,low,0.5,44,DSR,1001,0,n1,n3,0.115,1,0,0
3,low,0.5,44,DSR,1001,1,n3,n5,64.042,1,1,1
3,low,0.5,44,DSR,1001,2,n5,n7,122.888,1,1,1
3,low,0.5,44,DSR,1001,3,n7,n8,0.112,1,0,0
3,low,0.5,44,DSR,1001,4,n8,n9,0.152,1,0,0
3,low,0.5,44,DSR,1001,5,n9,n11,0.152,1,0,0
3,low,0.5,44,DSR,1001,6,n11,n13,0.100,1,0,0
3,low,0.5,44,DSR,1001,7,n13,n15,0.092,1,0,0
3,low,0.5,44,DSR,1001,8,n15,S,0.082,1,0,0
3,low,0.5,44,DSDV,1001,0,n1,n3,0.115,1,0,0
3,low,0.5,44,DSDV,1001,1,n3,n5,64.042,1,1,1
3,low,0.5,44,DSDV,1001,2,n5,n7,122.888,1,1,1
3,low,0.5,44,DSDV,1001,3,n7,n8,0.112,1,0,0
3,low,0.5,44,DSDV,1001,4,n8,n9,0.152,1,0,0
3,low,0.5,44,DSDV,1001,5,n9,n11,0.152,1,0,0
3,low,0.5,44,DSDV,1001,6,n11,n13,0.100,1,0,0
3,low,0.5,44,DSDV,1001,7,n13,n15,0.092,1,0,0
3,low,0.5,44,DSDV,1001,8,n15,S,0.082,1,0,0
3,low,1.0,37,AODV,1001,0,n1,n3,0.142,1,0,0
3,low,1.0,37,AODV,1001,1,n3,n5,63.610,1,1,1
3,low,1.0,37,AODV,1001,2,n5,n7,3.942,1,1,1
3,low,1.0,37,AODV,1001,3,n7,n8,0.128,1,0,0
3,low,1.0,37,AODV,1001,4,n8,n9,0.105,1,0,0
3,low,1.0,37,AODV,1001,5,n9,n11,0.105,1,0,0
3,low,1.0,37,AODV,1001,6,n11,n13,0.149,1,0,0
3,low,1.0,37,AODV,1001,7,n13,n15,0.163,1,0,0
3,low,1.0,37,AODV,1001,8,n15,S,0.065,1,0,0
3,low,1.0,37,OLSR,1001,0,n1,n3,0.142,1,0,0
3,low,1.0,37,OLSR,1001,1,n3,n5,63.610,1,1,1
3,low,1.0,37,OLSR,1001,2,n5,n7,3.942,1,1,1
3,low,1.0,37,OLSR,1001,3,n7,n8,0.128,1,0,0
3,low,1.0,37,OLSR,1001,4,n8,n9,0.105,1,0,0
3,low,1.0,37,OLSR,1001,5,n9,n11,0.105,1,0,0
3,low,1.0,37,OLSR,1001,6,n11,n13,0.149,1,0,0
3,low,1.0,37,OLSR,1001,7,n13,n15,0.163,1,0,0
3,low,1.0,37,OLSR,1001,8,n15,S,0.065,1,0,0
3,low,1.0,37,DSR,1001,0,n1,n3,0.142,1,0,0
3,low,1.0,37,DSR,1001,1,n3,n5,63.610,1,1,1
3,low,1.0,37,DSR,1001,2,n5,n7,3.942,1,1,1
3,low,1.0,37,DSR,1001,3,n7,n8,0.128,1,0,0
3,low,1.0,37,DSR,1001,4,n8,n9,0.105,1,0,0
3,low,1.0,37,DSR,1001,5,n9,n11,0.105,1,0,0
3,low,1.0,37,DSR,1001,6,n11,n13,0.149,1,0,0
3,low,1.0,37,DSR,1001,7,n13,n15,0.163,1,0,0
3,low,1.0,37,DSR,1001,8,n15,S,0.065,1,0,0
3,low,1.0,37,DSDV,1001,0,n1,n3,0.142,1,0,0
3,low,1.0,37,DSDV,1001,1,n3,n5,63.610,1,1,1
3,low,1.0,37,DSDV,1001,2,n5,n7,3.942,1,1,1
3,low,1.0,37,DSDV,1001,3,n7,n8,0.128,1,0,0
3,low,1.0,37,DSDV,1001,4,n8,n9,0.105,1,0,0
3,low,1.0,37,DSDV,1001,5,n9,n11,0.105,1,0,0
3,low,1.0,37,DSDV,1001,6,n11,n13,0.149,1,0,0
3,low,1.0,37,DSDV,1001,7,n13,n15,0.163,1,0,0
3,low,1.0,37,DSDV,1001,8,n15,S,0.065,1,0,0
3,low,1.0,38,AODV,1001,0,n1,n3,0.176,1,0,0
3,low,1.0,38,AODV,1001,1,n3,n5,3.093,1,1,1
3,low,1.0,38,AODV,1001,2,n5,n7,4.132,1,1,1
3,low,1.0,38,AODV,1001,3,n7,n8,0.122,1,0,0
3,low,1.0,38,AODV,1001,4,n8,n9,0.105,1,0,0
3,low,1.0,38,AODV,1001,5,n9,n11,0.071,1,0,0
3,low,1.0,38,AODV,1001,6,n11,n13,0.128,1,0,0
3,low,1.0,38,AODV,1001,7,n13,n15,0.123,1,0,0
3,low,1.0,38,AODV,1001,8,n15,S,0.178,1,0,0
3,low,1.0,38,OLSR,1001,0,n1,n3,0.176,1,0,0
3,low,1.0,38,OLSR,1001,1,n3,n5,3.093,1,1,1
3,low,1.0,38,OLSR,1001,2,n5,n7,4.132,1,1,1
3,low,1.0,38,OLSR,1001,3,n7,n8,0.122,1,0,0
3,low,1.0,38,OLSR,1001,4,n8,n9,0.105,1,0,0
3,low,1.0,38,OLSR,1001,5,n9,n11,0.071,1,0,0
3,low,1.0,38,OLSR,1001,6,n11,n13,0.128,1,0,0
3,low,1.0,38,OLSR,1001,7,n13,n15,0.123,1,0,0
3,low,1.0,38,OLSR,1001,8,n15,S,0.178,1,0,0
3,low,1.0,38,DSR,1001,0,n1,n3,0.176,1,0,0
3,low,1.0,38,DSR,1001,1,n3,n5,3.093,1,1,1
3,low,1.0,38,DSR,1001,2,n5,n7,4.132,1,1,1
3,low,1.0,38,DSR,1001,3,n7,n8,0.122,1,0,0
3,low,1.0,38,DSR,1001,4,n8,n9,0.105,1,0,0
3,low,1.0,38,DSR,1001,5,n9,n11,0.071,1,0,0
3,low,1.0,38,DSR,1001,6,n11,n13,0.128,1,0,0
3,low,1.0,38,DSR,1001,7,n13,n15,0.123,1,0,0
3,low,1.0,38,DSR,1001,8,n15,S,0.178,1,0,0
3,low,1.0,38,DSDV,1001,0,n1,n3,0.176,1,0,0
3,low,1.0,38,DSDV,1001,1,n3,n5,3.093,1,1,1
3,low,1.0,38,DSDV,1001,2,n5,n7,4.132,1,1,1
3,low,1.0,38,DSDV,1001,3,n7,n8,0.122,1,0,0
3,low,1.0,38,DSDV,1001,4,n8,n9,0.105,1,0,0
3,low,1.0,38,DSDV,1001,5,n9,n11,0.071,1,0,0
3,low,1.0,38,DSDV,1001,6,n11,n13,0.128,1,0,0
3,low,1.0,38,DSDV,1001,7,n13,n15,0.123,1,0,0
3,low,1.0,38,DSDV,1001,8,n15,S,0.178,1,0,0
3,low,1.0,39,AODV,1001,0,n1,n3,0.062,1,0,0
3,low,1.0,39,AODV,1001,1,n3,n5,2.242,1,1,1
3,low,1.0,39,AODV,1001,2,n5,n7,4.303,1,1,1
3,low,1.0,39,AODV,1001,3,n7,n8,0.053,1,0,0
3,low,1.0,39,AODV,1001,4,n8,n9,0.071,1,0,0
3,low,1.0,39,AODV,1001,5,n9,n11,0.105,1,0,0
3,low,1.0,39,AODV,1001,6,n11,n13,0.108,1,0,0
3,low,1.0,39,AODV,1001,7,n13,n15,0.074,1,0,0
3,low,1.0,39,AODV,1001,8,n15,S,0.101,1,0,0
3,low,1.0,39,OLSR,1001,0,n1,n3,0.062,1,0,0
3,low,1.0,39,OLSR,1001,1,n3,n5,2.242,1,1,1
3,low,1.0,39,OLSR,1001,2,n5,n7,4.303,1,1,1
3,low,1.0,39,OLSR,1001,3,n7,n8,0.053,1,0,0
3,low,1.0,39,OLSR,1001,4,n8,n9,0.071,1,0,0
3,low,1.0,39,OLSR,1001,5,n9,n11,0.105,1,0,0
3,low,1.0,39,OLSR,1001,6,n11,n13,0.108,1,0,0
3,low,1.0,39,OLSR,1001,7,n13,n15,0.074,1,0,0
3,low,1.0,39,OLSR,1001,8,n15,S,0.101,1,0,0
3,low,1.0,39,DSR,1001,0,n1,n3,0.062,1,0,0
3,low,1.0,39,DSR,1001,1,n3,n5,2.242,1,1,1
3,low,1.0,39,DSR,1001,2,n5,n7,4.303,1,1,1
3,low,1.0,39,DSR,1001,3,n7,n8,0.053,1,0,0
3,low,1.0,39,DSR,1001,4,n8,n9,0.071,1,0,0
3,low,1.0,39,DSR,1001,5,n9,n11,0.105,1,0,0
3,low,1.0,39,DSR,1001,6,n11,n13,0.108,1,0,0
3,low,1.0,39,DSR,1001,7,n13,n15,0.074,1,0,0
3,low,1.0,39,DSR,1001,8,n15,S,0.101,1,0,0
3,low,1.0,39,DSDV,1001,0,n1,n3,0.062,1,0,0
3,low,1.0,39,DSDV,1001,1,n3,n5,2.242,1,1,1
3,low,1.0,39,DSDV,1001,2,n5,n7,4.303,1,1,1
3,low,1.0,39,DSDV,1001,3,n7,n8,0.053,1,0,0
3,low,1.0,39,DSDV,1001,4,n8,n9,0.071,1,0,0
3,low,1.0,39,DSDV,1001,5,n9,n11,0.105,1,0,0
3,low,1.0,39,DSDV,1001,6,n11,n13,0.108,1,0,0
3,low,1.0,39,DSDV,1001,7,n13,n15,0.074,1,0,0
3,low,1.0,39,DSDV,1001,8,n15,S,0.101,1,0,0
3,low,1.0,40,AODV,1001,0,n1,n3,0.112,1,0,0
3,low,1.0,40,AODV,1001,1,n3,n5,123.223,1,1,1
3,low,1.0,40,AODV,1001,2,n5,n7,4.042,1,1,1
3,low,1.0,40,AODV,1001,3,n7,n8,0.124,1,0,0
3,low,1.0,40,AODV,1001,4,n8,n9,0.158,1,0,0
3,low,1.0,40,AODV,1001,5,n9,n11,0.089,1,0,0
3,low,1.0,40,AODV,1001,6,n11,n13,0.084,1,0,0
3,low,1.0,40,AODV,1001,7,n13,n15,0.127,1,0,0
3,low,1.0,40,AODV,1001,8,n15,S,0.177,1,0,0
3,low,1.0,40,OLSR,1001,0,n1,n3,0.112,1,0,0
3,low,1.0,40,OLSR,1001,1,n3,n5,123.223,1,1,1
3,low,1.0,40,OLSR,1001,2,n5,n7,4.042,1,1,1
3,low,1.0,40,OLSR,1001,3,n7,n8,0.124,1,0,0
3,low,1.0,40,OLSR,1001,4,n8,n9,0.158,1,0,0
3,low,1.0,40,OLSR,1001,5,n9,n11,0.089,1,0,0
3,low,1.0,40,OLSR,1001,6,n11,n13,0.084,1,0,0
3,low,1.0,40,OLSR,1001,7,n13,n15,0.127,1,0,0
3,low,1.0,40,OLSR,1001,8,n15,S,0.177,1,0,0
3,low,1.0,40,DSR,1001,0,n1,n3,0.112,1,0,0
3,low,1.0,40,DSR,1001,1,n3,n5,123.223,1,1,1
3,low,1.0,40,DSR,1001,2,n5,n7,4.042,1,1,1
3,low,1.0,40,DSR,1001,3,n7,n8,0.124,1,0,0
3,low,1.0,40,DSR,1001,4,n8,n9,0.158,1,0,0
3,low,1.0,40,DSR,1001,5,n9,n11,0.089,1,0,0
3,low,1.0,40,DSR,1001,6,n11,n13,0.084,1,0,0
3,low,1.0,40,DSR,1001,7,n13,n15,0.127,1,0,0
3,low,1.0,40,DSR,1001,8,n15,S,0.177,1,0,0
3,low,1.0,40,DSDV,1001,0,n1,n3,0.112,1,0,0
3,low,1.0,40,DSDV,1001,1,n3,n5,123.223,1,1,1
3,low,1.0,40,DSDV,1001,2,n5,n7,4.042,1,1,1
3,low,1.0,40,DSDV,1001,3,n7,n8,0.124,1,0,0
3,low,1.0,40,DSDV,1001,4,n8,n9,0.158,1,0,0
3,low,1.0,40,DSDV,1001,5,n9,n11,0.089,1,0,0
3,low,1.0,40,DSDV,1001,6,n11,n13,0.084,1,0,0
3,low,1.0,40,DSDV,1001,7,n13,n15,0.127,1,0,0
3,low,1.0,40,DSDV,1001,8,n15,S,0.177,1,0,0
3,low,1.0,41,AODV,1001,0,n1,n3,0.075,1,0,0
3,low,1.0,41,AODV,1001,1,n3,n5,2.888,1,1,1
3,low,1.0,41,AODV,1001,2,n5,n7,63.783,1,1,1
3,low,1.0,41,AODV,1001,3,n7,n8,0.115,1,0,0
3,low,1.0,41,AODV,1001,4,n8,n9,0.127,1,0,0
3,low,1.0,41,AODV,1001,5,n9,n11,0.127,1,0,0
3,low,1.0,41,AODV,1001,6,n11,n13,0.089,1,0,0
3,low,1.0,41,AODV,1001,7,n13,n15,0.120,1,0,0
3,low,1.0,41,AODV,1001,8,n15,S,0.127,1,0,0
3,low,1.0,41,OLSR,1001,0,n1,n3,0.075,1,0,0
3,low,1.0,41,OLSR,1001,1,n3,n5,2.888,1,1,1
3,low,1.0,41,OLSR,1001,2,n5,n7,63.783,1,1,1
3,low,1.0,41,OLSR,1001,3,n7,n8,0.115,1,0,0
3,low,1.0,41,OLSR,1001,4,n8,n9,0.127,1,0,0
3,low,1.0,41,OLSR,1001,5,n9,n11,0.127,1,0,0
3,low,1.0,41,OLSR,1001,6,n11,n13,0.089,1,0,0
3,low,1.0,41,OLSR,1001,7,n13,n15,0.120,1,0,0
3,low,1.0,41,OLSR,1001,8,n15,S,0.127,1,0,0
3,low,1.0,41,DSR,1001,0,n1,n3,0.075,1,0,0
3,low,1.0,41,DSR,1001,1,n3,n5,2.888,1,1,1
3,low,1.0,41,DSR,1001,2,n5,n7,63.783,1,1,1
3,low,1.0,41,DSR,1001,3,n7,n8,0.115,1,0,0
3,low,1.0,41,DSR,1001,4,n8,n9,0.127,1,0,0
3,low,1.0,41,DSR,1001,5,n9,n11,0.127,1,0,0
3,low,1.0,41,DSR,1001,6,n11,n13,0.089,1,0,0
3,low,1.0,41,DSR,1001,7,n13,n15,0.120,1,0,0
3,low,1.0,41,DSR,1001,8,n15,S,0.127,1,0,0
3,low,1.0,41,DSDV,1001,0,n1,n3,0.075,1,0,0
3,low,1.0,41,DSDV,1001,1,n3,n5,2.888,1,1,1
3,low,1.0,41,DSDV,1001,2,n5,n7,63.783,1,1,1
3,low,1.0,41,DSDV,1001,3,n7,n8,0.115,1,0,0
3,low,1.0,41,DSDV,1001,4,n8,n9,0.127,1,0,0
3,low,1.0,41,DSDV,1001,5,n9,n11,0.127,1,0,0
3,low,1.0,41,DSDV,1001,6,n11,n13,0.089,1,0,0
3,low,1.0,41,DSDV,1001,7,n13,n15,0.120,1,0,0
3,low,1.0,41,DSDV,1001,8,n15,S,0.127,1,0,0
3,low,1.0,42,AODV,1001,0,n1,n3,0.125,1,0,0
3,low,1.0,42,AODV,1001,1,n3,n5,2.096,1,1,1
3,low,1.0,42,AODV,1001,2,n5,n7,3.415,1,1,1
3,low,1.0,42,AODV,1001,3,n7,n8,0.158,1,0,0
3,low,1.0,42,AODV,1001,4,n8,n9,0.124,1,0,0
3,low,1.0,42,AODV,1001,5,n9,n11,0.154,1,0,0
3,low,1.0,42,AODV,1001,6,n11,n13,0.115,1,0,0
3,low,1.0,42,AODV,1001,7,n13,n15,0.121,1,0,0
3,low,1.0,42,AODV,1001,8,n15,S,0.095,1,0,0
3,low,1.0,42,OLSR,1001,0,n1,n3,0.125,1,0,0
3,low,1.0,42,OLSR,1001,1,n3,n5,2.096,1,1,1
3,low,1.0,42,OLSR,1001,2,n5,n7,3.415,1,1,1
3,low,1.0,42,OLSR,1001,3,n7,n8,0.158,1,0,0
3,low,1.0,42,OLSR,1001,4,n8,n9,0.124,1,0,0
3,low,1.0,42,OLSR,1001,5,n9,n11,0.154,1,0,0
3,low,1.0,42,OLSR,1001,6,n11,n13,0.115,1,0,0
3,low,1.0,42,OLSR,1001,7,n13,n15,0.121,1,0,0
3,low,1.0,42,OLSR,1001,8,n15,S,0.095,1,0,0
3,low,1.0,42,DSR,1001,0,n1,n3,0.125,1,0,0
3,low,1.0,42,DSR,1001,1,n3,n5,2.096,1,1,1
3,low,1.0,42,DSR,1001,2,n5,n7,3.415,1,1,1
3,low,1.0,42,DSR,1001,3,n7,n8,0.158,1,0,0
3,low,1.0,42,DSR,1001,4,n8,n9,0.124,1,0,0
3,low,1.0,42,DSR,1001,5,n9,n11,0.154,1,0,0
3,low,1.0,42,DSR,1001,6,n11,n13,0.115,1,0,0
3,low,1.0,42,DSR,1001,7,n13,n15,0.121,1,0,0
3,low,1.0,42,DSR,1001,8,n15,S,0.095,1,0,0
3,low,1.0,42,DSDV,1001,0,n1,n3,0.125,1,0,0
3,low,1.0,42,DSDV,1001,1,n3,n5,2.096,1,1,1
3,low,1.0,42,DSDV,1001,2,n5,n7,3.415,1,1,1
3,low,1.0,42,DSDV,1001,3,n7,n8,0.158,1,0,0
3,low,1.0,42,DSDV,1001,4,n8,n9,0.124,1,0,0
3,low,1.0,42,DSDV,1001,5,n9,n11,0.154,1,0,0
3,low,1.0,42,DSDV,1001,6,n11,n13,0.115,1,0,0
3,low,1.0,42,DSDV,1001,7,n13,n15,0.121,1,0,0
3,low,1.0,42,DSDV,1001,8,n15,S,0.095,1,0,0
3,low,1.0,43,AODV,1001,0,n1,n3,0.111,1,0,0
3,low,1.0,43,AODV,1001,1,n3,n5,3.223,1,1,1
3,low,1.0,43,AODV,1001,2,n5,n7,4.042,1,1,1
3,low,1.0,43,AODV,1001,3,n7,n8,0.127,1,0,0
3,low,1.0,43,AODV,1001,4,n8,n9,0.154,1,0,0
3,low,1.0,43,AODV,1001,5,n9,n11,0.124,1,0,0
3,low,1.0,43,AODV,1001,6,n11,n13,0.114,1,0,0
3,low,1.0,43,AODV,1001,7,n13,n15,0.165,1,0,0
3,low,1.0,43,AODV,1001,8,n15,S,0.173,1,0,0
3,low,1.0,43,OLSR,1001,0,n1,n3,0.111,1,0,0
3,low,1.0,43,OLSR,1001,1,n3,n5,3.223,1,1,1
3,low,1.0,43,OLSR,1001,2,n5,n7,4.042,1,1,1
3,low,1.0,43,OLSR,1001,3,n7,n8,0.127,1,0,0
3,low,1.0,43,OLSR,1001,4,n8,n9,0.154,1,0,0
3,low,1.0,43,OLSR,1001,5,n9,n11,0.124,1,0,0
3,low,1.0,43,OLSR,1001,6,n11,n13,0.114,1,0,0
3,low,1.0,43,OLSR,1001,7,n13,n15,0.165,1,0,0
3,low,1.0,43,OLSR,1001,8,n15,S,0.173,1,0,0
3,low,1.0,43,DSR,1001,0,n1,n3,0.111,1,0,0
3,low,1.0,43,DSR,1001,1,n3,n5,3.223,1,1,1
3,low,1.0,43,DSR,1001,2,n5,n7,4.042,1,1,1
3,low,1.0,43,DSR,1001,3,n7,n8,0.127,1,0,0
3,low,1.0,43,DSR,1001,4,n8,n9,0.154,1,0,0
3,low,1.0,43,DSR,1001,5,n9,n11,0.124,1,0,0
3,low,1.0,43,DSR,1001,6,n11,n13,0.114,1,0,0
3,low,1.0,43,DSR,1001,7,n13,n15,0.165,1,0,0
3,low,1.0,43,DSR,1001,8,n15,S,0.173,1,0,0
3,low,1.0,43,DSDV,1001,0,n1,n3,0.111,1,0,0
3,low,1.0,43,DSDV,1001,1,n3,n5,3.223,1,1,1
3,low,1.0,43,DSDV,1001,2,n5,n7,4.042,1,1,1
3,low,1.0,43,DSDV,1001,3,n7,n8,0.127,1,0,0
3,low,1.0,43,DSDV,1001,4,n8,n9,0.154,1,0,0
3,low,1.0,43,DSDV,1001,5,n9,n11,0.124,1,0,0
3,low,1.0,43,DSDV,1001,6,n11,n13,0.114,1,0,0
3,low,1.0,43,DSDV,1001,7,n13,n15,0.165,1,0,0
3,low,1.0,43,DSDV,1001,8,n15,S,0.173,1,0,0
3,low,1.0,44,AODV,1001,0,n1,n3,0.115,1,0,0
3,low,1.0,44,AODV,1001,1,n3,n5,64.042,1,1,1
3,low,1.0,44,AODV,1001,2,n5,n7,122.888,1,1,1
3,low,1.0,44,AODV,1001,3,n7,n8,0.112,1,0,0
3,low,1.0,44,AODV,1001,4,n8,n9,0.152,1,0,0
3,low,1.0,44,AODV,1001,5,n9,n11,0.152,1,0,0
3,low,1.0,44,AODV,1001,6,n11,n13,0.100,1,0,0
3,low,1.0,44,AODV,1001,7,n13,n15,0.092,1,0,0
3,low,1.0,44,AODV,1001,8,n15,S,0.082,1,0,0
3,low,1.0,44,OLSR,1001,0,n1,n3,0.115,1,0,0
3,low,1.0,44,OLSR,1001,1,n3,n5,64.042,1,1,1
3,low,1.0,44,OLSR,1001,2,n5,n7,122.888,1,1,1
3,low,1.0,44,OLSR,1001,3,n7,n8,0.112,1,0,0
3,low,1.0,44,OLSR,1001,4,n8,n9,0.152,1,0,0
3,low,1.0,44,OLSR,1001,5,n9,n11,0.152,1,0,0
3,low,1.0,44,OLSR,1001,6,n11,n13,0.100,1,0,0
3,low,1.0,44,OLSR,1001,7,n13,n15,0.092,1,0,0
3,low,1.0,44,OLSR,1001,8,n15,S,0.082,1,0,0
3,low,1.0,44,DSR,1001,0,n1,n3,0.115,1,0,0
3,low,1.0,44,DSR,1001,1,n3,n5,64.042,1,1,1
3,low,1.0,44,DSR,1001,2,n5,n7,122.888,1,1,1
3,low,1.0,44,DSR,1001,3,n7,n8,0.112,1,0,0
3,low,1.0,44,DSR,1001,4,n8,n9,0.152,1,0,0
3,low,1.0,44,DSR,1001,5,n9,n11,0.152,1,0,0
3,low,1.0,44,DSR,1001,6,n11,n13,0.100,1,0,0
3,low,1.0,44,DSR,1001,7,n13,n15,0.092,1,0,0
3,low,1.0,44,DSR,1001,8,n15,S,0.082,1,0,0
3,low,1.0,44,DSDV,1001,0,n1,n3,0.115,1,0,0
3,low,1.0,44,DSDV,1001,1,n3,n5,64.042,1,1,1
3,low,1.0,44,DSDV,1001,2,n5,n7,122.888,1,1,1
3,low,1.0,44,DSDV,1001,3,n7,n8,0.112,1,0,0
3,low,1.0,44,DSDV,1001,4,n8,n9,0.152,1,0,0
3,low,1.0,44,DSDV,1001,5,n9,n11,0.152,1,0,0
3,low,1.0,44,DSDV,1001,6,n11,n13,0.100,1,0,0
3,low,1.0,44,DSDV,1001,7,n13,n15,0.092,1,0,0
3,low,1.0,44,DSDV,1001,8,n15,S,0.082,1,0,0
3,low,1.5,37,AODV,1001,0,n1,n3,0.142,1,0,0
3,low,1.5,37,AODV,1001,1,n3,n5,63.610,1,1,1
3,low,1.5,37,AODV,1001,2,n5,n7,3.942,1,1,1
3,low,1.5,37,AODV,1001,3,n7,n8,0.128,1,0,0
3,low,1.5,37,AODV,1001,4,n8,n9,0.105,1,0,0
3,low,1.5,37,AODV,1001,5,n9,n11,0.105,1,0,0
3,low,1.5,37,AODV,1001,6,n11,n13,0.149,1,0,0
3,low,1.5,37,AODV,1001,7,n13,n15,0.163,1,0,0
3,low,1.5,37,AODV,1001,8,n15,S,0.065,1,0,0
3,low,1.5,37,OLSR,1001,0,n1,n3,0.142,1,0,0
3,low,1.5,37,OLSR,1001,1,n3,n5,63.610,1,1,1
3,low,1.5,37,OLSR,1001,2,n5,n7,3.942,1,1,1
3,low,1.5,37,OLSR,1001,3,n7,n8,0.128,1,0,0
3,low,1.5,37,OLSR,1001,4,n8,n9,0.105,1,0,0
3,low,1.5,37,OLSR,1001,5,n9,n11,0.105,1,0,0
3,low,1.5,37,OLSR,1001,6,n11,n13,0.149,1,0,0
3,low,1.5,37,OLSR,1001,7,n13,n15,0.163,1,0,0
3,low,1.5,37,OLSR,1001,8,n15,S,0.065,1,0,0
3,low,1.5,37,DSR,1001,0,n1,n3,0.142,1,0,0
3,low,1.5,37,DSR,1001,1,n3,n5,63.610,1,1,1
3,low,1.5,37,DSR,1001,2,n5,n7,3.942,1,1,1
3,low,1.5,37,DSR,1001,3,n7,n8,0.128,1,0,0
3,low,1.5,37,DSR,1001,4,n8,n9,0.105,1,0,0
3,low,1.5,37,DSR,1001,5,n9,n11,0.105,1,0,0
3,low,1.5,37,DSR,1001,6,n11,n13,0.149,1,0,0
3,low,1.5,37,DSR,1001,7,n13,n15,0.163,1,0,0
3,low,1.5,37,DSR,1001,8,n15,S,0.065,1,0,0
3,low,1.5,37,DSDV,1001,0,n1,n3,0.142,1,0,0
3,low,1.5,37,DSDV,1001,1,n3,n5,63.610,1,1,1
3,low,1.5,37,DSDV,1001,2,n5,n7,3.942,1,1,1
3,low,1.5,37,DSDV,1001,3,n7,n8,0.128,1,0,0
3,low,1.5,37,DSDV,1001,4,n8,n9,0.105,1,0,0
3,low,1.5,37,DSDV,1001,5,n9,n11,0.105,1,0,0
3,low,1.5,37,DSDV,1001,6,n11,n13,0.149,1,0,0
3,low,1.5,37,DSDV,1001,7,n13,n15,0.163,1,0,0
3,low,1.5,37,DSDV,1001,8,n15,S,0.065,1,0,0
3,low,1.5,38,AODV,1001,0,n1,n3,0.176,1,0,0
3,low,1.5,38,AODV,1001,1,n3,n5,3.093,1,1,1
3,low,1.5,38,AODV,1001,2,n5,n7,4.132,1,1,1
3,low,1.5,38,AODV,1001,3,n7,n8,0.122,1,0,0
3,low,1.5,38,AODV,1001,4,n8,n9,0.105,1,0,0
3,low,1.5,38,AODV,1001,5,n9,n11,0.071,1,0,0
3,low,1.5,38,AODV,1001,6,n11,n13,0.128,1,0,0
3,low,1.5,38,AODV,1001,7,n13,n15,0.123,1,0,0
3,low,1.5,38,AODV,1001,8,n15,S,0.178,1,0,0
3,low,1.5,38,OLSR,1001,0,n1,n3,0.176,1,0,0
3,low,1.5,38,OLSR,1001,1,n3,n5,3.093,1,1,1
3,low,1.5,38,OLSR,1001,2,n5,n7,4.132,1,1,1
3,low,1.5,38,OLSR,1001,3,n7,n8,0.122,1,0,0
3,low,1.5,38,OLSR,1001,4,n8,n9,0.105,1,0,0
3,low,1.5,38,OLSR,1001,5,n9,n11,0.071,1,0,0
3,low,1.5,38,OLSR,1001,6,n11,n13,0.128,1,0,0
3,low,1.5,38,OLSR,1001,7,n13,n15,0.123,1,0,0
3,low,1.5,38,OLSR,1001,8,n15,S,0.178,1,0,0
3,low,1.5,38,DSR,1001,0,n1,n3,0.176,1,0,0
3,low,1.5,38,DSR,1001,1,n3,n5,3.093,1,1,1
3,low,1.5,38,DSR,1001,2,n5,n7,4.132,1,1,1
3,low,1.5,38,DSR,1001,3,n7,n8,0.122,1,0,0
3,low,1.5,38,DSR,1001,4,n8,n9,0.105,1,0,0
3,low,1.5,38,DSR,1001,5,n9,n11,0.071,1,0,0
3,low,1.5,38,DSR,1001,6,n11,n13,0.128,1,0,0
3,low,1.5,38,DSR,1001,7,n13,n15,0.123,1,0,0
3,low,1.5,38,DSR,1001,8,n15,S,0.178,1,0,0
3,low,1.5,38,DSDV,1001,0,n1,n3,0.176,1,0,0
3,low,1.5,38,DSDV,1001,1,n3,n5,3.093,1,1,1
3,low,1.5,38,DSDV,1001,2,n5,n7,4.132,1,1,1
3,low,1.5,38,DSDV,1001,3,n7,n8,0.122,1,0,0
3,low,1.5,38,DSDV,1001,4,n8,n9,0.105,1,0,0
3,low,1.5,38,DSDV,1001,5,n9,n11,0.071,1,0,0
3,low,1.5,38,DSDV,1001,6,n11,n13,0.128,1,0,0
3,low,1.5,38,DSDV,1001,7,n13,n15,0.123,1,0,0
3,low,1.5,38,DSDV,1001,8,n15,S,0.178,1,0,0
3,low,1.5,39,AODV,1001,0,n1,n3,0.062,1,0,0
3,low,1.5,39,AODV,1001,1,n3,n5,2.242,1,1,1
3,low,1.5,39,AODV,1001,2,n5,n7,4.303,1,1,1
3,low,1.5,39,AODV,1001,3,n7,n8,0.053,1,0,0
3,low,1.5,39,AODV,1001,4,n8,n9,0.071,1,0,0
3,low,1.5,39,AODV,1001,5,n9,n11,0.105,1,0,0
3,low,1.5,39,AODV,1001,6,n11,n13,0.108,1,0,0
3,low,1.5,39,AODV,1001,7,n13,n15,0.074,1,0,0
3,low,1.5,39,AODV,1001,8,n15,S,0.101,1,0,0
3,low,1.5,39,OLSR,1001,0,n1,n3,0.062,1,0,0
3,low,1.5,39,OLSR,1001,1,n3,n5,2.242,1,1,1
3,low,1.5,39,OLSR,1001,2,n5,n7,4.303,1,1,1
3,low,1.5,39,OLSR,1001,3,n7,n8,0.053,1,0,0
3,low,1.5,39,OLSR,1001,4,n8,n9,0.071,1,0,0
3,low,1.5,39,OLSR,1001,5,n9,n11,0.105,1,0,0
3,low,1.5,39,OLSR,1001,6,n11,n13,0.108,1,0,0
3,low,1.5,39,OLSR,1001,7,n13,n15,0.074,1,0,0
3,low,1.5,39,OLSR,1001,8,n15,S,0.101,1,0,0
3,low,1.5,39,DSR,1001,0,n1,n3,0.062,1,0,0
3,low,1.5,39,DSR,1001,1,n3,n5,2.242,1,1,1
3,low,1.5,39,DSR,1001,2,n5,n7,4.303,1,1,1
3,low,1.5,39,DSR,1001,3,n7,n8,0.053,1,0,0
3,low,1.5,39,DSR,1001,4,n8,n9,0.071,1,0,0
3,low,1.5,39,DSR,1001,5,n9,n11,0.105,1,0,0
3,low,1.5,39,DSR,1001,6,n11,n13,0.108,1,0,0
3,low,1.5,39,DSR,1001,7,n13,n15,0.074,1,0,0
3,low,1.5,39,DSR,1001,8,n15,S,0.101,1,0,0
3,low,1.5,39,DSDV,1001,0,n1,n3,0.062,1,0,0
3,low,1.5,39,DSDV,1001,1,n3,n5,2.242,1,1,1
3,low,1.5,39,DSDV,1001,2,n5,n7,4.303,1,1,1
3,low,1.5,39,DSDV,1001,3,n7,n8,0.053,1,0,0
3,low,1.5,39,DSDV,1001,4,n8,n9,0.071,1,0,0
3,low,1.5,39,DSDV,1001,5,n9,n11,0.105,1,0,0
3,low,1.5,39,DSDV,1001,6,n11,n13,0.108,1,0,0
3,low,1.5,39,DSDV,1001,7,n13,n15,0.074,1,0,0
3,low,1.5,39,DSDV,1001,8,n15,S,0.101,1,0,0
3,low,1.5,40,AODV,1001,0,n1,n3,0.112,1,0,0
3,low,1.5,40,AODV,1001,1,n3,n5,123.223,1,1,1
3,low,1.5,40,AODV,1001,2,n5,n7,4.042,1,1,1
3,low,1.5,40,AODV,1001,3,n7,n8,0.124,1,0,0
3,low,1.5,40,AODV,1001,4,n8,n9,0.158,1,0,0
3,low,1.5,40,AODV,1001,5,n9,n11,0.089,1,0,0
3,low,1.5,40,AODV,1001,6,n11,n13,0.084,1,0,0
3,low,1.5,40,AODV,1001,7,n13,n15,0.127,1,0,0
3,low,1.5,40,AODV,1001,8,n15,S,0.177,1,0,0
3,low,1.5,40,OLSR,1001,0,n1,n3,0.112,1,0,0
3,low,1.5,40,OLSR,1001,1,n3,n5,123.223,1,1,1
3,low,1.5,40,OLSR,1001,2,n5,n7,4.042,1,1,1
3,low,1.5,40,OLSR,1001,3,n7,n8,0.124,1,0,0
3,low,1.5,40,OLSR,1001,4,n8,n9,0.158,1,0,0
3,low,1.5,40,OLSR,1001,5,n9,n11,0.089,1,0,0
3,low,1.5,40,OLSR,1001,6,n11,n13,0.084,1,0,0
3,low,1.5,40,OLSR,1001,7,n13,n15,0.127,1,0,0
3,low,1.5,40,OLSR,1001,8,n15,S,0.177,1,0,0
3,low,1.5,40,DSR,1001,0,n1,n3,0.112,1,0,0
3,low,1.5,40,DSR,1001,1,n3,n5,123.223,1,1,1
3,low,1.5,40,DSR,1001,2,n5,n7,4.042,1,1,1
3,low,1.5,40,DSR,1001,3,n7,n8,0.124,1,0,0
3,low,1.5,40,DSR,1001,4,n8,n9,0.158,1,0,0
3,low,1.5,40,DSR,1001,5,n9,n11,0.089,1,0,0
3,low,1.5,40,DSR,1001,6,n11,n13,0.084,1,0,0
3,low,1.5,40,DSR,1001,7,n13,n15,0.127,1,0,0
3,low,1.5,40,DSR,1001,8,n15,S,0.177,1,0,0
3,low,1.5,40,DSDV,1001,0,n1,n3,0.112,1,0,0
3,low,1.5,40,DSDV,1001,1,n3,n5,123.223,1,1,1
3,low,1.5,40,DSDV,1001,2,n5,n7,4.042,1,1,1
3,low,1.5,40,DSDV,1001,3,n7,n8,0.124,1,0,0
3,low,1.5,40,DSDV,1001,4,n8,n9,0.158,1,0,0
3,low,1.5,40,DSDV,1001,5,n9,n11,0.089,1,0,0
3,low,1.5,40,DSDV,1001,6,n11,n13,0.084,1,0,0
3,low,1.5,40,DSDV,1001,7,n13,n15,0.127,1,0,0
3,low,1.5,40,DSDV,1001,8,n15,S,0.177,1,0,0
3,low,1.5,41,AODV,1001,0,n1,n3,0.075,1,0,0
3,low,1.5,41,AODV,1001,1,n3,n5,2.888,1,1,1
3,low,1.5,41,AODV,1001,2,n5,n7,63.783,1,1,1
3,low,1.5,41,AODV,1001,3,n7,n8,0.115,1,0,0
3,low,1.5,41,AODV,1001,4,n8,n9,0.127,1,0,0
3,low,1.5,41,AODV,1001,5,n9,n11,0.127,1,0,0
3,low,1.5,41,AODV,1001,6,n11,n13,0.089,1,0,0
3,low,1.5,41,AODV,1001,7,n13,n15,0.120,1,0,0
3,low,1.5,41,AODV,1001,8,n15,S,0.127,1,0,0
3,low,1.5,41,OLSR,1001,0,n1,n3,0.075,1,0,0
3,low,1.5,41,OLSR,1001,1,n3,n5,2.888,1,1,1
3,low,1.5,41,OLSR,1001,2,n5,n7,63.783,1,1,1
3,low,1.5,41,OLSR,1001,3,n7,n8,0.115,1,0,0
3,low,1.5,41,OLSR,1001,4,n8,n9,0.127,1,0,0
3,low,1.5,41,OLSR,1001,5,n9,n11,0.127,1,0,0
3,low,1.5,41,OLSR,1001,6,n11,n13,0.089,1,0,0
3,low,1.5,41,OLSR,1001,7,n13,n15,0.120,1,0,0
3,low,1.5,41,OLSR,1001,8,n15,S,0.127,1,0,0
3,low,1.5,41,DSR,1001,0,n1,n3,0.075,1,0,0
3,low,1.5,41,DSR,1001,1,n3,n5,2.888,1,1,1
3,low,1.5,41,DSR,1001,2,n5,n7,63.783,1,1,1
3,low,1.5,41,DSR,1001,3,n7,n8,0.115,1,0,0
3,low,1.5,41,DSR,1001,4,n8,n9,0.127,1,0,0
3,low,1.5,41,DSR,1001,5,n9,n11,0.127,1,0,0
3,low,1.5,41,DSR,1001,6,n11,n13,0.089,1,0,0
3,low,1.5,41,DSR,1001,7,n13,n15,0.120,1,0,0
3,low,1.5,41,DSR,1001,8,n15,S,0.127,1,0,0
3,low,1.5,41,DSDV,1001,0,n1,n3,0.075,1,0,0
3,low,1.5,41,DSDV,1001,1,n3,n5,2.888,1,1,1
3,low,1.5,41,DSDV,1001,2,n5,n7,63.783,1,1,1
3,low,1.5,41,DSDV,1001,3,n7,n8,0.115,1,0,0
3,low,1.5,41,DSDV,1001,4,n8,n9,0.127,1,0,0
3,low,1.5,41,DSDV,1001,5,n9,n11,0.127,1,0,0
3,low,1.5,41,DSDV,1001,6,n11,n13,0.089,1,0,0
3,low,1.5,41,DSDV,1001,7,n13,n15,0.120,1,0,0
3,low,1.5,41,DSDV,1001,8,n15,S,0.127,1,0,0
3,low,1.5,42,AODV,1001,0,n1,n3,0.125,1,0,0
3,low,1.5,42,AODV,1001,1,n3,n5,2.096,1,1,1
3,low,1.5,42,AODV,1001,2,n5,n7,3.415,1,1,1
3,low,1.5,42,AODV,1001,3,n7,n8,0.158,1,0,0
3,low,1.5,42,AODV,1001,4,n8,n9,0.124,1,0,0
3,low,1.5,42,AODV,1001,5,n9,n11,0.154,1,0,0
3,low,1.5,42,AODV,1001,6,n11,n13,0.115,1,0,0
3,low,1.5,42,AODV,1001,7,n13,n15,0.121,1,0,0
3,low,1.5,42,AODV,1001,8,n15,S,0.095,1,0,0
3,low,1.5,42,OLSR,1001,0,n1,n3,0.125,1,0,0
3,low,1.5,42,OLSR,1001,1,n3,n5,2.096,1,1,1
3,low,1.5,42,OLSR,1001,2,n5,n7,3.415,1,1,1
3,low,1.5,42,OLSR,1001,3,n7,n8,0.158,1,0,0
3,low,1.5,42,OLSR,1001,4,n8,n9,0.124,1,0,0
3,low,1.5,42,OLSR,1001,5,n9,n11,0.154,1,0,0
3,low,1.5,42,OLSR,1001,6,n11,n13,0.115,1,0,0
3,low,1.5,42,OLSR,1001,7,n13,n15,0.121,1,0,0
3,low,1.5,42,OLSR,1001,8,n15,S,0.095,1,0,0
3,low,1.5,42,DSR,1001,0,n1,n3,0.125,1,0,0
3,low,1.5,42,DSR,1001,1,n3,n5,2.096,1,1,1
3,low,1.5,42,DSR,1001,2,n5,n7,3.415,1,1,1
3,low,1.5,42,DSR,1001,3,n7,n8,0.158,1,0,0
3,low,1.5,42,DSR,1001,4,n8,n9,0.124,1,0,0
3,low,1.5,42,DSR,1001,5,n9,n11,0.154,1,0,0
3,low,1.5,42,DSR,1001,6,n11,n13,0.115,1,0,0
3,low,1.5,42,DSR,1001,7,n13,n15,0.121,1,0,0
3,low,1.5,42,DSR,1001,8,n15,S,0.095,1,0,0
3,low,1.5,42,DSDV,1001,0,n1,n3,0.125,1,0,0
3,low,1.5,42,DSDV,1001,1,n3,n5,2.096,1,1,1
3,low,1.5,42,DSDV,1001,2,n5,n7,3.415,1,1,1
3,low,1.5,42,DSDV,1001,3,n7,n8,0.158,1,0,0
3,low,1.5,42,DSDV,1001,4,n8,n9,0.124,1,0,0
3,low,1.5,42,DSDV,1001,5,n9,n11,0.154,1,0,0
3,low,1.5,42,DSDV,1001,6,n11,n13,0.115,1,0,0
3,low,1.5,42,DSDV,1001,7,n13,n15,0.121,1,0,0
3,low,1.5,42,DSDV,1001,8,n15,S,0.095,1,0,0
3,low,1.5,43,AODV,1001,0,n1,n3,0.111,1,0,0
3,low,1.5,43,AODV,1001,1,n3,n5,3.223,1,1,1
3,low,1.5,43,AODV,1001,2,n5,n7,4.042,1,1,1
3,low,1.5,43,AODV,1001,3,n7,n8,0.127,1,0,0
3,low,1.5,43,AODV,1001,4,n8,n9,0.154,1,0,0
3,low,1.5,43,AODV,1001,5,n9,n11,0.124,1,0,0
3,low,1.5,43,AODV,1001,6,n11,n13,0.114,1,0,0
3,low,1.5,43,AODV,1001,7,n13,n15,0.165,1,0,0
3,low,1.5,43,AODV,1001,8,n15,S,0.173,1,0,0
3,low,1.5,43,OLSR,1001,0,n1,n3,0.111,1,0,0
3,low,1.5,43,OLSR,1001,1,n3,n5,3.223,1,1,1
3,low,1.5,43,OLSR,1001,2,n5,n7,4.042,1,1,1
3,low,1.5,43,OLSR,1001,3,n7,n8,0.127,1,0,0
3,low,1.5,43,OLSR,1001,4,n8,n9,0.154,1,0,0
3,low,1.5,43,OLSR,1001,5,n9,n11,0.124,1,0,0
3,low,1.5,43,OLSR,1001,6,n11,n13,0.114,1,0,0
3,low,1.5,43,OLSR,1001,7,n13,n15,0.165,1,0,0
3,low,1.5,43,OLSR,1001,8,n15,S,0.173,1,0,0
3,low,1.5,43,DSR,1001,0,n1,n3,0.111,1,0,0
3,low,1.5,43,DSR,1001,1,n3,n5,3.223,1,1,1
3,low,1.5,43,DSR,1001,2,n5,n7,4.042,1,1,1
3,low,1.5,43,DSR,1001,3,n7,n8,0.127,1,0,0
3,low,1.5,43,DSR,1001,4,n8,n9,0.154,1,0,0
3,low,1.5,43,DSR,1001,5,n9,n11,0.124,1,0,0
3,low,1.5,43,DSR,1001,6,n11,n13,0.114,1,0,0
3,low,1.5,43,DSR,1001,7,n13,n15,0.165,1,0,0
3,low,1.5,43,DSR,1001,8,n15,S,0.173,1,0,0
3,low,1.5,43,DSDV,1001,0,n1,n3,0.111,1,0,0
3,low,1.5,43,DSDV,1001,1,n3,n5,3.223,1,1,1
3,low,1.5,43,DSDV,1001,2,n5,n7,4.042,1,1,1
3,low,1.5,43,DSDV,1001,3,n7,n8,0.127,1,0,0
3,low,1.5,43,DSDV,1001,4,n8,n9,0.154,1,0,0
3,low,1.5,43,DSDV,1001,5,n9,n11,0.124,1,0,0
3,low,1.5,43,DSDV,1001,6,n11,n13,0.114,1,0,0
3,low,1.5,43,DSDV,1001,7,n13,n15,0.165,1,0,0
3,low,1.5,43,DSDV,1001,8,n15,S,0.173,1,0,0
3,low,1.5,44,AODV,1001,0,n1,n3,0.115,1,0,0
3,low,1.5,44,AODV,1001,1,n3,n5,64.042,1,1,1
3,low,1.5,44,AODV,1001,2,n5,n7,122.888,1,1,1
3,low,1.5,44,AODV,1001,3,n7,n8,0.112,1,0,0
3,low,1.5,44,AODV,1001,4,n8,n9,0.152,1,0,0
3,low,1.5,44,AODV,1001,5,n9,n11,0.152,1,0,0
3,low,1.5,44,AODV,1001,6,n11,n13,0.100,1,0,0
3,low,1.5,44,AODV,1001,7,n13,n15,0.092,1,0,0
3,low,1.5,44,AODV,1001,8,n15,S,0.082,1,0,0
3,low,1.5,44,OLSR,1001,0,n1,n3,0.115,1,0,0
3,low,1.5,44,OLSR,1001,1,n3,n5,64.042,1,1,1
3,low,1.5,44,OLSR,1001,2,n5,n7,122.888,1,1,1
3,low,1.5,44,OLSR,1001,3,n7,n8,0.112,1,0,0
3,low,1.5,44,OLSR,1001,4,n8,n9,0.152,1,0,0
3,low,1.5,44,OLSR,1001,5,n9,n11,0.152,1,0,0
3,low,1.5,44,OLSR,1001,6,n11,n13,0.100,1,0,0
3,low,1.5,44,OLSR,1001,7,n13,n15,0.092,1,0,0
3,low,1.5,44,OLSR,1001,8,n15,S,0.082,1,0,0
3,low,1.5,44,DSR,1001,0,n1,n3,0.115,1,0,0
3,low,1.5,44,DSR,1001,1,n3,n5,64.042,1,1,1
3,low,1.5,44,DSR,1001,2,n5,n7,122.888,1,1,1
3,low,1.5,44,DSR,1001,3,n7,n8,0.112,1,0,0
3,low,1.5,44,DSR,1001,4,n8,n9,0.152,1,0,0
3,low,1.5,44,DSR,1001,5,n9,n11,0.152,1,0,0
3,low,1.5,44,DSR,1001,6,n11,n13,0.100,1,0,0
3,low,1.5,44,DSR,1001,7,n13,n15,0.092,1,0,0
3,low,1.5,44,DSR,1001,8,n15,S,0.082,1,0,0
3,low,1.5,44,DSDV,1001,0,n1,n3,0.115,1,0,0
3,low,1.5,44,DSDV,1001,1,n3,n5,64.042,1,1,1
3,low,1.5,44,DSDV,1001,2,n5,n7,122.888,1,1,1
3,low,1.5,44,DSDV,1001,3,n7,n8,0.112,1,0,0
3,low,1.5,44,DSDV,1001,4,n8,n9,0.152,1,0,0
3,low,1.5,44,DSDV,1001,5,n9,n11,0.152,1,0,0
3,low,1.5,44,DSDV,1001,6,n11,n13,0.100,1,0,0
3,low,1.5,44,DSDV,1001,7,n13,n15,0.092,1,0,0
3,low,1.5,44,DSDV,1001,8,n15,S,0.082,1,0,0
3,low,2.0,37,AODV,1001,0,n1,n3,0.142,1,0,0
3,low,2.0,37,AODV,1001,1,n3,n5,63.610,1,1,1
3,low,2.0,37,AODV,1001,2,n5,n7,3.942,1,1,1
3,low,2.0,37,AODV,1001,3,n7,n8,0.128,1,0,0
3,low,2.0,37,AODV,1001,4,n8,n9,0.105,1,0,0
3,low,2.0,37,AODV,1001,5,n9,n11,0.105,1,0,0
3,low,2.0,37,AODV,1001,6,n11,n13,0.149,1,0,0
3,low,2.0,37,AODV,1001,7,n13,n15,0.163,1,0,0
3,low,2.0,37,AODV,1001,8,n15,S,0.065,1,0,0
3,low,2.0,37,OLSR,1001,0,n1,n3,0.142,1,0,0
3,low,2.0,37,OLSR,1001,1,n3,n5,63.610,1,1,1
3,low,2.0,37,OLSR,1001,2,n5,n7,3.942,1,1,1
3,low,2.0,37,OLSR,1001,3,n7,n8,0.128,1,0,0
3,low,2.0,37,OLSR,1001,4,n8,n9,0.105,1,0,0
3,low,2.0,37,OLSR,1001,5,n9,n11,0.105,1,0,0
3,low,2.0,37,OLSR,1001,6,n11,n13,0.149,1,0,0
3,low,2.0,37,OLSR,1001,7,n13,n15,0.163,1,0,0
3,low,2.0,37,OLSR,1001,8,n15,S,0.065,1,0,0
3,low,2.0,37,DSR,1001,0,n1,n3,0.142,1,0,0
3,low,2.0,37,DSR,1001,1,n3,n5,63.610,1,1,1
3,low,2.0,37,DSR,1001,2,n5,n7,3.942,1,1,1
3,low,2.0,37,DSR,1001,3,n7,n8,0.128,1,0,0
3,low,2.0,37,DSR,1001,4,n8,n9,0.105,1,0,0
3,low,2.0,37,DSR,1001,5,n9,n11,0.105,1,0,0
3,low,2.0,37,DSR,1001,6,n11,n13,0.149,1,0,0
3,low,2.0,37,DSR,1001,7,n13,n15,0.163,1,0,0
3,low,2.0,37,DSR,1001,8,n15,S,0.065,1,0,0
3,low,2.0,37,DSDV,1001,0,n1,n3,0.142,1,0,0
3,low,2.0,37,DSDV,1001,1,n3,n5,63.610,1,1,1
3,low,2.0,37,DSDV,1001,2,n5,n7,3.942,1,1,1
3,low,2.0,37,DSDV,1001,3,n7,n8,0.128,1,0,0
3,low,2.0,37,DSDV,1001,4,n8,n9,0.105,1,0,0
3,low,2.0,37,DSDV,1001,5,n9,n11,0.105,1,0,0
3,low,2.0,37,DSDV,1001,6,n11,n13,0.149,1,0,0
3,low,2.0,37,DSDV,1001,7,n13,n15,0.163,1,0,0
3,low,2.0,37,DSDV,1001,8,n15,S,0.065,1,0,0
3,low,2.0,38,AODV,1001,0,n1,n3,0.176,1,0,0
3,low,2.0,38,AODV,1001,1,n3,n5,3.093,1,1,1
3,low,2.0,38,AODV,1001,2,n5,n7,4.132,1,1,1
3,low,2.0,38,AODV,1001,3,n7,n8,0.122,1,0,0
3,low,2.0,38,AODV,1001,4,n8,n9,0.105,1,0,0
3,low,2.0,38,AODV,1001,5,n9,n11,0.071,1,0,0
3,low,2.0,38,AODV,1001,6,n11,n13,0.128,1,0,0
3,low,2.0,38,AODV,1001,7,n13,n15,0.123,1,0,0
3,low,2.0,38,AODV,1001,8,n15,S,0.178,1,0,0
3,low,2.0,38,OLSR,1001,0,n1,n3,0.176,1,0,0
3,low,2.0,38,OLSR,1001,1,n3,n5,3.093,1,1,1
3,low,2.0,38,OLSR,1001,2,n5,n7,4.132,1,1,1
3,low,2.0,38,OLSR,1001,3,n7,n8,0.122,1,0,0
3,low,2.0,38,OLSR,1001,4,n8,n9,0.105,1,0,0
3,low,2.0,38,OLSR,1001,5,n9,n11,0.071,1,0,0
3,low,2.0,38,OLSR,1001,6,n11,n13,0.128,1,0,0
3,low,2.0,38,OLSR,1001,7,n13,n15,0.123,1,0,0
3,low,2.0,38,OLSR,1001,8,n15,S,0.178,1,0,0
3,low,2.0,38,DSR,1001,0,n1,n3,0.176,1,0,0
3,low,2.0,38,DSR,1001,1,n3,n5,3.093,1,1,1
3,low,2.0,38,DSR,1001,2,n5,n7,4.132,1,1,1
3,low,2.0,38,DSR,1001,3,n7,n8,0.122,1,0,0
3,low,2.0,38,DSR,1001,4,n8,n9,0.105,1,0,0
3,low,2.0,38,DSR,1001,5,n9,n11,0.071,1,0,0
3,low,2.0,38,DSR,1001,6,n11,n13,0.128,1,0,0
3,low,2.0,38,DSR,1001,7,n13,n15,0.123,1,0,0
3,low,2.0,38,DSR,1001,8,n15,S,0.178,1,0,0
3,low,2.0,38,DSDV,1001,0,n1,n3,0.176,1,0,0
3,low,2.0,38,DSDV,1001,1,n3,n5,3.093,1,1,1
3,low,2.0,38,DSDV,1001,2,n5,n7,4.132,1,1,1
3,low,2.0,38,DSDV,1001,3,n7,n8,0.122,1,0,0
3,low,2.0,38,DSDV,1001,4,n8,n9,0.105,1,0,0
3,low,2.0,38,DSDV,1001,5,n9,n11,0.071,1,0,0
3,low,2.0,38,DSDV,1001,6,n11,n13,0.128,1,0,0
3,low,2.0,38,DSDV,1001,7,n13,n15,0.123,1,0,0
3,low,2.0,38,DSDV,1001,8,n15,S,0.178,1,0,0
3,low,2.0,39,AODV,1001,0,n1,n3,0.062,1,0,0
3,low,2.0,39,AODV,1001,1,n3,n5,2.242,1,1,1
3,low,2.0,39,AODV,1001,2,n5,n7,4.303,1,1,1
3,low,2.0,39,AODV,1001,3,n7,n8,0.053,1,0,0
3,low,2.0,39,AODV,1001,4,n8,n9,0.071,1,0,0
3,low,2.0,39,AODV,1001,5,n9,n11,0.105,1,0,0
3,low,2.0,39,AODV,1001,6,n11,n13,0.108,1,0,0
3,low,2.0,39,AODV,1001,7,n13,n15,0.074,1,0,0
3,low,2.0,39,AODV,1001,8,n15,S,0.101,1,0,0
3,low,2.0,39,OLSR,1001,0,n1,n3,0.062,1,0,0
3,low,2.0,39,OLSR,1001,1,n3,n5,2.242,1,1,1
3,low,2.0,39,OLSR,1001,2,n5,n7,4.303,1,1,1
3,low,2.0,39,OLSR,1001,3,n7,n8,0.053,1,0,0
3,low,2.0,39,OLSR,1001,4,n8,n9,0.071,1,0,0
3,low,2.0,39,OLSR,1001,5,n9,n11,0.105,1,0,0
3,low,2.0,39,OLSR,1001,6,n11,n13,0.108,1,0,0
3,low,2.0,39,OLSR,1001,7,n13,n15,0.074,1,0,0
3,low,2.0,39,OLSR,1001,8,n15,S,0.101,1,0,0
3,low,2.0,39,DSR,1001,0,n1,n3,0.062,1,0,0
3,low,2.0,39,DSR,1001,1,n3,n5,2.242,1,1,1
3,low,2.0,39,DSR,1001,2,n5,n7,4.303,1,1,1
3,low,2.0,39,DSR,1001,3,n7,n8,0.053,1,0,0
3,low,2.0,39,DSR,1001,4,n8,n9,0.071,1,0,0
3,low,2.0,39,DSR,1001,5,n9,n11,0.105,1,0,0
3,low,2.0,39,DSR,1001,6,n11,n13,0.108,1,0,0
3,low,2.0,39,DSR,1001,7,n13,n15,0.074,1,0,0
3,low,2.0,39,DSR,1001,8,n15,S,0.101,1,0,0
3,low,2.0,39,DSDV,1001,0,n1,n3,0.062,1,0,0
3,low,2.0,39,DSDV,1001,1,n3,n5,2.242,1,1,1
3,low,2.0,39,DSDV,1001,2,n5,n7,4.303,1,1,1
3,low,2.0,39,DSDV,1001,3,n7,n8,0.053,1,0,0
3,low,2.0,39,DSDV,1001,4,n8,n9,0.071,1,0,0
3,low,2.0,39,DSDV,1001,5,n9,n11,0.105,1,0,0
3,low,2.0,39,DSDV,1001,6,n11,n13,0.108,1,0,0
3,low,2.0,39,DSDV,1001,7,n13,n15,0.074,1,0,0
3,low,2.0,39,DSDV,1001,8,n15,S,0.101,1,0,0
3,low,2.0,40,AODV,1001,0,n1,n3,0.112,1,0,0
3,low,2.0,40,AODV,1001,1,n3,n5,123.223,1,1,1
3,low,2.0,40,AODV,1001,2,n5,n7,4.042,1,1,1
3,low,2.0,40,AODV,1001,3,n7,n8,0.124,1,0,0
3,low,2.0,40,AODV,1001,4,n8,n9,0.158,1,0,0
3,low,2.0,40,AODV,1001,5,n9,n11,0.089,1,0,0
3,low,2.0,40,AODV,1001,6,n11,n13,0.084,1,0,0
3,low,2.0,40,AODV,1001,7,n13,n15,0.127,1,0,0
3,low,2.0,40,AODV,1001,8,n15,S,0.177,1,0,0
3,low,2.0,40,OLSR,1001,0,n1,n3,0.112,1,0,0
3,low,2.0,40,OLSR,1001,1,n3,n5,123.223,1,1,1
3,low,2.0,40,OLSR,1001,2,n5,n7,4.042,1,1,1
3,low,2.0,40,OLSR,1001,3,n7,n8,0.124,1,0,0
3,low,2.0,40,OLSR,1001,4,n8,n9,0.158,1,0,0
3,low,2.0,40,OLSR,1001,5,n9,n11,0.089,1,0,0
3,low,2.0,40,OLSR,1001,6,n11,n13,0.084,1,0,0
3,low,2.0,40,OLSR,1001,7,n13,n15,0.127,1,0,0
3,low,2.0,40,OLSR,1001,8,n15,S,0.177,1,0,0
3,low,2.0,40,DSR,1001,0,n1,n3,0.112,1,0,0
3,low,2.0,40,DSR,1001,1,n3,n5,123.223,1,1,1
3,low,2.0,40,DSR,1001,2,n5,n7,4.042,1,1,1
3,low,2.0,40,DSR,1001,3,n7,n8,0.124,1,0,0
3,low,2.0,40,DSR,1001,4,n8,n9,0.158,1,0,0
3,low,2.0,40,DSR,1001,5,n9,n11,0.089,1,0,0
3,low,2.0,40,DSR,1001,6,n11,n13,0.084,1,0,0
3,low,2.0,40,DSR,1001,7,n13,n15,0.127,1,0,0
3,low,2.0,40,DSR,1001,8,n15,S,0.177,1,0,0
3,low,2.0,40,DSDV,1001,0,n1,n3,0.112,1,0,0
3,low,2.0,40,DSDV,1001,1,n3,n5,123.223,1,1,1
3,low,2.0,40,DSDV,1001,2,n5,n7,4.042,1,1,1
3,low,2.0,40,DSDV,1001,3,n7,n8,0.124,1,0,0
3,low,2.0,40,DSDV,1001,4,n8,n9,0.158,1,0,0
3,low,2.0,40,DSDV,1001,5,n9,n11,0.089,1,0,0
3,low,2.0,40,DSDV,1001,6,n11,n13,0.084,1,0,0
3,low,2.0,40,DSDV,1001,7,n13,n15,0.127,1,0,0
3,low,2.0,40,DSDV,1001,8,n15,S,0.177,1,0,0
3,low,2.0,41,AODV,1001,0,n1,n3,0.075,1,0,0
3,low,2.0,41,AODV,1001,1,n3,n5,2.888,1,1,1
3,low,2.0,41,AODV,1001,2,n5,n7,63.783,1,1,1
3,low,2.0,41,AODV,1001,3,n7,n8,0.115,1,0,0
3,low,2.0,41,AODV,1001,4,n8,n9,0.127,1,0,0
3,low,2.0,41,AODV,1001,5,n9,n11,0.127,1,0,0
3,low,2.0,41,AODV,1001,6,n11,n13,0.089,1,0,0
3,low,2.0,41,AODV,1001,7,n13,n15,0.120,1,0,0
3,low,2.0,41,AODV,1001,8,n15,S,0.127,1,0,0
3,low,2.0,41,OLSR,1001,0,n1,n3,0.075,1,0,0
3,low,2.0,41,OLSR,1001,1,n3,n5,2.888,1,1,1
3,low,2.0,41,OLSR,1001,2,n5,n7,63.783,1,1,1
3,low,2.0,41,OLSR,1001,3,n7,n8,0.115,1,0,0
3,low,2.0,41,OLSR,1001,4,n8,n9,0.127,1,0,0
3,low,2.0,41,OLSR,1001,5,n9,n11,0.127,1,0,0
3,low,2.0,41,OLSR,1001,6,n11,n13,0.089,1,0,0
3,low,2.0,41,OLSR,1001,7,n13,n15,0.120,1,0,0
3,low,2.0,41,OLSR,1001,8,n15,S,0.127,1,0,0
3,low,2.0,41,DSR,1001,0,n1,n3,0.075,1,0,0
3,low,2.0,41,DSR,1001,1,n3,n5,2.888,1,1,1
3,low,2.0,41,DSR,1001,2,n5,n7,63.783,1,1,1
3,low,2.0,41,DSR,1001,3,n7,n8,0.115,1,0,0
3,low,2.0,41,DSR,1001,4,n8,n9,0.127,1,0,0
3,low,2.0,41,DSR,1001,5,n9,n11,0.127,1,0,0
3,low,2.0,41,DSR,1001,6,n11,n13,0.089,1,0,0
3,low,2.0,41,DSR,1001,7,n13,n15,0.120,1,0,0
3,low,2.0,41,DSR,1001,8,n15,S,0.127,1,0,0
3,low,2.0,41,DSDV,1001,0,n1,n3,0.075,1,0,0
3,low,2.0,41,DSDV,1001,1,n3,n5,2.888,1,1,1
3,low,2.0,41,DSDV,1001,2,n5,n7,63.783,1,1,1
3,low,2.0,41,DSDV,1001,3,n7,n8,0.115,1,0,0
3,low,2.0,41,DSDV,1001,4,n8,n9,0.127,1,0,0
3,low,2.0,41,DSDV,1001,5,n9,n11,0.127,1,0,0
3,low,2.0,41,DSDV,1001,6,n11,n13,0.089,1,0,0
3,low,2.0,41,DSDV,1001,7,n13,n15,0.120,1,0,0
3,low,2.0,41,DSDV,1001,8,n15,S,0.127,1,0,0
3,low,2.0,42,AODV,1001,0,n1,n3,0.125,1,0,0
3,low,2.0,42,AODV,1001,1,n3,n5,2.096,1,1,1
3,low,2.0,42,AODV,1001,2,n5,n7,3.415,1,1,1
3,low,2.0,42,AODV,1001,3,n7,n8,0.158,1,0,0
3,low,2.0,42,AODV,1001,4,n8,n9,0.124,1,0,0
3,low,2.0,42,AODV,1001,5,n9,n11,0.154,1,0,0
3,low,2.0,42,AODV,1001,6,n11,n13,0.115,1,0,0
3,low,2.0,42,AODV,1001,7,n13,n15,0.121,1,0,0
3,low,2.0,42,AODV,1001,8,n15,S,0.095,1,0,0
3,low,2.0,42,OLSR,1001,0,n1,n3,0.125,1,0,0
3,low,2.0,42,OLSR,1001,1,n3,n5,2.096,1,1,1
3,low,2.0,42,OLSR,1001,2,n5,n7,3.415,1,1,1
3,low,2.0,42,OLSR,1001,3,n7,n8,0.158,1,0,0
3,low,2.0,42,OLSR,1001,4,n8,n9,0.124,1,0,0
3,low,2.0,42,OLSR,1001,5,n9,n11,0.154,1,0,0
3,low,2.0,42,OLSR,1001,6,n11,n13,0.115,1,0,0
3,low,2.0,42,OLSR,1001,7,n13,n15,0.121,1,0,0
3,low,2.0,42,OLSR,1001,8,n15,S,0.095,1,0,0
3,low,2.0,42,DSR,1001,0,n1,n3,0.125,1,0,0
3,low,2.0,42,DSR,1001,1,n3,n5,2.096,1,1,1
3,low,2.0,42,DSR,1001,2,n5,n7,3.415,1,1,1
3,low,2.0,42,DSR,1001,3,n7,n8,0.158,1,0,0
3,low,2.0,42,DSR,1001,4,n8,n9,0.124,1,0,0
3,low,2.0,42,DSR,1001,5,n9,n11,0.154,1,0,0
3,low,2.0,42,DSR,1001,6,n11,n13,0.115,1,0,0
3,low,2.0,42,DSR,1001,7,n13,n15,0.121,1,0,0
3,low,2.0,42,DSR,1001,8,n15,S,0.095,1,0,0
3,low,2.0,42,DSDV,1001,0,n1,n3,0.125,1,0,0
3,low,2.0,42,DSDV,1001,1,n3,n5,2.096,1,1,1
3,low,2.0,42,DSDV,1001,2,n5,n7,3.415,1,1,1
3,low,2.0,42,DSDV,1001,3,n7,n8,0.158,1,0,0
3,low,2.0,42,DSDV,1001,4,n8,n9,0.124,1,0,0
3,low,2.0,42,DSDV,1001,5,n9,n11,0.154,1,0,0
3,low,2.0,42,DSDV,1001,6,n11,n13,0.115,1,0,0
3,low,2.0,42,DSDV,1001,7,n13,n15,0.121,1,0,0
3,low,2.0,42,DSDV,1001,8,n15,S,0.095,1,0,0
3,low,2.0,43,AODV,1001,0,n1,n3,0.111,1,0,0
3,low,2.0,43,AODV,1001,1,n3,n5,3.223,1,1,1
3,low,2.0,43,AODV,1001,2,n5,n7,4.042,1,1,1
3,low,2.0,43,AODV,1001,3,n7,n8,0.127,1,0,0
3,low,2.0,43,AODV,1001,4,n8,n9,0.154,1,0,0
3,low,2.0,43,AODV,1001,5,n9,n11,0.124,1,0,0
3,low,2.0,43,AODV,1001,6,n11,n13,0.114,1,0,0
3,low,2.0,43,AODV,1001,7,n13,n15,0.165,1,0,0
3,low,2.0,43,AODV,1001,8,n15,S,0.173,1,0,0
3,low,2.0,43,OLSR,1001,0,n1,n3,0.111,1,0,0
3,low,2.0,43,OLSR,1001,1,n3,n5,3.223,1,1,1
3,low,2.0,43,OLSR,1001,2,n5,n7,4.042,1,1,1
3,low,2.0,43,OLSR,1001,3,n7,n8,0.127,1,0,0
3,low,2.0,43,OLSR,1001,4,n8,n9,0.154,1,0,0
3,low,2.0,43,OLSR,1001,5,n9,n11,0.124,1,0,0
3,low,2.0,43,OLSR,1001,6,n11,n13,0.114,1,0,0
3,low,2.0,43,OLSR,1001,7,n13,n15,0.165,1,0,0
3,low,2.0,43,OLSR,1001,8,n15,S,0.173,1,0,0
3,low,2.0,43,DSR,1001,0,n1,n3,0.111,1,0,0
3,low,2.0,43,DSR,1001,1,n3,n5,3.223,1,1,1
3,low,2.0,43,DSR,1001,2,n5,n7,4.042,1,1,1
3,low,2.0,43,DSR,1001,3,n7,n8,0.127,1,0,0
3,low,2.0,43,DSR,1001,4,n8,n9,0.154,1,0,0
3,low,2.0,43,DSR,1001,5,n9,n11,0.124,1,0,0
3,low,2.0,43,DSR,1001,6,n11,n13,0.114,1,0,0
3,low,2.0,43,DSR,1001,7,n13,n15,0.165,1,0,0
3,low,2.0,43,DSR,1001,8,n15,S,0.173,1,0,0
3,low,2.0,43,DSDV,1001,0,n1,n3,0.111,1,0,0
3,low,2.0,43,DSDV,1001,1,n3,n5,3.223,1,1,1
3,low,2.0,43,DSDV,1001,2,n5,n7,4.042,1,1,1
3,low,2.0,43,DSDV,1001,3,n7,n8,0.127,1,0,0
3,low,2.0,43,DSDV,1001,4,n8,n9,0.154,1,0,0
3,low,2.0,43,DSDV,1001,5,n9,n11,0.124,1,0,0
3,low,2.0,43,DSDV,1001,6,n11,n13,0.114,1,0,0
3,low,2.0,43,DSDV,1001,7,n13,n15,0.165,1,0,0
3,low,2.0,43,DSDV,1001,8,n15,S,0.173,1,0,0
3,low,2.0,44,AODV,1001,0,n1,n3,0.115,1,0,0
3,low,2.0,44,AODV,1001,1,n3,n5,64.042,1,1,1
3,low,2.0,44,AODV,1001,2,n5,n7,122.888,1,1,1
3,low,2.0,44,AODV,1001,3,n7,n8,0.112,1,0,0
3,low,2.0,44,AODV,1001,4,n8,n9,0.152,1,0,0
3,low,2.0,44,AODV,1001,5,n9,n11,0.152,1,0,0
3,low,2.0,44,AODV,1001,6,n11,n13,0.100,1,0,0
3,low,2.0,44,AODV,1001,7,n13,n15,0.092,1,0,0
3,low,2.0,44,AODV,1001,8,n15,S,0.082,1,0,0
3,low,2.0,44,OLSR,1001,0,n1,n3,0.115,1,0,0
3,low,2.0,44,OLSR,1001,1,n3,n5,64.042,1,1,1
3,low,2.0,44,OLSR,1001,2,n5,n7,122.888,1,1,1
3,low,2.0,44,OLSR,1001,3,n7,n8,0.112,1,0,0
3,low,2.0,44,OLSR,1001,4,n8,n9,0.152,1,0,0
3,low,2.0,44,OLSR,1001,5,n9,n11,0.152,1,0,0
3,low,2.0,44,OLSR,1001,6,n11,n13,0.100,1,0,0
3,low,2.0,44,OLSR,1001,7,n13,n15,0.092,1,0,0
3,low,2.0,44,OLSR,1001,8,n15,S,0.082,1,0,0
3,low,2.0,44,DSR,1001,0,n1,n3,0.115,1,0,0
3,low,2.0,44,DSR,1001,1,n3,n5,64.042,1,1,1
3,low,2.0,44,DSR,1001,2,n5,n7,122.888,1,1,1
3,low,2.0,44,DSR,1001,3,n7,n8,0.112,1,0,0
3,low,2.0,44,DSR,1001,4,n8,n9,0.152,1,0,0
3,low,2.0,44,DSR,1001,5,n9,n11,0.152,1,0,0
3,low,2.0,44,DSR,1001,6,n11,n13,0.100,1,0,0
3,low,2.0,44,DSR,1001,7,n13,n15,0.092,1,0,0
3,low,2.0,44,DSR,1001,8,n15,S,0.082,1,0,0
3,low,2.0,44,DSDV,1001,0,n1,n3,0.115,1,0,0
3,low,2.0,44,DSDV,1001,1,n3,n5,64.042,1,1,1
3,low,2.0,44,DSDV,1001,2,n5,n7,122.888,1,1,1
3,low,2.0,44,DSDV,1001,3,n7,n8,0.112,1,0,0
3,low,2.0,44,DSDV,1001,4,n8,n9,0.152,1,0,0
3,low,2.0,44,DSDV,1001,5,n9,n11,0.152,1,0,0
3,low,2.0,44,DSDV,1001,6,n11,n13,0.100,1,0,0
3,low,2.0,44,DSDV,1001,7,n13,n15,0.092,1,0,0
3,low,2.0,44,DSDV,1001,8,n15,S,0.082,1,0,0
3,low,3.0,37,AODV,1001,0,n1,n3,0.142,1,0,0
3,low,3.0,37,AODV,1001,1,n3,n5,63.610,1,1,1
3,low,3.0,37,AODV,1001,2,n5,n7,3.942,1,1,1
3,low,3.0,37,AODV,1001,3,n7,n8,0.128,1,0,0
3,low,3.0,37,AODV,1001,4,n8,n9,0.105,1,0,0
3,low,3.0,37,AODV,1001,5,n9,n11,0.105,1,0,0
3,low,3.0,37,AODV,1001,6,n11,n13,0.149,1,0,0
3,low,3.0,37,AODV,1001,7,n13,n15,0.163,1,0,0
3,low,3.0,37,AODV,1001,8,n15,S,0.065,1,0,0
3,low,3.0,37,OLSR,1001,0,n1,n3,0.142,1,0,0
3,low,3.0,37,OLSR,1001,1,n3,n5,63.610,1,1,1
3,low,3.0,37,OLSR,1001,2,n5,n7,3.942,1,1,1
3,low,3.0,37,OLSR,1001,3,n7,n8,0.128,1,0,0
3,low,3.0,37,OLSR,1001,4,n8,n9,0.105,1,0,0
3,low,3.0,37,OLSR,1001,5,n9,n11,0.105,1,0,0
3,low,3.0,37,OLSR,1001,6,n11,n13,0.149,1,0,0
3,low,3.0,37,OLSR,1001,7,n13,n15,0.163,1,0,0
3,low,3.0,37,OLSR,1001,8,n15,S,0.065,1,0,0
3,low,3.0,37,DSR,1001,0,n1,n3,0.142,1,0,0
3,low,3.0,37,DSR,1001,1,n3,n5,63.610,1,1,1
3,low,3.0,37,DSR,1001,2,n5,n7,3.942,1,1,1
3,low,3.0,37,DSR,1001,3,n7,n8,0.128,1,0,0
3,low,3.0,37,DSR,1001,4,n8,n9,0.105,1,0,0
3,low,3.0,37,DSR,1001,5,n9,n11,0.105,1,0,0
3,low,3.0,37,DSR,1001,6,n11,n13,0.149,1,0,0
3,low,3.0,37,DSR,1001,7,n13,n15,0.163,1,0,0
3,low,3.0,37,DSR,1001,8,n15,S,0.065,1,0,0
3,low,3.0,37,DSDV,1001,0,n1,n3,0.142,1,0,0
3,low,3.0,37,DSDV,1001,1,n3,n5,63.610,1,1,1
3,low,3.0,37,DSDV,1001,2,n5,n7,3.942,1,1,1
3,low,3.0,37,DSDV,1001,3,n7,n8,0.128,1,0,0
3,low,3.0,37,DSDV,1001,4,n8,n9,0.105,1,0,0
3,low,3.0,37,DSDV,1001,5,n9,n11,0.105,1,0,0
3,low,3.0,37,DSDV,1001,6,n11,n13,0.149,1,0,0
3,low,3.0,37,DSDV,1001,7,n13,n15,0.163,1,0,0
3,low,3.0,37,DSDV,1001,8,n15,S,0.065,1,0,0
3,low,3.0,38,AODV,1001,0,n1,n3,0.176,1,0,0
3,low,3.0,38,AODV,1001,1,n3,n5,3.093,1,1,1
3,low,3.0,38,AODV,1001,2,n5,n7,4.132,1,1,1
3,low,3.0,38,AODV,1001,3,n7,n8,0.122,1,0,0
3,low,3.0,38,AODV,1001,4,n8,n9,0.105,1,0,0
3,low,3.0,38,AODV,1001,5,n9,n11,0.071,1,0,0
3,low,3.0,38,AODV,1001,6,n11,n13,0.128,1,0,0
3,low,3.0,38,AODV,1001,7,n13,n15,0.123,1,0,0
3,low,3.0,38,AODV,1001,8,n15,S,0.178,1,0,0
3,low,3.0,38,OLSR,1001,0,n1,n3,0.176,1,0,0
3,low,3.0,38,OLSR,1001,1,n3,n5,3.093,1,1,1
3,low,3.0,38,OLSR,1001,2,n5,n7,4.132,1,1,1
3,low,3.0,38,OLSR,1001,3,n7,n8,0.122,1,0,0
3,low,3.0,38,OLSR,1001,4,n8,n9,0.105,1,0,0
3,low,3.0,38,OLSR,1001,5,n9,n11,0.071,1,0,0
3,low,3.0,38,OLSR,1001,6,n11,n13,0.128,1,0,0
3,low,3.0,38,OLSR,1001,7,n13,n15,0.123,1,0,0
3,low,3.0,38,OLSR,1001,8,n15,S,0.178,1,0,0
3,low,3.0,38,DSR,1001,0,n1,n3,0.176,1,0,0
3,low,3.0,38,DSR,1001,1,n3,n5,3.093,1,1,1
3,low,3.0,38,DSR,1001,2,n5,n7,4.132,1,1,1
3,low,3.0,38,DSR,1001,3,n7,n8,0.122,1,0,0
3,low,3.0,38,DSR,1001,4,n8,n9,0.105,1,0,0
3,low,3.0,38,DSR,1001,5,n9,n11,0.071,1,0,0
3,low,3.0,38,DSR,1001,6,n11,n13,0.128,1,0,0
3,low,3.0,38,DSR,1001,7,n13,n15,0.123,1,0,0
3,low,3.0,38,DSR,1001,8,n15,S,0.178,1,0,0
3,low,3.0,38,DSDV,1001,0,n1,n3,0.176,1,0,0
3,low,3.0,38,DSDV,1001,1,n3,n5,3.093,1,1,1
3,low,3.0,38,DSDV,1001,2,n5,n7,4.132,1,1,1
3,low,3.0,38,DSDV,1001,3,n7,n8,0.122,1,0,0
3,low,3.0,38,DSDV,1001,4,n8,n9,0.105,1,0,0
3,low,3.0,38,DSDV,1001,5,n9,n11,0.071,1,0,0
3,low,3.0,38,DSDV,1001,6,n11,n13,0.128,1,0,0
3,low,3.0,38,DSDV,1001,7,n13,n15,0.123,1,0,0
3,low,3.0,38,DSDV,1001,8,n15,S,0.178,1,0,0
3,low,3.0,39,AODV,1001,0,n1,n3,0.062,1,0,0
3,low,3.0,39,AODV,1001,1,n3,n5,2.242,1,0,1
3,low,3.0,39,AODV,1001,2,n5,n7,4.303,1,1,1
3,low,3.0,39,AODV,1001,3,n7,n8,0.053,1,0,0
3,low,3.0,39,AODV,1001,4,n8,n9,0.071,1,0,0
3,low,3.0,39,AODV,1001,5,n9,n11,0.105,1,0,0
3,low,3.0,39,AODV,1001,6,n11,n13,0.108,1,0,0
3,low,3.0,39,AODV,1001,7,n13,n15,0.074,1,0,0
3,low,3.0,39,AODV,1001,8,n15,S,0.101,1,0,0
3,low,3.0,39,OLSR,1001,0,n1,n3,0.062,1,0,0
3,low,3.0,39,OLSR,1001,1,n3,n5,2.242,1,0,1
3,low,3.0,39,OLSR,1001,2,n5,n7,4.303,1,1,1
3,low,3.0,39,OLSR,1001,3,n7,n8,0.053,1,0,0
3,low,3.0,39,OLSR,1001,4,n8,n9,0.071,1,0,0
3,low,3.0,39,OLSR,1001,5,n9,n11,0.105,1,0,0
3,low,3.0,39,OLSR,1001,6,n11,n13,0.108,1,0,0
3,low,3.0,39,OLSR,1001,7,n13,n15,0.074,1,0,0
3,low,3.0,39,OLSR,1001,8,n15,S,0.101,1,0,0
3,low,3.0,39,DSR,1001,0,n1,n3,0.062,1,0,0
3,low,3.0,39,DSR,1001,1,n3,n5,2.242,1,0,1
3,low,3.0,39,DSR,1001,2,n5,n7,4.303,1,1,1
3,low,3.0,39,DSR,1001,3,n7,n8,0.053,1,0,0
3,low,3.0,39,DSR,1001,4,n8,n9,0.071,1,0,0
3,low,3.0,39,DSR,1001,5,n9,n11,0.105,1,0,0
3,low,3.0,39,DSR,1001,6,n11,n13,0.108,1,0,0
3,low,3.0,39,DSR,1001,7,n13,n15,0.074,1,0,0
3,low,3.0,39,DSR,1001,8,n15,S,0.101,1,0,0
3,low,3.0,39,DSDV,1001,0,n1,n3,0.062,1,0,0
3,low,3.0,39,DSDV,1001,1,n3,n5,2.242,1,0,1
3,low,3.0,39,DSDV,1001,2,n5,n7,4.303,1,1,1
3,low,3.0,39,DSDV,1001,3,n7,n8,0.053,1,0,0
3,low,3.0,39,DSDV,1001,4,n8,n9,0.071,1,0,0
3,low,3.0,39,DSDV,1001,5,n9,n11,0.105,1,0,0
3,low,3.0,39,DSDV,1001,6,n11,n13,0.108,1,0,0
3,low,3.0,39,DSDV,1001,7,n13,n15,0.074,1,0,0
3,low,3.0,39,DSDV,1001,8,n15,S,0.101,1,0,0
3,low,3.0,40,AODV,1001,0,n1,n3,0.112,1,0,0
3,low,3.0,40,AODV,1001,1,n3,n5,123.223,1,1,1
3,low,3.0,40,AODV,1001,2,n5,n7,4.042,1,1,1
3,low,3.0,40,AODV,1001,3,n7,n8,0.124,1,0,0
3,low,3.0,40,AODV,1001,4,n8,n9,0.158,1,0,0
3,low,3.0,40,AODV,1001,5,n9,n11,0.089,1,0,0
3,low,3.0,40,AODV,1001,6,n11,n13,0.084,1,0,0
3,low,3.0,40,AODV,1001,7,n13,n15,0.127,1,0,0
3,low,3.0,40,AODV,1001,8,n15,S,0.177,1,0,0
3,low,3.0,40,OLSR,1001,0,n1,n3,0.112,1,0,0
3,low,3.0,40,OLSR,1001,1,n3,n5,123.223,1,1,1
3,low,3.0,40,OLSR,1001,2,n5,n7,4.042,1,1,1
3,low,3.0,40,OLSR,1001,3,n7,n8,0.124,1,0,0
3,low,3.0,40,OLSR,1001,4,n8,n9,0.158,1,0,0
3,low,3.0,40,OLSR,1001,5,n9,n11,0.089,1,0,0
3,low,3.0,40,OLSR,1001,6,n11,n13,0.084,1,0,0
3,low,3.0,40,OLSR,1001,7,n13,n15,0.127,1,0,0
3,low,3.0,40,OLSR,1001,8,n15,S,0.177,1,0,0
3,low,3.0,40,DSR,1001,0,n1,n3,0.112,1,0,0
3,low,3.0,40,DSR,1001,1,n3,n5,123.223,1,1,1
3,low,3.0,40,DSR,1001,2,n5,n7,4.042,1,1,1
3,low,3.0,40,DSR,1001,3,n7,n8,0.124,1,0,0
3,low,3.0,40,DSR,1001,4,n8,n9,0.158,1,0,0
3,low,3.0,40,DSR,1001,5,n9,n11,0.089,1,0,0
3,low,3.0,40,DSR,1001,6,n11,n13,0.084,1,0,0
3,low,3.0,40,DSR,1001,7,n13,n15,0.127,1,0,0
3,low,3.0,40,DSR,1001,8,n15,S,0.177,1,0,0
3,low,3.0,40,DSDV,1001,0,n1,n3,0.112,1,0,0
3,low,3.0,40,DSDV,1001,1,n3,n5,123.223,1,1,1
3,low,3.0,40,DSDV,1001,2,n5,n7,4.042,1,1,1
3,low,3.0,40,DSDV,1001,3,n7,n8,0.124,1,0,0
3,low,3.0,40,DSDV,1001,4,n8,n9,0.158,1,0,0
3,low,3.0,40,DSDV,1001,5,n9,n11,0.089,1,0,0
3,low,3.0,40,DSDV,1001,6,n11,n13,0.084,1,0,0
3,low,3.0,40,DSDV,1001,7,n13,n15,0.127,1,0,0
3,low,3.0,40,DSDV,1001,8,n15,S,0.177,1,0,0
3,low,3.0,41,AODV,1001,0,n1,n3,0.075,1,0,0
3,low,3.0,41,AODV,1001,1,n3,n5,2.888,1,0,1
3,low,3.0,41,AODV,1001,2,n5,n7,63.783,1,1,1
3,low,3.0,41,AODV,1001,3,n7,n8,0.115,1,0,0
3,low,3.0,41,AODV,1001,4,n8,n9,0.127,1,0,0
3,low,3.0,41,AODV,1001,5,n9,n11,0.127,1,0,0
3,low,3.0,41,AODV,1001,6,n11,n13,0.089,1,0,0
3,low,3.0,41,AODV,1001,7,n13,n15,0.120,1,0,0
3,low,3.0,41,AODV,1001,8,n15,S,0.127,1,0,0
3,low,3.0,41,OLSR,1001,0,n1,n3,0.075,1,0,0
3,low,3.0,41,OLSR,1001,1,n3,n5,2.888,1,0,1
3,low,3.0,41,OLSR,1001,2,n5,n7,63.783,1,1,1
3,low,3.0,41,OLSR,1001,3,n7,n8,0.115,1,0,0
3,low,3.0,41,OLSR,1001,4,n8,n9,0.127,1,0,0
3,low,3.0,41,OLSR,1001,5,n9,n11,0.127,1,0,0
3,low,3.0,41,OLSR,1001,6,n11,n13,0.089,1,0,0
3,low,3.0,41,OLSR,1001,7,n13,n15,0.120,1,0,0
3,low,3.0,41,OLSR,1001,8,n15,S,0.127,1,0,0
3,low,3.0,41,DSR,1001,0,n1,n3,0.075,1,0,0
3,low,3.0,41,DSR,1001,1,n3,n5,2.888,1,0,1
3,low,3.0,41,DSR,1001,2,n5,n7,63.783,1,1,1
3,low,3.0,41,DSR,1001,3,n7,n8,0.115,1,0,0
3,low,3.0,41,DSR,1001,4,n8,n9,0.127,1,0,0
3,low,3.0,41,DSR,1001,5,n9,n11,0.127,1,0,0
3,low,3.0,41,DSR,1001,6,n11,n13,0.089,1,0,0
3,low,3.0,41,DSR,1001,7,n13,n15,0.120,1,0,0
3,low,3.0,41,DSR,1001,8,n15,S,0.127,1,0,0
3,low,3.0,41,DSDV,1001,0,n1,n3,0.075,1,0,0
3,low,3.0,41,DSDV,1001,1,n3,n5,2.888,1,0,1
3,low,3.0,41,DSDV,1001,2,n5,n7,63.783,1,1,1
3,low,3.0,41,DSDV,1001,3,n7,n8,0.115,1,0,0
3,low,3.0,41,DSDV,1001,4,n8,n9,0.127,1,0,0
3,low,3.0,41,DSDV,1001,5,n9,n11,0.127,1,0,0
3,low,3.0,41,DSDV,1001,6,n11,n13,0.089,1,0,0
3,low,3.0,41,DSDV,1001,7,n13,n15,0.120,1,0,0
3,low,3.0,41,DSDV,1001,8,n15,S,0.127,1,0,0
3,low,3.0,42,AODV,1001,0,n1,n3,0.125,1,0,0
3,low,3.0,42,AODV,1001,1,n3,n5,2.096,1,0,1
3,low,3.0,42,AODV,1001,2,n5,n7,3.415,1,1,1
3,low,3.0,42,AODV,1001,3,n7,n8,0.158,1,0,0
3,low,3.0,42,AODV,1001,4,n8,n9,0.124,1,0,0
3,low,3.0,42,AODV,1001,5,n9,n11,0.154,1,0,0
3,low,3.0,42,AODV,1001,6,n11,n13,0.115,1,0,0
3,low,3.0,42,AODV,1001,7,n13,n15,0.121,1,0,0
3,low,3.0,42,AODV,1001,8,n15,S,0.095,1,0,0
3,low,3.0,42,OLSR,1001,0,n1,n3,0.125,1,0,0
3,low,3.0,42,OLSR,1001,1,n3,n5,2.096,1,0,1
3,low,3.0,42,OLSR,1001,2,n5,n7,3.415,1,1,1
3,low,3.0,42,OLSR,1001,3,n7,n8,0.158,1,0,0
3,low,3.0,42,OLSR,1001,4,n8,n9,0.124,1,0,0
3,low,3.0,42,OLSR,1001,5,n9,n11,0.154,1,0,0
3,low,3.0,42,OLSR,1001,6,n11,n13,0.115,1,0,0
3,low,3.0,42,OLSR,1001,7,n13,n15,0.121,1,0,0
3,low,3.0,42,OLSR,1001,8,n15,S,0.095,1,0,0
3,low,3.0,42,DSR,1001,0,n1,n3,0.125,1,0,0
3,low,3.0,42,DSR,1001,1,n3,n5,2.096,1,0,1
3,low,3.0,42,DSR,1001,2,n5,n7,3.415,1,1,1
3,low,3.0,42,DSR,1001,3,n7,n8,0.158,1,0,0
3,low,3.0,42,DSR,1001,4,n8,n9,0.124,1,0,0
3,low,3.0,42,DSR,1001,5,n9,n11,0.154,1,0,0
3,low,3.0,42,DSR,1001,6,n11,n13,0.115,1,0,0
3,low,3.0,42,DSR,1001,7,n13,n15,0.121,1,0,0
3,low,3.0,42,DSR,1001,8,n15,S,0.095,1,0,0
3,low,3.0,42,DSDV,1001,0,n1,n3,0.125,1,0,0
3,low,3.0,42,DSDV,1001,1,n3,n5,2.096,1,0,1
3,low,3.0,42,DSDV,1001,2,n5,n7,3.415,1,1,1
3,low,3.0,42,DSDV,1001,3,n7,n8,0.158,1,0,0
3,low,3.0,42,DSDV,1001,4,n8,n9,0.124,1,0,0
3,low,3.0,42,DSDV,1001,5,n9,n11,0.154,1,0,0
3,low,3.0,42,DSDV,1001,6,n11,n13,0.115,1,0,0
3,low,3.0,42,DSDV,1001,7,n13,n15,0.121,1,0,0
3,low,3.0,42,DSDV,1001,8,n15,S,0.095,1,0,0
3,low,3.0,43,AODV,1001,0,n1,n3,0.111,1,0,0
3,low,3.0,43,AODV,1001,1,n3,n5,3.223,1,1,1
3,low,3.0,43,AODV,1001,2,n5,n7,4.042,1,1,1
3,low,3.0,43,AODV,1001,3,n7,n8,0.127,1,0,0
3,low,3.0,43,AODV,1001,4,n8,n9,0.154,1,0,0
3,low,3.0,43,AODV,1001,5,n9,n11,0.124,1,0,0
3,low,3.0,43,AODV,1001,6,n11,n13,0.114,1,0,0
3,low,3.0,43,AODV,1001,7,n13,n15,0.165,1,0,0
3,low,3.0,43,AODV,1001,8,n15,S,0.173,1,0,0
3,low,3.0,43,OLSR,1001,0,n1,n3,0.111,1,0,0
3,low,3.0,43,OLSR,1001,1,n3,n5,3.223,1,1,1
3,low,3.0,43,OLSR,1001,2,n5,n7,4.042,1,1,1
3,low,3.0,43,OLSR,1001,3,n7,n8,0.127,1,0,0
3,low,3.0,43,OLSR,1001,4,n8,n9,0.154,1,0,0
3,low,3.0,43,OLSR,1001,5,n9,n11,0.124,1,0,0
3,low,3.0,43,OLSR,1001,6,n11,n13,0.114,1,0,0
3,low,3.0,43,OLSR,1001,7,n13,n15,0.165,1,0,0
3,low,3.0,43,OLSR,1001,8,n15,S,0.173,1,0,0
3,low,3.0,43,DSR,1001,0,n1,n3,0.111,1,0,0
3,low,3.0,43,DSR,1001,1,n3,n5,3.223,1,1,1
3,low,3.0,43,DSR,1001,2,n5,n7,4.042,1,1,1
3,low,3.0,43,DSR,1001,3,n7,n8,0.127,1,0,0
3,low,3.0,43,DSR,1001,4,n8,n9,0.154,1,0,0
3,low,3.0,43,DSR,1001,5,n9,n11,0.124,1,0,0
3,low,3.0,43,DSR,1001,6,n11,n13,0.114,1,0,0
3,low,3.0,43,DSR,1001,7,n13,n15,0.165,1,0,0
3,low,3.0,43,DSR,1001,8,n15,S,0.173,1,0,0
3,low,3.0,43,DSDV,1001,0,n1,n3,0.111,1,0,0
3,low,3.0,43,DSDV,1001,1,n3,n5,3.223,1,1,1
3,low,3.0,43,DSDV,1001,2,n5,n7,4.042,1,1,1
3,low,3.0,43,DSDV,1001,3,n7,n8,0.127,1,0,0
3,low,3.0,43,DSDV,1001,4,n8,n9,0.154,1,0,0
3,low,3.0,43,DSDV,1001,5,n9,n11,0.124,1,0,0
3,low,3.0,43,DSDV,1001,6,n11,n13,0.114,1,0,0
3,low,3.0,43,DSDV,1001,7,n13,n15,0.165,1,0,0
3,low,3.0,43,DSDV,1001,8,n15,S,0.173,1,0,0
3,low,3.0,44,AODV,1001,0,n1,n3,0.115,1,0,0
3,low,3.0,44,AODV,1001,1,n3,n5,64.042,1,1,1
3,low,3.0,44,AODV,1001,2,n5,n7,122.888,1,1,1
3,low,3.0,44,AODV,1001,3,n7,n8,0.112,1,0,0
3,low,3.0,44,AODV,1001,4,n8,n9,0.152,1,0,0
3,low,3.0,44,AODV,1001,5,n9,n11,0.152,1,0,0
3,low,3.0,44,AODV,1001,6,n11,n13,0.100,1,0,0
3,low,3.0,44,AODV,1001,7,n13,n15,0.092,1,0,0
3,low,3.0,44,AODV,1001,8,n15,S,0.082,1,0,0
3,low,3.0,44,OLSR,1001,0,n1,n3,0.115,1,0,0
3,low,3.0,44,OLSR,1001,1,n3,n5,64.042,1,1,1
3,low,3.0,44,OLSR,1001,2,n5,n7,122.888,1,1,1
3,low,3.0,44,OLSR,1001,3,n7,n8,0.112,1,0,0
3,low,3.0,44,OLSR,1001,4,n8,n9,0.152,1,0,0
3,low,3.0,44,OLSR,1001,5,n9,n11,0.152,1,0,0
3,low,3.0,44,OLSR,1001,6,n11,n13,0.100,1,0,0
3,low,3.0,44,OLSR,1001,7,n13,n15,0.092,1,0,0
3,low,3.0,44,OLSR,1001,8,n15,S,0.082,1,0,0
3,low,3.0,44,DSR,1001,0,n1,n3,0.115,1,0,0
3,low,3.0,44,DSR,1001,1,n3,n5,64.042,1,1,1
3,low,3.0,44,DSR,1001,2,n5,n7,122.888,1,1,1
3,low,3.0,44,DSR,1001,3,n7,n8,0.112,1,0,0
3,low,3.0,44,DSR,1001,4,n8,n9,0.152,1,0,0
3,low,3.0,44,DSR,1001,5,n9,n11,0.152,1,0,0
3,low,3.0,44,DSR,1001,6,n11,n13,0.100,1,0,0
3,low,3.0,44,DSR,1001,7,n13,n15,0.092,1,0,0
3,low,3.0,44,DSR,1001,8,n15,S,0.082,1,0,0
3,low,3.0,44,DSDV,1001,0,n1,n3,0.115,1,0,0
3,low,3.0,44,DSDV,1001,1,n3,n5,64.042,1,1,1
3,low,3.0,44,DSDV,1001,2,n5,n7,122.888,1,1,1
3,low,3.0,44,DSDV,1001,3,n7,n8,0.112,1,0,0
3,low,3.0,44,DSDV,1001,4,n8,n9,0.152,1,0,0
3,low,3.0,44,DSDV,1001,5,n9,n11,0.152,1,0,0
3,low,3.0,44,DSDV,1001,6,n11,n13,0.100,1,0,0
3,low,3.0,44,DSDV,1001,7,n13,n15,0.092,1,0,0
3,low,3.0,44,DSDV,1001,8,n15,S,0.082,1,0,0
3,low,4.0,37,AODV,1001,0,n1,n3,0.142,1,0,0
3,low,4.0,37,AODV,1001,1,n3,n5,63.610,1,1,1
3,low,4.0,37,AODV,1001,2,n5,n7,3.942,1,0,1
3,low,4.0,37,AODV,1001,3,n7,n8,0.128,1,0,0
3,low,4.0,37,AODV,1001,4,n8,n9,0.105,1,0,0
3,low,4.0,37,AODV,1001,5,n9,n11,0.105,1,0,0
3,low,4.0,37,AODV,1001,6,n11,n13,0.149,1,0,0
3,low,4.0,37,AODV,1001,7,n13,n15,0.163,1,0,0
3,low,4.0,37,AODV,1001,8,n15,S,0.065,1,0,0
3,low,4.0,37,OLSR,1001,0,n1,n3,0.142,1,0,0
3,low,4.0,37,OLSR,1001,1,n3,n5,63.610,1,1,1
3,low,4.0,37,OLSR,1001,2,n5,n7,3.942,1,0,1
3,low,4.0,37,OLSR,1001,3,n7,n8,0.128,1,0,0
3,low,4.0,37,OLSR,1001,4,n8,n9,0.105,1,0,0
3,low,4.0,37,OLSR,1001,5,n9,n11,0.105,1,0,0
3,low,4.0,37,OLSR,1001,6,n11,n13,0.149,1,0,0
3,low,4.0,37,OLSR,1001,7,n13,n15,0.163,1,0,0
3,low,4.0,37,OLSR,1001,8,n15,S,0.065,1,0,0
3,low,4.0,37,DSR,1001,0,n1,n3,0.142,1,0,0
3,low,4.0,37,DSR,1001,1,n3,n5,63.610,1,1,1
3,low,4.0,37,DSR,1001,2,n5,n7,3.942,1,0,1
3,low,4.0,37,DSR,1001,3,n7,n8,0.128,1,0,0
3,low,4.0,37,DSR,1001,4,n8,n9,0.105,1,0,0
3,low,4.0,37,DSR,1001,5,n9,n11,0.105,1,0,0
3,low,4.0,37,DSR,1001,6,n11,n13,0.149,1,0,0
3,low,4.0,37,DSR,1001,7,n13,n15,0.163,1,0,0
3,low,4.0,37,DSR,1001,8,n15,S,0.065,1,0,0
3,low,4.0,37,DSDV,1001,0,n1,n3,0.142,1,0,0
3,low,4.0,37,DSDV,1001,1,n3,n5,63.610,1,1,1
3,low,4.0,37,DSDV,1001,2,n5,n7,3.942,1,0,1
3,low,4.0,37,DSDV,1001,3,n7,n8,0.128,1,0,0
3,low,4.0,37,DSDV,1001,4,n8,n9,0.105,1,0,0
3,low,4.0,37,DSDV,1001,5,n9,n11,0.105,1,0,0
3,low,4.0,37,DSDV,1001,6,n11,n13,0.149,1,0,0
3,low,4.0,37,DSDV,1001,7,n13,n15,0.163,1,0,0
3,low,4.0,37,DSDV,1001,8,n15,S,0.065,1,0,0
3,low,4.0,38,AODV,1001,0,n1,n3,0.176,1,0,0
3,low,4.0,38,AODV,1001,1,n3,n5,3.093,1,0,1
3,low,4.0,38,AODV,1001,2,n5,n7,4.132,1,1,1
3,low,4.0,38,AODV,1001,3,n7,n8,0.122,1,0,0
3,low,4.0,38,AODV,1001,4,n8,n9,0.105,1,0,0
3,low,4.0,38,AODV,1001,5,n9,n11,0.071,1,0,0
3,low,4.0,38,AODV,1001,6,n11,n13,0.128,1,0,0
3,low,4.0,38,AODV,1001,7,n13,n15,0.123,1,0,0
3,low,4.0,38,AODV,1001,8,n15,S,0.178,1,0,0
3,low,4.0,38,OLSR,1001,0,n1,n3,0.176,1,0,0
3,low,4.0,38,OLSR,1001,1,n3,n5,3.093,1,0,1
3,low,4.0,38,OLSR,1001,2,n5,n7,4.132,1,1,1
3,low,4.0,38,OLSR,1001,3,n7,n8,0.122,1,0,0
3,low,4.0,38,OLSR,1001,4,n8,n9,0.105,1,0,0
3,low,4.0,38,OLSR,1001,5,n9,n11,0.071,1,0,0
3,low,4.0,38,OLSR,1001,6,n11,n13,0.128,1,0,0
3,low,4.0,38,OLSR,1001,7,n13,n15,0.123,1,0,0
3,low,4.0,38,OLSR,1001,8,n15,S,0.178,1,0,0
3,low,4.0,38,DSR,1001,0,n1,n3,0.176,1,0,0
3,low,4.0,38,DSR,1001,1,n3,n5,3.093,1,0,1
3,low,4.0,38,DSR,1001,2,n5,n7,4.132,1,1,1
3,low,4.0,38,DSR,1001,3,n7,n8,0.122,1,0,0
3,low,4.0,38,DSR,1001,4,n8,n9,0.105,1,0,0
3,low,4.0,38,DSR,1001,5,n9,n11,0.071,1,0,0
3,low,4.0,38,DSR,1001,6,n11,n13,0.128,1,0,0
3,low,4.0,38,DSR,1001,7,n13,n15,0.123,1,0,0
3,low,4.0,38,DSR,1001,8,n15,S,0.178,1,0,0
3,low,4.0,38,DSDV,1001,0,n1,n3,0.176,1,0,0
3,low,4.0,38,DSDV,1001,1,n3,n5,3.093,1,0,1
3,low,4.0,38,DSDV,1001,2,n5,n7,4.132,1,1,1
3,low,4.0,38,DSDV,1001,3,n7,n8,0.122,1,0,0
3,low,4.0,38,DSDV,1001,4,n8,n9,0.105,1,0,0
3,low,4.0,38,DSDV,1001,5,n9,n11,0.071,1,0,0
3,low,4.0,38,DSDV,1001,6,n11,n13,0.128,1,0,0
3,low,4.0,38,DSDV,1001,7,n13,n15,0.123,1,0,0
3,low,4.0,38,DSDV,1001,8,n15,S,0.178,1,0,0
3,low,4.0,39,AODV,1001,0,n1,n3,0.062,1,0,0
3,low,4.0,39,AODV,1001,1,n3,n5,2.242,1,0,1
3,low,4.0,39,AODV,1001,2,n5,n7,4.303,1,1,1
3,low,4.0,39,AODV,1001,3,n7,n8,0.053,1,0,0
3,low,4.0,39,AODV,1001,4,n8,n9,0.071,1,0,0
3,low,4.0,39,AODV,1001,5,n9,n11,0.105,1,0,0
3,low,4.0,39,AODV,1001,6,n11,n13,0.108,1,0,0
3,low,4.0,39,AODV,1001,7,n13,n15,0.074,1,0,0
3,low,4.0,39,AODV,1001,8,n15,S,0.101,1,0,0
3,low,4.0,39,OLSR,1001,0,n1,n3,0.062,1,0,0
3,low,4.0,39,OLSR,1001,1,n3,n5,2.242,1,0,1
3,low,4.0,39,OLSR,1001,2,n5,n7,4.303,1,1,1
3,low,4.0,39,OLSR,1001,3,n7,n8,0.053,1,0,0
3,low,4.0,39,OLSR,1001,4,n8,n9,0.071,1,0,0
3,low,4.0,39,OLSR,1001,5,n9,n11,0.105,1,0,0
3,low,4.0,39,OLSR,1001,6,n11,n13,0.108,1,0,0
3,low,4.0,39,OLSR,1001,7,n13,n15,0.074,1,0,0
3,low,4.0,39,OLSR,1001,8,n15,S,0.101,1,0,0
3,low,4.0,39,DSR,1001,0,n1,n3,0.062,1,0,0
3,low,4.0,39,DSR,1001,1,n3,n5,2.242,1,0,1
3,low,4.0,39,DSR,1001,2,n5,n7,4.303,1,1,1
3,low,4.0,39,DSR,1001,3,n7,n8,0.053,1,0,0
3,low,4.0,39,DSR,1001,4,n8,n9,0.071,1,0,0
3,low,4.0,39,DSR,1001,5,n9,n11,0.105,1,0,0
3,low,4.0,39,DSR,1001,6,n11,n13,0.108,1,0,0
3,low,4.0,39,DSR,1001,7,n13,n15,0.074,1,0,0
3,low,4.0,39,DSR,1001,8,n15,S,0.101,1,0,0
3,low,4.0,39,DSDV,1001,0,n1,n3,0.062,1,0,0
3,low,4.0,39,DSDV,1001,1,n3,n5,2.242,1,0,1
3,low,4.0,39,DSDV,1001,2,n5,n7,4.303,1,1,1
3,low,4.0,39,DSDV,1001,3,n7,n8,0.053,1,0,0
3,low,4.0,39,DSDV,1001,4,n8,n9,0.071,1,0,0
3,low,4.0,39,DSDV,1001,5,n9,n11,0.105,1,0,0
3,low,4.0,39,DSDV,1001,6,n11,n13,0.108,1,0,0
3,low,4.0,39,DSDV,1001,7,n13,n15,0.074,1,0,0
3,low,4.0,39,DSDV,1001,8,n15,S,0.101,1,0,0
3,low,4.0,40,AODV,1001,0,n1,n3,0.112,1,0,0
3,low,4.0,40,AODV,1001,1,n3,n5,123.223,1,1,1
3,low,4.0,40,AODV,1001,2,n5,n7,4.042,1,1,1
3,low,4.0,40,AODV,1001,3,n7,n8,0.124,1,0,0
3,low,4.0,40,AODV,1001,4,n8,n9,0.158,1,0,0
3,low,4.0,40,AODV,1001,5,n9,n11,0.089,1,0,0
3,low,4.0,40,AODV,1001,6,n11,n13,0.084,1,0,0
3,low,4.0,40,AODV,1001,7,n13,n15,0.127,1,0,0
3,low,4.0,40,AODV,1001,8,n15,S,0.177,1,0,0
3,low,4.0,40,OLSR,1001,0,n1,n3,0.112,1,0,0
3,low,4.0,40,OLSR,1001,1,n3,n5,123.223,1,1,1
3,low,4.0,40,OLSR,1001,2,n5,n7,4.042,1,1,1
3,low,4.0,40,OLSR,1001,3,n7,n8,0.124,1,0,0
3,low,4.0,40,OLSR,1001,4,n8,n9,0.158,1,0,0
3,low,4.0,40,OLSR,1001,5,n9,n11,0.089,1,0,0
3,low,4.0,40,OLSR,1001,6,n11,n13,0.084,1,0,0
3,low,4.0,40,OLSR,1001,7,n13,n15,0.127,1,0,0
3,low,4.0,40,OLSR,1001,8,n15,S,0.177,1,0,0
3,low,4.0,40,DSR,1001,0,n1,n3,0.112,1,0,0
3,low,4.0,40,DSR,1001,1,n3,n5,123.223,1,1,1
3,low,4.0,40,DSR,1001,2,n5,n7,4.042,1,1,1
3,low,4.0,40,DSR,1001,3,n7,n8,0.124,1,0,0
3,low,4.0,40,DSR,1001,4,n8,n9,0.158,1,0,0
3,low,4.0,40,DSR,1001,5,n9,n11,0.089,1,0,0
3,low,4.0,40,DSR,1001,6,n11,n13,0.084,1,0,0
3,low,4.0,40,DSR,1001,7,n13,n15,0.127,1,0,0
3,low,4.0,40,DSR,1001,8,n15,S,0.177,1,0,0
3,low,4.0,40,DSDV,1001,0,n1,n3,0.112,1,0,0
3,low,4.0,40,DSDV,1001,1,n3,n5,123.223,1,1,1
3,low,4.0,40,DSDV,1001,2,n5,n7,4.042,1,1,1
3,low,4.0,40,DSDV,1001,3,n7,n8,0.124,1,0,0
3,low,4.0,40,DSDV,1001,4,n8,n9,0.158,1,0,0
3,low,4.0,40,DSDV,1001,5,n9,n11,0.089,1,0,0
3,low,4.0,40,DSDV,1001,6,n11,n13,0.084,1,0,0
3,low,4.0,40,DSDV,1001,7,n13,n15,0.127,1,0,0
3,low,4.0,40,DSDV,1001,8,n15,S,0.177,1,0,0
3,low,4.0,41,AODV,1001,0,n1,n3,0.075,1,0,0
3,low,4.0,41,AODV,1001,1,n3,n5,2.888,1,0,1
3,low,4.0,41,AODV,1001,2,n5,n7,63.783,1,1,1
3,low,4.0,41,AODV,1001,3,n7,n8,0.115,1,0,0
3,low,4.0,41,AODV,1001,4,n8,n9,0.127,1,0,0
3,low,4.0,41,AODV,1001,5,n9,n11,0.127,1,0,0
3,low,4.0,41,AODV,1001,6,n11,n13,0.089,1,0,0
3,low,4.0,41,AODV,1001,7,n13,n15,0.120,1,0,0
3,low,4.0,41,AODV,1001,8,n15,S,0.127,1,0,0
3,low,4.0,41,OLSR,1001,0,n1,n3,0.075,1,0,0
3,low,4.0,41,OLSR,1001,1,n3,n5,2.888,1,0,1
3,low,4.0,41,OLSR,1001,2,n5,n7,63.783,1,1,1
3,low,4.0,41,OLSR,1001,3,n7,n8,0.115,1,0,0
3,low,4.0,41,OLSR,1001,4,n8,n9,0.127,1,0,0
3,low,4.0,41,OLSR,1001,5,n9,n11,0.127,1,0,0
3,low,4.0,41,OLSR,1001,6,n11,n13,0.089,1,0,0
3,low,4.0,41,OLSR,1001,7,n13,n15,0.120,1,0,0
3,low,4.0,41,OLSR,1001,8,n15,S,0.127,1,0,0
3,low,4.0,41,DSR,1001,0,n1,n3,0.075,1,0,0
3,low,4.0,41,DSR,1001,1,n3,n5,2.888,1,0,1
3,low,4.0,41,DSR,1001,2,n5,n7,63.783,1,1,1
3,low,4.0,41,DSR,1001,3,n7,n8,0.115,1,0,0
3,low,4.0,41,DSR,1001,4,n8,n9,0.127,1,0,0
3,low,4.0,41,DSR,1001,5,n9,n11,0.127,1,0,0
3,low,4.0,41,DSR,1001,6,n11,n13,0.089,1,0,0
3,low,4.0,41,DSR,1001,7,n13,n15,0.120,1,0,0
3,low,4.0,41,DSR,1001,8,n15,S,0.127,1,0,0
3,low,4.0,41,DSDV,1001,0,n1,n3,0.075,1,0,0
3,low,4.0,41,DSDV,1001,1,n3,n5,2.888,1,0,1
3,low,4.0,41,DSDV,1001,2,n5,n7,63.783,1,1,1
3,low,4.0,41,DSDV,1001,3,n7,n8,0.115,1,0,0
3,low,4.0,41,DSDV,1001,4,n8,n9,0.127,1,0,0
3,low,4.0,41,DSDV,1001,5,n9,n11,0.127,1,0,0
3,low,4.0,41,DSDV,1001,6,n11,n13,0.089,1,0,0
3,low,4.0,41,DSDV,1001,7,n13,n15,0.120,1,0,0
3,low,4.0,41,DSDV,1001,8,n15,S,0.127,1,0,0
3,low,4.0,42,AODV,1001,0,n1,n3,0.125,1,0,0
3,low,4.0,42,AODV,1001,1,n3,n5,2.096,1,0,1
3,low,4.0,42,AODV,1001,2,n5,n7,3.415,1,0,1
3,low,4.0,42,AODV,1001,3,n7,n8,0.158,1,0,0
3,low,4.0,42,AODV,1001,4,n8,n9,0.124,1,0,0
3,low,4.0,42,AODV,1001,5,n9,n11,0.154,1,0,0
3,low,4.0,42,AODV,1001,6,n11,n13,0.115,1,0,0
3,low,4.0,42,AODV,1001,7,n13,n15,0.121,1,0,0
3,low,4.0,42,AODV,1001,8,n15,S,0.095,1,0,0
3,low,4.0,42,OLSR,1001,0,n1,n3,0.125,1,0,0
3,low,4.0,42,OLSR,1001,1,n3,n5,2.096,1,0,1
3,low,4.0,42,OLSR,1001,2,n5,n7,3.415,1,0,1
3,low,4.0,42,OLSR,1001,3,n7,n8,0.158,1,0,0
3,low,4.0,42,OLSR,1001,4,n8,n9,0.124,1,0,0
3,low,4.0,42,OLSR,1001,5,n9,n11,0.154,1,0,0
3,low,4.0,42,OLSR,1001,6,n11,n13,0.115,1,0,0
3,low,4.0,42,OLSR,1001,7,n13,n15,0.121,1,0,0
3,low,4.0,42,OLSR,1001,8,n15,S,0.095,1,0,0
3,low,4.0,42,DSR,1001,0,n1,n3,0.125,1,0,0
3,low,4.0,42,DSR,1001,1,n3,n5,2.096,1,0,1
3,low,4.0,42,DSR,1001,2,n5,n7,3.415,1,0,1
3,low,4.0,42,DSR,1001,3,n7,n8,0.158,1,0,0
3,low,4.0,42,DSR,1001,4,n8,n9,0.124,1,0,0
3,low,4.0,42,DSR,1001,5,n9,n11,0.154,1,0,0
3,low,4.0,42,DSR,1001,6,n11,n13,0.115,1,0,0
3,low,4.0,42,DSR,1001,7,n13,n15,0.121,1,0,0
3,low,4.0,42,DSR,1001,8,n15,S,0.095,1,0,0
3,low,4.0,42,DSDV,1001,0,n1,n3,0.125,1,0,0
3,low,4.0,42,DSDV,1001,1,n3,n5,2.096,1,0,1
3,low,4.0,42,DSDV,1001,2,n5,n7,3.415,1,0,1
3,low,4.0,42,DSDV,1001,3,n7,n8,0.158,1,0,0
3,low,4.0,42,DSDV,1001,4,n8,n9,0.124,1,0,0
3,low,4.0,42,DSDV,1001,5,n9,n11,0.154,1,0,0
3,low,4.0,42,DSDV,1001,6,n11,n13,0.115,1,0,0
3,low,4.0,42,DSDV,1001,7,n13,n15,0.121,1,0,0
3,low,4.0,42,DSDV,1001,8,n15,S,0.095,1,0,0
3,low,4.0,43,AODV,1001,0,n1,n3,0.111,1,0,0
3,low,4.0,43,AODV,1001,1,n3,n5,3.223,1,0,1
3,low,4.0,43,AODV,1001,2,n5,n7,4.042,1,1,1
3,low,4.0,43,AODV,1001,3,n7,n8,0.127,1,0,0
3,low,4.0,43,AODV,1001,4,n8,n9,0.154,1,0,0
3,low,4.0,43,AODV,1001,5,n9,n11,0.124,1,0,0
3,low,4.0,43,AODV,1001,6,n11,n13,0.114,1,0,0
3,low,4.0,43,AODV,1001,7,n13,n15,0.165,1,0,0
3,low,4.0,43,AODV,1001,8,n15,S,0.173,1,0,0
3,low,4.0,43,OLSR,1001,0,n1,n3,0.111,1,0,0
3,low,4.0,43,OLSR,1001,1,n3,n5,3.223,1,0,1
3,low,4.0,43,OLSR,1001,2,n5,n7,4.042,1,1,1
3,low,4.0,43,OLSR,1001,3,n7,n8,0.127,1,0,0
3,low,4.0,43,OLSR,1001,4,n8,n9,0.154,1,0,0
3,low,4.0,43,OLSR,1001,5,n9,n11,0.124,1,0,0
3,low,4.0,43,OLSR,1001,6,n11,n13,0.114,1,0,0
3,low,4.0,43,OLSR,1001,7,n13,n15,0.165,1,0,0
3,low,4.0,43,OLSR,1001,8,n15,S,0.173,1,0,0
3,low,4.0,43,DSR,1001,0,n1,n3,0.111,1,0,0
3,low,4.0,43,DSR,1001,1,n3,n5,3.223,1,0,1
3,low,4.0,43,DSR,1001,2,n5,n7,4.042,1,1,1
3,low,4.0,43,DSR,1001,3,n7,n8,0.127,1,0,0
3,low,4.0,43,DSR,1001,4,n8,n9,0.154,1,0,0
3,low,4.0,43,DSR,1001,5,n9,n11,0.124,1,0,0
3,low,4.0,43,DSR,1001,6,n11,n13,0.114,1,0,0
3,low,4.0,43,DSR,1001,7,n13,n15,0.165,1,0,0
3,low,4.0,43,DSR,1001,8,n15,S,0.173,1,0,0
3,low,4.0,43,DSDV,1001,0,n1,n3,0.111,1,0,0
3,low,4.0,43,DSDV,1001,1,n3,n5,3.223,1,0,1
3,low,4.0,43,DSDV,1001,2,n5,n7,4.042,1,1,1
3,low,4.0,43,DSDV,1001,3,n7,n8,0.127,1,0,0
3,low,4.0,43,DSDV,1001,4,n8,n9,0.154,1,0,0
3,low,4.0,43,DSDV,1001,5,n9,n11,0.124,1,0,0
3,low,4.0,43,DSDV,1001,6,n11,n13,0.114,1,0,0
3,low,4.0,43,DSDV,1001,7,n13,n15,0.165,1,0,0
3,low,4.0,43,DSDV,1001,8,n15,S,0.173,1,0,0
3,low,4.0,44,AODV,1001,0,n1,n3,0.115,1,0,0
3,low,4.0,44,AODV,1001,1,n3,n5,64.042,1,1,1
3,low,4.0,44,AODV,1001,2,n5,n7,122.888,1,1,1
3,low,4.0,44,AODV,1001,3,n7,n8,0.112,1,0,0
3,low,4.0,44,AODV,1001,4,n8,n9,0.152,1,0,0
3,low,4.0,44,AODV,1001,5,n9,n11,0.152,1,0,0
3,low,4.0,44,AODV,1001,6,n11,n13,0.100,1,0,0
3,low,4.0,44,AODV,1001,7,n13,n15,0.092,1,0,0
3,low,4.0,44,AODV,1001,8,n15,S,0.082,1,0,0
3,low,4.0,44,OLSR,1001,0,n1,n3,0.115,1,0,0
3,low,4.0,44,OLSR,1001,1,n3,n5,64.042,1,1,1
3,low,4.0,44,OLSR,1001,2,n5,n7,122.888,1,1,1
3,low,4.0,44,OLSR,1001,3,n7,n8,0.112,1,0,0
3,low,4.0,44,OLSR,1001,4,n8,n9,0.152,1,0,0
3,low,4.0,44,OLSR,1001,5,n9,n11,0.152,1,0,0
3,low,4.0,44,OLSR,1001,6,n11,n13,0.100,1,0,0
3,low,4.0,44,OLSR,1001,7,n13,n15,0.092,1,0,0
3,low,4.0,44,OLSR,1001,8,n15,S,0.082,1,0,0
3,low,4.0,44,DSR,1001,0,n1,n3,0.115,1,0,0
3,low,4.0,44,DSR,1001,1,n3,n5,64.042,1,1,1
3,low,4.0,44,DSR,1001,2,n5,n7,122.888,1,1,1
3,low,4.0,44,DSR,1001,3,n7,n8,0.112,1,0,0
3,low,4.0,44,DSR,1001,4,n8,n9,0.152,1,0,0
3,low,4.0,44,DSR,1001,5,n9,n11,0.152,1,0,0
3,low,4.0,44,DSR,1001,6,n11,n13,0.100,1,0,0
3,low,4.0,44,DSR,1001,7,n13,n15,0.092,1,0,0
3,low,4.0,44,DSR,1001,8,n15,S,0.082,1,0,0
3,low,4.0,44,DSDV,1001,0,n1,n3,0.115,1,0,0
3,low,4.0,44,DSDV,1001,1,n3,n5,64.042,1,1,1
3,low,4.0,44,DSDV,1001,2,n5,n7,122.888,1,1,1
3,low,4.0,44,DSDV,1001,3,n7,n8,0.112,1,0,0
3,low,4.0,44,DSDV,1001,4,n8,n9,0.152,1,0,0
3,low,4.0,44,DSDV,1001,5,n9,n11,0.152,1,0,0
3,low,4.0,44,DSDV,1001,6,n11,n13,0.100,1,0,0
3,low,4.0,44,DSDV,1001,7,n13,n15,0.092,1,0,0
3,low,4.0,44,DSDV,1001,8,n15,S,0.082,1,0,0
3,low,5.0,37,AODV,1001,0,n1,n3,0.142,1,0,0
3,low,5.0,37,AODV,1001,1,n3,n5,63.610,1,1,1
3,low,5.0,37,AODV,1001,2,n5,n7,3.942,1,0,1
3,low,5.0,37,AODV,1001,3,n7,n8,0.128,1,0,0
3,low,5.0,37,AODV,1001,4,n8,n9,0.105,1,0,0
3,low,5.0,37,AODV,1001,5,n9,n11,0.105,1,0,0
3,low,5.0,37,AODV,1001,6,n11,n13,0.149,1,0,0
3,low,5.0,37,AODV,1001,7,n13,n15,0.163,1,0,0
3,low,5.0,37,AODV,1001,8,n15,S,0.065,1,0,0
3,low,5.0,37,OLSR,1001,0,n1,n3,0.142,1,0,0
3,low,5.0,37,OLSR,1001,1,n3,n5,63.610,1,1,1
3,low,5.0,37,OLSR,1001,2,n5,n7,3.942,1,0,1
3,low,5.0,37,OLSR,1001,3,n7,n8,0.128,1,0,0
3,low,5.0,37,OLSR,1001,4,n8,n9,0.105,1,0,0
3,low,5.0,37,OLSR,1001,5,n9,n11,0.105,1,0,0
3,low,5.0,37,OLSR,1001,6,n11,n13,0.149,1,0,0
3,low,5.0,37,OLSR,1001,7,n13,n15,0.163,1,0,0
3,low,5.0,37,OLSR,1001,8,n15,S,0.065,1,0,0
3,low,5.0,37,DSR,1001,0,n1,n3,0.142,1,0,0
3,low,5.0,37,DSR,1001,1,n3,n5,63.610,1,1,1
3,low,5.0,37,DSR,1001,2,n5,n7,3.942,1,0,1
3,low,5.0,37,DSR,1001,3,n7,n8,0.128,1,0,0
3,low,5.0,37,DSR,1001,4,n8,n9,0.105,1,0,0
3,low,5.0,37,DSR,1001,5,n9,n11,0.105,1,0,0
3,low,5.0,37,DSR,1001,6,n11,n13,0.149,1,0,0
3,low,5.0,37,DSR,1001,7,n13,n15,0.163,1,0,0
3,low,5.0,37,DSR,1001,8,n15,S,0.065,1,0,0
3,low,5.0,37,DSDV,1001,0,n1,n3,0.142,1,0,0
3,low,5.0,37,DSDV,1001,1,n3,n5,63.610,1,1,1
3,low,5.0,37,DSDV,1001,2,n5,n7,3.942,1,0,1
3,low,5.0,37,DSDV,1001,3,n7,n8,0.128,1,0,0
3,low,5.0,37,DSDV,1001,4,n8,n9,0.105,1,0,0
3,low,5.0,37,DSDV,1001,5,n9,n11,0.105,1,0,0
3,low,5.0,37,DSDV,1001,6,n11,n13,0.149,1,0,0
3,low,5.0,37,DSDV,1001,7,n13,n15,0.163,1,0,0
3,low,5.0,37,DSDV,1001,8,n15,S,0.065,1,0,0
3,low,5.0,38,AODV,1001,0,n1,n3,0.176,1,0,0
3,low,5.0,38,AODV,1001,1,n3,n5,3.093,1,0,1
3,low,5.0,38,AODV,1001,2,n5,n7,4.132,1,0,1
3,low,5.0,38,AODV,1001,3,n7,n8,0.122,1,0,0
3,low,5.0,38,AODV,1001,4,n8,n9,0.105,1,0,0
3,low,5.0,38,AODV,1001,5,n9,n11,0.071,1,0,0
3,low,5.0,38,AODV,1001,6,n11,n13,0.128,1,0,0
3,low,5.0,38,AODV,1001,7,n13,n15,0.123,1,0,0
3,low,5.0,38,AODV,1001,8,n15,S,0.178,1,0,0
3,low,5.0,38,OLSR,1001,0,n1,n3,0.176,1,0,0
3,low,5.0,38,OLSR,1001,1,n3,n5,3.093,1,0,1
3,low,5.0,38,OLSR,1001,2,n5,n7,4.132,1,0,1
3,low,5.0,38,OLSR,1001,3,n7,n8,0.122,1,0,0
3,low,5.0,38,OLSR,1001,4,n8,n9,0.105,1,0,0
3,low,5.0,38,OLSR,1001,5,n9,n11,0.071,1,0,0
3,low,5.0,38,OLSR,1001,6,n11,n13,0.128,1,0,0
3,low,5.0,38,OLSR,1001,7,n13,n15,0.123,1,0,0
3,low,5.0,38,OLSR,1001,8,n15,S,0.178,1,0,0
3,low,5.0,38,DSR,1001,0,n1,n3,0.176,1,0,0
3,low,5.0,38,DSR,1001,1,n3,n5,3.093,1,0,1
3,low,5.0,38,DSR,1001,2,n5,n7,4.132,1,0,1
3,low,5.0,38,DSR,1001,3,n7,n8,0.122,1,0,0
3,low,5.0,38,DSR,1001,4,n8,n9,0.105,1,0,0
3,low,5.0,38,DSR,1001,5,n9,n11,0.071,1,0,0
3,low,5.0,38,DSR,1001,6,n11,n13,0.128,1,0,0
3,low,5.0,38,DSR,1001,7,n13,n15,0.123,1,0,0
3,low,5.0,38,DSR,1001,8,n15,S,0.178,1,0,0
3,low,5.0,38,DSDV,1001,0,n1,n3,0.176,1,0,0
3,low,5.0,38,DSDV,1001,1,n3,n5,3.093,1,0,1
3,low,5.0,38,DSDV,1001,2,n5,n7,4.132,1,0,1
3,low,5.0,38,DSDV,1001,3,n7,n8,0.122,1,0,0
3,low,5.0,38,DSDV,1001,4,n8,n9,0.105,1,0,0
3,low,5.0,38,DSDV,1001,5,n9,n11,0.071,1,0,0
3,low,5.0,38,DSDV,1001,6,n11,n13,0.128,1,0,0
3,low,5.0,38,DSDV,1001,7,n13,n15,0.123,1,0,0
3,low,5.0,38,DSDV,1001,8,n15,S,0.178,1,0,0
3,low,5.0,39,AODV,1001,0,n1,n3,0.062,1,0,0
3,low,5.0,39,AODV,1001,1,n3,n5,2.242,1,0,1
3,low,5.0,39,AODV,1001,2,n5,n7,4.303,1,0,1
3,low,5.0,39,AODV,1001,3,n7,n8,0.053,1,0,0
3,low,5.0,39,AODV,1001,4,n8,n9,0.071,1,0,0
3,low,5.0,39,AODV,1001,5,n9,n11,0.105,1,0,0
3,low,5.0,39,AODV,1001,6,n11,n13,0.108,1,0,0
3,low,5.0,39,AODV,1001,7,n13,n15,0.074,1,0,0
3,low,5.0,39,AODV,1001,8,n15,S,0.101,1,0,0
3,low,5.0,39,OLSR,1001,0,n1,n3,0.062,1,0,0
3,low,5.0,39,OLSR,1001,1,n3,n5,2.242,1,0,1
3,low,5.0,39,OLSR,1001,2,n5,n7,4.303,1,0,1
3,low,5.0,39,OLSR,1001,3,n7,n8,0.053,1,0,0
3,low,5.0,39,OLSR,1001,4,n8,n9,0.071,1,0,0
3,low,5.0,39,OLSR,1001,5,n9,n11,0.105,1,0,0
3,low,5.0,39,OLSR,1001,6,n11,n13,0.108,1,0,0
3,low,5.0,39,OLSR,1001,7,n13,n15,0.074,1,0,0
3,low,5.0,39,OLSR,1001,8,n15,S,0.101,1,0,0
3,low,5.0,39,DSR,1001,0,n1,n3,0.062,1,0,0
3,low,5.0,39,DSR,1001,1,n3,n5,2.242,1,0,1
3,low,5.0,39,DSR,1001,2,n5,n7,4.303,1,0,1
3,low,5.0,39,DSR,1001,3,n7,n8,0.053,1,0,0
3,low,5.0,39,DSR,1001,4,n8,n9,0.071,1,0,0
3,low,5.0,39,DSR,1001,5,n9,n11,0.105,1,0,0
3,low,5.0,39,DSR,1001,6,n11,n13,0.108,1,0,0
3,low,5.0,39,DSR,1001,7,n13,n15,0.074,1,0,0
3,low,5.0,39,DSR,1001,8,n15,S,0.101,1,0,0
3,low,5.0,39,DSDV,1001,0,n1,n3,0.062,1,0,0
3,low,5.0,39,DSDV,1001,1,n3,n5,2.242,1,0,1
3,low,5.0,39,DSDV,1001,2,n5,n7,4.303,1,0,1
3,low,5.0,39,DSDV,1001,3,n7,n8,0.053,1,0,0
3,low,5.0,39,DSDV,1001,4,n8,n9,0.071,1,0,0
3,low,5.0,39,DSDV,1001,5,n9,n11,0.105,1,0,0
3,low,5.0,39,DSDV,1001,6,n11,n13,0.108,1,0,0
3,low,5.0,39,DSDV,1001,7,n13,n15,0.074,1,0,0
3,low,5.0,39,DSDV,1001,8,n15,S,0.101,1,0,0
3,low,5.0,40,AODV,1001,0,n1,n3,0.112,1,0,0
3,low,5.0,40,AODV,1001,1,n3,n5,123.223,1,1,1
3,low,5.0,40,AODV,1001,2,n5,n7,4.042,1,0,1
3,low,5.0,40,AODV,1001,3,n7,n8,0.124,1,0,0
3,low,5.0,40,AODV,1001,4,n8,n9,0.158,1,0,0
3,low,5.0,40,AODV,1001,5,n9,n11,0.089,1,0,0
3,low,5.0,40,AODV,1001,6,n11,n13,0.084,1,0,0
3,low,5.0,40,AODV,1001,7,n13,n15,0.127,1,0,0
3,low,5.0,40,AODV,1001,8,n15,S,0.177,1,0,0
3,low,5.0,40,OLSR,1001,0,n1,n3,0.112,1,0,0
3,low,5.0,40,OLSR,1001,1,n3,n5,123.223,1,1,1
3,low,5.0,40,OLSR,1001,2,n5,n7,4.042,1,0,1
3,low,5.0,40,OLSR,1001,3,n7,n8,0.124,1,0,0
3,low,5.0,40,OLSR,1001,4,n8,n9,0.158,1,0,0
3,low,5.0,40,OLSR,1001,5,n9,n11,0.089,1,0,0
3,low,5.0,40,OLSR,1001,6,n11,n13,0.084,1,0,0
3,low,5.0,40,OLSR,1001,7,n13,n15,0.127,1,0,0
3,low,5.0,40,OLSR,1001,8,n15,S,0.177,1,0,0
3,low,5.0,40,DSR,1001,0,n1,n3,0.112,1,0,0
3,low,5.0,40,DSR,1001,1,n3,n5,123.223,1,1,1
3,low,5.0,40,DSR,1001,2,n5,n7,4.042,1,0,1
3,low,5.0,40,DSR,1001,3,n7,n8,0.124,1,0,0
3,low,5.0,40,DSR,1001,4,n8,n9,0.158,1,0,0
3,low,5.0,40,DSR,1001,5,n9,n11,0.089,1,0,0
3,low,5.0,40,DSR,1001,6,n11,n13,0.084,1,0,0
3,low,5.0,40,DSR,1001,7,n13,n15,0.127,1,0,0
3,low,5.0,40,DSR,1001,8,n15,S,0.177,1,0,0
3,low,5.0,40,DSDV,1001,0,n1,n3,0.112,1,0,0
3,low,5.0,40,DSDV,1001,1,n3,n5,123.223,1,1,1
3,low,5.0,40,DSDV,1001,2,n5,n7,4.042,1,0,1
3,low,5.0,40,DSDV,1001,3,n7,n8,0.124,1,0,0
3,low,5.0,40,DSDV,1001,4,n8,n9,0.158,1,0,0
3,low,5.0,40,DSDV,1001,5,n9,n11,0.089,1,0,0
3,low,5.0,40,DSDV,1001,6,n11,n13,0.084,1,0,0
3,low,5.0,40,DSDV,1001,7,n13,n15,0.127,1,0,0
3,low,5.0,40,DSDV,1001,8,n15,S,0.177,1,0,0
3,low,5.0,41,AODV,1001,0,n1,n3,0.075,1,0,0
3,low,5.0,41,AODV,1001,1,n3,n5,2.888,1,0,1
3,low,5.0,41,AODV,1001,2,n5,n7,63.783,1,1,1
3,low,5.0,41,AODV,1001,3,n7,n8,0.115,1,0,0
3,low,5.0,41,AODV,1001,4,n8,n9,0.127,1,0,0
3,low,5.0,41,AODV,1001,5,n9,n11,0.127,1,0,0
3,low,5.0,41,AODV,1001,6,n11,n13,0.089,1,0,0
3,low,5.0,41,AODV,1001,7,n13,n15,0.120,1,0,0
3,low,5.0,41,AODV,1001,8,n15,S,0.127,1,0,0
3,low,5.0,41,OLSR,1001,0,n1,n3,0.075,1,0,0
3,low,5.0,41,OLSR,1001,1,n3,n5,2.888,1,0,1
3,low,5.0,41,OLSR,1001,2,n5,n7,63.783,1,1,1
3,low,5.0,41,OLSR,1001,3,n7,n8,0.115,1,0,0
3,low,5.0,41,OLSR,1001,4,n8,n9,0.127,1,0,0
3,low,5.0,41,OLSR,1001,5,n9,n11,0.127,1,0,0
3,low,5.0,41,OLSR,1001,6,n11,n13,0.089,1,0,0
3,low,5.0,41,OLSR,1001,7,n13,n15,0.120,1,0,0
3,low,5.0,41,OLSR,1001,8,n15,S,0.127,1,0,0
3,low,5.0,41,DSR,1001,0,n1,n3,0.075,1,0,0
3,low,5.0,41,DSR,1001,1,n3,n5,2.888,1,0,1
3,low,5.0,41,DSR,1001,2,n5,n7,63.783,1,1,1
3,low,5.0,41,DSR,1001,3,n7,n8,0.115,1,0,0
3,low,5.0,41,DSR,1001,4,n8,n9,0.127,1,0,0
3,low,5.0,41,DSR,1001,5,n9,n11,0.127,1,0,0
3,low,5.0,41,DSR,1001,6,n11,n13,0.089,1,0,0
3,low,5.0,41,DSR,1001,7,n13,n15,0.120,1,0,0
3,low,5.0,41,DSR,1001,8,n15,S,0.127,1,0,0
3,low,5.0,41,DSDV,1001,0,n1,n3,0.075,1,0,0
3,low,5.0,41,DSDV,1001,1,n3,n5,2.888,1,0,1
3,low,5.0,41,DSDV,1001,2,n5,n7,63.783,1,1,1
3,low,5.0,41,DSDV,1001,3,n7,n8,0.115,1,0,0
3,low,5.0,41,DSDV,1001,4,n8,n9,0.127,1,0,0
3,low,5.0,41,DSDV,1001,5,n9,n11,0.127,1,0,0
3,low,5.0,41,DSDV,1001,6,n11,n13,0.089,1,0,0
3,low,5.0,41,DSDV,1001,7,n13,n15,0.120,1,0,0
3,low,5.0,41,DSDV,1001,8,n15,S,0.127,1,0,0
3,low,5.0,42,AODV,1001,0,n1,n3,0.125,1,0,0
3,low,5.0,42,AODV,1001,1,n3,n5,2.096,1,0,1
3,low,5.0,42,AODV,1001,2,n5,n7,3.415,1,0,1
3,low,5.0,42,AODV,1001,3,n7,n8,0.158,1,0,0
3,low,5.0,42,AODV,1001,4,n8,n9,0.124,1,0,0
3,low,5.0,42,AODV,1001,5,n9,n11,0.154,1,0,0
3,low,5.0,42,AODV,1001,6,n11,n13,0.115,1,0,0
3,low,5.0,42,AODV,1001,7,n13,n15,0.121,1,0,0
3,low,5.0,42,AODV,1001,8,n15,S,0.095,1,0,0
3,low,5.0,42,OLSR,1001,0,n1,n3,0.125,1,0,0
3,low,5.0,42,OLSR,1001,1,n3,n5,2.096,1,0,1
3,low,5.0,42,OLSR,1001,2,n5,n7,3.415,1,0,1
3,low,5.0,42,OLSR,1001,3,n7,n8,0.158,1,0,0
3,low,5.0,42,OLSR,1001,4,n8,n9,0.124,1,0,0
3,low,5.0,42,OLSR,1001,5,n9,n11,0.154,1,0,0
3,low,5.0,42,OLSR,1001,6,n11,n13,0.115,1,0,0
3,low,5.0,42,OLSR,1001,7,n13,n15,0.121,1,0,0
3,low,5.0,42,OLSR,1001,8,n15,S,0.095,1,0,0
3,low,5.0,42,DSR,1001,0,n1,n3,0.125,1,0,0
3,low,5.0,42,DSR,1001,1,n3,n5,2.096,1,0,1
3,low,5.0,42,DSR,1001,2,n5,n7,3.415,1,0,1
3,low,5.0,42,DSR,1001,3,n7,n8,0.158,1,0,0
3,low,5.0,42,DSR,1001,4,n8,n9,0.124,1,0,0
3,low,5.0,42,DSR,1001,5,n9,n11,0.154,1,0,0
3,low,5.0,42,DSR,1001,6,n11,n13,0.115,1,0,0
3,low,5.0,42,DSR,1001,7,n13,n15,0.121,1,0,0
3,low,5.0,42,DSR,1001,8,n15,S,0.095,1,0,0
3,low,5.0,42,DSDV,1001,0,n1,n3,0.125,1,0,0
3,low,5.0,42,DSDV,1001,1,n3,n5,2.096,1,0,1
3,low,5.0,42,DSDV,1001,2,n5,n7,3.415,1,0,1
3,low,5.0,42,DSDV,1001,3,n7,n8,0.158,1,0,0
3,low,5.0,42,DSDV,1001,4,n8,n9,0.124,1,0,0
3,low,5.0,42,DSDV,1001,5,n9,n11,0.154,1,0,0
3,low,5.0,42,DSDV,1001,6,n11,n13,0.115,1,0,0
3,low,5.0,42,DSDV,1001,7,n13,n15,0.121,1,0,0
3,low,5.0,42,DSDV,1001,8,n15,S,0.095,1,0,0
3,low,5.0,43,AODV,1001,0,n1,n3,0.111,1,0,0
3,low,5.0,43,AODV,1001,1,n3,n5,3.223,1,0,1
3,low,5.0,43,AODV,1001,2,n5,n7,4.042,1,0,1
3,low,5.0,43,AODV,1001,3,n7,n8,0.127,1,0,0
3,low,5.0,43,AODV,1001,4,n8,n9,0.154,1,0,0
3,low,5.0,43,AODV,1001,5,n9,n11,0.124,1,0,0
3,low,5.0,43,AODV,1001,6,n11,n13,0.114,1,0,0
3,low,5.0,43,AODV,1001,7,n13,n15,0.165,1,0,0
3,low,5.0,43,AODV,1001,8,n15,S,0.173,1,0,0
3,low,5.0,43,OLSR,1001,0,n1,n3,0.111,1,0,0
3,low,5.0,43,OLSR,1001,1,n3,n5,3.223,1,0,1
3,low,5.0,43,OLSR,1001,2,n5,n7,4.042,1,0,1
3,low,5.0,43,OLSR,1001,3,n7,n8,0.127,1,0,0
3,low,5.0,43,OLSR,1001,4,n8,n9,0.154,1,0,0
3,low,5.0,43,OLSR,1001,5,n9,n11,0.124,1,0,0
3,low,5.0,43,OLSR,1001,6,n11,n13,0.114,1,0,0
3,low,5.0,43,OLSR,1001,7,n13,n15,0.165,1,0,0
3,low,5.0,43,OLSR,1001,8,n15,S,0.173,1,0,0
3,low,5.0,43,DSR,1001,0,n1,n3,0.111,1,0,0
3,low,5.0,43,DSR,1001,1,n3,n5,3.223,1,0,1
3,low,5.0,43,DSR,1001,2,n5,n7,4.042,1,0,1
3,low,5.0,43,DSR,1001,3,n7,n8,0.127,1,0,0
3,low,5.0,43,DSR,1001,4,n8,n9,0.154,1,0,0
3,low,5.0,43,DSR,1001,5,n9,n11,0.124,1,0,0
3,low,5.0,43,DSR,1001,6,n11,n13,0.114,1,0,0
3,low,5.0,43,DSR,1001,7,n13,n15,0.165,1,0,0
3,low,5.0,43,DSR,1001,8,n15,S,0.173,1,0,0
3,low,5.0,43,DSDV,1001,0,n1,n3,0.111,1,0,0
3,low,5.0,43,DSDV,1001,1,n3,n5,3.223,1,0,1
3,low,5.0,43,DSDV,1001,2,n5,n7,4.042,1,0,1
3,low,5.0,43,DSDV,1001,3,n7,n8,0.127,1,0,0
3,low,5.0,43,DSDV,1001,4,n8,n9,0.154,1,0,0
3,low,5.0,43,DSDV,1001,5,n9,n11,0.124,1,0,0
3,low,5.0,43,DSDV,1001,6,n11,n13,0.114,1,0,0
3,low,5.0,43,DSDV,1001,7,n13,n15,0.165,1,0,0
3,low,5.0,43,DSDV,1001,8,n15,S,0.173,1,0,0
3,low,5.0,44,AODV,1001,0,n1,n3,0.115,1,0,0
3,low,5.0,44,AODV,1001,1,n3,n5,64.042,1,1,1
3,low,5.0,44,AODV,1001,2,n5,n7,122.888,1,1,1
3,low,5.0,44,AODV,1001,3,n7,n8,0.112,1,0,0
3,low,5.0,44,AODV,1001,4,n8,n9,0.152,1,0,0
3,low,5.0,44,AODV,1001,5,n9,n11,0.152,1,0,0
3,low,5.0,44,AODV,1001,6,n11,n13,0.100,1,0,0
3,low,5.0,44,AODV,1001,7,n13,n15,0.092,1,0,0
3,low,5.0,44,AODV,1001,8,n15,S,0.082,1,0,0
3,low,5.0,44,OLSR,1001,0,n1,n3,0.115,1,0,0
3,low,5.0,44,OLSR,1001,1,n3,n5,64.042,1,1,1
3,low,5.0,44,OLSR,1001,2,n5,n7,122.888,1,1,1
3,low,5.0,44,OLSR,1001,3,n7,n8,0.112,1,0,0
3,low,5.0,44,OLSR,1001,4,n8,n9,0.152,1,0,0
3,low,5.0,44,OLSR,1001,5,n9,n11,0.152,1,0,0
3,low,5.0,44,OLSR,1001,6,n11,n13,0.100,1,0,0
3,low,5.0,44,OLSR,1001,7,n13,n15,0.092,1,0,0
3,low,5.0,44,OLSR,1001,8,n15,S,0.082,1,0,0
3,low,5.0,44,DSR,1001,0,n1,n3,0.115,1,0,0
3,low,5.0,44,DSR,1001,1,n3,n5,64.042,1,1,1
3,low,5.0,44,DSR,1001,2,n5,n7,122.888,1,1,1
3,low,5.0,44,DSR,1001,3,n7,n8,0.112,1,0,0
3,low,5.0,44,DSR,1001,4,n8,n9,0.152,1,0,0
3,low,5.0,44,DSR,1001,5,n9,n11,0.152,1,0,0
3,low,5.0,44,DSR,1001,6,n11,n13,0.100,1,0,0
3,low,5.0,44,DSR,1001,7,n13,n15,0.092,1,0,0
3,low,5.0,44,DSR,1001,8,n15,S,0.082,1,0,0
3,low,5.0,44,DSDV,1001,0,n1,n3,0.115,1,0,0
3,low,5.0,44,DSDV,1001,1,n3,n5,64.042,1,1,1
3,low,5.0,44,DSDV,1001,2,n5,n7,122.888,1,1,1
3,low,5.0,44,DSDV,1001,3,n7,n8,0.112,1,0,0
3,low,5.0,44,DSDV,1001,4,n8,n9,0.152,1,0,0
3,low,5.0,44,DSDV,1001,5,n9,n11,0.152,1,0,0
3,low,5.0,44,DSDV,1001,6,n11,n13,0.100,1,0,0
3,low,5.0,44,DSDV,1001,7,n13,n15,0.092,1,0,0
3,low,5.0,44,DSDV,1001,8,n15,S,0.082,1,0,0
3,low,6.0,37,AODV,1001,0,n1,n3,0.142,1,0,0
3,low,6.0,37,AODV,1001,1,n3,n5,63.610,1,1,1
3,low,6.0,37,AODV,1001,2,n5,n7,3.942,1,0,1
3,low,6.0,37,AODV,1001,3,n7,n8,0.128,1,0,0
3,low,6.0,37,AODV,1001,4,n8,n9,0.105,1,0,0
3,low,6.0,37,AODV,1001,5,n9,n11,0.105,1,0,0
3,low,6.0,37,AODV,1001,6,n11,n13,0.149,1,0,0
3,low,6.0,37,AODV,1001,7,n13,n15,0.163,1,0,0
3,low,6.0,37,AODV,1001,8,n15,S,0.065,1,0,0
3,low,6.0,37,OLSR,1001,0,n1,n3,0.142,1,0,0
3,low,6.0,37,OLSR,1001,1,n3,n5,63.610,1,1,1
3,low,6.0,37,OLSR,1001,2,n5,n7,3.942,1,0,1
3,low,6.0,37,OLSR,1001,3,n7,n8,0.128,1,0,0
3,low,6.0,37,OLSR,1001,4,n8,n9,0.105,1,0,0
3,low,6.0,37,OLSR,1001,5,n9,n11,0.105,1,0,0
3,low,6.0,37,OLSR,1001,6,n11,n13,0.149,1,0,0
3,low,6.0,37,OLSR,1001,7,n13,n15,0.163,1,0,0
3,low,6.0,37,OLSR,1001,8,n15,S,0.065,1,0,0
3,low,6.0,37,DSR,1001,0,n1,n3,0.142,1,0,0
3,low,6.0,37,DSR,1001,1,n3,n5,63.610,1,1,1
3,low,6.0,37,DSR,1001,2,n5,n7,3.942,1,0,1
3,low,6.0,37,DSR,1001,3,n7,n8,0.128,1,0,0
3,low,6.0,37,DSR,1001,4,n8,n9,0.105,1,0,0
3,low,6.0,37,DSR,1001,5,n9,n11,0.105,1,0,0
3,low,6.0,37,DSR,1001,6,n11,n13,0.149,1,0,0
3,low,6.0,37,DSR,1001,7,n13,n15,0.163,1,0,0
3,low,6.0,37,DSR,1001,8,n15,S,0.065,1,0,0
3,low,6.0,37,DSDV,1001,0,n1,n3,0.142,1,0,0
3,low,6.0,37,DSDV,1001,1,n3,n5,63.610,1,1,1
3,low,6.0,37,DSDV,1001,2,n5,n7,3.942,1,0,1
3,low,6.0,37,DSDV,1001,3,n7,n8,0.128,1,0,0
3,low,6.0,37,DSDV,1001,4,n8,n9,0.105,1,0,0
3,low,6.0,37,DSDV,1001,5,n9,n11,0.105,1,0,0
3,low,6.0,37,DSDV,1001,6,n11,n13,0.149,1,0,0
3,low,6.0,37,DSDV,1001,7,n13,n15,0.163,1,0,0
3,low,6.0,37,DSDV,1001,8,n15,S,0.065,1,0,0
3,low,6.0,38,AODV,1001,0,n1,n3,0.176,1,0,0
3,low,6.0,38,AODV,1001,1,n3,n5,3.093,1,0,1
3,low,6.0,38,AODV,1001,2,n5,n7,4.132,1,0,1
3,low,6.0,38,AODV,1001,3,n7,n8,0.122,1,0,0
3,low,6.0,38,AODV,1001,4,n8,n9,0.105,1,0,0
3,low,6.0,38,AODV,1001,5,n9,n11,0.071,1,0,0
3,low,6.0,38,AODV,1001,6,n11,n13,0.128,1,0,0
3,low,6.0,38,AODV,1001,7,n13,n15,0.123,1,0,0
3,low,6.0,38,AODV,1001,8,n15,S,0.178,1,0,0
3,low,6.0,38,OLSR,1001,0,n1,n3,0.176,1,0,0
3,low,6.0,38,OLSR,1001,1,n3,n5,3.093,1,0,1
3,low,6.0,38,OLSR,1001,2,n5,n7,4.132,1,0,1
3,low,6.0,38,OLSR,1001,3,n7,n8,0.122,1,0,0
3,low,6.0,38,OLSR,1001,4,n8,n9,0.105,1,0,0
3,low,6.0,38,OLSR,1001,5,n9,n11,0.071,1,0,0
3,low,6.0,38,OLSR,1001,6,n11,n13,0.128,1,0,0
3,low,6.0,38,OLSR,1001,7,n13,n15,0.123,1,0,0
3,low,6.0,38,OLSR,1001,8,n15,S,0.178,1,0,0
3,low,6.0,38,DSR,1001,0,n1,n3,0.176,1,0,0
3,low,6.0,38,DSR,1001,1,n3,n5,3.093,1,0,1
3,low,6.0,38,DSR,1001,2,n5,n7,4.132,1,0,1
3,low,6.0,38,DSR,1001,3,n7,n8,0.122,1,0,0
3,low,6.0,38,DSR,1001,4,n8,n9,0.105,1,0,0
3,low,6.0,38,DSR,1001,5,n9,n11,0.071,1,0,0
3,low,6.0,38,DSR,1001,6,n11,n13,0.128,1,0,0
3,low,6.0,38,DSR,1001,7,n13,n15,0.123,1,0,0
3,low,6.0,38,DSR,1001,8,n15,S,0.178,1,0,0
3,low,6.0,38,DSDV,1001,0,n1,n3,0.176,1,0,0
3,low,6.0,38,DSDV,1001,1,n3,n5,3.093,1,0,1
3,low,6.0,38,DSDV,1001,2,n5,n7,4.132,1,0,1
3,low,6.0,38,DSDV,1001,3,n7,n8,0.122,1,0,0
3,low,6.0,38,DSDV,1001,4,n8,n9,0.105,1,0,0
3,low,6.0,38,DSDV,1001,5,n9,n11,0.071,1,0,0
3,low,6.0,38,DSDV,1001,6,n11,n13,0.128,1,0,0
3,low,6.0,38,DSDV,1001,7,n13,n15,0.123,1,0,0
3,low,6.0,38,DSDV,1001,8,n15,S,0.178,1,0,0
3,low,6.0,39,AODV,1001,0,n1,n3,0.062,1,0,0
3,low,6.0,39,AODV,1001,1,n3,n5,2.242,1,0,1
3,low,6.0,39,AODV,1001,2,n5,n7,4.303,1,0,1
3,low,6.0,39,AODV,1001,3,n7,n8,0.053,1,0,0
3,low,6.0,39,AODV,1001,4,n8,n9,0.071,1,0,0
3,low,6.0,39,AODV,1001,5,n9,n11,0.105,1,0,0
3,low,6.0,39,AODV,1001,6,n11,n13,0.108,1,0,0
3,low,6.0,39,AODV,1001,7,n13,n15,0.074,1,0,0
3,low,6.0,39,AODV,1001,8,n15,S,0.101,1,0,0
3,low,6.0,39,OLSR,1001,0,n1,n3,0.062,1,0,0
3,low,6.0,39,OLSR,1001,1,n3,n5,2.242,1,0,1
3,low,6.0,39,OLSR,1001,2,n5,n7,4.303,1,0,1
3,low,6.0,39,OLSR,1001,3,n7,n8,0.053,1,0,0
3,low,6.0,39,OLSR,1001,4,n8,n9,0.071,1,0,0
3,low,6.0,39,OLSR,1001,5,n9,n11,0.105,1,0,0
3,low,6.0,39,OLSR,1001,6,n11,n13,0.108,1,0,0
3,low,6.0,39,OLSR,1001,7,n13,n15,0.074,1,0,0
3,low,6.0,39,OLSR,1001,8,n15,S,0.101,1,0,0
3,low,6.0,39,DSR,1001,0,n1,n3,0.062,1,0,0
3,low,6.0,39,DSR,1001,1,n3,n5,2.242,1,0,1
3,low,6.0,39,DSR,1001,2,n5,n7,4.303,1,0,1
3,low,6.0,39,DSR,1001,3,n7,n8,0.053,1,0,0
3,low,6.0,39,DSR,1001,4,n8,n9,0.071,1,0,0
3,low,6.0,39,DSR,1001,5,n9,n11,0.105,1,0,0
3,low,6.0,39,DSR,1001,6,n11,n13,0.108,1,0,0
3,low,6.0,39,DSR,1001,7,n13,n15,0.074,1,0,0
3,low,6.0,39,DSR,1001,8,n15,S,0.101,1,0,0
3,low,6.0,39,DSDV,1001,0,n1,n3,0.062,1,0,0
3,low,6.0,39,DSDV,1001,1,n3,n5,2.242,1,0,1
3,low,6.0,39,DSDV,1001,2,n5,n7,4.303,1,0,1
3,low,6.0,39,DSDV,1001,3,n7,n8,0.053,1,0,0
3,low,6.0,39,DSDV,1001,4,n8,n9,0.071,1,0,0
3,low,6.0,39,DSDV,1001,5,n9,n11,0.105,1,0,0
3,low,6.0,39,DSDV,1001,6,n11,n13,0.108,1,0,0
3,low,6.0,39,DSDV,1001,7,n13,n15,0.074,1,0,0
3,low,6.0,39,DSDV,1001,8,n15,S,0.101,1,0,0
3,low,6.0,40,AODV,1001,0,n1,n3,0.112,1,0,0
3,low,6.0,40,AODV,1001,1,n3,n5,123.223,1,1,1
3,low,6.0,40,AODV,1001,2,n5,n7,4.042,1,0,1
3,low,6.0,40,AODV,1001,3,n7,n8,0.124,1,0,0
3,low,6.0,40,AODV,1001,4,n8,n9,0.158,1,0,0
3,low,6.0,40,AODV,1001,5,n9,n11,0.089,1,0,0
3,low,6.0,40,AODV,1001,6,n11,n13,0.084,1,0,0
3,low,6.0,40,AODV,1001,7,n13,n15,0.127,1,0,0
3,low,6.0,40,AODV,1001,8,n15,S,0.177,1,0,0
3,low,6.0,40,OLSR,1001,0,n1,n3,0.112,1,0,0
3,low,6.0,40,OLSR,1001,1,n3,n5,123.223,1,1,1
3,low,6.0,40,OLSR,1001,2,n5,n7,4.042,1,0,1
3,low,6.0,40,OLSR,1001,3,n7,n8,0.124,1,0,0
3,low,6.0,40,OLSR,1001,4,n8,n9,0.158,1,0,0
3,low,6.0,40,OLSR,1001,5,n9,n11,0.089,1,0,0
3,low,6.0,40,OLSR,1001,6,n11,n13,0.084,1,0,0
3,low,6.0,40,OLSR,1001,7,n13,n15,0.127,1,0,0
3,low,6.0,40,OLSR,1001,8,n15,S,0.177,1,0,0
3,low,6.0,40,DSR,1001,0,n1,n3,0.112,1,0,0
3,low,6.0,40,DSR,1001,1,n3,n5,123.223,1,1,1
3,low,6.0,40,DSR,1001,2,n5,n7,4.042,1,0,1
3,low,6.0,40,DSR,1001,3,n7,n8,0.124,1,0,0
3,low,6.0,40,DSR,1001,4,n8,n9,0.158,1,0,0
3,low,6.0,40,DSR,1001,5,n9,n11,0.089,1,0,0
3,low,6.0,40,DSR,1001,6,n11,n13,0.084,1,0,0
3,low,6.0,40,DSR,1001,7,n13,n15,0.127,1,0,0
3,low,6.0,40,DSR,1001,8,n15,S,0.177,1,0,0
3,low,6.0,40,DSDV,1001,0,n1,n3,0.112,1,0,0
3,low,6.0,40,DSDV,1001,1,n3,n5,123.223,1,1,1
3,low,6.0,40,DSDV,1001,2,n5,n7,4.042,1,0,1
3,low,6.0,40,DSDV,1001,3,n7,n8,0.124,1,0,0
3,low,6.0,40,DSDV,1001,4,n8,n9,0.158,1,0,0
3,low,6.0,40,DSDV,1001,5,n9,n11,0.089,1,0,0
3,low,6.0,40,DSDV,1001,6,n11,n13,0.084,1,0,0
3,low,6.0,40,DSDV,1001,7,n13,n15,0.127,1,0,0
3,low,6.0,40,DSDV,1001,8,n15,S,0.177,1,0,0
3,low,6.0,41,AODV,1001,0,n1,n3,0.075,1,0,0
3,low,6.0,41,AODV,1001,1,n3,n5,2.888,1,0,1
3,low,6.0,41,AODV,1001,2,n5,n7,63.783,1,1,1
3,low,6.0,41,AODV,1001,3,n7,n8,0.115,1,0,0
3,low,6.0,41,AODV,1001,4,n8,n9,0.127,1,0,0
3,low,6.0,41,AODV,1001,5,n9,n11,0.127,1,0,0
3,low,6.0,41,AODV,1001,6,n11,n13,0.089,1,0,0
3,low,6.0,41,AODV,1001,7,n13,n15,0.120,1,0,0
3,low,6.0,41,AODV,1001,8,n15,S,0.127,1,0,0
3,low,6.0,41,OLSR,1001,0,n1,n3,0.075,1,0,0
3,low,6.0,41,OLSR,1001,1,n3,n5,2.888,1,0,1
3,low,6.0,41,OLSR,1001,2,n5,n7,63.783,1,1,1
3,low,6.0,41,OLSR,1001,3,n7,n8,0.115,1,0,0
3,low,6.0,41,OLSR,1001,4,n8,n9,0.127,1,0,0
3,low,6.0,41,OLSR,1001,5,n9,n11,0.127,1,0,0
3,low,6.0,41,OLSR,1001,6,n11,n13,0.089,1,0,0
3,low,6.0,41,OLSR,1001,7,n13,n15,0.120,1,0,0
3,low,6.0,41,OLSR,1001,8,n15,S,0.127,1,0,0
3,low,6.0,41,DSR,1001,0,n1,n3,0.075,1,0,0
3,low,6.0,41,DSR,1001,1,n3,n5,2.888,1,0,1
3,low,6.0,41,DSR,1001,2,n5,n7,63.783,1,1,1
3,low,6.0,41,DSR,1001,3,n7,n8,0.115,1,0,0
3,low,6.0,41,DSR,1001,4,n8,n9,0.127,1,0,0
3,low,6.0,41,DSR,1001,5,n9,n11,0.127,1,0,0
3,low,6.0,41,DSR,1001,6,n11,n13,0.089,1,0,0
3,low,6.0,41,DSR,1001,7,n13,n15,0.120,1,0,0
3,low,6.0,41,DSR,1001,8,n15,S,0.127,1,0,0
3,low,6.0,41,DSDV,1001,0,n1,n3,0.075,1,0,0
3,low,6.0,41,DSDV,1001,1,n3,n5,2.888,1,0,1
3,low,6.0,41,DSDV,1001,2,n5,n7,63.783,1,1,1
3,low,6.0,41,DSDV,1001,3,n7,n8,0.115,1,0,0
3,low,6.0,41,DSDV,1001,4,n8,n9,0.127,1,0,0
3,low,6.0,41,DSDV,1001,5,n9,n11,0.127,1,0,0
3,low,6.0,41,DSDV,1001,6,n11,n13,0.089,1,0,0
3,low,6.0,41,DSDV,1001,7,n13,n15,0.120,1,0,0
3,low,6.0,41,DSDV,1001,8,n15,S,0.127,1,0,0
3,low,6.0,42,AODV,1001,0,n1,n3,0.125,1,0,0
3,low,6.0,42,AODV,1001,1,n3,n5,2.096,1,0,1
3,low,6.0,42,AODV,1001,2,n5,n7,3.415,1,0,1
3,low,6.0,42,AODV,1001,3,n7,n8,0.158,1,0,0
3,low,6.0,42,AODV,1001,4,n8,n9,0.124,1,0,0
3,low,6.0,42,AODV,1001,5,n9,n11,0.154,1,0,0
3,low,6.0,42,AODV,1001,6,n11,n13,0.115,1,0,0
3,low,6.0,42,AODV,1001,7,n13,n15,0.121,1,0,0
3,low,6.0,42,AODV,1001,8,n15,S,0.095,1,0,0
3,low,6.0,42,OLSR,1001,0,n1,n3,0.125,1,0,0
3,low,6.0,42,OLSR,1001,1,n3,n5,2.096,1,0,1
3,low,6.0,42,OLSR,1001,2,n5,n7,3.415,1,0,1
3,low,6.0,42,OLSR,1001,3,n7,n8,0.158,1,0,0
3,low,6.0,42,OLSR,1001,4,n8,n9,0.124,1,0,0
3,low,6.0,42,OLSR,1001,5,n9,n11,0.154,1,0,0
3,low,6.0,42,OLSR,1001,6,n11,n13,0.115,1,0,0
3,low,6.0,42,OLSR,1001,7,n13,n15,0.121,1,0,0
3,low,6.0,42,OLSR,1001,8,n15,S,0.095,1,0,0
3,low,6.0,42,DSR,1001,0,n1,n3,0.125,1,0,0
3,low,6.0,42,DSR,1001,1,n3,n5,2.096,1,0,1
3,low,6.0,42,DSR,1001,2,n5,n7,3.415,1,0,1
3,low,6.0,42,DSR,1001,3,n7,n8,0.158,1,0,0
3,low,6.0,42,DSR,1001,4,n8,n9,0.124,1,0,0
3,low,6.0,42,DSR,1001,5,n9,n11,0.154,1,0,0
3,low,6.0,42,DSR,1001,6,n11,n13,0.115,1,0,0
3,low,6.0,42,DSR,1001,7,n13,n15,0.121,1,0,0
3,low,6.0,42,DSR,1001,8,n15,S,0.095,1,0,0
3,low,6.0,42,DSDV,1001,0,n1,n3,0.125,1,0,0
3,low,6.0,42,DSDV,1001,1,n3,n5,2.096,1,0,1
3,low,6.0,42,DSDV,1001,2,n5,n7,3.415,1,0,1
3,low,6.0,42,DSDV,1001,3,n7,n8,0.158,1,0,0
3,low,6.0,42,DSDV,1001,4,n8,n9,0.124,1,0,0
3,low,6.0,42,DSDV,1001,5,n9,n11,0.154,1,0,0
3,low,6.0,42,DSDV,1001,6,n11,n13,0.115,1,0,0
3,low,6.0,42,DSDV,1001,7,n13,n15,0.121,1,0,0
3,low,6.0,42,DSDV,1001,8,n15,S,0.095,1,0,0
3,low,6.0,43,AODV,1001,0,n1,n3,0.111,1,0,0
3,low,6.0,43,AODV,1001,1,n3,n5,3.223,1,0,1
3,low,6.0,43,AODV,1001,2,n5,n7,4.042,1,0,1
3,low,6.0,43,AODV,1001,3,n7,n8,0.127,1,0,0
3,low,6.0,43,AODV,1001,4,n8,n9,0.154,1,0,0
3,low,6.0,43,AODV,1001,5,n9,n11,0.124,1,0,0
3,low,6.0,43,AODV,1001,6,n11,n13,0.114,1,0,0
3,low,6.0,43,AODV,1001,7,n13,n15,0.165,1,0,0
3,low,6.0,43,AODV,1001,8,n15,S,0.173,1,0,0
3,low,6.0,43,OLSR,1001,0,n1,n3,0.111,1,0,0
3,low,6.0,43,OLSR,1001,1,n3,n5,3.223,1,0,1
3,low,6.0,43,OLSR,1001,2,n5,n7,4.042,1,0,1
3,low,6.0,43,OLSR,1001,3,n7,n8,0.127,1,0,0
3,low,6.0,43,OLSR,1001,4,n8,n9,0.154,1,0,0
3,low,6.0,43,OLSR,1001,5,n9,n11,0.124,1,0,0
3,low,6.0,43,OLSR,1001,6,n11,n13,0.114,1,0,0
3,low,6.0,43,OLSR,1001,7,n13,n15,0.165,1,0,0
3,low,6.0,43,OLSR,1001,8,n15,S,0.173,1,0,0
3,low,6.0,43,DSR,1001,0,n1,n3,0.111,1,0,0
3,low,6.0,43,DSR,1001,1,n3,n5,3.223,1,0,1
3,low,6.0,43,DSR,1001,2,n5,n7,4.042,1,0,1
3,low,6.0,43,DSR,1001,3,n7,n8,0.127,1,0,0
3,low,6.0,43,DSR,1001,4,n8,n9,0.154,1,0,0
3,low,6.0,43,DSR,1001,5,n9,n11,0.124,1,0,0
3,low,6.0,43,DSR,1001,6,n11,n13,0.114,1,0,0
3,low,6.0,43,DSR,1001,7,n13,n15,0.165,1,0,0
3,low,6.0,43,DSR,1001,8,n15,S,0.173,1,0,0
3,low,6.0,43,DSDV,1001,0,n1,n3,0.111,1,0,0
3,low,6.0,43,DSDV,1001,1,n3,n5,3.223,1,0,1
3,low,6.0,43,DSDV,1001,2,n5,n7,4.042,1,0,1
3,low,6.0,43,DSDV,1001,3,n7,n8,0.127,1,0,0
3,low,6.0,43,DSDV,1001,4,n8,n9,0.154,1,0,0
3,low,6.0,43,DSDV,1001,5,n9,n11,0.124,1,0,0
3,low,6.0,43,DSDV,1001,6,n11,n13,0.114,1,0,0
3,low,6.0,43,DSDV,1001,7,n13,n15,0.165,1,0,0
3,low,6.0,43,DSDV,1001,8,n15,S,0.173,1,0,0
3,low,6.0,44,AODV,1001,0,n1,n3,0.115,1,0,0
3,low,6.0,44,AODV,1001,1,n3,n5,64.042,1,1,1
3,low,6.0,44,AODV,1001,2,n5,n7,122.888,1,1,1
3,low,6.0,44,AODV,1001,3,n7,n8,0.112,1,0,0
3,low,6.0,44,AODV,1001,4,n8,n9,0.152,1,0,0
3,low,6.0,44,AODV,1001,5,n9,n11,0.152,1,0,0
3,low,6.0,44,AODV,1001,6,n11,n13,0.100,1,0,0
3,low,6.0,44,AODV,1001,7,n13,n15,0.092,1,0,0
3,low,6.0,44,AODV,1001,8,n15,S,0.082,1,0,0
3,low,6.0,44,OLSR,1001,0,n1,n3,0.115,1,0,0
3,low,6.0,44,OLSR,1001,1,n3,n5,64.042,1,1,1
3,low,6.0,44,OLSR,1001,2,n5,n7,122.888,1,1,1
3,low,6.0,44,OLSR,1001,3,n7,n8,0.112,1,0,0
3,low,6.0,44,OLSR,1001,4,n8,n9,0.152,1,0,0
3,low,6.0,44,OLSR,1001,5,n9,n11,0.152,1,0,0
3,low,6.0,44,OLSR,1001,6,n11,n13,0.100,1,0,0
3,low,6.0,44,OLSR,1001,7,n13,n15,0.092,1,0,0
3,low,6.0,44,OLSR,1001,8,n15,S,0.082,1,0,0
3,low,6.0,44,DSR,1001,0,n1,n3,0.115,1,0,0
3,low,6.0,44,DSR,1001,1,n3,n5,64.042,1,1,1
3,low,6.0,44,DSR,1001,2,n5,n7,122.888,1,1,1
3,low,6.0,44,DSR,1001,3,n7,n8,0.112,1,0,0
3,low,6.0,44,DSR,1001,4,n8,n9,0.152,1,0,0
3,low,6.0,44,DSR,1001,5,n9,n11,0.152,1,0,0
3,low,6.0,44,DSR,1001,6,n11,n13,0.100,1,0,0
3,low,6.0,44,DSR,1001,7,n13,n15,0.092,1,0,0
3,low,6.0,44,DSR,1001,8,n15,S,0.082,1,0,0
3,low,6.0,44,DSDV,1001,0,n1,n3,0.115,1,0,0
3,low,6.0,44,DSDV,1001,1,n3,n5,64.042,1,1,1
3,low,6.0,44,DSDV,1001,2,n5,n7,122.888,1,1,1
3,low,6.0,44,DSDV,1001,3,n7,n8,0.112,1,0,0
3,low,6.0,44,DSDV,1001,4,n8,n9,0.152,1,0,0
3,low,6.0,44,DSDV,1001,5,n9,n11,0.152,1,0,0
3,low,6.0,44,DSDV,1001,6,n11,n13,0.100,1,0,0
3,low,6.0,44,DSDV,1001,7,n13,n15,0.092,1,0,0
3,low,6.0,44,DSDV,1001,8,n15,S,0.082,1,0,0
3,low,6.5,37,AODV,1001,0,n1,n3,0.142,1,0,0
3,low,6.5,37,AODV,1001,1,n3,n5,63.610,1,1,1
3,low,6.5,37,AODV,1001,2,n5,n7,3.942,1,0,1
3,low,6.5,37,AODV,1001,3,n7,n8,0.128,1,0,0
3,low,6.5,37,AODV,1001,4,n8,n9,0.105,1,0,0
3,low,6.5,37,AODV,1001,5,n9,n11,0.105,1,0,0
3,low,6.5,37,AODV,1001,6,n11,n13,0.149,1,0,0
3,low,6.5,37,AODV,1001,7,n13,n15,0.163,1,0,0
3,low,6.5,37,AODV,1001,8,n15,S,0.065,1,0,0
3,low,6.5,37,OLSR,1001,0,n1,n3,0.142,1,0,0
3,low,6.5,37,OLSR,1001,1,n3,n5,63.610,1,1,1
3,low,6.5,37,OLSR,1001,2,n5,n7,3.942,1,0,1
3,low,6.5,37,OLSR,1001,3,n7,n8,0.128,1,0,0
3,low,6.5,37,OLSR,1001,4,n8,n9,0.105,1,0,0
3,low,6.5,37,OLSR,1001,5,n9,n11,0.105,1,0,0
3,low,6.5,37,OLSR,1001,6,n11,n13,0.149,1,0,0
3,low,6.5,37,OLSR,1001,7,n13,n15,0.163,1,0,0
3,low,6.5,37,OLSR,1001,8,n15,S,0.065,1,0,0
3,low,6.5,37,DSR,1001,0,n1,n3,0.142,1,0,0
3,low,6.5,37,DSR,1001,1,n3,n5,63.610,1,1,1
3,low,6.5,37,DSR,1001,2,n5,n7,3.942,1,0,1
3,low,6.5,37,DSR,1001,3,n7,n8,0.128,1,0,0
3,low,6.5,37,DSR,1001,4,n8,n9,0.105,1,0,0
3,low,6.5,37,DSR,1001,5,n9,n11,0.105,1,0,0
3,low,6.5,37,DSR,1001,6,n11,n13,0.149,1,0,0
3,low,6.5,37,DSR,1001,7,n13,n15,0.163,1,0,0
3,low,6.5,37,DSR,1001,8,n15,S,0.065,1,0,0
3,low,6.5,37,DSDV,1001,0,n1,n3,0.142,1,0,0
3,low,6.5,37,DSDV,1001,1,n3,n5,63.610,1,1,1
3,low,6.5,37,DSDV,1001,2,n5,n7,3.942,1,0,1
3,low,6.5,37,DSDV,1001,3,n7,n8,0.128,1,0,0
3,low,6.5,37,DSDV,1001,4,n8,n9,0.105,1,0,0
3,low,6.5,37,DSDV,1001,5,n9,n11,0.105,1,0,0
3,low,6.5,37,DSDV,1001,6,n11,n13,0.149,1,0,0
3,low,6.5,37,DSDV,1001,7,n13,n15,0.163,1,0,0
3,low,6.5,37,DSDV,1001,8,n15,S,0.065,1,0,0
3,low,6.5,38,AODV,1001,0,n1,n3,0.176,1,0,0
3,low,6.5,38,AODV,1001,1,n3,n5,3.093,1,0,1
3,low,6.5,38,AODV,1001,2,n5,n7,4.132,1,0,1
3,low,6.5,38,AODV,1001,3,n7,n8,0.122,1,0,0
3,low,6.5,38,AODV,1001,4,n8,n9,0.105,1,0,0
3,low,6.5,38,AODV,1001,5,n9,n11,0.071,1,0,0
3,low,6.5,38,AODV,1001,6,n11,n13,0.128,1,0,0
3,low,6.5,38,AODV,1001,7,n13,n15,0.123,1,0,0
3,low,6.5,38,AODV,1001,8,n15,S,0.178,1,0,0
3,low,6.5,38,OLSR,1001,0,n1,n3,0.176,1,0,0
3,low,6.5,38,OLSR,1001,1,n3,n5,3.093,1,0,1
3,low,6.5,38,OLSR,1001,2,n5,n7,4.132,1,0,1
3,low,6.5,38,OLSR,1001,3,n7,n8,0.122,1,0,0
3,low,6.5,38,OLSR,1001,4,n8,n9,0.105,1,0,0
3,low,6.5,38,OLSR,1001,5,n9,n11,0.071,1,0,0
3,low,6.5,38,OLSR,1001,6,n11,n13,0.128,1,0,0
3,low,6.5,38,OLSR,1001,7,n13,n15,0.123,1,0,0
3,low,6.5,38,OLSR,1001,8,n15,S,0.178,1,0,0
3,low,6.5,38,DSR,1001,0,n1,n3,0.176,1,0,0
3,low,6.5,38,DSR,1001,1,n3,n5,3.093,1,0,1
3,low,6.5,38,DSR,1001,2,n5,n7,4.132,1,0,1
3,low,6.5,38,DSR,1001,3,n7,n8,0.122,1,0,0
3,low,6.5,38,DSR,1001,4,n8,n9,0.105,1,0,0
3,low,6.5,38,DSR,1001,5,n9,n11,0.071,1,0,0
3,low,6.5,38,DSR,1001,6,n11,n13,0.128,1,0,0
3,low,6.5,38,DSR,1001,7,n13,n15,0.123,1,0,0
3,low,6.5,38,DSR,1001,8,n15,S,0.178,1,0,0
3,low,6.5,38,DSDV,1001,0,n1,n3,0.176,1,0,0
3,low,6.5,38,DSDV,1001,1,n3,n5,3.093,1,0,1
3,low,6.5,38,DSDV,1001,2,n5,n7,4.132,1,0,1
3,low,6.5,38,DSDV,1001,3,n7,n8,0.122,1,0,0
3,low,6.5,38,DSDV,1001,4,n8,n9,0.105,1,0,0
3,low,6.5,38,DSDV,1001,5,n9,n11,0.071,1,0,0
3,low,6.5,38,DSDV,1001,6,n11,n13,0.128,1,0,0
3,low,6.5,38,DSDV,1001,7,n13,n15,0.123,1,0,0
3,low,6.5,38,DSDV,1001,8,n15,S,0.178,1,0,0
3,low,6.5,39,AODV,1001,0,n1,n3,0.062,1,0,0
3,low,6.5,39,AODV,1001,1,n3,n5,2.242,1,0,1
3,low,6.5,39,AODV,1001,2,n5,n7,4.303,1,0,1
3,low,6.5,39,AODV,1001,3,n7,n8,0.053,1,0,0
3,low,6.5,39,AODV,1001,4,n8,n9,0.071,1,0,0
3,low,6.5,39,AODV,1001,5,n9,n11,0.105,1,0,0
3,low,6.5,39,AODV,1001,6,n11,n13,0.108,1,0,0
3,low,6.5,39,AODV,1001,7,n13,n15,0.074,1,0,0
3,low,6.5,39,AODV,1001,8,n15,S,0.101,1,0,0
3,low,6.5,39,OLSR,1001,0,n1,n3,0.062,1,0,0
3,low,6.5,39,OLSR,1001,1,n3,n5,2.242,1,0,1
3,low,6.5,39,OLSR,1001,2,n5,n7,4.303,1,0,1
3,low,6.5,39,OLSR,1001,3,n7,n8,0.053,1,0,0
3,low,6.5,39,OLSR,1001,4,n8,n9,0.071,1,0,0
3,low,6.5,39,OLSR,1001,5,n9,n11,0.105,1,0,0
3,low,6.5,39,OLSR,1001,6,n11,n13,0.108,1,0,0
3,low,6.5,39,OLSR,1001,7,n13,n15,0.074,1,0,0
3,low,6.5,39,OLSR,1001,8,n15,S,0.101,1,0,0
3,low,6.5,39,DSR,1001,0,n1,n3,0.062,1,0,0
3,low,6.5,39,DSR,1001,1,n3,n5,2.242,1,0,1
3,low,6.5,39,DSR,1001,2,n5,n7,4.303,1,0,1
3,low,6.5,39,DSR,1001,3,n7,n8,0.053,1,0,0
3,low,6.5,39,DSR,1001,4,n8,n9,0.071,1,0,0
3,low,6.5,39,DSR,1001,5,n9,n11,0.105,1,0,0
3,low,6.5,39,DSR,1001,6,n11,n13,0.108,1,0,0
3,low,6.5,39,DSR,1001,7,n13,n15,0.074,1,0,0
3,low,6.5,39,DSR,1001,8,n15,S,0.101,1,0,0
3,low,6.5,39,DSDV,1001,0,n1,n3,0.062,1,0,0
3,low,6.5,39,DSDV,1001,1,n3,n5,2.242,1,0,1
3,low,6.5,39,DSDV,1001,2,n5,n7,4.303,1,0,1
3,low,6.5,39,DSDV,1001,3,n7,n8,0.053,1,0,0
3,low,6.5,39,DSDV,1001,4,n8,n9,0.071,1,0,0
3,low,6.5,39,DSDV,1001,5,n9,n11,0.105,1,0,0
3,low,6.5,39,DSDV,1001,6,n11,n13,0.108,1,0,0
3,low,6.5,39,DSDV,1001,7,n13,n15,0.074,1,0,0
3,low,6.5,39,DSDV,1001,8,n15,S,0.101,1,0,0
3,low,6.5,40,AODV,1001,0,n1,n3,0.112,1,0,0
3,low,6.5,40,AODV,1001,1,n3,n5,123.223,1,1,1
3,low,6.5,40,AODV,1001,2,n5,n7,4.042,1,0,1
3,low,6.5,40,AODV,1001,3,n7,n8,0.124,1,0,0
3,low,6.5,40,AODV,1001,4,n8,n9,0.158,1,0,0
3,low,6.5,40,AODV,1001,5,n9,n11,0.089,1,0,0
3,low,6.5,40,AODV,1001,6,n11,n13,0.084,1,0,0
3,low,6.5,40,AODV,1001,7,n13,n15,0.127,1,0,0
3,low,6.5,40,AODV,1001,8,n15,S,0.177,1,0,0
3,low,6.5,40,OLSR,1001,0,n1,n3,0.112,1,0,0
3,low,6.5,40,OLSR,1001,1,n3,n5,123.223,1,1,1
3,low,6.5,40,OLSR,1001,2,n5,n7,4.042,1,0,1
3,low,6.5,40,OLSR,1001,3,n7,n8,0.124,1,0,0
3,low,6.5,40,OLSR,1001,4,n8,n9,0.158,1,0,0
3,low,6.5,40,OLSR,1001,5,n9,n11,0.089,1,0,0
3,low,6.5,40,OLSR,1001,6,n11,n13,0.084,1,0,0
3,low,6.5,40,OLSR,1001,7,n13,n15,0.127,1,0,0
3,low,6.5,40,OLSR,1001,8,n15,S,0.177,1,0,0
3,low,6.5,40,DSR,1001,0,n1,n3,0.112,1,0,0
3,low,6.5,40,DSR,1001,1,n3,n5,123.223,1,1,1
3,low,6.5,40,DSR,1001,2,n5,n7,4.042,1,0,1
3,low,6.5,40,DSR,1001,3,n7,n8,0.124,1,0,0
3,low,6.5,40,DSR,1001,4,n8,n9,0.158,1,0,0
3,low,6.5,40,DSR,1001,5,n9,n11,0.089,1,0,0
3,low,6.5,40,DSR,1001,6,n11,n13,0.084,1,0,0
3,low,6.5,40,DSR,1001,7,n13,n15,0.127,1,0,0
3,low,6.5,40,DSR,1001,8,n15,S,0.177,1,0,0
3,low,6.5,40,DSDV,1001,0,n1,n3,0.112,1,0,0
3,low,6.5,40,DSDV,1001,1,n3,n5,123.223,1,1,1
3,low,6.5,40,DSDV,1001,2,n5,n7,4.042,1,0,1
3,low,6.5,40,DSDV,1001,3,n7,n8,0.124,1,0,0
3,low,6.5,40,DSDV,1001,4,n8,n9,0.158,1,0,0
3,low,6.5,40,DSDV,1001,5,n9,n11,0.089,1,0,0
3,low,6.5,40,DSDV,1001,6,n11,n13,0.084,1,0,0
3,low,6.5,40,DSDV,1001,7,n13,n15,0.127,1,0,0
3,low,6.5,40,DSDV,1001,8,n15,S,0.177,1,0,0
3,low,6.5,41,AODV,1001,0,n1,n3,0.075,1,0,0
3,low,6.5,41,AODV,1001,1,n3,n5,2.888,1,0,1
3,low,6.5,41,AODV,1001,2,n5,n7,63.783,1,1,1
3,low,6.5,41,AODV,1001,3,n7,n8,0.115,1,0,0
3,low,6.5,41,AODV,1001,4,n8,n9,0.127,1,0,0
3,low,6.5,41,AODV,1001,5,n9,n11,0.127,1,0,0
3,low,6.5,41,AODV,1001,6,n11,n13,0.089,1,0,0
3,low,6.5,41,AODV,1001,7,n13,n15,0.120,1,0,0
3,low,6.5,41,AODV,1001,8,n15,S,0.127,1,0,0
3,low,6.5,41,OLSR,1001,0,n1,n3,0.075,1,0,0
3,low,6.5,41,OLSR,1001,1,n3,n5,2.888,1,0,1
3,low,6.5,41,OLSR,1001,2,n5,n7,63.783,1,1,1
3,low,6.5,41,OLSR,1001,3,n7,n8,0.115,1,0,0
3,low,6.5,41,OLSR,1001,4,n8,n9,0.127,1,0,0
3,low,6.5,41,OLSR,1001,5,n9,n11,0.127,1,0,0
3,low,6.5,41,OLSR,1001,6,n11,n13,0.089,1,0,0
3,low,6.5,41,OLSR,1001,7,n13,n15,0.120,1,0,0
3,low,6.5,41,OLSR,1001,8,n15,S,0.127,1,0,0
3,low,6.5,41,DSR,1001,0,n1,n3,0.075,1,0,0
3,low,6.5,41,DSR,1001,1,n3,n5,2.888,1,0,1
3,low,6.5,41,DSR,1001,2,n5,n7,63.783,1,1,1
3,low,6.5,41,DSR,1001,3,n7,n8,0.115,1,0,0
3,low,6.5,41,DSR,1001,4,n8,n9,0.127,1,0,0
3,low,6.5,41,DSR,1001,5,n9,n11,0.127,1,0,0
3,low,6.5,41,DSR,1001,6,n11,n13,0.089,1,0,0
3,low,6.5,41,DSR,1001,7,n13,n15,0.120,1,0,0
3,low,6.5,41,DSR,1001,8,n15,S,0.127,1,0,0
3,low,6.5,41,DSDV,1001,0,n1,n3,0.075,1,0,0
3,low,6.5,41,DSDV,1001,1,n3,n5,2.888,1,0,1
3,low,6.5,41,DSDV,1001,2,n5,n7,63.783,1,1,1
3,low,6.5,41,DSDV,1001,3,n7,n8,0.115,1,0,0
3,low,6.5,41,DSDV,1001,4,n8,n9,0.127,1,0,0
3,low,6.5,41,DSDV,1001,5,n9,n11,0.127,1,0,0
3,low,6.5,41,DSDV,1001,6,n11,n13,0.089,1,0,0
3,low,6.5,41,DSDV,1001,7,n13,n15,0.120,1,0,0
3,low,6.5,41,DSDV,1001,8,n15,S,0.127,1,0,0
3,low,6.5,42,AODV,1001,0,n1,n3,0.125,1,0,0
3,low,6.5,42,AODV,1001,1,n3,n5,2.096,1,0,1
3,low,6.5,42,AODV,1001,2,n5,n7,3.415,1,0,1
3,low,6.5,42,AODV,1001,3,n7,n8,0.158,1,0,0
3,low,6.5,42,AODV,1001,4,n8,n9,0.124,1,0,0
3,low,6.5,42,AODV,1001,5,n9,n11,0.154,1,0,0
3,low,6.5,42,AODV,1001,6,n11,n13,0.115,1,0,0
3,low,6.5,42,AODV,1001,7,n13,n15,0.121,1,0,0
3,low,6.5,42,AODV,1001,8,n15,S,0.095,1,0,0
3,low,6.5,42,OLSR,1001,0,n1,n3,0.125,1,0,0
3,low,6.5,42,OLSR,1001,1,n3,n5,2.096,1,0,1
3,low,6.5,42,OLSR,1001,2,n5,n7,3.415,1,0,1
3,low,6.5,42,OLSR,1001,3,n7,n8,0.158,1,0,0
3,low,6.5,42,OLSR,1001,4,n8,n9,0.124,1,0,0
3,low,6.5,42,OLSR,1001,5,n9,n11,0.154,1,0,0
3,low,6.5,42,OLSR,1001,6,n11,n13,0.115,1,0,0
3,low,6.5,42,OLSR,1001,7,n13,n15,0.121,1,0,0
3,low,6.5,42,OLSR,1001,8,n15,S,0.095,1,0,0
3,low,6.5,42,DSR,1001,0,n1,n3,0.125,1,0,0
3,low,6.5,42,DSR,1001,1,n3,n5,2.096,1,0,1
3,low,6.5,42,DSR,1001,2,n5,n7,3.415,1,0,1
3,low,6.5,42,DSR,1001,3,n7,n8,0.158,1,0,0
3,low,6.5,42,DSR,1001,4,n8,n9,0.124,1,0,0
3,low,6.5,42,DSR,1001,5,n9,n11,0.154,1,0,0
3,low,6.5,42,DSR,1001,6,n11,n13,0.115,1,0,0
3,low,6.5,42,DSR,1001,7,n13,n15,0.121,1,0,0
3,low,6.5,42,DSR,1001,8,n15,S,0.095,1,0,0
3,low,6.5,42,DSDV,1001,0,n1,n3,0.125,1,0,0
3,low,6.5,42,DSDV,1001,1,n3,n5,2.096,1,0,1
3,low,6.5,42,DSDV,1001,2,n5,n7,3.415,1,0,1
3,low,6.5,42,DSDV,1001,3,n7,n8,0.158,1,0,0
3,low,6.5,42,DSDV,1001,4,n8,n9,0.124,1,0,0
3,low,6.5,42,DSDV,1001,5,n9,n11,0.154,1,0,0
3,low,6.5,42,DSDV,1001,6,n11,n13,0.115,1,0,0
3,low,6.5,42,DSDV,1001,7,n13,n15,0.121,1,0,0
3,low,6.5,42,DSDV,1001,8,n15,S,0.095,1,0,0
3,low,6.5,43,AODV,1001,0,n1,n3,0.111,1,0,0
3,low,6.5,43,AODV,1001,1,n3,n5,3.223,1,0,1
3,low,6.5,43,AODV,1001,2,n5,n7,4.042,1,0,1
3,low,6.5,43,AODV,1001,3,n7,n8,0.127,1,0,0
3,low,6.5,43,AODV,1001,4,n8,n9,0.154,1,0,0
3,low,6.5,43,AODV,1001,5,n9,n11,0.124,1,0,0
3,low,6.5,43,AODV,1001,6,n11,n13,0.114,1,0,0
3,low,6.5,43,AODV,1001,7,n13,n15,0.165,1,0,0
3,low,6.5,43,AODV,1001,8,n15,S,0.173,1,0,0
3,low,6.5,43,OLSR,1001,0,n1,n3,0.111,1,0,0
3,low,6.5,43,OLSR,1001,1,n3,n5,3.223,1,0,1
3,low,6.5,43,OLSR,1001,2,n5,n7,4.042,1,0,1
3,low,6.5,43,OLSR,1001,3,n7,n8,0.127,1,0,0
3,low,6.5,43,OLSR,1001,4,n8,n9,0.154,1,0,0
3,low,6.5,43,OLSR,1001,5,n9,n11,0.124,1,0,0
3,low,6.5,43,OLSR,1001,6,n11,n13,0.114,1,0,0
3,low,6.5,43,OLSR,1001,7,n13,n15,0.165,1,0,0
3,low,6.5,43,OLSR,1001,8,n15,S,0.173,1,0,0
3,low,6.5,43,DSR,1001,0,n1,n3,0.111,1,0,0
3,low,6.5,43,DSR,1001,1,n3,n5,3.223,1,0,1
3,low,6.5,43,DSR,1001,2,n5,n7,4.042,1,0,1
3,low,6.5,43,DSR,1001,3,n7,n8,0.127,1,0,0
3,low,6.5,43,DSR,1001,4,n8,n9,0.154,1,0,0
3,low,6.5,43,DSR,1001,5,n9,n11,0.124,1,0,0
3,low,6.5,43,DSR,1001,6,n11,n13,0.114,1,0,0
3,low,6.5,43,DSR,1001,7,n13,n15,0.165,1,0,0
3,low,6.5,43,DSR,1001,8,n15,S,0.173,1,0,0
3,low,6.5,43,DSDV,1001,0,n1,n3,0.111,1,0,0
3,low,6.5,43,DSDV,1001,1,n3,n5,3.223,1,0,1
3,low,6.5,43,DSDV,1001,2,n5,n7,4.042,1,0,1
3,low,6.5,43,DSDV,1001,3,n7,n8,0.127,1,0,0
3,low,6.5,43,DSDV,1001,4,n8,n9,0.154,1,0,0
3,low,6.5,43,DSDV,1001,5,n9,n11,0.124,1,0,0
3,low,6.5,43,DSDV,1001,6,n11,n13,0.114,1,0,0
3,low,6.5,43,DSDV,1001,7,n13,n15,0.165,1,0,0
3,low,6.5,43,DSDV,1001,8,n15,S,0.173,1,0,0
3,low,6.5,44,AODV,1001,0,n1,n3,0.115,1,0,0
3,low,6.5,44,AODV,1001,1,n3,n5,64.042,1,1,1
3,low,6.5,44,AODV,1001,2,n5,n7,122.888,1,1,1
3,low,6.5,44,AODV,1001,3,n7,n8,0.112,1,0,0
3,low,6.5,44,AODV,1001,4,n8,n9,0.152,1,0,0
3,low,6.5,44,AODV,1001,5,n9,n11,0.152,1,0,0
3,low,6.5,44,AODV,1001,6,n11,n13,0.100,1,0,0
3,low,6.5,44,AODV,1001,7,n13,n15,0.092,1,0,0
3,low,6.5,44,AODV,1001,8,n15,S,0.082,1,0,0
3,low,6.5,44,OLSR,1001,0,n1,n3,0.115,1,0,0
3,low,6.5,44,OLSR,1001,1,n3,n5,64.042,1,1,1
3,low,6.5,44,OLSR,1001,2,n5,n7,122.888,1,1,1
3,low,6.5,44,OLSR,1001,3,n7,n8,0.112,1,0,0
3,low,6.5,44,OLSR,1001,4,n8,n9,0.152,1,0,0
3,low,6.5,44,OLSR,1001,5,n9,n11,0.152,1,0,0
3,low,6.5,44,OLSR,1001,6,n11,n13,0.100,1,0,0
3,low,6.5,44,OLSR,1001,7,n13,n15,0.092,1,0,0
3,low,6.5,44,OLSR,1001,8,n15,S,0.082,1,0,0
3,low,6.5,44,DSR,1001,0,n1,n3,0.115,1,0,0
3,low,6.5,44,DSR,1001,1,n3,n5,64.042,1,1,1
3,low,6.5,44,DSR,1001,2,n5,n7,122.888,1,1,1
3,low,6.5,44,DSR,1001,3,n7,n8,0.112,1,0,0
3,low,6.5,44,DSR,1001,4,n8,n9,0.152,1,0,0
3,low,6.5,44,DSR,1001,5,n9,n11,0.152,1,0,0
3,low,6.5,44,DSR,1001,6,n11,n13,0.100,1,0,0
3,low,6.5,44,DSR,1001,7,n13,n15,0.092,1,0,0
3,low,6.5,44,DSR,1001,8,n15,S,0.082,1,0,0
3,low,6.5,44,DSDV,1001,0,n1,n3,0.115,1,0,0
3,low,6.5,44,DSDV,1001,1,n3,n5,64.042,1,1,1
3,low,6.5,44,DSDV,1001,2,n5,n7,122.888,1,1,1
3,low,6.5,44,DSDV,1001,3,n7,n8,0.112,1,0,0
3,low,6.5,44,DSDV,1001,4,n8,n9,0.152,1,0,0
3,low,6.5,44,DSDV,1001,5,n9,n11,0.152,1,0,0
3,low,6.5,44,DSDV,1001,6,n11,n13,0.100,1,0,0
3,low,6.5,44,DSDV,1001,7,n13,n15,0.092,1,0,0
3,low,6.5,44,DSDV,1001,8,n15,S,0.082,1,0,0
3,low,7.0,37,AODV,1001,0,n1,n3,0.142,1,0,0
3,low,7.0,37,AODV,1001,1,n3,n5,63.610,1,1,1
3,low,7.0,37,AODV,1001,2,n5,n7,3.942,1,0,1
3,low,7.0,37,AODV,1001,3,n7,n8,0.128,1,0,0
3,low,7.0,37,AODV,1001,4,n8,n9,0.105,1,0,0
3,low,7.0,37,AODV,1001,5,n9,n11,0.105,1,0,0
3,low,7.0,37,AODV,1001,6,n11,n13,0.149,1,0,0
3,low,7.0,37,AODV,1001,7,n13,n15,0.163,1,0,0
3,low,7.0,37,AODV,1001,8,n15,S,0.065,1,0,0
3,low,7.0,37,OLSR,1001,0,n1,n3,0.142,1,0,0
3,low,7.0,37,OLSR,1001,1,n3,n5,63.610,1,1,1
3,low,7.0,37,OLSR,1001,2,n5,n7,3.942,1,0,1
3,low,7.0,37,OLSR,1001,3,n7,n8,0.128,1,0,0
3,low,7.0,37,OLSR,1001,4,n8,n9,0.105,1,0,0
3,low,7.0,37,OLSR,1001,5,n9,n11,0.105,1,0,0
3,low,7.0,37,OLSR,1001,6,n11,n13,0.149,1,0,0
3,low,7.0,37,OLSR,1001,7,n13,n15,0.163,1,0,0
3,low,7.0,37,OLSR,1001,8,n15,S,0.065,1,0,0
3,low,7.0,37,DSR,1001,0,n1,n3,0.142,1,0,0
3,low,7.0,37,DSR,1001,1,n3,n5,63.610,1,1,1
3,low,7.0,37,DSR,1001,2,n5,n7,3.942,1,0,1
3,low,7.0,37,DSR,1001,3,n7,n8,0.128,1,0,0
3,low,7.0,37,DSR,1001,4,n8,n9,0.105,1,0,0
3,low,7.0,37,DSR,1001,5,n9,n11,0.105,1,0,0
3,low,7.0,37,DSR,1001,6,n11,n13,0.149,1,0,0
3,low,7.0,37,DSR,1001,7,n13,n15,0.163,1,0,0
3,low,7.0,37,DSR,1001,8,n15,S,0.065,1,0,0
3,low,7.0,37,DSDV,1001,0,n1,n3,0.142,1,0,0
3,low,7.0,37,DSDV,1001,1,n3,n5,63.610,1,1,1
3,low,7.0,37,DSDV,1001,2,n5,n7,3.942,1,0,1
3,low,7.0,37,DSDV,1001,3,n7,n8,0.128,1,0,0
3,low,7.0,37,DSDV,1001,4,n8,n9,0.105,1,0,0
3,low,7.0,37,DSDV,1001,5,n9,n11,0.105,1,0,0
3,low,7.0,37,DSDV,1001,6,n11,n13,0.149,1,0,0
3,low,7.0,37,DSDV,1001,7,n13,n15,0.163,1,0,0
3,low,7.0,37,DSDV,1001,8,n15,S,0.065,1,0,0
3,low,7.0,38,AODV,1001,0,n1,n3,0.176,1,0,0
3,low,7.0,38,AODV,1001,1,n3,n5,3.093,1,0,1
3,low,7.0,38,AODV,1001,2,n5,n7,4.132,1,0,1
3,low,7.0,38,AODV,1001,3,n7,n8,0.122,1,0,0
3,low,7.0,38,AODV,1001,4,n8,n9,0.105,1,0,0
3,low,7.0,38,AODV,1001,5,n9,n11,0.071,1,0,0
3,low,7.0,38,AODV,1001,6,n11,n13,0.128,1,0,0
3,low,7.0,38,AODV,1001,7,n13,n15,0.123,1,0,0
3,low,7.0,38,AODV,1001,8,n15,S,0.178,1,0,0
3,low,7.0,38,OLSR,1001,0,n1,n3,0.176,1,0,0
3,low,7.0,38,OLSR,1001,1,n3,n5,3.093,1,0,1
3,low,7.0,38,OLSR,1001,2,n5,n7,4.132,1,0,1
3,low,7.0,38,OLSR,1001,3,n7,n8,0.122,1,0,0
3,low,7.0,38,OLSR,1001,4,n8,n9,0.105,1,0,0
3,low,7.0,38,OLSR,1001,5,n9,n11,0.071,1,0,0
3,low,7.0,38,OLSR,1001,6,n11,n13,0.128,1,0,0
3,low,7.0,38,OLSR,1001,7,n13,n15,0.123,1,0,0
3,low,7.0,38,OLSR,1001,8,n15,S,0.178,1,0,0
3,low,7.0,38,DSR,1001,0,n1,n3,0.176,1,0,0
3,low,7.0,38,DSR,1001,1,n3,n5,3.093,1,0,1
3,low,7.0,38,DSR,1001,2,n5,n7,4.132,1,0,1
3,low,7.0,38,DSR,1001,3,n7,n8,0.122,1,0,0
3,low,7.0,38,DSR,1001,4,n8,n9,0.105,1,0,0
3,low,7.0,38,DSR,1001,5,n9,n11,0.071,1,0,0
3,low,7.0,38,DSR,1001,6,n11,n13,0.128,1,0,0
3,low,7.0,38,DSR,1001,7,n13,n15,0.123,1,0,0
3,low,7.0,38,DSR,1001,8,n15,S,0.178,1,0,0
3,low,7.0,38,DSDV,1001,0,n1,n3,0.176,1,0,0
3,low,7.0,38,DSDV,1001,1,n3,n5,3.093,1,0,1
3,low,7.0,38,DSDV,1001,2,n5,n7,4.132,1,0,1
3,low,7.0,38,DSDV,1001,3,n7,n8,0.122,1,0,0
3,low,7.0,38,DSDV,1001,4,n8,n9,0.105,1,0,0
3,low,7.0,38,DSDV,1001,5,n9,n11,0.071,1,0,0
3,low,7.0,38,DSDV,1001,6,n11,n13,0.128,1,0,0
3,low,7.0,38,DSDV,1001,7,n13,n15,0.123,1,0,0
3,low,7.0,38,DSDV,1001,8,n15,S,0.178,1,0,0
3,low,7.0,39,AODV,1001,0,n1,n3,0.062,1,0,0
3,low,7.0,39,AODV,1001,1,n3,n5,2.242,1,0,1
3,low,7.0,39,AODV,1001,2,n5,n7,4.303,1,0,1
3,low,7.0,39,AODV,1001,3,n7,n8,0.053,1,0,0
3,low,7.0,39,AODV,1001,4,n8,n9,0.071,1,0,0
3,low,7.0,39,AODV,1001,5,n9,n11,0.105,1,0,0
3,low,7.0,39,AODV,1001,6,n11,n13,0.108,1,0,0
3,low,7.0,39,AODV,1001,7,n13,n15,0.074,1,0,0
3,low,7.0,39,AODV,1001,8,n15,S,0.101,1,0,0
3,low,7.0,39,OLSR,1001,0,n1,n3,0.062,1,0,0
3,low,7.0,39,OLSR,1001,1,n3,n5,2.242,1,0,1
3,low,7.0,39,OLSR,1001,2,n5,n7,4.303,1,0,1
3,low,7.0,39,OLSR,1001,3,n7,n8,0.053,1,0,0
3,low,7.0,39,OLSR,1001,4,n8,n9,0.071,1,0,0
3,low,7.0,39,OLSR,1001,5,n9,n11,0.105,1,0,0
3,low,7.0,39,OLSR,1001,6,n11,n13,0.108,1,0,0
3,low,7.0,39,OLSR,1001,7,n13,n15,0.074,1,0,0
3,low,7.0,39,OLSR,1001,8,n15,S,0.101,1,0,0
3,low,7.0,39,DSR,1001,0,n1,n3,0.062,1,0,0
3,low,7.0,39,DSR,1001,1,n3,n5,2.242,1,0,1
3,low,7.0,39,DSR,1001,2,n5,n7,4.303,1,0,1
3,low,7.0,39,DSR,1001,3,n7,n8,0.053,1,0,0
3,low,7.0,39,DSR,1001,4,n8,n9,0.071,1,0,0
3,low,7.0,39,DSR,1001,5,n9,n11,0.105,1,0,0
3,low,7.0,39,DSR,1001,6,n11,n13,0.108,1,0,0
3,low,7.0,39,DSR,1001,7,n13,n15,0.074,1,0,0
3,low,7.0,39,DSR,1001,8,n15,S,0.101,1,0,0
3,low,7.0,39,DSDV,1001,0,n1,n3,0.062,1,0,0
3,low,7.0,39,DSDV,1001,1,n3,n5,2.242,1,0,1
3,low,7.0,39,DSDV,1001,2,n5,n7,4.303,1,0,1
3,low,7.0,39,DSDV,1001,3,n7,n8,0.053,1,0,0
3,low,7.0,39,DSDV,1001,4,n8,n9,0.071,1,0,0
3,low,7.0,39,DSDV,1001,5,n9,n11,0.105,1,0,0
3,low,7.0,39,DSDV,1001,6,n11,n13,0.108,1,0,0
3,low,7.0,39,DSDV,1001,7,n13,n15,0.074,1,0,0
3,low,7.0,39,DSDV,1001,8,n15,S,0.101,1,0,0
3,low,7.0,40,AODV,1001,0,n1,n3,0.112,1,0,0
3,low,7.0,40,AODV,1001,1,n3,n5,123.223,1,1,1
3,low,7.0,40,AODV,1001,2,n5,n7,4.042,1,0,1
3,low,7.0,40,AODV,1001,3,n7,n8,0.124,1,0,0
3,low,7.0,40,AODV,1001,4,n8,n9,0.158,1,0,0
3,low,7.0,40,AODV,1001,5,n9,n11,0.089,1,0,0
3,low,7.0,40,AODV,1001,6,n11,n13,0.084,1,0,0
3,low,7.0,40,AODV,1001,7,n13,n15,0.127,1,0,0
3,low,7.0,40,AODV,1001,8,n15,S,0.177,1,0,0
3,low,7.0,40,OLSR,1001,0,n1,n3,0.112,1,0,0
3,low,7.0,40,OLSR,1001,1,n3,n5,123.223,1,1,1
3,low,7.0,40,OLSR,1001,2,n5,n7,4.042,1,0,1
3,low,7.0,40,OLSR,1001,3,n7,n8,0.124,1,0,0
3,low,7.0,40,OLSR,1001,4,n8,n9,0.158,1,0,0
3,low,7.0,40,OLSR,1001,5,n9,n11,0.089,1,0,0
3,low,7.0,40,OLSR,1001,6,n11,n13,0.084,1,0,0
3,low,7.0,40,OLSR,1001,7,n13,n15,0.127,1,0,0
3,low,7.0,40,OLSR,1001,8,n15,S,0.177,1,0,0
3,low,7.0,40,DSR,1001,0,n1,n3,0.112,1,0,0
3,low,7.0,40,DSR,1001,1,n3,n5,123.223,1,1,1
3,low,7.0,40,DSR,1001,2,n5,n7,4.042,1,0,1
3,low,7.0,40,DSR,1001,3,n7,n8,0.124,1,0,0
3,low,7.0,40,DSR,1001,4,n8,n9,0.158,1,0,0
3,low,7.0,40,DSR,1001,5,n9,n11,0.089,1,0,0
3,low,7.0,40,DSR,1001,6,n11,n13,0.084,1,0,0
3,low,7.0,40,DSR,1001,7,n13,n15,0.127,1,0,0
3,low,7.0,40,DSR,1001,8,n15,S,0.177,1,0,0
3,low,7.0,40,DSDV,1001,0,n1,n3,0.112,1,0,0
3,low,7.0,40,DSDV,1001,1,n3,n5,123.223,1,1,1
3,low,7.0,40,DSDV,1001,2,n5,n7,4.042,1,0,1
3,low,7.0,40,DSDV,1001,3,n7,n8,0.124,1,0,0
3,low,7.0,40,DSDV,1001,4,n8,n9,0.158,1,0,0
3,low,7.0,40,DSDV,1001,5,n9,n11,0.089,1,0,0
3,low,7.0,40,DSDV,1001,6,n11,n13,0.084,1,0,0
3,low,7.0,40,DSDV,1001,7,n13,n15,0.127,1,0,0
3,low,7.0,40,DSDV,1001,8,n15,S,0.177,1,0,0
3,low,7.0,41,AODV,1001,0,n1,n3,0.075,1,0,0
3,low,7.0,41,AODV,1001,1,n3,n5,2.888,1,0,1
3,low,7.0,41,AODV,1001,2,n5,n7,63.783,1,1,1
3,low,7.0,41,AODV,1001,3,n7,n8,0.115,1,0,0
3,low,7.0,41,AODV,1001,4,n8,n9,0.127,1,0,0
3,low,7.0,41,AODV,1001,5,n9,n11,0.127,1,0,0
3,low,7.0,41,AODV,1001,6,n11,n13,0.089,1,0,0
3,low,7.0,41,AODV,1001,7,n13,n15,0.120,1,0,0
3,low,7.0,41,AODV,1001,8,n15,S,0.127,1,0,0
3,low,7.0,41,OLSR,1001,0,n1,n3,0.075,1,0,0
3,low,7.0,41,OLSR,1001,1,n3,n5,2.888,1,0,1
3,low,7.0,41,OLSR,1001,2,n5,n7,63.783,1,1,1
3,low,7.0,41,OLSR,1001,3,n7,n8,0.115,1,0,0
3,low,7.0,41,OLSR,1001,4,n8,n9,0.127,1,0,0
3,low,7.0,41,OLSR,1001,5,n9,n11,0.127,1,0,0
3,low,7.0,41,OLSR,1001,6,n11,n13,0.089,1,0,0
3,low,7.0,41,OLSR,1001,7,n13,n15,0.120,1,0,0
3,low,7.0,41,OLSR,1001,8,n15,S,0.127,1,0,0
3,low,7.0,41,DSR,1001,0,n1,n3,0.075,1,0,0
3,low,7.0,41,DSR,1001,1,n3,n5,2.888,1,0,1
3,low,7.0,41,DSR,1001,2,n5,n7,63.783,1,1,1
3,low,7.0,41,DSR,1001,3,n7,n8,0.115,1,0,0
3,low,7.0,41,DSR,1001,4,n8,n9,0.127,1,0,0
3,low,7.0,41,DSR,1001,5,n9,n11,0.127,1,0,0
3,low,7.0,41,DSR,1001,6,n11,n13,0.089,1,0,0
3,low,7.0,41,DSR,1001,7,n13,n15,0.120,1,0,0
3,low,7.0,41,DSR,1001,8,n15,S,0.127,1,0,0
3,low,7.0,41,DSDV,1001,0,n1,n3,0.075,1,0,0
3,low,7.0,41,DSDV,1001,1,n3,n5,2.888,1,0,1
3,low,7.0,41,DSDV,1001,2,n5,n7,63.783,1,1,1
3,low,7.0,41,DSDV,1001,3,n7,n8,0.115,1,0,0
3,low,7.0,41,DSDV,1001,4,n8,n9,0.127,1,0,0
3,low,7.0,41,DSDV,1001,5,n9,n11,0.127,1,0,0
3,low,7.0,41,DSDV,1001,6,n11,n13,0.089,1,0,0
3,low,7.0,41,DSDV,1001,7,n13,n15,0.120,1,0,0
3,low,7.0,41,DSDV,1001,8,n15,S,0.127,1,0,0
3,low,7.0,42,AODV,1001,0,n1,n3,0.125,1,0,0
3,low,7.0,42,AODV,1001,1,n3,n5,2.096,1,0,1
3,low,7.0,42,AODV,1001,2,n5,n7,3.415,1,0,1
3,low,7.0,42,AODV,1001,3,n7,n8,0.158,1,0,0
3,low,7.0,42,AODV,1001,4,n8,n9,0.124,1,0,0
3,low,7.0,42,AODV,1001,5,n9,n11,0.154,1,0,0
3,low,7.0,42,AODV,1001,6,n11,n13,0.115,1,0,0
3,low,7.0,42,AODV,1001,7,n13,n15,0.121,1,0,0
3,low,7.0,42,AODV,1001,8,n15,S,0.095,1,0,0
3,low,7.0,42,OLSR,1001,0,n1,n3,0.125,1,0,0
3,low,7.0,42,OLSR,1001,1,n3,n5,2.096,1,0,1
3,low,7.0,42,OLSR,1001,2,n5,n7,3.415,1,0,1
3,low,7.0,42,OLSR,1001,3,n7,n8,0.158,1,0,0
3,low,7.0,42,OLSR,1001,4,n8,n9,0.124,1,0,0
3,low,7.0,42,OLSR,1001,5,n9,n11,0.154,1,0,0
3,low,7.0,42,OLSR,1001,6,n11,n13,0.115,1,0,0
3,low,7.0,42,OLSR,1001,7,n13,n15,0.121,1,0,0
3,low,7.0,42,OLSR,1001,8,n15,S,0.095,1,0,0
3,low,7.0,42,DSR,1001,0,n1,n3,0.125,1,0,0
3,low,7.0,42,DSR,1001,1,n3,n5,2.096,1,0,1
3,low,7.0,42,DSR,1001,2,n5,n7,3.415,1,0,1
3,low,7.0,42,DSR,1001,3,n7,n8,0.158,1,0,0
3,low,7.0,42,DSR,1001,4,n8,n9,0.124,1,0,0
3,low,7.0,42,DSR,1001,5,n9,n11,0.154,1,0,0
3,low,7.0,42,DSR,1001,6,n11,n13,0.115,1,0,0
3,low,7.0,42,DSR,1001,7,n13,n15,0.121,1,0,0
3,low,7.0,42,DSR,1001,8,n15,S,0.095,1,0,0
3,low,7.0,42,DSDV,1001,0,n1,n3,0.125,1,0,0
3,low,7.0,42,DSDV,1001,1,n3,n5,2.096,1,0,1
3,low,7.0,42,DSDV,1001,2,n5,n7,3.415,1,0,1
3,low,7.0,42,DSDV,1001,3,n7,n8,0.158,1,0,0
3,low,7.0,42,DSDV,1001,4,n8,n9,0.124,1,0,0
3,low,7.0,42,DSDV,1001,5,n9,n11,0.154,1,0,0
3,low,7.0,42,DSDV,1001,6,n11,n13,0.115,1,0,0
3,low,7.0,42,DSDV,1001,7,n13,n15,0.121,1,0,0
3,low,7.0,42,DSDV,1001,8,n15,S,0.095,1,0,0
3,low,7.0,43,AODV,1001,0,n1,n3,0.111,1,0,0
3,low,7.0,43,AODV,1001,1,n3,n5,3.223,1,0,1
3,low,7.0,43,AODV,1001,2,n5,n7,4.042,1,0,1
3,low,7.0,43,AODV,1001,3,n7,n8,0.127,1,0,0
3,low,7.0,43,AODV,1001,4,n8,n9,0.154,1,0,0
3,low,7.0,43,AODV,1001,5,n9,n11,0.124,1,0,0
3,low,7.0,43,AODV,1001,6,n11,n13,0.114,1,0,0
3,low,7.0,43,AODV,1001,7,n13,n15,0.165,1,0,0
3,low,7.0,43,AODV,1001,8,n15,S,0.173,1,0,0
3,low,7.0,43,OLSR,1001,0,n1,n3,0.111,1,0,0
3,low,7.0,43,OLSR,1001,1,n3,n5,3.223,1,0,1
3,low,7.0,43,OLSR,1001,2,n5,n7,4.042,1,0,1
3,low,7.0,43,OLSR,1001,3,n7,n8,0.127,1,0,0
3,low,7.0,43,OLSR,1001,4,n8,n9,0.154,1,0,0
3,low,7.0,43,OLSR,1001,5,n9,n11,0.124,1,0,0
3,low,7.0,43,OLSR,1001,6,n11,n13,0.114,1,0,0
3,low,7.0,43,OLSR,1001,7,n13,n15,0.165,1,0,0
3,low,7.0,43,OLSR,1001,8,n15,S,0.173,1,0,0
3,low,7.0,43,DSR,1001,0,n1,n3,0.111,1,0,0
3,low,7.0,43,DSR,1001,1,n3,n5,3.223,1,0,1
3,low,7.0,43,DSR,1001,2,n5,n7,4.042,1,0,1
3,low,7.0,43,DSR,1001,3,n7,n8,0.127,1,0,0
3,low,7.0,43,DSR,1001,4,n8,n9,0.154,1,0,0
3,low,7.0,43,DSR,1001,5,n9,n11,0.124,1,0,0
3,low,7.0,43,DSR,1001,6,n11,n13,0.114,1,0,0
3,low,7.0,43,DSR,1001,7,n13,n15,0.165,1,0,0
3,low,7.0,43,DSR,1001,8,n15,S,0.173,1,0,0
3,low,7.0,43,DSDV,1001,0,n1,n3,0.111,1,0,0
3,low,7.0,43,DSDV,1001,1,n3,n5,3.223,1,0,1
3,low,7.0,43,DSDV,1001,2,n5,n7,4.042,1,0,1
3,low,7.0,43,DSDV,1001,3,n7,n8,0.127,1,0,0
3,low,7.0,43,DSDV,1001,4,n8,n9,0.154,1,0,0
3,low,7.0,43,DSDV,1001,5,n9,n11,0.124,1,0,0
3,low,7.0,43,DSDV,1001,6,n11,n13,0.114,1,0,0
3,low,7.0,43,DSDV,1001,7,n13,n15,0.165,1,0,0
3,low,7.0,43,DSDV,1001,8,n15,S,0.173,1,0,0
3,low,7.0,44,AODV,1001,0,n1,n3,0.115,1,0,0
3,low,7.0,44,AODV,1001,1,n3,n5,64.042,1,1,1
3,low,7.0,44,AODV,1001,2,n5,n7,122.888,1,1,1
3,low,7.0,44,AODV,1001,3,n7,n8,0.112,1,0,0
3,low,7.0,44,AODV,1001,4,n8,n9,0.152,1,0,0
3,low,7.0,44,AODV,1001,5,n9,n11,0.152,1,0,0
3,low,7.0,44,AODV,1001,6,n11,n13,0.100,1,0,0
3,low,7.0,44,AODV,1001,7,n13,n15,0.092,1,0,0
3,low,7.0,44,AODV,1001,8,n15,S,0.082,1,0,0
3,low,7.0,44,OLSR,1001,0,n1,n3,0.115,1,0,0
3,low,7.0,44,OLSR,1001,1,n3,n5,64.042,1,1,1
3,low,7.0,44,OLSR,1001,2,n5,n7,122.888,1,1,1
3,low,7.0,44,OLSR,1001,3,n7,n8,0.112,1,0,0
3,low,7.0,44,OLSR,1001,4,n8,n9,0.152,1,0,0
3,low,7.0,44,OLSR,1001,5,n9,n11,0.152,1,0,0
3,low,7.0,44,OLSR,1001,6,n11,n13,0.100,1,0,0
3,low,7.0,44,OLSR,1001,7,n13,n15,0.092,1,0,0
3,low,7.0,44,OLSR,1001,8,n15,S,0.082,1,0,0
3,low,7.0,44,DSR,1001,0,n1,n3,0.115,1,0,0
3,low,7.0,44,DSR,1001,1,n3,n5,64.042,1,1,1
3,low,7.0,44,DSR,1001,2,n5,n7,122.888,1,1,1
3,low,7.0,44,DSR,1001,3,n7,n8,0.112,1,0,0
3,low,7.0,44,DSR,1001,4,n8,n9,0.152,1,0,0
3,low,7.0,44,DSR,1001,5,n9,n11,0.152,1,0,0
3,low,7.0,44,DSR,1001,6,n11,n13,0.100,1,0,0
3,low,7.0,44,DSR,1001,7,n13,n15,0.092,1,0,0
3,low,7.0,44,DSR,1001,8,n15,S,0.082,1,0,0
3,low,7.0,44,DSDV,1001,0,n1,n3,0.115,1,0,0
3,low,7.0,44,DSDV,1001,1,n3,n5,64.042,1,1,1
3,low,7.0,44,DSDV,1001,2,n5,n7,122.888,1,1,1
3,low,7.0,44,DSDV,1001,3,n7,n8,0.112,1,0,0
3,low,7.0,44,DSDV,1001,4,n8,n9,0.152,1,0,0
3,low,7.0,44,DSDV,1001,5,n9,n11,0.152,1,0,0
3,low,7.0,44,DSDV,1001,6,n11,n13,0.100,1,0,0
3,low,7.0,44,DSDV,1001,7,n13,n15,0.092,1,0,0
3,low,7.0,44,DSDV,1001,8,n15,S,0.082,1,0,0
3,low,8.0,37,AODV,1001,0,n1,n3,0.142,1,0,0
3,low,8.0,37,AODV,1001,1,n3,n5,63.610,1,1,1
3,low,8.0,37,AODV,1001,2,n5,n7,3.942,1,0,1
3,low,8.0,37,AODV,1001,3,n7,n8,0.128,1,0,0
3,low,8.0,37,AODV,1001,4,n8,n9,0.105,1,0,0
3,low,8.0,37,AODV,1001,5,n9,n11,0.105,1,0,0
3,low,8.0,37,AODV,1001,6,n11,n13,0.149,1,0,0
3,low,8.0,37,AODV,1001,7,n13,n15,0.163,1,0,0
3,low,8.0,37,AODV,1001,8,n15,S,0.065,1,0,0
3,low,8.0,37,OLSR,1001,0,n1,n3,0.142,1,0,0
3,low,8.0,37,OLSR,1001,1,n3,n5,63.610,1,1,1
3,low,8.0,37,OLSR,1001,2,n5,n7,3.942,1,0,1
3,low,8.0,37,OLSR,1001,3,n7,n8,0.128,1,0,0
3,low,8.0,37,OLSR,1001,4,n8,n9,0.105,1,0,0
3,low,8.0,37,OLSR,1001,5,n9,n11,0.105,1,0,0
3,low,8.0,37,OLSR,1001,6,n11,n13,0.149,1,0,0
3,low,8.0,37,OLSR,1001,7,n13,n15,0.163,1,0,0
3,low,8.0,37,OLSR,1001,8,n15,S,0.065,1,0,0
3,low,8.0,37,DSR,1001,0,n1,n3,0.142,1,0,0
3,low,8.0,37,DSR,1001,1,n3,n5,63.610,1,1,1
3,low,8.0,37,DSR,1001,2,n5,n7,3.942,1,0,1
3,low,8.0,37,DSR,1001,3,n7,n8,0.128,1,0,0
3,low,8.0,37,DSR,1001,4,n8,n9,0.105,1,0,0
3,low,8.0,37,DSR,1001,5,n9,n11,0.105,1,0,0
3,low,8.0,37,DSR,1001,6,n11,n13,0.149,1,0,0
3,low,8.0,37,DSR,1001,7,n13,n15,0.163,1,0,0
3,low,8.0,37,DSR,1001,8,n15,S,0.065,1,0,0
3,low,8.0,37,DSDV,1001,0,n1,n3,0.142,1,0,0
3,low,8.0,37,DSDV,1001,1,n3,n5,63.610,1,1,1
3,low,8.0,37,DSDV,1001,2,n5,n7,3.942,1,0,1
3,low,8.0,37,DSDV,1001,3,n7,n8,0.128,1,0,0
3,low,8.0,37,DSDV,1001,4,n8,n9,0.105,1,0,0
3,low,8.0,37,DSDV,1001,5,n9,n11,0.105,1,0,0
3,low,8.0,37,DSDV,1001,6,n11,n13,0.149,1,0,0
3,low,8.0,37,DSDV,1001,7,n13,n15,0.163,1,0,0
3,low,8.0,37,DSDV,1001,8,n15,S,0.065,1,0,0
3,low,8.0,38,AODV,1001,0,n1,n3,0.176,1,0,0
3,low,8.0,38,AODV,1001,1,n3,n5,3.093,1,0,1
3,low,8.0,38,AODV,1001,2,n5,n7,4.132,1,0,1
3,low,8.0,38,AODV,1001,3,n7,n8,0.122,1,0,0
3,low,8.0,38,AODV,1001,4,n8,n9,0.105,1,0,0
3,low,8.0,38,AODV,1001,5,n9,n11,0.071,1,0,0
3,low,8.0,38,AODV,1001,6,n11,n13,0.128,1,0,0
3,low,8.0,38,AODV,1001,7,n13,n15,0.123,1,0,0
3,low,8.0,38,AODV,1001,8,n15,S,0.178,1,0,0
3,low,8.0,38,OLSR,1001,0,n1,n3,0.176,1,0,0
3,low,8.0,38,OLSR,1001,1,n3,n5,3.093,1,0,1
3,low,8.0,38,OLSR,1001,2,n5,n7,4.132,1,0,1
3,low,8.0,38,OLSR,1001,3,n7,n8,0.122,1,0,0
3,low,8.0,38,OLSR,1001,4,n8,n9,0.105,1,0,0
3,low,8.0,38,OLSR,1001,5,n9,n11,0.071,1,0,0
3,low,8.0,38,OLSR,1001,6,n11,n13,0.128,1,0,0
3,low,8.0,38,OLSR,1001,7,n13,n15,0.123,1,0,0
3,low,8.0,38,OLSR,1001,8,n15,S,0.178,1,0,0
3,low,8.0,38,DSR,1001,0,n1,n3,0.176,1,0,0
3,low,8.0,38,DSR,1001,1,n3,n5,3.093,1,0,1
3,low,8.0,38,DSR,1001,2,n5,n7,4.132,1,0,1
3,low,8.0,38,DSR,1001,3,n7,n8,0.122,1,0,0
3,low,8.0,38,DSR,1001,4,n8,n9,0.105,1,0,0
3,low,8.0,38,DSR,1001,5,n9,n11,0.071,1,0,0
3,low,8.0,38,DSR,1001,6,n11,n13,0.128,1,0,0
3,low,8.0,38,DSR,1001,7,n13,n15,0.123,1,0,0
3,low,8.0,38,DSR,1001,8,n15,S,0.178,1,0,0
3,low,8.0,38,DSDV,1001,0,n1,n3,0.176,1,0,0
3,low,8.0,38,DSDV,1001,1,n3,n5,3.093,1,0,1
3,low,8.0,38,DSDV,1001,2,n5,n7,4.132,1,0,1
3,low,8.0,38,DSDV,1001,3,n7,n8,0.122,1,0,0
3,low,8.0,38,DSDV,1001,4,n8,n9,0.105,1,0,0
3,low,8.0,38,DSDV,1001,5,n9,n11,0.071,1,0,0
3,low,8.0,38,DSDV,1001,6,n11,n13,0.128,1,0,0
3,low,8.0,38,DSDV,1001,7,n13,n15,0.123,1,0,0
3,low,8.0,38,DSDV,1001,8,n15,S,0.178,1,0,0
3,low,8.0,39,AODV,1001,0,n1,n3,0.062,1,0,0
3,low,8.0,39,AODV,1001,1,n3,n5,2.242,1,0,1
3,low,8.0,39,AODV,1001,2,n5,n7,4.303,1,0,1
3,low,8.0,39,AODV,1001,3,n7,n8,0.053,1,0,0
3,low,8.0,39,AODV,1001,4,n8,n9,0.071,1,0,0
3,low,8.0,39,AODV,1001,5,n9,n11,0.105,1,0,0
3,low,8.0,39,AODV,1001,6,n11,n13,0.108,1,0,0
3,low,8.0,39,AODV,1001,7,n13,n15,0.074,1,0,0
3,low,8.0,39,AODV,1001,8,n15,S,0.101,1,0,0
3,low,8.0,39,OLSR,1001,0,n1,n3,0.062,1,0,0
3,low,8.0,39,OLSR,1001,1,n3,n5,2.242,1,0,1
3,low,8.0,39,OLSR,1001,2,n5,n7,4.303,1,0,1
3,low,8.0,39,OLSR,1001,3,n7,n8,0.053,1,0,0
3,low,8.0,39,OLSR,1001,4,n8,n9,0.071,1,0,0
3,low,8.0,39,OLSR,1001,5,n9,n11,0.105,1,0,0
3,low,8.0,39,OLSR,1001,6,n11,n13,0.108,1,0,0
3,low,8.0,39,OLSR,1001,7,n13,n15,0.074,1,0,0
3,low,8.0,39,OLSR,1001,8,n15,S,0.101,1,0,0
3,low,8.0,39,DSR,1001,0,n1,n3,0.062,1,0,0
3,low,8.0,39,DSR,1001,1,n3,n5,2.242,1,0,1
3,low,8.0,39,DSR,1001,2,n5,n7,4.303,1,0,1
3,low,8.0,39,DSR,1001,3,n7,n8,0.053,1,0,0
3,low,8.0,39,DSR,1001,4,n8,n9,0.071,1,0,0
3,low,8.0,39,DSR,1001,5,n9,n11,0.105,1,0,0
3,low,8.0,39,DSR,1001,6,n11,n13,0.108,1,0,0
3,low,8.0,39,DSR,1001,7,n13,n15,0.074,1,0,0
3,low,8.0,39,DSR,1001,8,n15,S,0.101,1,0,0
3,low,8.0,39,DSDV,1001,0,n1,n3,0.062,1,0,0
3,low,8.0,39,DSDV,1001,1,n3,n5,2.242,1,0,1
3,low,8.0,39,DSDV,1001,2,n5,n7,4.303,1,0,1
3,low,8.0,39,DSDV,1001,3,n7,n8,0.053,1,0,0
3,low,8.0,39,DSDV,1001,4,n8,n9,0.071,1,0,0
3,low,8.0,39,DSDV,1001,5,n9,n11,0.105,1,0,0
3,low,8.0,39,DSDV,1001,6,n11,n13,0.108,1,0,0
3,low,8.0,39,DSDV,1001,7,n13,n15,0.074,1,0,0
3,low,8.0,39,DSDV,1001,8,n15,S,0.101,1,0,0
3,low,8.0,40,AODV,1001,0,n1,n3,0.112,1,0,0
3,low,8.0,40,AODV,1001,1,n3,n5,123.223,1,1,1
3,low,8.0,40,AODV,1001,2,n5,n7,4.042,1,0,1
3,low,8.0,40,AODV,1001,3,n7,n8,0.124,1,0,0
3,low,8.0,40,AODV,1001,4,n8,n9,0.158,1,0,0
3,low,8.0,40,AODV,1001,5,n9,n11,0.089,1,0,0
3,low,8.0,40,AODV,1001,6,n11,n13,0.084,1,0,0
3,low,8.0,40,AODV,1001,7,n13,n15,0.127,1,0,0
3,low,8.0,40,AODV,1001,8,n15,S,0.177,1,0,0
3,low,8.0,40,OLSR,1001,0,n1,n3,0.112,1,0,0
3,low,8.0,40,OLSR,1001,1,n3,n5,123.223,1,1,1
3,low,8.0,40,OLSR,1001,2,n5,n7,4.042,1,0,1
3,low,8.0,40,OLSR,1001,3,n7,n8,0.124,1,0,0
3,low,8.0,40,OLSR,1001,4,n8,n9,0.158,1,0,0
3,low,8.0,40,OLSR,1001,5,n9,n11,0.089,1,0,0
3,low,8.0,40,OLSR,1001,6,n11,n13,0.084,1,0,0
3,low,8.0,40,OLSR,1001,7,n13,n15,0.127,1,0,0
3,low,8.0,40,OLSR,1001,8,n15,S,0.177,1,0,0
3,low,8.0,40,DSR,1001,0,n1,n3,0.112,1,0,0
3,low,8.0,40,DSR,1001,1,n3,n5,123.223,1,1,1
3,low,8.0,40,DSR,1001,2,n5,n7,4.042,1,0,1
3,low,8.0,40,DSR,1001,3,n7,n8,0.124,1,0,0
3,low,8.0,40,DSR,1001,4,n8,n9,0.158,1,0,0
3,low,8.0,40,DSR,1001,5,n9,n11,0.089,1,0,0
3,low,8.0,40,DSR,1001,6,n11,n13,0.084,1,0,0
3,low,8.0,40,DSR,1001,7,n13,n15,0.127,1,0,0
3,low,8.0,40,DSR,1001,8,n15,S,0.177,1,0,0
3,low,8.0,40,DSDV,1001,0,n1,n3,0.112,1,0,0
3,low,8.0,40,DSDV,1001,1,n3,n5,123.223,1,1,1
3,low,8.0,40,DSDV,1001,2,n5,n7,4.042,1,0,1
3,low,8.0,40,DSDV,1001,3,n7,n8,0.124,1,0,0
3,low,8.0,40,DSDV,1001,4,n8,n9,0.158,1,0,0
3,low,8.0,40,DSDV,1001,5,n9,n11,0.089,1,0,0
3,low,8.0,40,DSDV,1001,6,n11,n13,0.084,1,0,0
3,low,8.0,40,DSDV,1001,7,n13,n15,0.127,1,0,0
3,low,8.0,40,DSDV,1001,8,n15,S,0.177,1,0,0
3,low,8.0,41,AODV,1001,0,n1,n3,0.075,1,0,0
3,low,8.0,41,AODV,1001,1,n3,n5,2.888,1,0,1
3,low,8.0,41,AODV,1001,2,n5,n7,63.783,1,1,1
3,low,8.0,41,AODV,1001,3,n7,n8,0.115,1,0,0
3,low,8.0,41,AODV,1001,4,n8,n9,0.127,1,0,0
3,low,8.0,41,AODV,1001,5,n9,n11,0.127,1,0,0
3,low,8.0,41,AODV,1001,6,n11,n13,0.089,1,0,0
3,low,8.0,41,AODV,1001,7,n13,n15,0.120,1,0,0
3,low,8.0,41,AODV,1001,8,n15,S,0.127,1,0,0
3,low,8.0,41,OLSR,1001,0,n1,n3,0.075,1,0,0
3,low,8.0,41,OLSR,1001,1,n3,n5,2.888,1,0,1
3,low,8.0,41,OLSR,1001,2,n5,n7,63.783,1,1,1
3,low,8.0,41,OLSR,1001,3,n7,n8,0.115,1,0,0
3,low,8.0,41,OLSR,1001,4,n8,n9,0.127,1,0,0
3,low,8.0,41,OLSR,1001,5,n9,n11,0.127,1,0,0
3,low,8.0,41,OLSR,1001,6,n11,n13,0.089,1,0,0
3,low,8.0,41,OLSR,1001,7,n13,n15,0.120,1,0,0
3,low,8.0,41,OLSR,1001,8,n15,S,0.127,1,0,0
3,low,8.0,41,DSR,1001,0,n1,n3,0.075,1,0,0
3,low,8.0,41,DSR,1001,1,n3,n5,2.888,1,0,1
3,low,8.0,41,DSR,1001,2,n5,n7,63.783,1,1,1
3,low,8.0,41,DSR,1001,3,n7,n8,0.115,1,0,0
3,low,8.0,41,DSR,1001,4,n8,n9,0.127,1,0,0
3,low,8.0,41,DSR,1001,5,n9,n11,0.127,1,0,0
3,low,8.0,41,DSR,1001,6,n11,n13,0.089,1,0,0
3,low,8.0,41,DSR,1001,7,n13,n15,0.120,1,0,0
3,low,8.0,41,DSR,1001,8,n15,S,0.127,1,0,0
3,low,8.0,41,DSDV,1001,0,n1,n3,0.075,1,0,0
3,low,8.0,41,DSDV,1001,1,n3,n5,2.888,1,0,1
3,low,8.0,41,DSDV,1001,2,n5,n7,63.783,1,1,1
3,low,8.0,41,DSDV,1001,3,n7,n8,0.115,1,0,0
3,low,8.0,41,DSDV,1001,4,n8,n9,0.127,1,0,0
3,low,8.0,41,DSDV,1001,5,n9,n11,0.127,1,0,0
3,low,8.0,41,DSDV,1001,6,n11,n13,0.089,1,0,0
3,low,8.0,41,DSDV,1001,7,n13,n15,0.120,1,0,0
3,low,8.0,41,DSDV,1001,8,n15,S,0.127,1,0,0
3,low,8.0,42,AODV,1001,0,n1,n3,0.125,1,0,0
3,low,8.0,42,AODV,1001,1,n3,n5,2.096,1,0,1
3,low,8.0,42,AODV,1001,2,n5,n7,3.415,1,0,1
3,low,8.0,42,AODV,1001,3,n7,n8,0.158,1,0,0
3,low,8.0,42,AODV,1001,4,n8,n9,0.124,1,0,0
3,low,8.0,42,AODV,1001,5,n9,n11,0.154,1,0,0
3,low,8.0,42,AODV,1001,6,n11,n13,0.115,1,0,0
3,low,8.0,42,AODV,1001,7,n13,n15,0.121,1,0,0
3,low,8.0,42,AODV,1001,8,n15,S,0.095,1,0,0
3,low,8.0,42,OLSR,1001,0,n1,n3,0.125,1,0,0
3,low,8.0,42,OLSR,1001,1,n3,n5,2.096,1,0,1
3,low,8.0,42,OLSR,1001,2,n5,n7,3.415,1,0,1
3,low,8.0,42,OLSR,1001,3,n7,n8,0.158,1,0,0
3,low,8.0,42,OLSR,1001,4,n8,n9,0.124,1,0,0
3,low,8.0,42,OLSR,1001,5,n9,n11,0.154,1,0,0
3,low,8.0,42,OLSR,1001,6,n11,n13,0.115,1,0,0
3,low,8.0,42,OLSR,1001,7,n13,n15,0.121,1,0,0
3,low,8.0,42,OLSR,1001,8,n15,S,0.095,1,0,0
3,low,8.0,42,DSR,1001,0,n1,n3,0.125,1,0,0
3,low,8.0,42,DSR,1001,1,n3,n5,2.096,1,0,1
3,low,8.0,42,DSR,1001,2,n5,n7,3.415,1,0,1
3,low,8.0,42,DSR,1001,3,n7,n8,0.158,1,0,0
3,low,8.0,42,DSR,1001,4,n8,n9,0.124,1,0,0
3,low,8.0,42,DSR,1001,5,n9,n11,0.154,1,0,0
3,low,8.0,42,DSR,1001,6,n11,n13,0.115,1,0,0
3,low,8.0,42,DSR,1001,7,n13,n15,0.121,1,0,0
3,low,8.0,42,DSR,1001,8,n15,S,0.095,1,0,0
3,low,8.0,42,DSDV,1001,0,n1,n3,0.125,1,0,0
3,low,8.0,42,DSDV,1001,1,n3,n5,2.096,1,0,1
3,low,8.0,42,DSDV,1001,2,n5,n7,3.415,1,0,1
3,low,8.0,42,DSDV,1001,3,n7,n8,0.158,1,0,0
3,low,8.0,42,DSDV,1001,4,n8,n9,0.124,1,0,0
3,low,8.0,42,DSDV,1001,5,n9,n11,0.154,1,0,0
3,low,8.0,42,DSDV,1001,6,n11,n13,0.115,1,0,0
3,low,8.0,42,DSDV,1001,7,n13,n15,0.121,1,0,0
3,low,8.0,42,DSDV,1001,8,n15,S,0.095,1,0,0
3,low,8.0,43,AODV,1001,0,n1,n3,0.111,1,0,0
3,low,8.0,43,AODV,1001,1,n3,n5,3.223,1,0,1
3,low,8.0,43,AODV,1001,2,n5,n7,4.042,1,0,1
3,low,8.0,43,AODV,1001,3,n7,n8,0.127,1,0,0
3,low,8.0,43,AODV,1001,4,n8,n9,0.154,1,0,0
3,low,8.0,43,AODV,1001,5,n9,n11,0.124,1,0,0
3,low,8.0,43,AODV,1001,6,n11,n13,0.114,1,0,0
3,low,8.0,43,AODV,1001,7,n13,n15,0.165,1,0,0
3,low,8.0,43,AODV,1001,8,n15,S,0.173,1,0,0
3,low,8.0,43,OLSR,1001,0,n1,n3,0.111,1,0,0
3,low,8.0,43,OLSR,1001,1,n3,n5,3.223,1,0,1
3,low,8.0,43,OLSR,1001,2,n5,n7,4.042,1,0,1
3,low,8.0,43,OLSR,1001,3,n7,n8,0.127,1,0,0
3,low,8.0,43,OLSR,1001,4,n8,n9,0.154,1,0,0
3,low,8.0,43,OLSR,1001,5,n9,n11,0.124,1,0,0
3,low,8.0,43,OLSR,1001,6,n11,n13,0.114,1,0,0
3,low,8.0,43,OLSR,1001,7,n13,n15,0.165,1,0,0
3,low,8.0,43,OLSR,1001,8,n15,S,0.173,1,0,0
3,low,8.0,43,DSR,1001,0,n1,n3,0.111,1,0,0
3,low,8.0,43,DSR,1001,1,n3,n5,3.223,1,0,1
3,low,8.0,43,DSR,1001,2,n5,n7,4.042,1,0,1
3,low,8.0,43,DSR,1001,3,n7,n8,0.127,1,0,0
3,low,8.0,43,DSR,1001,4,n8,n9,0.154,1,0,0
3,low,8.0,43,DSR,1001,5,n9,n11,0.124,1,0,0
3,low,8.0,43,DSR,1001,6,n11,n13,0.114,1,0,0
3,low,8.0,43,DSR,1001,7,n13,n15,0.165,1,0,0
3,low,8.0,43,DSR,1001,8,n15,S,0.173,1,0,0
3,low,8.0,43,DSDV,1001,0,n1,n3,0.111,1,0,0
3,low,8.0,43,DSDV,1001,1,n3,n5,3.223,1,0,1
3,low,8.0,43,DSDV,1001,2,n5,n7,4.042,1,0,1
3,low,8.0,43,DSDV,1001,3,n7,n8,0.127,1,0,0
3,low,8.0,43,DSDV,1001,4,n8,n9,0.154,1,0,0
3,low,8.0,43,DSDV,1001,5,n9,n11,0.124,1,0,0
3,low,8.0,43,DSDV,1001,6,n11,n13,0.114,1,0,0
3,low,8.0,43,DSDV,1001,7,n13,n15,0.165,1,0,0
3,low,8.0,43,DSDV,1001,8,n15,S,0.173,1,0,0
3,low,8.0,44,AODV,1001,0,n1,n3,0.115,1,0,0
3,low,8.0,44,AODV,1001,1,n3,n5,64.042,1,1,1
3,low,8.0,44,AODV,1001,2,n5,n7,122.888,1,1,1
3,low,8.0,44,AODV,1001,3,n7,n8,0.112,1,0,0
3,low,8.0,44,AODV,1001,4,n8,n9,0.152,1,0,0
3,low,8.0,44,AODV,1001,5,n9,n11,0.152,1,0,0
3,low,8.0,44,AODV,1001,6,n11,n13,0.100,1,0,0
3,low,8.0,44,AODV,1001,7,n13,n15,0.092,1,0,0
3,low,8.0,44,AODV,1001,8,n15,S,0.082,1,0,0
3,low,8.0,44,OLSR,1001,0,n1,n3,0.115,1,0,0
3,low,8.0,44,OLSR,1001,1,n3,n5,64.042,1,1,1
3,low,8.0,44,OLSR,1001,2,n5,n7,122.888,1,1,1
3,low,8.0,44,OLSR,1001,3,n7,n8,0.112,1,0,0
3,low,8.0,44,OLSR,1001,4,n8,n9,0.152,1,0,0
3,low,8.0,44,OLSR,1001,5,n9,n11,0.152,1,0,0
3,low,8.0,44,OLSR,1001,6,n11,n13,0.100,1,0,0
3,low,8.0,44,OLSR,1001,7,n13,n15,0.092,1,0,0
3,low,8.0,44,OLSR,1001,8,n15,S,0.082,1,0,0
3,low,8.0,44,DSR,1001,0,n1,n3,0.115,1,0,0
3,low,8.0,44,DSR,1001,1,n3,n5,64.042,1,1,1
3,low,8.0,44,DSR,1001,2,n5,n7,122.888,1,1,1
3,low,8.0,44,DSR,1001,3,n7,n8,0.112,1,0,0
3,low,8.0,44,DSR,1001,4,n8,n9,0.152,1,0,0
3,low,8.0,44,DSR,1001,5,n9,n11,0.152,1,0,0
3,low,8.0,44,DSR,1001,6,n11,n13,0.100,1,0,0
3,low,8.0,44,DSR,1001,7,n13,n15,0.092,1,0,0
3,low,8.0,44,DSR,1001,8,n15,S,0.082,1,0,0
3,low,8.0,44,DSDV,1001,0,n1,n3,0.115,1,0,0
3,low,8.0,44,DSDV,1001,1,n3,n5,64.042,1,1,1
3,low,8.0,44,DSDV,1001,2,n5,n7,122.888,1,1,1
3,low,8.0,44,DSDV,1001,3,n7,n8,0.112,1,0,0
3,low,8.0,44,DSDV,1001,4,n8,n9,0.152,1,0,0
3,low,8.0,44,DSDV,1001,5,n9,n11,0.152,1,0,0
3,low,8.0,44,DSDV,1001,6,n11,n13,0.100,1,0,0
3,low,8.0,44,DSDV,1001,7,n13,n15,0.092,1,0,0
3,low,8.0,44,DSDV,1001,8,n15,S,0.082,1,0,0
3,low,10.0,37,AODV,1001,0,n1,n3,0.142,1,0,0
3,low,10.0,37,AODV,1001,1,n3,n5,63.610,1,1,1
3,low,10.0,37,AODV,1001,2,n5,n7,3.942,1,0,1
3,low,10.0,37,AODV,1001,3,n7,n8,0.128,1,0,0
3,low,10.0,37,AODV,1001,4,n8,n9,0.105,1,0,0
3,low,10.0,37,AODV,1001,5,n9,n11,0.105,1,0,0
3,low,10.0,37,AODV,1001,6,n11,n13,0.149,1,0,0
3,low,10.0,37,AODV,1001,7,n13,n15,0.163,1,0,0
3,low,10.0,37,AODV,1001,8,n15,S,0.065,1,0,0
3,low,10.0,37,OLSR,1001,0,n1,n3,0.142,1,0,0
3,low,10.0,37,OLSR,1001,1,n3,n5,63.610,1,1,1
3,low,10.0,37,OLSR,1001,2,n5,n7,3.942,1,0,1
3,low,10.0,37,OLSR,1001,3,n7,n8,0.128,1,0,0
3,low,10.0,37,OLSR,1001,4,n8,n9,0.105,1,0,0
3,low,10.0,37,OLSR,1001,5,n9,n11,0.105,1,0,0
3,low,10.0,37,OLSR,1001,6,n11,n13,0.149,1,0,0
3,low,10.0,37,OLSR,1001,7,n13,n15,0.163,1,0,0
3,low,10.0,37,OLSR,1001,8,n15,S,0.065,1,0,0
3,low,10.0,37,DSR,1001,0,n1,n3,0.142,1,0,0
3,low,10.0,37,DSR,1001,1,n3,n5,63.610,1,1,1
3,low,10.0,37,DSR,1001,2,n5,n7,3.942,1,0,1
3,low,10.0,37,DSR,1001,3,n7,n8,0.128,1,0,0
3,low,10.0,37,DSR,1001,4,n8,n9,0.105,1,0,0
3,low,10.0,37,DSR,1001,5,n9,n11,0.105,1,0,0
3,low,10.0,37,DSR,1001,6,n11,n13,0.149,1,0,0
3,low,10.0,37,DSR,1001,7,n13,n15,0.163,1,0,0
3,low,10.0,37,DSR,1001,8,n15,S,0.065,1,0,0
3,low,10.0,37,DSDV,1001,0,n1,n3,0.142,1,0,0
3,low,10.0,37,DSDV,1001,1,n3,n5,63.610,1,1,1
3,low,10.0,37,DSDV,1001,2,n5,n7,3.942,1,0,1
3,low,10.0,37,DSDV,1001,3,n7,n8,0.128,1,0,0
3,low,10.0,37,DSDV,1001,4,n8,n9,0.105,1,0,0
3,low,10.0,37,DSDV,1001,5,n9,n11,0.105,1,0,0
3,low,10.0,37,DSDV,1001,6,n11,n13,0.149,1,0,0
3,low,10.0,37,DSDV,1001,7,n13,n15,0.163,1,0,0
3,low,10.0,37,DSDV,1001,8,n15,S,0.065,1,0,0
3,low,10.0,38,AODV,1001,0,n1,n3,0.176,1,0,0
3,low,10.0,38,AODV,1001,1,n3,n5,3.093,1,0,1
3,low,10.0,38,AODV,1001,2,n5,n7,4.132,1,0,1
3,low,10.0,38,AODV,1001,3,n7,n8,0.122,1,0,0
3,low,10.0,38,AODV,1001,4,n8,n9,0.105,1,0,0
3,low,10.0,38,AODV,1001,5,n9,n11,0.071,1,0,0
3,low,10.0,38,AODV,1001,6,n11,n13,0.128,1,0,0
3,low,10.0,38,AODV,1001,7,n13,n15,0.123,1,0,0
3,low,10.0,38,AODV,1001,8,n15,S,0.178,1,0,0
3,low,10.0,38,OLSR,1001,0,n1,n3,0.176,1,0,0
3,low,10.0,38,OLSR,1001,1,n3,n5,3.093,1,0,1
3,low,10.0,38,OLSR,1001,2,n5,n7,4.132,1,0,1
3,low,10.0,38,OLSR,1001,3,n7,n8,0.122,1,0,0
3,low,10.0,38,OLSR,1001,4,n8,n9,0.105,1,0,0
3,low,10.0,38,OLSR,1001,5,n9,n11,0.071,1,0,0
3,low,10.0,38,OLSR,1001,6,n11,n13,0.128,1,0,0
3,low,10.0,38,OLSR,1001,7,n13,n15,0.123,1,0,0
3,low,10.0,38,OLSR,1001,8,n15,S,0.178,1,0,0
3,low,10.0,38,DSR,1001,0,n1,n3,0.176,1,0,0
3,low,10.0,38,DSR,1001,1,n3,n5,3.093,1,0,1
3,low,10.0,38,DSR,1001,2,n5,n7,4.132,1,0,1
3,low,10.0,38,DSR,1001,3,n7,n8,0.122,1,0,0
3,low,10.0,38,DSR,1001,4,n8,n9,0.105,1,0,0
3,low,10.0,38,DSR,1001,5,n9,n11,0.071,1,0,0
3,low,10.0,38,DSR,1001,6,n11,n13,0.128,1,0,0
3,low,10.0,38,DSR,1001,7,n13,n15,0.123,1,0,0
3,low,10.0,38,DSR,1001,8,n15,S,0.178,1,0,0
3,low,10.0,38,DSDV,1001,0,n1,n3,0.176,1,0,0
3,low,10.0,38,DSDV,1001,1,n3,n5,3.093,1,0,1
3,low,10.0,38,DSDV,1001,2,n5,n7,4.132,1,0,1
3,low,10.0,38,DSDV,1001,3,n7,n8,0.122,1,0,0
3,low,10.0,38,DSDV,1001,4,n8,n9,0.105,1,0,0
3,low,10.0,38,DSDV,1001,5,n9,n11,0.071,1,0,0
3,low,10.0,38,DSDV,1001,6,n11,n13,0.128,1,0,0
3,low,10.0,38,DSDV,1001,7,n13,n15,0.123,1,0,0
3,low,10.0,38,DSDV,1001,8,n15,S,0.178,1,0,0
3,low,10.0,39,AODV,1001,0,n1,n3,0.062,1,0,0
3,low,10.0,39,AODV,1001,1,n3,n5,2.242,1,0,1
3,low,10.0,39,AODV,1001,2,n5,n7,4.303,1,0,1
3,low,10.0,39,AODV,1001,3,n7,n8,0.053,1,0,0
3,low,10.0,39,AODV,1001,4,n8,n9,0.071,1,0,0
3,low,10.0,39,AODV,1001,5,n9,n11,0.105,1,0,0
3,low,10.0,39,AODV,1001,6,n11,n13,0.108,1,0,0
3,low,10.0,39,AODV,1001,7,n13,n15,0.074,1,0,0
3,low,10.0,39,AODV,1001,8,n15,S,0.101,1,0,0
3,low,10.0,39,OLSR,1001,0,n1,n3,0.062,1,0,0
3,low,10.0,39,OLSR,1001,1,n3,n5,2.242,1,0,1
3,low,10.0,39,OLSR,1001,2,n5,n7,4.303,1,0,1
3,low,10.0,39,OLSR,1001,3,n7,n8,0.053,1,0,0
3,low,10.0,39,OLSR,1001,4,n8,n9,0.071,1,0,0
3,low,10.0,39,OLSR,1001,5,n9,n11,0.105,1,0,0
3,low,10.0,39,OLSR,1001,6,n11,n13,0.108,1,0,0
3,low,10.0,39,OLSR,1001,7,n13,n15,0.074,1,0,0
3,low,10.0,39,OLSR,1001,8,n15,S,0.101,1,0,0
3,low,10.0,39,DSR,1001,0,n1,n3,0.062,1,0,0
3,low,10.0,39,DSR,1001,1,n3,n5,2.242,1,0,1
3,low,10.0,39,DSR,1001,2,n5,n7,4.303,1,0,1
3,low,10.0,39,DSR,1001,3,n7,n8,0.053,1,0,0
3,low,10.0,39,DSR,1001,4,n8,n9,0.071,1,0,0
3,low,10.0,39,DSR,1001,5,n9,n11,0.105,1,0,0
3,low,10.0,39,DSR,1001,6,n11,n13,0.108,1,0,0
3,low,10.0,39,DSR,1001,7,n13,n15,0.074,1,0,0
3,low,10.0,39,DSR,1001,8,n15,S,0.101,1,0,0
3,low,10.0,39,DSDV,1001,0,n1,n3,0.062,1,0,0
3,low,10.0,39,DSDV,1001,1,n3,n5,2.242,1,0,1
3,low,10.0,39,DSDV,1001,2,n5,n7,4.303,1,0,1
3,low,10.0,39,DSDV,1001,3,n7,n8,0.053,1,0,0
3,low,10.0,39,DSDV,1001,4,n8,n9,0.071,1,0,0
3,low,10.0,39,DSDV,1001,5,n9,n11,0.105,1,0,0
3,low,10.0,39,DSDV,1001,6,n11,n13,0.108,1,0,0
3,low,10.0,39,DSDV,1001,7,n13,n15,0.074,1,0,0
3,low,10.0,39,DSDV,1001,8,n15,S,0.101,1,0,0
3,low,10.0,40,AODV,1001,0,n1,n3,0.112,1,0,0
3,low,10.0,40,AODV,1001,1,n3,n5,123.223,1,1,1
3,low,10.0,40,AODV,1001,2,n5,n7,4.042,1,0,1
3,low,10.0,40,AODV,1001,3,n7,n8,0.124,1,0,0
3,low,10.0,40,AODV,1001,4,n8,n9,0.158,1,0,0
3,low,10.0,40,AODV,1001,5,n9,n11,0.089,1,0,0
3,low,10.0,40,AODV,1001,6,n11,n13,0.084,1,0,0
3,low,10.0,40,AODV,1001,7,n13,n15,0.127,1,0,0
3,low,10.0,40,AODV,1001,8,n15,S,0.177,1,0,0
3,low,10.0,40,OLSR,1001,0,n1,n3,0.112,1,0,0
3,low,10.0,40,OLSR,1001,1,n3,n5,123.223,1,1,1
3,low,10.0,40,OLSR,1001,2,n5,n7,4.042,1,0,1
3,low,10.0,40,OLSR,1001,3,n7,n8,0.124,1,0,0
3,low,10.0,40,OLSR,1001,4,n8,n9,0.158,1,0,0
3,low,10.0,40,OLSR,1001,5,n9,n11,0.089,1,0,0
3,low,10.0,40,OLSR,1001,6,n11,n13,0.084,1,0,0
3,low,10.0,40,OLSR,1001,7,n13,n15,0.127,1,0,0
3,low,10.0,40,OLSR,1001,8,n15,S,0.177,1,0,0
3,low,10.0,40,DSR,1001,0,n1,n3,0.112,1,0,0
3,low,10.0,40,DSR,1001,1,n3,n5,123.223,1,1,1
3,low,10.0,40,DSR,1001,2,n5,n7,4.042,1,0,1
3,low,10.0,40,DSR,1001,3,n7,n8,0.124,1,0,0
3,low,10.0,40,DSR,1001,4,n8,n9,0.158,1,0,0
3,low,10.0,40,DSR,1001,5,n9,n11,0.089,1,0,0
3,low,10.0,40,DSR,1001,6,n11,n13,0.084,1,0,0
3,low,10.0,40,DSR,1001,7,n13,n15,0.127,1,0,0
3,low,10.0,40,DSR,1001,8,n15,S,0.177,1,0,0
3,low,10.0,40,DSDV,1001,0,n1,n3,0.112,1,0,0
3,low,10.0,40,DSDV,1001,1,n3,n5,123.223,1,1,1
3,low,10.0,40,DSDV,1001,2,n5,n7,4.042,1,0,1
3,low,10.0,40,DSDV,1001,3,n7,n8,0.124,1,0,0
3,low,10.0,40,DSDV,1001,4,n8,n9,0.158,1,0,0
3,low,10.0,40,DSDV,1001,5,n9,n11,0.089,1,0,0
3,low,10.0,40,DSDV,1001,6,n11,n13,0.084,1,0,0
3,low,10.0,40,DSDV,1001,7,n13,n15,0.127,1,0,0
3,low,10.0,40,DSDV,1001,8,n15,S,0.177,1,0,0
3,low,10.0,41,AODV,1001,0,n1,n3,0.075,1,0,0
3,low,10.0,41,AODV,1001,1,n3,n5,2.888,1,0,1
3,low,10.0,41,AODV,1001,2,n5,n7,63.783,1,1,1
3,low,10.0,41,AODV,1001,3,n7,n8,0.115,1,0,0
3,low,10.0,41,AODV,1001,4,n8,n9,0.127,1,0,0
3,low,10.0,41,AODV,1001,5,n9,n11,0.127,1,0,0
3,low,10.0,41,AODV,1001,6,n11,n13,0.089,1,0,0
3,low,10.0,41,AODV,1001,7,n13,n15,0.120,1,0,0
3,low,10.0,41,AODV,1001,8,n15,S,0.127,1,0,0
3,low,10.0,41,OLSR,1001,0,n1,n3,0.075,1,0,0
3,low,10.0,41,OLSR,1001,1,n3,n5,2.888,1,0,1
3,low,10.0,41,OLSR,1001,2,n5,n7,63.783,1,1,1
3,low,10.0,41,OLSR,1001,3,n7,n8,0.115,1,0,0
3,low,10.0,41,OLSR,1001,4,n8,n9,0.127,1,0,0
3,low,10.0,41,OLSR,1001,5,n9,n11,0.127,1,0,0
3,low,10.0,41,OLSR,1001,6,n11,n13,0.089,1,0,0
3,low,10.0,41,OLSR,1001,7,n13,n15,0.120,1,0,0
3,low,10.0,41,OLSR,1001,8,n15,S,0.127,1,0,0
3,low,10.0,41,DSR,1001,0,n1,n3,0.075,1,0,0
3,low,10.0,41,DSR,1001,1,n3,n5,2.888,1,0,1
3,low,10.0,41,DSR,1001,2,n5,n7,63.783,1,1,1
3,low,10.0,41,DSR,1001,3,n7,n8,0.115,1,0,0
3,low,10.0,41,DSR,1001,4,n8,n9,0.127,1,0,0
3,low,10.0,41,DSR,1001,5,n9,n11,0.127,1,0,0
3,low,10.0,41,DSR,1001,6,n11,n13,0.089,1,0,0
3,low,10.0,41,DSR,1001,7,n13,n15,0.120,1,0,0
3,low,10.0,41,DSR,1001,8,n15,S,0.127,1,0,0
3,low,10.0,41,DSDV,1001,0,n1,n3,0.075,1,0,0
3,low,10.0,41,DSDV,1001,1,n3,n5,2.888,1,0,1
3,low,10.0,41,DSDV,1001,2,n5,n7,63.783,1,1,1
3,low,10.0,41,DSDV,1001,3,n7,n8,0.115,1,0,0
3,low,10.0,41,DSDV,1001,4,n8,n9,0.127,1,0,0
3,low,10.0,41,DSDV,1001,5,n9,n11,0.127,1,0,0
3,low,10.0,41,DSDV,1001,6,n11,n13,0.089,1,0,0
3,low,10.0,41,DSDV,1001,7,n13,n15,0.120,1,0,0
3,low,10.0,41,DSDV,1001,8,n15,S,0.127,1,0,0
3,low,10.0,42,AODV,1001,0,n1,n3,0.125,1,0,0
3,low,10.0,42,AODV,1001,1,n3,n5,2.096,1,0,1
3,low,10.0,42,AODV,1001,2,n5,n7,3.415,1,0,1
3,low,10.0,42,AODV,1001,3,n7,n8,0.158,1,0,0
3,low,10.0,42,AODV,1001,4,n8,n9,0.124,1,0,0
3,low,10.0,42,AODV,1001,5,n9,n11,0.154,1,0,0
3,low,10.0,42,AODV,1001,6,n11,n13,0.115,1,0,0
3,low,10.0,42,AODV,1001,7,n13,n15,0.121,1,0,0
3,low,10.0,42,AODV,1001,8,n15,S,0.095,1,0,0
3,low,10.0,42,OLSR,1001,0,n1,n3,0.125,1,0,0
3,low,10.0,42,OLSR,1001,1,n3,n5,2.096,1,0,1
3,low,10.0,42,OLSR,1001,2,n5,n7,3.415,1,0,1
3,low,10.0,42,OLSR,1001,3,n7,n8,0.158,1,0,0
3,low,10.0,42,OLSR,1001,4,n8,n9,0.124,1,0,0
3,low,10.0,42,OLSR,1001,5,n9,n11,0.154,1,0,0
3,low,10.0,42,OLSR,1001,6,n11,n13,0.115,1,0,0
3,low,10.0,42,OLSR,1001,7,n13,n15,0.121,1,0,0
3,low,10.0,42,OLSR,1001,8,n15,S,0.095,1,0,0
3,low,10.0,42,DSR,1001,0,n1,n3,0.125,1,0,0
3,low,10.0,42,DSR,1001,1,n3,n5,2.096,1,0,1
3,low,10.0,42,DSR,1001,2,n5,n7,3.415,1,0,1
3,low,10.0,42,DSR,1001,3,n7,n8,0.158,1,0,0
3,low,10.0,42,DSR,1001,4,n8,n9,0.124,1,0,0
3,low,10.0,42,DSR,1001,5,n9,n11,0.154,1,0,0
3,low,10.0,42,DSR,1001,6,n11,n13,0.115,1,0,0
3,low,10.0,42,DSR,1001,7,n13,n15,0.121,1,0,0
3,low,10.0,42,DSR,1001,8,n15,S,0.095,1,0,0
3,low,10.0,42,DSDV,1001,0,n1,n3,0.125,1,0,0
3,low,10.0,42,DSDV,1001,1,n3,n5,2.096,1,0,1
3,low,10.0,42,DSDV,1001,2,n5,n7,3.415,1,0,1
3,low,10.0,42,DSDV,1001,3,n7,n8,0.158,1,0,0
3,low,10.0,42,DSDV,1001,4,n8,n9,0.124,1,0,0
3,low,10.0,42,DSDV,1001,5,n9,n11,0.154,1,0,0
3,low,10.0,42,DSDV,1001,6,n11,n13,0.115,1,0,0
3,low,10.0,42,DSDV,1001,7,n13,n15,0.121,1,0,0
3,low,10.0,42,DSDV,1001,8,n15,S,0.095,1,0,0
3,low,10.0,43,AODV,1001,0,n1,n3,0.111,1,0,0
3,low,10.0,43,AODV,1001,1,n3,n5,3.223,1,0,1
3,low,10.0,43,AODV,1001,2,n5,n7,4.042,1,0,1
3,low,10.0,43,AODV,1001,3,n7,n8,0.127,1,0,0
3,low,10.0,43,AODV,1001,4,n8,n9,0.154,1,0,0
3,low,10.0,43,AODV,1001,5,n9,n11,0.124,1,0,0
3,low,10.0,43,AODV,1001,6,n11,n13,0.114,1,0,0
3,low,10.0,43,AODV,1001,7,n13,n15,0.165,1,0,0
3,low,10.0,43,AODV,1001,8,n15,S,0.173,1,0,0
3,low,10.0,43,OLSR,1001,0,n1,n3,0.111,1,0,0
3,low,10.0,43,OLSR,1001,1,n3,n5,3.223,1,0,1
3,low,10.0,43,OLSR,1001,2,n5,n7,4.042,1,0,1
3,low,10.0,43,OLSR,1001,3,n7,n8,0.127,1,0,0
3,low,10.0,43,OLSR,1001,4,n8,n9,0.154,1,0,0
3,low,10.0,43,OLSR,1001,5,n9,n11,0.124,1,0,0
3,low,10.0,43,OLSR,1001,6,n11,n13,0.114,1,0,0
3,low,10.0,43,OLSR,1001,7,n13,n15,0.165,1,0,0
3,low,10.0,43,OLSR,1001,8,n15,S,0.173,1,0,0
3,low,10.0,43,DSR,1001,0,n1,n3,0.111,1,0,0
3,low,10.0,43,DSR,1001,1,n3,n5,3.223,1,0,1
3,low,10.0,43,DSR,1001,2,n5,n7,4.042,1,0,1
3,low,10.0,43,DSR,1001,3,n7,n8,0.127,1,0,0
3,low,10.0,43,DSR,1001,4,n8,n9,0.154,1,0,0
3,low,10.0,43,DSR,1001,5,n9,n11,0.124,1,0,0
3,low,10.0,43,DSR,1001,6,n11,n13,0.114,1,0,0
3,low,10.0,43,DSR,1001,7,n13,n15,0.165,1,0,0
3,low,10.0,43,DSR,1001,8,n15,S,0.173,1,0,0
3,low,10.0,43,DSDV,1001,0,n1,n3,0.111,1,0,0
3,low,10.0,43,DSDV,1001,1,n3,n5,3.223,1,0,1
3,low,10.0,43,DSDV,1001,2,n5,n7,4.042,1,0,1
3,low,10.0,43,DSDV,1001,3,n7,n8,0.127,1,0,0
3,low,10.0,43,DSDV,1001,4,n8,n9,0.154,1,0,0
3,low,10.0,43,DSDV,1001,5,n9,n11,0.124,1,0,0
3,low,10.0,43,DSDV,1001,6,n11,n13,0.114,1,0,0
3,low,10.0,43,DSDV,1001,7,n13,n15,0.165,1,0,0
3,low,10.0,43,DSDV,1001,8,n15,S,0.173,1,0,0
3,low,10.0,44,AODV,1001,0,n1,n3,0.115,1,0,0
3,low,10.0,44,AODV,1001,1,n3,n5,64.042,1,1,1
3,low,10.0,44,AODV,1001,2,n5,n7,122.888,1,1,1
3,low,10.0,44,AODV,1001,3,n7,n8,0.112,1,0,0
3,low,10.0,44,AODV,1001,4,n8,n9,0.152,1,0,0
3,low,10.0,44,AODV,1001,5,n9,n11,0.152,1,0,0
3,low,10.0,44,AODV,1001,6,n11,n13,0.100,1,0,0
3,low,10.0,44,AODV,1001,7,n13,n15,0.092,1,0,0
3,low,10.0,44,AODV,1001,8,n15,S,0.082,1,0,0
3,low,10.0,44,OLSR,1001,0,n1,n3,0.115,1,0,0
3,low,10.0,44,OLSR,1001,1,n3,n5,64.042,1,1,1
3,low,10.0,44,OLSR,1001,2,n5,n7,122.888,1,1,1
3,low,10.0,44,OLSR,1001,3,n7,n8,0.112,1,0,0
3,low,10.0,44,OLSR,1001,4,n8,n9,0.152,1,0,0
3,low,10.0,44,OLSR,1001,5,n9,n11,0.152,1,0,0
3,low,10.0,44,OLSR,1001,6,n11,n13,0.100,1,0,0
3,low,10.0,44,OLSR,1001,7,n13,n15,0.092,1,0,0
3,low,10.0,44,OLSR,1001,8,n15,S,0.082,1,0,0
3,low,10.0,44,DSR,1001,0,n1,n3,0.115,1,0,0
3,low,10.0,44,DSR,1001,1,n3,n5,64.042,1,1,1
3,low,10.0,44,DSR,1001,2,n5,n7,122.888,1,1,1
3,low,10.0,44,DSR,1001,3,n7,n8,0.112,1,0,0
3,low,10.0,44,DSR,1001,4,n8,n9,0.152,1,0,0
3,low,10.0,44,DSR,1001,5,n9,n11,0.152,1,0,0
3,low,10.0,44,DSR,1001,6,n11,n13,0.100,1,0,0
3,low,10.0,44,DSR,1001,7,n13,n15,0.092,1,0,0
3,low,10.0,44,DSR,1001,8,n15,S,0.082,1,0,0
3,low,10.0,44,DSDV,1001,0,n1,n3,0.115,1,0,0
3,low,10.0,44,DSDV,1001,1,n3,n5,64.042,1,1,1
3,low,10.0,44,DSDV,1001,2,n5,n7,122.888,1,1,1
3,low,10.0,44,DSDV,1001,3,n7,n8,0.112,1,0,0
3,low,10.0,44,DSDV,1001,4,n8,n9,0.152,1,0,0
3,low,10.0,44,DSDV,1001,5,n9,n11,0.152,1,0,0
3,low,10.0,44,DSDV,1001,6,n11,n13,0.100,1,0,0
3,low,10.0,44,DSDV,1001,7,n13,n15,0.092,1,0,0
3,low,10.0,44,DSDV,1001,8,n15,S,0.082,1,0,0
3,medium,0.25,37,AODV,1001,0,n1,n3,0.142,1,0,0
3,medium,0.25,37,AODV,1001,1,n3,n5,64.843,1,1,1
3,medium,0.25,37,AODV,1001,2,n5,n7,362.984,1,1,1
3,medium,0.25,37,AODV,1001,3,n7,n8,0.061,1,0,0
3,medium,0.25,37,AODV,1001,4,n8,n9,0.061,1,0,0
3,medium,0.25,37,AODV,1001,5,n9,n11,0.061,1,0,0
3,medium,0.25,37,AODV,1001,6,n11,n13,0.061,1,0,0
3,medium,0.25,37,AODV,1001,7,n13,n15,0.101,1,0,0
3,medium,0.25,37,AODV,1001,8,n15,S,0.061,1,0,0
3,medium,0.25,37,OLSR,1001,0,n1,n3,0.142,1,0,0
3,medium,0.25,37,OLSR,1001,1,n3,n5,64.843,1,1,1
3,medium,0.25,37,OLSR,1001,2,n5,n7,362.984,1,1,1
3,medium,0.25,37,OLSR,1001,3,n7,n8,0.061,1,0,0
3,medium,0.25,37,OLSR,1001,4,n8,n9,0.061,1,0,0
3,medium,0.25,37,OLSR,1001,5,n9,n11,0.061,1,0,0
3,medium,0.25,37,OLSR,1001,6,n11,n13,0.061,1,0,0
3,medium,0.25,37,OLSR,1001,7,n13,n15,0.101,1,0,0
3,medium,0.25,37,OLSR,1001,8,n15,S,0.061,1,0,0
3,medium,0.25,37,DSR,1001,0,n1,n3,0.142,1,0,0
3,medium,0.25,37,DSR,1001,1,n3,n5,64.843,1,1,1
3,medium,0.25,37,DSR,1001,2,n5,n7,362.984,1,1,1
3,medium,0.25,37,DSR,1001,3,n7,n8,0.061,1,0,0
3,medium,0.25,37,DSR,1001,4,n8,n9,0.061,1,0,0
3,medium,0.25,37,DSR,1001,5,n9,n11,0.061,1,0,0
3,medium,0.25,37,DSR,1001,6,n11,n13,0.061,1,0,0
3,medium,0.25,37,DSR,1001,7,n13,n15,0.101,1,0,0
3,medium,0.25,37,DSR,1001,8,n15,S,0.061,1,0,0
3,medium,0.25,37,DSDV,1001,0,n1,n3,0.142,1,0,0
3,medium,0.25,37,DSDV,1001,1,n3,n5,64.843,1,1,1
3,medium,0.25,37,DSDV,1001,2,n5,n7,362.984,1,1,1
3,medium,0.25,37,DSDV,1001,3,n7,n8,0.061,1,0,0
3,medium,0.25,37,DSDV,1001,4,n8,n9,0.061,1,0,0
3,medium,0.25,37,DSDV,1001,5,n9,n11,0.061,1,0,0
3,medium,0.25,37,DSDV,1001,6,n11,n13,0.061,1,0,0
3,medium,0.25,37,DSDV,1001,7,n13,n15,0.101,1,0,0
3,medium,0.25,37,DSDV,1001,8,n15,S,0.061,1,0,0
3,medium,0.25,38,AODV,1001,0,n1,n3,0.176,1,0,0
3,medium,0.25,38,AODV,1001,1,n3,n5,4.056,1,1,1
3,medium,0.25,38,AODV,1001,2,n5,n7,124.506,1,1,1
3,medium,0.25,38,AODV,1001,3,n7,n8,0.053,1,0,0
3,medium,0.25,38,AODV,1001,4,n8,n9,0.071,1,0,0
3,medium,0.25,38,AODV,1001,5,n9,n11,0.119,1,0,0
3,medium,0.25,38,AODV,1001,6,n11,n13,0.061,1,0,0
3,medium,0.25,38,AODV,1001,7,n13,n15,0.074,1,0,0
3,medium,0.25,38,AODV,1001,8,n15,S,0.101,1,0,0
3,medium,0.25,38,OLSR,1001,0,n1,n3,0.176,1,0,0
3,medium,0.25,38,OLSR,1001,1,n3,n5,4.056,1,1,1
3,medium,0.25,38,OLSR,1001,2,n5,n7,124.506,1,1,1
3,medium,0.25,38,OLSR,1001,3,n7,n8,0.053,1,0,0
3,medium,0.25,38,OLSR,1001,4,n8,n9,0.071,1,0,0
3,medium,0.25,38,OLSR,1001,5,n9,n11,0.119,1,0,0
3,medium,0.25,38,OLSR,1001,6,n11,n13,0.061,1,0,0
3,medium,0.25,38,OLSR,1001,7,n13,n15,0.074,1,0,0
3,medium,0.25,38,OLSR,1001,8,n15,S,0.101,1,0,0
3,medium,0.25,38,DSR,1001,0,n1,n3,0.176,1,0,0
3,medium,0.25,38,DSR,1001,1,n3,n5,4.056,1,1,1
3,medium,0.25,38,DSR,1001,2,n5,n7,124.506,1,1,1
3,medium,0.25,38,DSR,1001,3,n7,n8,0.053,1,0,0
3,medium,0.25,38,DSR,1001,4,n8,n9,0.071,1,0,0
3,medium,0.25,38,DSR,1001,5,n9,n11,0.119,1,0,0
3,medium,0.25,38,DSR,1001,6,n11,n13,0.061,1,0,0
3,medium,0.25,38,DSR,1001,7,n13,n15,0.074,1,0,0
3,medium,0.25,38,DSR,1001,8,n15,S,0.101,1,0,0
3,medium,0.25,38,DSDV,1001,0,n1,n3,0.176,1,0,0
3,medium,0.25,38,DSDV,1001,1,n3,n5,4.056,1,1,1
3,medium,0.25,38,DSDV,1001,2,n5,n7,124.506,1,1,1
3,medium,0.25,38,DSDV,1001,3,n7,n8,0.053,1,0,0
3,medium,0.25,38,DSDV,1001,4,n8,n9,0.071,1,0,0
3,medium,0.25,38,DSDV,1001,5,n9,n11,0.119,1,0,0
3,medium,0.25,38,DSDV,1001,6,n11,n13,0.061,1,0,0
3,medium,0.25,38,DSDV,1001,7,n13,n15,0.074,1,0,0
3,medium,0.25,38,DSDV,1001,8,n15,S,0.101,1,0,0
3,medium,0.25,39,AODV,1001,0,n1,n3,0.062,1,0,0
3,medium,0.25,39,AODV,1001,1,n3,n5,2.785,1,1,1
3,medium,0.25,39,AODV,1001,2,n5,n7,244.506,1,1,1
3,medium,0.25,39,AODV,1001,3,n7,n8,0.149,1,0,0
3,medium,0.25,39,AODV,1001,4,n8,n9,0.061,1,0,0
3,medium,0.25,39,AODV,1001,5,n9,n11,0.119,1,0,0
3,medium,0.25,39,AODV,1001,6,n11,n13,0.061,1,0,0
3,medium,0.25,39,AODV,1001,7,n13,n15,0.065,1,0,0
3,medium,0.25,39,AODV,1001,8,n15,S,0.154,1,0,0
3,medium,0.25,39,OLSR,1001,0,n1,n3,0.062,1,0,0
3,medium,0.25,39,OLSR,1001,1,n3,n5,2.785,1,1,1
3,medium,0.25,39,OLSR,1001,2,n5,n7,244.506,1,1,1
3,medium,0.25,39,OLSR,1001,3,n7,n8,0.149,1,0,0
3,medium,0.25,39,OLSR,1001,4,n8,n9,0.061,1,0,0
3,medium,0.25,39,OLSR,1001,5,n9,n11,0.119,1,0,0
3,medium,0.25,39,OLSR,1001,6,n11,n13,0.061,1,0,0
3,medium,0.25,39,OLSR,1001,7,n13,n15,0.065,1,0,0
3,medium,0.25,39,OLSR,1001,8,n15,S,0.154,1,0,0
3,medium,0.25,39,DSR,1001,0,n1,n3,0.062,1,0,0
3,medium,0.25,39,DSR,1001,1,n3,n5,2.785,1,1,1
3,medium,0.25,39,DSR,1001,2,n5,n7,244.506,1,1,1
3,medium,0.25,39,DSR,1001,3,n7,n8,0.149,1,0,0
3,medium,0.25,39,DSR,1001,4,n8,n9,0.061,1,0,0
3,medium,0.25,39,DSR,1001,5,n9,n11,0.119,1,0,0
3,medium,0.25,39,DSR,1001,6,n11,n13,0.061,1,0,0
3,medium,0.25,39,DSR,1001,7,n13,n15,0.065,1,0,0
3,medium,0.25,39,DSR,1001,8,n15,S,0.154,1,0,0
3,medium,0.25,39,DSDV,1001,0,n1,n3,0.062,1,0,0
3,medium,0.25,39,DSDV,1001,1,n3,n5,2.785,1,1,1
3,medium,0.25,39,DSDV,1001,2,n5,n7,244.506,1,1,1
3,medium,0.25,39,DSDV,1001,3,n7,n8,0.149,1,0,0
3,medium,0.25,39,DSDV,1001,4,n8,n9,0.061,1,0,0
3,medium,0.25,39,DSDV,1001,5,n9,n11,0.119,1,0,0
3,medium,0.25,39,DSDV,1001,6,n11,n13,0.061,1,0,0
3,medium,0.25,39,DSDV,1001,7,n13,n15,0.065,1,0,0
3,medium,0.25,39,DSDV,1001,8,n15,S,0.154,1,0,0
3,medium,0.25,40,AODV,1001,0,n1,n3,0.112,1,0,0
3,medium,0.25,40,AODV,1001,1,n3,n5,124.275,1,1,1
3,medium,0.25,40,AODV,1001,2,n5,n7,124.566,1,1,1
3,medium,0.25,40,AODV,1001,3,n7,n8,0.094,1,0,0
3,medium,0.25,40,AODV,1001,4,n8,n9,0.089,1,0,0
3,medium,0.25,40,AODV,1001,5,n9,n11,0.119,1,0,0
3,medium,0.25,40,AODV,1001,6,n11,n13,0.084,1,0,0
3,medium,0.25,40,AODV,1001,7,n13,n15,0.121,1,0,0
3,medium,0.25,40,AODV,1001,8,n15,S,0.095,1,0,0
3,medium,0.25,40,OLSR,1001,0,n1,n3,0.112,1,0,0
3,medium,0.25,40,OLSR,1001,1,n3,n5,124.275,1,1,1
3,medium,0.25,40,OLSR,1001,2,n5,n7,124.566,1,1,1
3,medium,0.25,40,OLSR,1001,3,n7,n8,0.094,1,0,0
3,medium,0.25,40,OLSR,1001,4,n8,n9,0.089,1,0,0
3,medium,0.25,40,OLSR,1001,5,n9,n11,0.119,1,0,0
3,medium,0.25,40,OLSR,1001,6,n11,n13,0.084,1,0,0
3,medium,0.25,40,OLSR,1001,7,n13,n15,0.121,1,0,0
3,medium,0.25,40,OLSR,1001,8,n15,S,0.095,1,0,0
3,medium,0.25,40,DSR,1001,0,n1,n3,0.112,1,0,0
3,medium,0.25,40,DSR,1001,1,n3,n5,124.275,1,1,1
3,medium,0.25,40,DSR,1001,2,n5,n7,124.566,1,1,1
3,medium,0.25,40,DSR,1001,3,n7,n8,0.094,1,0,0
3,medium,0.25,40,DSR,1001,4,n8,n9,0.089,1,0,0
3,medium,0.25,40,DSR,1001,5,n9,n11,0.119,1,0,0
3,medium,0.25,40,DSR,1001,6,n11,n13,0.084,1,0,0
3,medium,0.25,40,DSR,1001,7,n13,n15,0.121,1,0,0
3,medium,0.25,40,DSR,1001,8,n15,S,0.095,1,0,0
3,medium,0.25,40,DSDV,1001,0,n1,n3,0.112,1,0,0
3,medium,0.25,40,DSDV,1001,1,n3,n5,124.275,1,1,1
3,medium,0.25,40,DSDV,1001,2,n5,n7,124.566,1,1,1
3,medium,0.25,40,DSDV,1001,3,n7,n8,0.094,1,0,0
3,medium,0.25,40,DSDV,1001,4,n8,n9,0.089,1,0,0
3,medium,0.25,40,DSDV,1001,5,n9,n11,0.119,1,0,0
3,medium,0.25,40,DSDV,1001,6,n11,n13,0.084,1,0,0
3,medium,0.25,40,DSDV,1001,7,n13,n15,0.121,1,0,0
3,medium,0.25,40,DSDV,1001,8,n15,S,0.095,1,0,0
3,medium,0.25,41,AODV,1001,0,n1,n3,0.075,1,0,0
3,medium,0.25,41,AODV,1001,1,n3,n5,3.769,1,1,1
3,medium,0.25,41,AODV,1001,2,n5,n7,124.566,1,1,1
3,medium,0.25,41,AODV,1001,3,n7,n8,0.154,1,0,0
3,medium,0.25,41,AODV,1001,4,n8,n9,0.127,1,0,0
3,medium,0.25,41,AODV,1001,5,n9,n11,0.119,1,0,0
3,medium,0.25,41,AODV,1001,6,n11,n13,0.084,1,0,0
3,medium,0.25,41,AODV,1001,7,n13,n15,0.100,1,0,0
3,medium,0.25,41,AODV,1001,8,n15,S,0.120,1,0,0
3,medium,0.25,41,OLSR,1001,0,n1,n3,0.075,1,0,0
3,medium,0.25,41,OLSR,1001,1,n3,n5,3.769,1,1,1
3,medium,0.25,41,OLSR,1001,2,n5,n7,124.566,1,1,1
3,medium,0.25,41,OLSR,1001,3,n7,n8,0.154,1,0,0
3,medium,0.25,41,OLSR,1001,4,n8,n9,0.127,1,0,0
3,medium,0.25,41,OLSR,1001,5,n9,n11,0.119,1,0,0
3,medium,0.25,41,OLSR,1001,6,n11,n13,0.084,1,0,0
3,medium,0.25,41,OLSR,1001,7,n13,n15,0.100,1,0,0
3,medium,0.25,41,OLSR,1001,8,n15,S,0.120,1,0,0
3,medium,0.25,41,DSR,1001,0,n1,n3,0.075,1,0,0
3,medium,0.25,41,DSR,1001,1,n3,n5,3.769,1,1,1
3,medium,0.25,41,DSR,1001,2,n5,n7,124.566,1,1,1
3,medium,0.25,41,DSR,1001,3,n7,n8,0.154,1,0,0
3,medium,0.25,41,DSR,1001,4,n8,n9,0.127,1,0,0
3,medium,0.25,41,DSR,1001,5,n9,n11,0.119,1,0,0
3,medium,0.25,41,DSR,1001,6,n11,n13,0.084,1,0,0
3,medium,0.25,41,DSR,1001,7,n13,n15,0.100,1,0,0
3,medium,0.25,41,DSR,1001,8,n15,S,0.120,1,0,0
3,medium,0.25,41,DSDV,1001,0,n1,n3,0.075,1,0,0
3,medium,0.25,41,DSDV,1001,1,n3,n5,3.769,1,1,1
3,medium,0.25,41,DSDV,1001,2,n5,n7,124.566,1,1,1
3,medium,0.25,41,DSDV,1001,3,n7,n8,0.154,1,0,0
3,medium,0.25,41,DSDV,1001,4,n8,n9,0.127,1,0,0
3,medium,0.25,41,DSDV,1001,5,n9,n11,0.119,1,0,0
3,medium,0.25,41,DSDV,1001,6,n11,n13,0.084,1,0,0
3,medium,0.25,41,DSDV,1001,7,n13,n15,0.100,1,0,0
3,medium,0.25,41,DSDV,1001,8,n15,S,0.120,1,0,0
3,medium,0.25,42,AODV,1001,0,n1,n3,0.125,1,0,0
3,medium,0.25,42,AODV,1001,1,n3,n5,2.573,1,1,1
3,medium,0.25,42,AODV,1001,2,n5,n7,4.566,1,1,1
3,medium,0.25,42,AODV,1001,3,n7,n8,0.158,1,0,0
3,medium,0.25,42,AODV,1001,4,n8,n9,0.124,1,0,0
3,medium,0.25,42,AODV,1001,5,n9,n11,0.154,1,0,0
3,medium,0.25,42,AODV,1001,6,n11,n13,0.115,1,0,0
3,medium,0.25,42,AODV,1001,7,n13,n15,0.121,1,0,0
3,medium,0.25,42,AODV,1001,8,n15,S,0.095,1,0,0
3,medium,0.25,42,OLSR,1001,0,n1,n3,0.125,1,0,0
3,medium,0.25,42,OLSR,1001,1,n3,n5,2.573,1,1,1
3,medium,0.25,42,OLSR,1001,2,n5,n7,4.566,1,1,1
3,medium,0.25,42,OLSR,1001,3,n7,n8,0.158,1,0,0
3,medium,0.25,42,OLSR,1001,4,n8,n9,0.124,1,0,0
3,medium,0.25,42,OLSR,1001,5,n9,n11,0.154,1,0,0
3,medium,0.25,42,OLSR,1001,6,n11,n13,0.115,1,0,0
3,medium,0.25,42,OLSR,1001,7,n13,n15,0.121,1,0,0
3,medium,0.25,42,OLSR,1001,8,n15,S,0.095,1,0,0
3,medium,0.25,42,DSR,1001,0,n1,n3,0.125,1,0,0
3,medium,0.25,42,DSR,1001,1,n3,n5,2.573,1,1,1
3,medium,0.25,42,DSR,1001,2,n5,n7,4.566,1,1,1
3,medium,0.25,42,DSR,1001,3,n7,n8,0.158,1,0,0
3,medium,0.25,42,DSR,1001,4,n8,n9,0.124,1,0,0
3,medium,0.25,42,DSR,1001,5,n9,n11,0.154,1,0,0
3,medium,0.25,42,DSR,1001,6,n11,n13,0.115,1,0,0
3,medium,0.25,42,DSR,1001,7,n13,n15,0.121,1,0,0
3,medium,0.25,42,DSR,1001,8,n15,S,0.095,1,0,0
3,medium,0.25,42,DSDV,1001,0,n1,n3,0.125,1,0,0
3,medium,0.25,42,DSDV,1001,1,n3,n5,2.573,1,1,1
3,medium,0.25,42,DSDV,1001,2,n5,n7,4.566,1,1,1
3,medium,0.25,42,DSDV,1001,3,n7,n8,0.158,1,0,0
3,medium,0.25,42,DSDV,1001,4,n8,n9,0.124,1,0,0
3,medium,0.25,42,DSDV,1001,5,n9,n11,0.154,1,0,0
3,medium,0.25,42,DSDV,1001,6,n11,n13,0.115,1,0,0
3,medium,0.25,42,DSDV,1001,7,n13,n15,0.121,1,0,0
3,medium,0.25,42,DSDV,1001,8,n15,S,0.095,1,0,0
3,medium,0.25,43,AODV,1001,0,n1,n3,0.111,1,0,0
3,medium,0.25,43,AODV,1001,1,n3,n5,4.275,1,1,1
3,medium,0.25,43,AODV,1001,2,n5,n7,304.822,1,1,1
3,medium,0.25,43,AODV,1001,3,n7,n8,0.084,1,0,0
3,medium,0.25,43,AODV,1001,4,n8,n9,0.072,1,0,0
3,medium,0.25,43,AODV,1001,5,n9,n11,0.072,1,0,0
3,medium,0.25,43,AODV,1001,6,n11,n13,0.089,1,0,0
3,medium,0.25,43,AODV,1001,7,n13,n15,0.120,1,0,0
3,medium,0.25,43,AODV,1001,8,n15,S,0.127,1,0,0
3,medium,0.25,43,OLSR,1001,0,n1,n3,0.111,1,0,0
3,medium,0.25,43,OLSR,1001,1,n3,n5,4.275,1,1,1
3,medium,0.25,43,OLSR,1001,2,n5,n7,304.822,1,1,1
3,medium,0.25,43,OLSR,1001,3,n7,n8,0.084,1,0,0
3,medium,0.25,43,OLSR,1001,4,n8,n9,0.072,1,0,0
3,medium,0.25,43,OLSR,1001,5,n9,n11,0.072,1,0,0
3,medium,0.25,43,OLSR,1001,6,n11,n13,0.089,1,0,0
3,medium,0.25,43,OLSR,1001,7,n13,n15,0.120,1,0,0
3,medium,0.25,43,OLSR,1001,8,n15,S,0.127,1,0,0
3,medium,0.25,43,DSR,1001,0,n1,n3,0.111,1,0,0
3,medium,0.25,43,DSR,1001,1,n3,n5,4.275,1,1,1
3,medium,0.25,43,DSR,1001,2,n5,n7,304.822,1,1,1
3,medium,0.25,43,DSR,1001,3,n7,n8,0.084,1,0,0
3,medium,0.25,43,DSR,1001,4,n8,n9,0.072,1,0,0
3,medium,0.25,43,DSR,1001,5,n9,n11,0.072,1,0,0
3,medium,0.25,43,DSR,1001,6,n11,n13,0.089,1,0,0
3,medium,0.25,43,DSR,1001,7,n13,n15,0.120,1,0,0
3,medium,0.25,43,DSR,1001,8,n15,S,0.127,1,0,0
3,medium,0.25,43,DSDV,1001,0,n1,n3,0.111,1,0,0
3,medium,0.25,43,DSDV,1001,1,n3,n5,4.275,1,1,1
3,medium,0.25,43,DSDV,1001,2,n5,n7,304.822,1,1,1
3,medium,0.25,43,DSDV,1001,3,n7,n8,0.084,1,0,0
3,medium,0.25,43,DSDV,1001,4,n8,n9,0.072,1,0,0
3,medium,0.25,43,DSDV,1001,5,n9,n11,0.072,1,0,0
3,medium,0.25,43,DSDV,1001,6,n11,n13,0.089,1,0,0
3,medium,0.25,43,DSDV,1001,7,n13,n15,0.120,1,0,0
3,medium,0.25,43,DSDV,1001,8,n15,S,0.127,1,0,0
3,medium,0.25,44,AODV,1001,0,n1,n3,0.115,1,0,0
3,medium,0.25,44,AODV,1001,1,n3,n5,364.822,1,1,1
3,medium,0.25,44,AODV,1001,2,n5,n7,122.554,1,1,1
3,medium,0.25,44,AODV,1001,3,n7,n8,0.168,1,0,0
3,medium,0.25,44,AODV,1001,4,n8,n9,0.092,1,0,0
3,medium,0.25,44,AODV,1001,5,n9,n11,0.126,1,0,0
3,medium,0.25,44,AODV,1001,6,n11,n13,0.081,1,0,0
3,medium,0.25,44,AODV,1001,7,n13,n15,0.100,1,0,0
3,medium,0.25,44,AODV,1001,8,n15,S,0.120,1,0,0
3,medium,0.25,44,OLSR,1001,0,n1,n3,0.115,1,0,0
3,medium,0.25,44,OLSR,1001,1,n3,n5,364.822,1,1,1
3,medium,0.25,44,OLSR,1001,2,n5,n7,122.554,1,1,1
3,medium,0.25,44,OLSR,1001,3,n7,n8,0.168,1,0,0
3,medium,0.25,44,OLSR,1001,4,n8,n9,0.092,1,0,0
3,medium,0.25,44,OLSR,1001,5,n9,n11,0.126,1,0,0
3,medium,0.25,44,OLSR,1001,6,n11,n13,0.081,1,0,0
3,medium,0.25,44,OLSR,1001,7,n13,n15,0.100,1,0,0
3,medium,0.25,44,OLSR,1001,8,n15,S,0.120,1,0,0
3,medium,0.25,44,DSR,1001,0,n1,n3,0.115,1,0,0
3,medium,0.25,44,DSR,1001,1,n3,n5,364.822,1,1,1
3,medium,0.25,44,DSR,1001,2,n5,n7,122.554,1,1,1
3,medium,0.25,44,DSR,1001,3,n7,n8,0.168,1,0,0
3,medium,0.25,44,DSR,1001,4,n8,n9,0.092,1,0,0
3,medium,0.25,44,DSR,1001,5,n9,n11,0.126,1,0,0
3,medium,0.25,44,DSR,1001,6,n11,n13,0.081,1,0,0
3,medium,0.25,44,DSR,1001,7,n13,n15,0.100,1,0,0
3,medium,0.25,44,DSR,1001,8,n15,S,0.120,1,0,0
3,medium,0.25,44,DSDV,1001,0,n1,n3,0.115,1,0,0
3,medium,0.25,44,DSDV,1001,1,n3,n5,364.822,1,1,1
3,medium,0.25,44,DSDV,1001,2,n5,n7,122.554,1,1,1
3,medium,0.25,44,DSDV,1001,3,n7,n8,0.168,1,0,0
3,medium,0.25,44,DSDV,1001,4,n8,n9,0.092,1,0,0
3,medium,0.25,44,DSDV,1001,5,n9,n11,0.126,1,0,0
3,medium,0.25,44,DSDV,1001,6,n11,n13,0.081,1,0,0
3,medium,0.25,44,DSDV,1001,7,n13,n15,0.100,1,0,0
3,medium,0.25,44,DSDV,1001,8,n15,S,0.120,1,0,0
3,medium,0.5,37,AODV,1001,0,n1,n3,0.142,1,0,0
3,medium,0.5,37,AODV,1001,1,n3,n5,64.843,1,1,1
3,medium,0.5,37,AODV,1001,2,n5,n7,362.984,1,1,1
3,medium,0.5,37,AODV,1001,3,n7,n8,0.061,1,0,0
3,medium,0.5,37,AODV,1001,4,n8,n9,0.061,1,0,0
3,medium,0.5,37,AODV,1001,5,n9,n11,0.061,1,0,0
3,medium,0.5,37,AODV,1001,6,n11,n13,0.061,1,0,0
3,medium,0.5,37,AODV,1001,7,n13,n15,0.101,1,0,0
3,medium,0.5,37,AODV,1001,8,n15,S,0.061,1,0,0
3,medium,0.5,37,OLSR,1001,0,n1,n3,0.142,1,0,0
3,medium,0.5,37,OLSR,1001,1,n3,n5,64.843,1,1,1
3,medium,0.5,37,OLSR,1001,2,n5,n7,362.984,1,1,1
3,medium,0.5,37,OLSR,1001,3,n7,n8,0.061,1,0,0
3,medium,0.5,37,OLSR,1001,4,n8,n9,0.061,1,0,0
3,medium,0.5,37,OLSR,1001,5,n9,n11,0.061,1,0,0
3,medium,0.5,37,OLSR,1001,6,n11,n13,0.061,1,0,0
3,medium,0.5,37,OLSR,1001,7,n13,n15,0.101,1,0,0
3,medium,0.5,37,OLSR,1001,8,n15,S,0.061,1,0,0
3,medium,0.5,37,DSR,1001,0,n1,n3,0.142,1,0,0
3,medium,0.5,37,DSR,1001,1,n3,n5,64.843,1,1,1
3,medium,0.5,37,DSR,1001,2,n5,n7,362.984,1,1,1
3,medium,0.5,37,DSR,1001,3,n7,n8,0.061,1,0,0
3,medium,0.5,37,DSR,1001,4,n8,n9,0.061,1,0,0
3,medium,0.5,37,DSR,1001,5,n9,n11,0.061,1,0,0
3,medium,0.5,37,DSR,1001,6,n11,n13,0.061,1,0,0
3,medium,0.5,37,DSR,1001,7,n13,n15,0.101,1,0,0
3,medium,0.5,37,DSR,1001,8,n15,S,0.061,1,0,0
3,medium,0.5,37,DSDV,1001,0,n1,n3,0.142,1,0,0
3,medium,0.5,37,DSDV,1001,1,n3,n5,64.843,1,1,1
3,medium,0.5,37,DSDV,1001,2,n5,n7,362.984,1,1,1
3,medium,0.5,37,DSDV,1001,3,n7,n8,0.061,1,0,0
3,medium,0.5,37,DSDV,1001,4,n8,n9,0.061,1,0,0
3,medium,0.5,37,DSDV,1001,5,n9,n11,0.061,1,0,0
3,medium,0.5,37,DSDV,1001,6,n11,n13,0.061,1,0,0
3,medium,0.5,37,DSDV,1001,7,n13,n15,0.101,1,0,0
3,medium,0.5,37,DSDV,1001,8,n15,S,0.061,1,0,0
3,medium,0.5,38,AODV,1001,0,n1,n3,0.176,1,0,0
3,medium,0.5,38,AODV,1001,1,n3,n5,4.056,1,1,1
3,medium,0.5,38,AODV,1001,2,n5,n7,124.506,1,1,1
3,medium,0.5,38,AODV,1001,3,n7,n8,0.053,1,0,0
3,medium,0.5,38,AODV,1001,4,n8,n9,0.071,1,0,0
3,medium,0.5,38,AODV,1001,5,n9,n11,0.119,1,0,0
3,medium,0.5,38,AODV,1001,6,n11,n13,0.061,1,0,0
3,medium,0.5,38,AODV,1001,7,n13,n15,0.074,1,0,0
3,medium,0.5,38,AODV,1001,8,n15,S,0.101,1,0,0
3,medium,0.5,38,OLSR,1001,0,n1,n3,0.176,1,0,0
3,medium,0.5,38,OLSR,1001,1,n3,n5,4.056,1,1,1
3,medium,0.5,38,OLSR,1001,2,n5,n7,124.506,1,1,1
3,medium,0.5,38,OLSR,1001,3,n7,n8,0.053,1,0,0
3,medium,0.5,38,OLSR,1001,4,n8,n9,0.071,1,0,0
3,medium,0.5,38,OLSR,1001,5,n9,n11,0.119,1,0,0
3,medium,0.5,38,OLSR,1001,6,n11,n13,0.061,1,0,0
3,medium,0.5,38,OLSR,1001,7,n13,n15,0.074,1,0,0
3,medium,0.5,38,OLSR,1001,8,n15,S,0.101,1,0,0
3,medium,0.5,38,DSR,1001,0,n1,n3,0.176,1,0,0
3,medium,0.5,38,DSR,1001,1,n3,n5,4.056,1,1,1
3,medium,0.5,38,DSR,1001,2,n5,n7,124.506,1,1,1
3,medium,0.5,38,DSR,1001,3,n7,n8,0.053,1,0,0
3,medium,0.5,38,DSR,1001,4,n8,n9,0.071,1,0,0
3,medium,0.5,38,DSR,1001,5,n9,n11,0.119,1,0,0
3,medium,0.5,38,DSR,1001,6,n11,n13,0.061,1,0,0
3,medium,0.5,38,DSR,1001,7,n13,n15,0.074,1,0,0
3,medium,0.5,38,DSR,1001,8,n15,S,0.101,1,0,0
3,medium,0.5,38,DSDV,1001,0,n1,n3,0.176,1,0,0
3,medium,0.5,38,DSDV,1001,1,n3,n5,4.056,1,1,1
3,medium,0.5,38,DSDV,1001,2,n5,n7,124.506,1,1,1
3,medium,0.5,38,DSDV,1001,3,n7,n8,0.053,1,0,0
3,medium,0.5,38,DSDV,1001,4,n8,n9,0.071,1,0,0
3,medium,0.5,38,DSDV,1001,5,n9,n11,0.119,1,0,0
3,medium,0.5,38,DSDV,1001,6,n11,n13,0.061,1,0,0
3,medium,0.5,38,DSDV,1001,7,n13,n15,0.074,1,0,0
3,medium,0.5,38,DSDV,1001,8,n15,S,0.101,1,0,0
3,medium,0.5,39,AODV,1001,0,n1,n3,0.062,1,0,0
3,medium,0.5,39,AODV,1001,1,n3,n5,2.785,1,1,1
3,medium,0.5,39,AODV,1001,2,n5,n7,244.506,1,1,1
3,medium,0.5,39,AODV,1001,3,n7,n8,0.149,1,0,0
3,medium,0.5,39,AODV,1001,4,n8,n9,0.061,1,0,0
3,medium,0.5,39,AODV,1001,5,n9,n11,0.119,1,0,0
3,medium,0.5,39,AODV,1001,6,n11,n13,0.061,1,0,0
3,medium,0.5,39,AODV,1001,7,n13,n15,0.065,1,0,0
3,medium,0.5,39,AODV,1001,8,n15,S,0.154,1,0,0
3,medium,0.5,39,OLSR,1001,0,n1,n3,0.062,1,0,0
3,medium,0.5,39,OLSR,1001,1,n3,n5,2.785,1,1,1
3,medium,0.5,39,OLSR,1001,2,n5,n7,244.506,1,1,1
3,medium,0.5,39,OLSR,1001,3,n7,n8,0.149,1,0,0
3,medium,0.5,39,OLSR,1001,4,n8,n9,0.061,1,0,0
3,medium,0.5,39,OLSR,1001,5,n9,n11,0.119,1,0,0
3,medium,0.5,39,OLSR,1001,6,n11,n13,0.061,1,0,0
3,medium,0.5,39,OLSR,1001,7,n13,n15,0.065,1,0,0
3,medium,0.5,39,OLSR,1001,8,n15,S,0.154,1,0,0
3,medium,0.5,39,DSR,1001,0,n1,n3,0.062,1,0,0
3,medium,0.5,39,DSR,1001,1,n3,n5,2.785,1,1,1
3,medium,0.5,39,DSR,1001,2,n5,n7,244.506,1,1,1
3,medium,0.5,39,DSR,1001,3,n7,n8,0.149,1,0,0
3,medium,0.5,39,DSR,1001,4,n8,n9,0.061,1,0,0
3,medium,0.5,39,DSR,1001,5,n9,n11,0.119,1,0,0
3,medium,0.5,39,DSR,1001,6,n11,n13,0.061,1,0,0
3,medium,0.5,39,DSR,1001,7,n13,n15,0.065,1,0,0
3,medium,0.5,39,DSR,1001,8,n15,S,0.154,1,0,0
3,medium,0.5,39,DSDV,1001,0,n1,n3,0.062,1,0,0
3,medium,0.5,39,DSDV,1001,1,n3,n5,2.785,1,1,1
3,medium,0.5,39,DSDV,1001,2,n5,n7,244.506,1,1,1
3,medium,0.5,39,DSDV,1001,3,n7,n8,0.149,1,0,0
3,medium,0.5,39,DSDV,1001,4,n8,n9,0.061,1,0,0
3,medium,0.5,39,DSDV,1001,5,n9,n11,0.119,1,0,0
3,medium,0.5,39,DSDV,1001,6,n11,n13,0.061,1,0,0
3,medium,0.5,39,DSDV,1001,7,n13,n15,0.065,1,0,0
3,medium,0.5,39,DSDV,1001,8,n15,S,0.154,1,0,0
3,medium,0.5,40,AODV,1001,0,n1,n3,0.112,1,0,0
3,medium,0.5,40,AODV,1001,1,n3,n5,124.275,1,1,1
3,medium,0.5,40,AODV,1001,2,n5,n7,124.566,1,1,1
3,medium,0.5,40,AODV,1001,3,n7,n8,0.094,1,0,0
3,medium,0.5,40,AODV,1001,4,n8,n9,0.089,1,0,0
3,medium,0.5,40,AODV,1001,5,n9,n11,0.119,1,0,0
3,medium,0.5,40,AODV,1001,6,n11,n13,0.084,1,0,0
3,medium,0.5,40,AODV,1001,7,n13,n15,0.121,1,0,0
3,medium,0.5,40,AODV,1001,8,n15,S,0.095,1,0,0
3,medium,0.5,40,OLSR,1001,0,n1,n3,0.112,1,0,0
3,medium,0.5,40,OLSR,1001,1,n3,n5,124.275,1,1,1
3,medium,0.5,40,OLSR,1001,2,n5,n7,124.566,1,1,1
3,medium,0.5,40,OLSR,1001,3,n7,n8,0.094,1,0,0
3,medium,0.5,40,OLSR,1001,4,n8,n9,0.089,1,0,0
3,medium,0.5,40,OLSR,1001,5,n9,n11,0.119,1,0,0
3,medium,0.5,40,OLSR,1001,6,n11,n13,0.084,1,0,0
3,medium,0.5,40,OLSR,1001,7,n13,n15,0.121,1,0,0
3,medium,0.5,40,OLSR,1001,8,n15,S,0.095,1,0,0
3,medium,0.5,40,DSR,1001,0,n1,n3,0.112,1,0,0
3,medium,0.5,40,DSR,1001,1,n3,n5,124.275,1,1,1
3,medium,0.5,40,DSR,1001,2,n5,n7,124.566,1,1,1
3,medium,0.5,40,DSR,1001,3,n7,n8,0.094,1,0,0
3,medium,0.5,40,DSR,1001,4,n8,n9,0.089,1,0,0
3,medium,0.5,40,DSR,1001,5,n9,n11,0.119,1,0,0
3,medium,0.5,40,DSR,1001,6,n11,n13,0.084,1,0,0
3,medium,0.5,40,DSR,1001,7,n13,n15,0.121,1,0,0
3,medium,0.5,40,DSR,1001,8,n15,S,0.095,1,0,0
3,medium,0.5,40,DSDV,1001,0,n1,n3,0.112,1,0,0
3,medium,0.5,40,DSDV,1001,1,n3,n5,124.275,1,1,1
3,medium,0.5,40,DSDV,1001,2,n5,n7,124.566,1,1,1
3,medium,0.5,40,DSDV,1001,3,n7,n8,0.094,1,0,0
3,medium,0.5,40,DSDV,1001,4,n8,n9,0.089,1,0,0
3,medium,0.5,40,DSDV,1001,5,n9,n11,0.119,1,0,0
3,medium,0.5,40,DSDV,1001,6,n11,n13,0.084,1,0,0
3,medium,0.5,40,DSDV,1001,7,n13,n15,0.121,1,0,0
3,medium,0.5,40,DSDV,1001,8,n15,S,0.095,1,0,0
3,medium,0.5,41,AODV,1001,0,n1,n3,0.075,1,0,0
3,medium,0.5,41,AODV,1001,1,n3,n5,3.769,1,1,1
3,medium,0.5,41,AODV,1001,2,n5,n7,124.566,1,1,1
3,medium,0.5,41,AODV,1001,3,n7,n8,0.154,1,0,0
3,medium,0.5,41,AODV,1001,4,n8,n9,0.127,1,0,0
3,medium,0.5,41,AODV,1001,5,n9,n11,0.119,1,0,0
3,medium,0.5,41,AODV,1001,6,n11,n13,0.084,1,0,0
3,medium,0.5,41,AODV,1001,7,n13,n15,0.100,1,0,0
3,medium,0.5,41,AODV,1001,8,n15,S,0.120,1,0,0
3,medium,0.5,41,OLSR,1001,0,n1,n3,0.075,1,0,0
3,medium,0.5,41,OLSR,1001,1,n3,n5,3.769,1,1,1
3,medium,0.5,41,OLSR,1001,2,n5,n7,124.566,1,1,1
3,medium,0.5,41,OLSR,1001,3,n7,n8,0.154,1,0,0
3,medium,0.5,41,OLSR,1001,4,n8,n9,0.127,1,0,0
3,medium,0.5,41,OLSR,1001,5,n9,n11,0.119,1,0,0
3,medium,0.5,41,OLSR,1001,6,n11,n13,0.084,1,0,0
3,medium,0.5,41,OLSR,1001,7,n13,n15,0.100,1,0,0
3,medium,0.5,41,OLSR,1001,8,n15,S,0.120,1,0,0
3,medium,0.5,41,DSR,1001,0,n1,n3,0.075,1,0,0
3,medium,0.5,41,DSR,1001,1,n3,n5,3.769,1,1,1
3,medium,0.5,41,DSR,1001,2,n5,n7,124.566,1,1,1
3,medium,0.5,41,DSR,1001,3,n7,n8,0.154,1,0,0
3,medium,0.5,41,DSR,1001,4,n8,n9,0.127,1,0,0
3,medium,0.5,41,DSR,1001,5,n9,n11,0.119,1,0,0
3,medium,0.5,41,DSR,1001,6,n11,n13,0.084,1,0,0
3,medium,0.5,41,DSR,1001,7,n13,n15,0.100,1,0,0
3,medium,0.5,41,DSR,1001,8,n15,S,0.120,1,0,0
3,medium,0.5,41,DSDV,1001,0,n1,n3,0.075,1,0,0
3,medium,0.5,41,DSDV,1001,1,n3,n5,3.769,1,1,1
3,medium,0.5,41,DSDV,1001,2,n5,n7,124.566,1,1,1
3,medium,0.5,41,DSDV,1001,3,n7,n8,0.154,1,0,0
3,medium,0.5,41,DSDV,1001,4,n8,n9,0.127,1,0,0
3,medium,0.5,41,DSDV,1001,5,n9,n11,0.119,1,0,0
3,medium,0.5,41,DSDV,1001,6,n11,n13,0.084,1,0,0
3,medium,0.5,41,DSDV,1001,7,n13,n15,0.100,1,0,0
3,medium,0.5,41,DSDV,1001,8,n15,S,0.120,1,0,0
3,medium,0.5,42,AODV,1001,0,n1,n3,0.125,1,0,0
3,medium,0.5,42,AODV,1001,1,n3,n5,2.573,1,1,1
3,medium,0.5,42,AODV,1001,2,n5,n7,4.566,1,1,1
3,medium,0.5,42,AODV,1001,3,n7,n8,0.158,1,0,0
3,medium,0.5,42,AODV,1001,4,n8,n9,0.124,1,0,0
3,medium,0.5,42,AODV,1001,5,n9,n11,0.154,1,0,0
3,medium,0.5,42,AODV,1001,6,n11,n13,0.115,1,0,0
3,medium,0.5,42,AODV,1001,7,n13,n15,0.121,1,0,0
3,medium,0.5,42,AODV,1001,8,n15,S,0.095,1,0,0
3,medium,0.5,42,OLSR,1001,0,n1,n3,0.125,1,0,0
3,medium,0.5,42,OLSR,1001,1,n3,n5,2.573,1,1,1
3,medium,0.5,42,OLSR,1001,2,n5,n7,4.566,1,1,1
3,medium,0.5,42,OLSR,1001,3,n7,n8,0.158,1,0,0
3,medium,0.5,42,OLSR,1001,4,n8,n9,0.124,1,0,0
3,medium,0.5,42,OLSR,1001,5,n9,n11,0.154,1,0,0
3,medium,0.5,42,OLSR,1001,6,n11,n13,0.115,1,0,0
3,medium,0.5,42,OLSR,1001,7,n13,n15,0.121,1,0,0
3,medium,0.5,42,OLSR,1001,8,n15,S,0.095,1,0,0
3,medium,0.5,42,DSR,1001,0,n1,n3,0.125,1,0,0
3,medium,0.5,42,DSR,1001,1,n3,n5,2.573,1,1,1
3,medium,0.5,42,DSR,1001,2,n5,n7,4.566,1,1,1
3,medium,0.5,42,DSR,1001,3,n7,n8,0.158,1,0,0
3,medium,0.5,42,DSR,1001,4,n8,n9,0.124,1,0,0
3,medium,0.5,42,DSR,1001,5,n9,n11,0.154,1,0,0
3,medium,0.5,42,DSR,1001,6,n11,n13,0.115,1,0,0
3,medium,0.5,42,DSR,1001,7,n13,n15,0.121,1,0,0
3,medium,0.5,42,DSR,1001,8,n15,S,0.095,1,0,0
3,medium,0.5,42,DSDV,1001,0,n1,n3,0.125,1,0,0
3,medium,0.5,42,DSDV,1001,1,n3,n5,2.573,1,1,1
3,medium,0.5,42,DSDV,1001,2,n5,n7,4.566,1,1,1
3,medium,0.5,42,DSDV,1001,3,n7,n8,0.158,1,0,0
3,medium,0.5,42,DSDV,1001,4,n8,n9,0.124,1,0,0
3,medium,0.5,42,DSDV,1001,5,n9,n11,0.154,1,0,0
3,medium,0.5,42,DSDV,1001,6,n11,n13,0.115,1,0,0
3,medium,0.5,42,DSDV,1001,7,n13,n15,0.121,1,0,0
3,medium,0.5,42,DSDV,1001,8,n15,S,0.095,1,0,0
3,medium,0.5,43,AODV,1001,0,n1,n3,0.111,1,0,0
3,medium,0.5,43,AODV,1001,1,n3,n5,4.275,1,1,1
3,medium,0.5,43,AODV,1001,2,n5,n7,304.822,1,1,1
3,medium,0.5,43,AODV,1001,3,n7,n8,0.084,1,0,0
3,medium,0.5,43,AODV,1001,4,n8,n9,0.072,1,0,0
3,medium,0.5,43,AODV,1001,5,n9,n11,0.072,1,0,0
3,medium,0.5,43,AODV,1001,6,n11,n13,0.089,1,0,0
3,medium,0.5,43,AODV,1001,7,n13,n15,0.120,1,0,0
3,medium,0.5,43,AODV,1001,8,n15,S,0.127,1,0,0
3,medium,0.5,43,OLSR,1001,0,n1,n3,0.111,1,0,0
3,medium,0.5,43,OLSR,1001,1,n3,n5,4.275,1,1,1
3,medium,0.5,43,OLSR,1001,2,n5,n7,304.822,1,1,1
3,medium,0.5,43,OLSR,1001,3,n7,n8,0.084,1,0,0
3,medium,0.5,43,OLSR,1001,4,n8,n9,0.072,1,0,0
3,medium,0.5,43,OLSR,1001,5,n9,n11,0.072,1,0,0
3,medium,0.5,43,OLSR,1001,6,n11,n13,0.089,1,0,0
3,medium,0.5,43,OLSR,1001,7,n13,n15,0.120,1,0,0
3,medium,0.5,43,OLSR,1001,8,n15,S,0.127,1,0,0
3,medium,0.5,43,DSR,1001,0,n1,n3,0.111,1,0,0
3,medium,0.5,43,DSR,1001,1,n3,n5,4.275,1,1,1
3,medium,0.5,43,DSR,1001,2,n5,n7,304.822,1,1,1
3,medium,0.5,43,DSR,1001,3,n7,n8,0.084,1,0,0
3,medium,0.5,43,DSR,1001,4,n8,n9,0.072,1,0,0
3,medium,0.5,43,DSR,1001,5,n9,n11,0.072,1,0,0
3,medium,0.5,43,DSR,1001,6,n11,n13,0.089,1,0,0
3,medium,0.5,43,DSR,1001,7,n13,n15,0.120,1,0,0
3,medium,0.5,43,DSR,1001,8,n15,S,0.127,1,0,0
3,medium,0.5,43,DSDV,1001,0,n1,n3,0.111,1,0,0
3,medium,0.5,43,DSDV,1001,1,n3,n5,4.275,1,1,1
3,medium,0.5,43,DSDV,1001,2,n5,n7,304.822,1,1,1
3,medium,0.5,43,DSDV,1001,3,n7,n8,0.084,1,0,0
3,medium,0.5,43,DSDV,1001,4,n8,n9,0.072,1,0,0
3,medium,0.5,43,DSDV,1001,5,n9,n11,0.072,1,0,0
3,medium,0.5,43,DSDV,1001,6,n11,n13,0.089,1,0,0
3,medium,0.5,43,DSDV,1001,7,n13,n15,0.120,1,0,0
3,medium,0.5,43,DSDV,1001,8,n15,S,0.127,1,0,0
3,medium,0.5,44,AODV,1001,0,n1,n3,0.115,1,0,0
3,medium,0.5,44,AODV,1001,1,n3,n5,364.822,1,1,1
3,medium,0.5,44,AODV,1001,2,n5,n7,122.554,1,1,1
3,medium,0.5,44,AODV,1001,3,n7,n8,0.168,1,0,0
3,medium,0.5,44,AODV,1001,4,n8,n9,0.092,1,0,0
3,medium,0.5,44,AODV,1001,5,n9,n11,0.126,1,0,0
3,medium,0.5,44,AODV,1001,6,n11,n13,0.081,1,0,0
3,medium,0.5,44,AODV,1001,7,n13,n15,0.100,1,0,0
3,medium,0.5,44,AODV,1001,8,n15,S,0.120,1,0,0
3,medium,0.5,44,OLSR,1001,0,n1,n3,0.115,1,0,0
3,medium,0.5,44,OLSR,1001,1,n3,n5,364.822,1,1,1
3,medium,0.5,44,OLSR,1001,2,n5,n7,122.554,1,1,1
3,medium,0.5,44,OLSR,1001,3,n7,n8,0.168,1,0,0
3,medium,0.5,44,OLSR,1001,4,n8,n9,0.092,1,0,0
3,medium,0.5,44,OLSR,1001,5,n9,n11,0.126,1,0,0
3,medium,0.5,44,OLSR,1001,6,n11,n13,0.081,1,0,0
3,medium,0.5,44,OLSR,1001,7,n13,n15,0.100,1,0,0
3,medium,0.5,44,OLSR,1001,8,n15,S,0.120,1,0,0
3,medium,0.5,44,DSR,1001,0,n1,n3,0.115,1,0,0
3,medium,0.5,44,DSR,1001,1,n3,n5,364.822,1,1,1
3,medium,0.5,44,DSR,1001,2,n5,n7,122.554,1,1,1
3,medium,0.5,44,DSR,1001,3,n7,n8,0.168,1,0,0
3,medium,0.5,44,DSR,1001,4,n8,n9,0.092,1,0,0
3,medium,0.5,44,DSR,1001,5,n9,n11,0.126,1,0,0
3,medium,0.5,44,DSR,1001,6,n11,n13,0.081,1,0,0
3,medium,0.5,44,DSR,1001,7,n13,n15,0.100,1,0,0
3,medium,0.5,44,DSR,1001,8,n15,S,0.120,1,0,0
3,medium,0.5,44,DSDV,1001,0,n1,n3,0.115,1,0,0
3,medium,0.5,44,DSDV,1001,1,n3,n5,364.822,1,1,1
3,medium,0.5,44,DSDV,1001,2,n5,n7,122.554,1,1,1
3,medium,0.5,44,DSDV,1001,3,n7,n8,0.168,1,0,0
3,medium,0.5,44,DSDV,1001,4,n8,n9,0.092,1,0,0
3,medium,0.5,44,DSDV,1001,5,n9,n11,0.126,1,0,0
3,medium,0.5,44,DSDV,1001,6,n11,n13,0.081,1,0,0
3,medium,0.5,44,DSDV,1001,7,n13,n15,0.100,1,0,0
3,medium,0.5,44,DSDV,1001,8,n15,S,0.120,1,0,0
3,medium,1.0,37,AODV,1001,0,n1,n3,0.142,1,0,0
3,medium,1.0,37,AODV,1001,1,n3,n5,64.843,1,1,1
3,medium,1.0,37,AODV,1001,2,n5,n7,362.984,1,1,1
3,medium,1.0,37,AODV,1001,3,n7,n8,0.061,1,0,0
3,medium,1.0,37,AODV,1001,4,n8,n9,0.061,1,0,0
3,medium,1.0,37,AODV,1001,5,n9,n11,0.061,1,0,0
3,medium,1.0,37,AODV,1001,6,n11,n13,0.061,1,0,0
3,medium,1.0,37,AODV,1001,7,n13,n15,0.101,1,0,0
3,medium,1.0,37,AODV,1001,8,n15,S,0.061,1,0,0
3,medium,1.0,37,OLSR,1001,0,n1,n3,0.142,1,0,0
3,medium,1.0,37,OLSR,1001,1,n3,n5,64.843,1,1,1
3,medium,1.0,37,OLSR,1001,2,n5,n7,362.984,1,1,1
3,medium,1.0,37,OLSR,1001,3,n7,n8,0.061,1,0,0
3,medium,1.0,37,OLSR,1001,4,n8,n9,0.061,1,0,0
3,medium,1.0,37,OLSR,1001,5,n9,n11,0.061,1,0,0
3,medium,1.0,37,OLSR,1001,6,n11,n13,0.061,1,0,0
3,medium,1.0,37,OLSR,1001,7,n13,n15,0.101,1,0,0
3,medium,1.0,37,OLSR,1001,8,n15,S,0.061,1,0,0
3,medium,1.0,37,DSR,1001,0,n1,n3,0.142,1,0,0
3,medium,1.0,37,DSR,1001,1,n3,n5,64.843,1,1,1
3,medium,1.0,37,DSR,1001,2,n5,n7,362.984,1,1,1
3,medium,1.0,37,DSR,1001,3,n7,n8,0.061,1,0,0
3,medium,1.0,37,DSR,1001,4,n8,n9,0.061,1,0,0
3,medium,1.0,37,DSR,1001,5,n9,n11,0.061,1,0,0
3,medium,1.0,37,DSR,1001,6,n11,n13,0.061,1,0,0
3,medium,1.0,37,DSR,1001,7,n13,n15,0.101,1,0,0
3,medium,1.0,37,DSR,1001,8,n15,S,0.061,1,0,0
3,medium,1.0,37,DSDV,1001,0,n1,n3,0.142,1,0,0
3,medium,1.0,37,DSDV,1001,1,n3,n5,64.843,1,1,1
3,medium,1.0,37,DSDV,1001,2,n5,n7,362.984,1,1,1
3,medium,1.0,37,DSDV,1001,3,n7,n8,0.061,1,0,0
3,medium,1.0,37,DSDV,1001,4,n8,n9,0.061,1,0,0
3,medium,1.0,37,DSDV,1001,5,n9,n11,0.061,1,0,0
3,medium,1.0,37,DSDV,1001,6,n11,n13,0.061,1,0,0
3,medium,1.0,37,DSDV,1001,7,n13,n15,0.101,1,0,0
3,medium,1.0,37,DSDV,1001,8,n15,S,0.061,1,0,0
3,medium,1.0,38,AODV,1001,0,n1,n3,0.176,1,0,0
3,medium,1.0,38,AODV,1001,1,n3,n5,4.056,1,1,1
3,medium,1.0,38,AODV,1001,2,n5,n7,124.506,1,1,1
3,medium,1.0,38,AODV,1001,3,n7,n8,0.053,1,0,0
3,medium,1.0,38,AODV,1001,4,n8,n9,0.071,1,0,0
3,medium,1.0,38,AODV,1001,5,n9,n11,0.119,1,0,0
3,medium,1.0,38,AODV,1001,6,n11,n13,0.061,1,0,0
3,medium,1.0,38,AODV,1001,7,n13,n15,0.074,1,0,0
3,medium,1.0,38,AODV,1001,8,n15,S,0.101,1,0,0
3,medium,1.0,38,OLSR,1001,0,n1,n3,0.176,1,0,0
3,medium,1.0,38,OLSR,1001,1,n3,n5,4.056,1,1,1
3,medium,1.0,38,OLSR,1001,2,n5,n7,124.506,1,1,1
3,medium,1.0,38,OLSR,1001,3,n7,n8,0.053,1,0,0
3,medium,1.0,38,OLSR,1001,4,n8,n9,0.071,1,0,0
3,medium,1.0,38,OLSR,1001,5,n9,n11,0.119,1,0,0
3,medium,1.0,38,OLSR,1001,6,n11,n13,0.061,1,0,0
3,medium,1.0,38,OLSR,1001,7,n13,n15,0.074,1,0,0
3,medium,1.0,38,OLSR,1001,8,n15,S,0.101,1,0,0
3,medium,1.0,38,DSR,1001,0,n1,n3,0.176,1,0,0
3,medium,1.0,38,DSR,1001,1,n3,n5,4.056,1,1,1
3,medium,1.0,38,DSR,1001,2,n5,n7,124.506,1,1,1
3,medium,1.0,38,DSR,1001,3,n7,n8,0.053,1,0,0
3,medium,1.0,38,DSR,1001,4,n8,n9,0.071,1,0,0
3,medium,1.0,38,DSR,1001,5,n9,n11,0.119,1,0,0
3,medium,1.0,38,DSR,1001,6,n11,n13,0.061,1,0,0
3,medium,1.0,38,DSR,1001,7,n13,n15,0.074,1,0,0
3,medium,1.0,38,DSR,1001,8,n15,S,0.101,1,0,0
3,medium,1.0,38,DSDV,1001,0,n1,n3,0.176,1,0,0
3,medium,1.0,38,DSDV,1001,1,n3,n5,4.056,1,1,1
3,medium,1.0,38,DSDV,1001,2,n5,n7,124.506,1,1,1
3,medium,1.0,38,DSDV,1001,3,n7,n8,0.053,1,0,0
3,medium,1.0,38,DSDV,1001,4,n8,n9,0.071,1,0,0
3,medium,1.0,38,DSDV,1001,5,n9,n11,0.119,1,0,0
3,medium,1.0,38,DSDV,1001,6,n11,n13,0.061,1,0,0
3,medium,1.0,38,DSDV,1001,7,n13,n15,0.074,1,0,0
3,medium,1.0,38,DSDV,1001,8,n15,S,0.101,1,0,0
3,medium,1.0,39,AODV,1001,0,n1,n3,0.062,1,0,0
3,medium,1.0,39,AODV,1001,1,n3,n5,2.785,1,1,1
3,medium,1.0,39,AODV,1001,2,n5,n7,244.506,1,1,1
3,medium,1.0,39,AODV,1001,3,n7,n8,0.149,1,0,0
3,medium,1.0,39,AODV,1001,4,n8,n9,0.061,1,0,0
3,medium,1.0,39,AODV,1001,5,n9,n11,0.119,1,0,0
3,medium,1.0,39,AODV,1001,6,n11,n13,0.061,1,0,0
3,medium,1.0,39,AODV,1001,7,n13,n15,0.065,1,0,0
3,medium,1.0,39,AODV,1001,8,n15,S,0.154,1,0,0
3,medium,1.0,39,OLSR,1001,0,n1,n3,0.062,1,0,0
3,medium,1.0,39,OLSR,1001,1,n3,n5,2.785,1,1,1
3,medium,1.0,39,OLSR,1001,2,n5,n7,244.506,1,1,1
3,medium,1.0,39,OLSR,1001,3,n7,n8,0.149,1,0,0
3,medium,1.0,39,OLSR,1001,4,n8,n9,0.061,1,0,0
3,medium,1.0,39,OLSR,1001,5,n9,n11,0.119,1,0,0
3,medium,1.0,39,OLSR,1001,6,n11,n13,0.061,1,0,0
3,medium,1.0,39,OLSR,1001,7,n13,n15,0.065,1,0,0
3,medium,1.0,39,OLSR,1001,8,n15,S,0.154,1,0,0
3,medium,1.0,39,DSR,1001,0,n1,n3,0.062,1,0,0
3,medium,1.0,39,DSR,1001,1,n3,n5,2.785,1,1,1
3,medium,1.0,39,DSR,1001,2,n5,n7,244.506,1,1,1
3,medium,1.0,39,DSR,1001,3,n7,n8,0.149,1,0,0
3,medium,1.0,39,DSR,1001,4,n8,n9,0.061,1,0,0
3,medium,1.0,39,DSR,1001,5,n9,n11,0.119,1,0,0
3,medium,1.0,39,DSR,1001,6,n11,n13,0.061,1,0,0
3,medium,1.0,39,DSR,1001,7,n13,n15,0.065,1,0,0
3,medium,1.0,39,DSR,1001,8,n15,S,0.154,1,0,0
3,medium,1.0,39,DSDV,1001,0,n1,n3,0.062,1,0,0
3,medium,1.0,39,DSDV,1001,1,n3,n5,2.785,1,1,1
3,medium,1.0,39,DSDV,1001,2,n5,n7,244.506,1,1,1
3,medium,1.0,39,DSDV,1001,3,n7,n8,0.149,1,0,0
3,medium,1.0,39,DSDV,1001,4,n8,n9,0.061,1,0,0
3,medium,1.0,39,DSDV,1001,5,n9,n11,0.119,1,0,0
3,medium,1.0,39,DSDV,1001,6,n11,n13,0.061,1,0,0
3,medium,1.0,39,DSDV,1001,7,n13,n15,0.065,1,0,0
3,medium,1.0,39,DSDV,1001,8,n15,S,0.154,1,0,0
3,medium,1.0,40,AODV,1001,0,n1,n3,0.112,1,0,0
3,medium,1.0,40,AODV,1001,1,n3,n5,124.275,1,1,1
3,medium,1.0,40,AODV,1001,2,n5,n7,124.566,1,1,1
3,medium,1.0,40,AODV,1001,3,n7,n8,0.094,1,0,0
3,medium,1.0,40,AODV,1001,4,n8,n9,0.089,1,0,0
3,medium,1.0,40,AODV,1001,5,n9,n11,0.119,1,0,0
3,medium,1.0,40,AODV,1001,6,n11,n13,0.084,1,0,0
3,medium,1.0,40,AODV,1001,7,n13,n15,0.121,1,0,0
3,medium,1.0,40,AODV,1001,8,n15,S,0.095,1,0,0
3,medium,1.0,40,OLSR,1001,0,n1,n3,0.112,1,0,0
3,medium,1.0,40,OLSR,1001,1,n3,n5,124.275,1,1,1
3,medium,1.0,40,OLSR,1001,2,n5,n7,124.566,1,1,1
3,medium,1.0,40,OLSR,1001,3,n7,n8,0.094,1,0,0
3,medium,1.0,40,OLSR,1001,4,n8,n9,0.089,1,0,0
3,medium,1.0,40,OLSR,1001,5,n9,n11,0.119,1,0,0
3,medium,1.0,40,OLSR,1001,6,n11,n13,0.084,1,0,0
3,medium,1.0,40,OLSR,1001,7,n13,n15,0.121,1,0,0
3,medium,1.0,40,OLSR,1001,8,n15,S,0.095,1,0,0
3,medium,1.0,40,DSR,1001,0,n1,n3,0.112,1,0,0
3,medium,1.0,40,DSR,1001,1,n3,n5,124.275,1,1,1
3,medium,1.0,40,DSR,1001,2,n5,n7,124.566,1,1,1
3,medium,1.0,40,DSR,1001,3,n7,n8,0.094,1,0,0
3,medium,1.0,40,DSR,1001,4,n8,n9,0.089,1,0,0
3,medium,1.0,40,DSR,1001,5,n9,n11,0.119,1,0,0
3,medium,1.0,40,DSR,1001,6,n11,n13,0.084,1,0,0
3,medium,1.0,40,DSR,1001,7,n13,n15,0.121,1,0,0
3,medium,1.0,40,DSR,1001,8,n15,S,0.095,1,0,0
3,medium,1.0,40,DSDV,1001,0,n1,n3,0.112,1,0,0
3,medium,1.0,40,DSDV,1001,1,n3,n5,124.275,1,1,1
3,medium,1.0,40,DSDV,1001,2,n5,n7,124.566,1,1,1
3,medium,1.0,40,DSDV,1001,3,n7,n8,0.094,1,0,0
3,medium,1.0,40,DSDV,1001,4,n8,n9,0.089,1,0,0
3,medium,1.0,40,DSDV,1001,5,n9,n11,0.119,1,0,0
3,medium,1.0,40,DSDV,1001,6,n11,n13,0.084,1,0,0
3,medium,1.0,40,DSDV,1001,7,n13,n15,0.121,1,0,0
3,medium,1.0,40,DSDV,1001,8,n15,S,0.095,1,0,0
3,medium,1.0,41,AODV,1001,0,n1,n3,0.075,1,0,0
3,medium,1.0,41,AODV,1001,1,n3,n5,3.769,1,1,1
3,medium,1.0,41,AODV,1001,2,n5,n7,124.566,1,1,1
3,medium,1.0,41,AODV,1001,3,n7,n8,0.154,1,0,0
3,medium,1.0,41,AODV,1001,4,n8,n9,0.127,1,0,0
3,medium,1.0,41,AODV,1001,5,n9,n11,0.119,1,0,0
3,medium,1.0,41,AODV,1001,6,n11,n13,0.084,1,0,0
3,medium,1.0,41,AODV,1001,7,n13,n15,0.100,1,0,0
3,medium,1.0,41,AODV,1001,8,n15,S,0.120,1,0,0
3,medium,1.0,41,OLSR,1001,0,n1,n3,0.075,1,0,0
3,medium,1.0,41,OLSR,1001,1,n3,n5,3.769,1,1,1
3,medium,1.0,41,OLSR,1001,2,n5,n7,124.566,1,1,1
3,medium,1.0,41,OLSR,1001,3,n7,n8,0.154,1,0,0
3,medium,1.0,41,OLSR,1001,4,n8,n9,0.127,1,0,0
3,medium,1.0,41,OLSR,1001,5,n9,n11,0.119,1,0,0
3,medium,1.0,41,OLSR,1001,6,n11,n13,0.084,1,0,0
3,medium,1.0,41,OLSR,1001,7,n13,n15,0.100,1,0,0
3,medium,1.0,41,OLSR,1001,8,n15,S,0.120,1,0,0
3,medium,1.0,41,DSR,1001,0,n1,n3,0.075,1,0,0
3,medium,1.0,41,DSR,1001,1,n3,n5,3.769,1,1,1
3,medium,1.0,41,DSR,1001,2,n5,n7,124.566,1,1,1
3,medium,1.0,41,DSR,1001,3,n7,n8,0.154,1,0,0
3,medium,1.0,41,DSR,1001,4,n8,n9,0.127,1,0,0
3,medium,1.0,41,DSR,1001,5,n9,n11,0.119,1,0,0
3,medium,1.0,41,DSR,1001,6,n11,n13,0.084,1,0,0
3,medium,1.0,41,DSR,1001,7,n13,n15,0.100,1,0,0
3,medium,1.0,41,DSR,1001,8,n15,S,0.120,1,0,0
3,medium,1.0,41,DSDV,1001,0,n1,n3,0.075,1,0,0
3,medium,1.0,41,DSDV,1001,1,n3,n5,3.769,1,1,1
3,medium,1.0,41,DSDV,1001,2,n5,n7,124.566,1,1,1
3,medium,1.0,41,DSDV,1001,3,n7,n8,0.154,1,0,0
3,medium,1.0,41,DSDV,1001,4,n8,n9,0.127,1,0,0
3,medium,1.0,41,DSDV,1001,5,n9,n11,0.119,1,0,0
3,medium,1.0,41,DSDV,1001,6,n11,n13,0.084,1,0,0
3,medium,1.0,41,DSDV,1001,7,n13,n15,0.100,1,0,0
3,medium,1.0,41,DSDV,1001,8,n15,S,0.120,1,0,0
3,medium,1.0,42,AODV,1001,0,n1,n3,0.125,1,0,0
3,medium,1.0,42,AODV,1001,1,n3,n5,2.573,1,1,1
3,medium,1.0,42,AODV,1001,2,n5,n7,4.566,1,1,1
3,medium,1.0,42,AODV,1001,3,n7,n8,0.158,1,0,0
3,medium,1.0,42,AODV,1001,4,n8,n9,0.124,1,0,0
3,medium,1.0,42,AODV,1001,5,n9,n11,0.154,1,0,0
3,medium,1.0,42,AODV,1001,6,n11,n13,0.115,1,0,0
3,medium,1.0,42,AODV,1001,7,n13,n15,0.121,1,0,0
3,medium,1.0,42,AODV,1001,8,n15,S,0.095,1,0,0
3,medium,1.0,42,OLSR,1001,0,n1,n3,0.125,1,0,0
3,medium,1.0,42,OLSR,1001,1,n3,n5,2.573,1,1,1
3,medium,1.0,42,OLSR,1001,2,n5,n7,4.566,1,1,1
3,medium,1.0,42,OLSR,1001,3,n7,n8,0.158,1,0,0
3,medium,1.0,42,OLSR,1001,4,n8,n9,0.124,1,0,0
3,medium,1.0,42,OLSR,1001,5,n9,n11,0.154,1,0,0
3,medium,1.0,42,OLSR,1001,6,n11,n13,0.115,1,0,0
3,medium,1.0,42,OLSR,1001,7,n13,n15,0.121,1,0,0
3,medium,1.0,42,OLSR,1001,8,n15,S,0.095,1,0,0
3,medium,1.0,42,DSR,1001,0,n1,n3,0.125,1,0,0
3,medium,1.0,42,DSR,1001,1,n3,n5,2.573,1,1,1
3,medium,1.0,42,DSR,1001,2,n5,n7,4.566,1,1,1
3,medium,1.0,42,DSR,1001,3,n7,n8,0.158,1,0,0
3,medium,1.0,42,DSR,1001,4,n8,n9,0.124,1,0,0
3,medium,1.0,42,DSR,1001,5,n9,n11,0.154,1,0,0
3,medium,1.0,42,DSR,1001,6,n11,n13,0.115,1,0,0
3,medium,1.0,42,DSR,1001,7,n13,n15,0.121,1,0,0
3,medium,1.0,42,DSR,1001,8,n15,S,0.095,1,0,0
3,medium,1.0,42,DSDV,1001,0,n1,n3,0.125,1,0,0
3,medium,1.0,42,DSDV,1001,1,n3,n5,2.573,1,1,1
3,medium,1.0,42,DSDV,1001,2,n5,n7,4.566,1,1,1
3,medium,1.0,42,DSDV,1001,3,n7,n8,0.158,1,0,0
3,medium,1.0,42,DSDV,1001,4,n8,n9,0.124,1,0,0
3,medium,1.0,42,DSDV,1001,5,n9,n11,0.154,1,0,0
3,medium,1.0,42,DSDV,1001,6,n11,n13,0.115,1,0,0
3,medium,1.0,42,DSDV,1001,7,n13,n15,0.121,1,0,0
3,medium,1.0,42,DSDV,1001,8,n15,S,0.095,1,0,0
3,medium,1.0,43,AODV,1001,0,n1,n3,0.111,1,0,0
3,medium,1.0,43,AODV,1001,1,n3,n5,4.275,1,1,1
3,medium,1.0,43,AODV,1001,2,n5,n7,304.822,1,1,1
3,medium,1.0,43,AODV,1001,3,n7,n8,0.084,1,0,0
3,medium,1.0,43,AODV,1001,4,n8,n9,0.072,1,0,0
3,medium,1.0,43,AODV,1001,5,n9,n11,0.072,1,0,0
3,medium,1.0,43,AODV,1001,6,n11,n13,0.089,1,0,0
3,medium,1.0,43,AODV,1001,7,n13,n15,0.120,1,0,0
3,medium,1.0,43,AODV,1001,8,n15,S,0.127,1,0,0
3,medium,1.0,43,OLSR,1001,0,n1,n3,0.111,1,0,0
3,medium,1.0,43,OLSR,1001,1,n3,n5,4.275,1,1,1
3,medium,1.0,43,OLSR,1001,2,n5,n7,304.822,1,1,1
3,medium,1.0,43,OLSR,1001,3,n7,n8,0.084,1,0,0
3,medium,1.0,43,OLSR,1001,4,n8,n9,0.072,1,0,0
3,medium,1.0,43,OLSR,1001,5,n9,n11,0.072,1,0,0
3,medium,1.0,43,OLSR,1001,6,n11,n13,0.089,1,0,0
3,medium,1.0,43,OLSR,1001,7,n13,n15,0.120,1,0,0
3,medium,1.0,43,OLSR,1001,8,n15,S,0.127,1,0,0
3,medium,1.0,43,DSR,1001,0,n1,n3,0.111,1,0,0
3,medium,1.0,43,DSR,1001,1,n3,n5,4.275,1,1,1
3,medium,1.0,43,DSR,1001,2,n5,n7,304.822,1,1,1
3,medium,1.0,43,DSR,1001,3,n7,n8,0.084,1,0,0
3,medium,1.0,43,DSR,1001,4,n8,n9,0.072,1,0,0
3,medium,1.0,43,DSR,1001,5,n9,n11,0.072,1,0,0
3,medium,1.0,43,DSR,1001,6,n11,n13,0.089,1,0,0
3,medium,1.0,43,DSR,1001,7,n13,n15,0.120,1,0,0
3,medium,1.0,43,DSR,1001,8,n15,S,0.127,1,0,0
3,medium,1.0,43,DSDV,1001,0,n1,n3,0.111,1,0,0
3,medium,1.0,43,DSDV,1001,1,n3,n5,4.275,1,1,1
3,medium,1.0,43,DSDV,1001,2,n5,n7,304.822,1,1,1
3,medium,1.0,43,DSDV,1001,3,n7,n8,0.084,1,0,0
3,medium,1.0,43,DSDV,1001,4,n8,n9,0.072,1,0,0
3,medium,1.0,43,DSDV,1001,5,n9,n11,0.072,1,0,0
3,medium,1.0,43,DSDV,1001,6,n11,n13,0.089,1,0,0
3,medium,1.0,43,DSDV,1001,7,n13,n15,0.120,1,0,0
3,medium,1.0,43,DSDV,1001,8,n15,S,0.127,1,0,0
3,medium,1.0,44,AODV,1001,0,n1,n3,0.115,1,0,0
3,medium,1.0,44,AODV,1001,1,n3,n5,364.822,1,1,1
3,medium,1.0,44,AODV,1001,2,n5,n7,122.554,1,1,1
3,medium,1.0,44,AODV,1001,3,n7,n8,0.168,1,0,0
3,medium,1.0,44,AODV,1001,4,n8,n9,0.092,1,0,0
3,medium,1.0,44,AODV,1001,5,n9,n11,0.126,1,0,0
3,medium,1.0,44,AODV,1001,6,n11,n13,0.081,1,0,0
3,medium,1.0,44,AODV,1001,7,n13,n15,0.100,1,0,0
3,medium,1.0,44,AODV,1001,8,n15,S,0.120,1,0,0
3,medium,1.0,44,OLSR,1001,0,n1,n3,0.115,1,0,0
3,medium,1.0,44,OLSR,1001,1,n3,n5,364.822,1,1,1
3,medium,1.0,44,OLSR,1001,2,n5,n7,122.554,1,1,1
3,medium,1.0,44,OLSR,1001,3,n7,n8,0.168,1,0,0
3,medium,1.0,44,OLSR,1001,4,n8,n9,0.092,1,0,0
3,medium,1.0,44,OLSR,1001,5,n9,n11,0.126,1,0,0
3,medium,1.0,44,OLSR,1001,6,n11,n13,0.081,1,0,0
3,medium,1.0,44,OLSR,1001,7,n13,n15,0.100,1,0,0
3,medium,1.0,44,OLSR,1001,8,n15,S,0.120,1,0,0
3,medium,1.0,44,DSR,1001,0,n1,n3,0.115,1,0,0
3,medium,1.0,44,DSR,1001,1,n3,n5,364.822,1,1,1
3,medium,1.0,44,DSR,1001,2,n5,n7,122.554,1,1,1
3,medium,1.0,44,DSR,1001,3,n7,n8,0.168,1,0,0
3,medium,1.0,44,DSR,1001,4,n8,n9,0.092,1,0,0
3,medium,1.0,44,DSR,1001,5,n9,n11,0.126,1,0,0
3,medium,1.0,44,DSR,1001,6,n11,n13,0.081,1,0,0
3,medium,1.0,44,DSR,1001,7,n13,n15,0.100,1,0,0
3,medium,1.0,44,DSR,1001,8,n15,S,0.120,1,0,0
3,medium,1.0,44,DSDV,1001,0,n1,n3,0.115,1,0,0
3,medium,1.0,44,DSDV,1001,1,n3,n5,364.822,1,1,1
3,medium,1.0,44,DSDV,1001,2,n5,n7,122.554,1,1,1
3,medium,1.0,44,DSDV,1001,3,n7,n8,0.168,1,0,0
3,medium,1.0,44,DSDV,1001,4,n8,n9,0.092,1,0,0
3,medium,1.0,44,DSDV,1001,5,n9,n11,0.126,1,0,0
3,medium,1.0,44,DSDV,1001,6,n11,n13,0.081,1,0,0
3,medium,1.0,44,DSDV,1001,7,n13,n15,0.100,1,0,0
3,medium,1.0,44,DSDV,1001,8,n15,S,0.120,1,0,0
3,medium,1.5,37,AODV,1001,0,n1,n3,0.142,1,0,0
3,medium,1.5,37,AODV,1001,1,n3,n5,64.843,1,1,1
3,medium,1.5,37,AODV,1001,2,n5,n7,362.984,1,1,1
3,medium,1.5,37,AODV,1001,3,n7,n8,0.061,1,0,0
3,medium,1.5,37,AODV,1001,4,n8,n9,0.061,1,0,0
3,medium,1.5,37,AODV,1001,5,n9,n11,0.061,1,0,0
3,medium,1.5,37,AODV,1001,6,n11,n13,0.061,1,0,0
3,medium,1.5,37,AODV,1001,7,n13,n15,0.101,1,0,0
3,medium,1.5,37,AODV,1001,8,n15,S,0.061,1,0,0
3,medium,1.5,37,OLSR,1001,0,n1,n3,0.142,1,0,0
3,medium,1.5,37,OLSR,1001,1,n3,n5,64.843,1,1,1
3,medium,1.5,37,OLSR,1001,2,n5,n7,362.984,1,1,1
3,medium,1.5,37,OLSR,1001,3,n7,n8,0.061,1,0,0
3,medium,1.5,37,OLSR,1001,4,n8,n9,0.061,1,0,0
3,medium,1.5,37,OLSR,1001,5,n9,n11,0.061,1,0,0
3,medium,1.5,37,OLSR,1001,6,n11,n13,0.061,1,0,0
3,medium,1.5,37,OLSR,1001,7,n13,n15,0.101,1,0,0
3,medium,1.5,37,OLSR,1001,8,n15,S,0.061,1,0,0
3,medium,1.5,37,DSR,1001,0,n1,n3,0.142,1,0,0
3,medium,1.5,37,DSR,1001,1,n3,n5,64.843,1,1,1
3,medium,1.5,37,DSR,1001,2,n5,n7,362.984,1,1,1
3,medium,1.5,37,DSR,1001,3,n7,n8,0.061,1,0,0
3,medium,1.5,37,DSR,1001,4,n8,n9,0.061,1,0,0
3,medium,1.5,37,DSR,1001,5,n9,n11,0.061,1,0,0
3,medium,1.5,37,DSR,1001,6,n11,n13,0.061,1,0,0
3,medium,1.5,37,DSR,1001,7,n13,n15,0.101,1,0,0
3,medium,1.5,37,DSR,1001,8,n15,S,0.061,1,0,0
3,medium,1.5,37,DSDV,1001,0,n1,n3,0.142,1,0,0
3,medium,1.5,37,DSDV,1001,1,n3,n5,64.843,1,1,1
3,medium,1.5,37,DSDV,1001,2,n5,n7,362.984,1,1,1
3,medium,1.5,37,DSDV,1001,3,n7,n8,0.061,1,0,0
3,medium,1.5,37,DSDV,1001,4,n8,n9,0.061,1,0,0
3,medium,1.5,37,DSDV,1001,5,n9,n11,0.061,1,0,0
3,medium,1.5,37,DSDV,1001,6,n11,n13,0.061,1,0,0
3,medium,1.5,37,DSDV,1001,7,n13,n15,0.101,1,0,0
3,medium,1.5,37,DSDV,1001,8,n15,S,0.061,1,0,0
3,medium,1.5,38,AODV,1001,0,n1,n3,0.176,1,0,0
3,medium,1.5,38,AODV,1001,1,n3,n5,4.056,1,1,1
3,medium,1.5,38,AODV,1001,2,n5,n7,124.506,1,1,1
3,medium,1.5,38,AODV,1001,3,n7,n8,0.053,1,0,0
3,medium,1.5,38,AODV,1001,4,n8,n9,0.071,1,0,0
3,medium,1.5,38,AODV,1001,5,n9,n11,0.119,1,0,0
3,medium,1.5,38,AODV,1001,6,n11,n13,0.061,1,0,0
3,medium,1.5,38,AODV,1001,7,n13,n15,0.074,1,0,0
3,medium,1.5,38,AODV,1001,8,n15,S,0.101,1,0,0
3,medium,1.5,38,OLSR,1001,0,n1,n3,0.176,1,0,0
3,medium,1.5,38,OLSR,1001,1,n3,n5,4.056,1,1,1
3,medium,1.5,38,OLSR,1001,2,n5,n7,124.506,1,1,1
3,medium,1.5,38,OLSR,1001,3,n7,n8,0.053,1,0,0
3,medium,1.5,38,OLSR,1001,4,n8,n9,0.071,1,0,0
3,medium,1.5,38,OLSR,1001,5,n9,n11,0.119,1,0,0
3,medium,1.5,38,OLSR,1001,6,n11,n13,0.061,1,0,0
3,medium,1.5,38,OLSR,1001,7,n13,n15,0.074,1,0,0
3,medium,1.5,38,OLSR,1001,8,n15,S,0.101,1,0,0
3,medium,1.5,38,DSR,1001,0,n1,n3,0.176,1,0,0
3,medium,1.5,38,DSR,1001,1,n3,n5,4.056,1,1,1
3,medium,1.5,38,DSR,1001,2,n5,n7,124.506,1,1,1
3,medium,1.5,38,DSR,1001,3,n7,n8,0.053,1,0,0
3,medium,1.5,38,DSR,1001,4,n8,n9,0.071,1,0,0
3,medium,1.5,38,DSR,1001,5,n9,n11,0.119,1,0,0
3,medium,1.5,38,DSR,1001,6,n11,n13,0.061,1,0,0
3,medium,1.5,38,DSR,1001,7,n13,n15,0.074,1,0,0
3,medium,1.5,38,DSR,1001,8,n15,S,0.101,1,0,0
3,medium,1.5,38,DSDV,1001,0,n1,n3,0.176,1,0,0
3,medium,1.5,38,DSDV,1001,1,n3,n5,4.056,1,1,1
3,medium,1.5,38,DSDV,1001,2,n5,n7,124.506,1,1,1
3,medium,1.5,38,DSDV,1001,3,n7,n8,0.053,1,0,0
3,medium,1.5,38,DSDV,1001,4,n8,n9,0.071,1,0,0
3,medium,1.5,38,DSDV,1001,5,n9,n11,0.119,1,0,0
3,medium,1.5,38,DSDV,1001,6,n11,n13,0.061,1,0,0
3,medium,1.5,38,DSDV,1001,7,n13,n15,0.074,1,0,0
3,medium,1.5,38,DSDV,1001,8,n15,S,0.101,1,0,0
3,medium,1.5,39,AODV,1001,0,n1,n3,0.062,1,0,0
3,medium,1.5,39,AODV,1001,1,n3,n5,2.785,1,1,1
3,medium,1.5,39,AODV,1001,2,n5,n7,244.506,1,1,1
3,medium,1.5,39,AODV,1001,3,n7,n8,0.149,1,0,0
3,medium,1.5,39,AODV,1001,4,n8,n9,0.061,1,0,0
3,medium,1.5,39,AODV,1001,5,n9,n11,0.119,1,0,0
3,medium,1.5,39,AODV,1001,6,n11,n13,0.061,1,0,0
3,medium,1.5,39,AODV,1001,7,n13,n15,0.065,1,0,0
3,medium,1.5,39,AODV,1001,8,n15,S,0.154,1,0,0
3,medium,1.5,39,OLSR,1001,0,n1,n3,0.062,1,0,0
3,medium,1.5,39,OLSR,1001,1,n3,n5,2.785,1,1,1
3,medium,1.5,39,OLSR,1001,2,n5,n7,244.506,1,1,1
3,medium,1.5,39,OLSR,1001,3,n7,n8,0.149,1,0,0
3,medium,1.5,39,OLSR,1001,4,n8,n9,0.061,1,0,0
3,medium,1.5,39,OLSR,1001,5,n9,n11,0.119,1,0,0
3,medium,1.5,39,OLSR,1001,6,n11,n13,0.061,1,0,0
3,medium,1.5,39,OLSR,1001,7,n13,n15,0.065,1,0,0
3,medium,1.5,39,OLSR,1001,8,n15,S,0.154,1,0,0
3,medium,1.5,39,DSR,1001,0,n1,n3,0.062,1,0,0
3,medium,1.5,39,DSR,1001,1,n3,n5,2.785,1,1,1
3,medium,1.5,39,DSR,1001,2,n5,n7,244.506,1,1,1
3,medium,1.5,39,DSR,1001,3,n7,n8,0.149,1,0,0
3,medium,1.5,39,DSR,1001,4,n8,n9,0.061,1,0,0
3,medium,1.5,39,DSR,1001,5,n9,n11,0.119,1,0,0
3,medium,1.5,39,DSR,1001,6,n11,n13,0.061,1,0,0
3,medium,1.5,39,DSR,1001,7,n13,n15,0.065,1,0,0
3,medium,1.5,39,DSR,1001,8,n15,S,0.154,1,0,0
3,medium,1.5,39,DSDV,1001,0,n1,n3,0.062,1,0,0
3,medium,1.5,39,DSDV,1001,1,n3,n5,2.785,1,1,1
3,medium,1.5,39,DSDV,1001,2,n5,n7,244.506,1,1,1
3,medium,1.5,39,DSDV,1001,3,n7,n8,0.149,1,0,0
3,medium,1.5,39,DSDV,1001,4,n8,n9,0.061,1,0,0
3,medium,1.5,39,DSDV,1001,5,n9,n11,0.119,1,0,0
3,medium,1.5,39,DSDV,1001,6,n11,n13,0.061,1,0,0
3,medium,1.5,39,DSDV,1001,7,n13,n15,0.065,1,0,0
3,medium,1.5,39,DSDV,1001,8,n15,S,0.154,1,0,0
3,medium,1.5,40,AODV,1001,0,n1,n3,0.112,1,0,0
3,medium,1.5,40,AODV,1001,1,n3,n5,124.275,1,1,1
3,medium,1.5,40,AODV,1001,2,n5,n7,124.566,1,1,1
3,medium,1.5,40,AODV,1001,3,n7,n8,0.094,1,0,0
3,medium,1.5,40,AODV,1001,4,n8,n9,0.089,1,0,0
3,medium,1.5,40,AODV,1001,5,n9,n11,0.119,1,0,0
3,medium,1.5,40,AODV,1001,6,n11,n13,0.084,1,0,0
3,medium,1.5,40,AODV,1001,7,n13,n15,0.121,1,0,0
3,medium,1.5,40,AODV,1001,8,n15,S,0.095,1,0,0
3,medium,1.5,40,OLSR,1001,0,n1,n3,0.112,1,0,0
3,medium,1.5,40,OLSR,1001,1,n3,n5,124.275,1,1,1
3,medium,1.5,40,OLSR,1001,2,n5,n7,124.566,1,1,1
3,medium,1.5,40,OLSR,1001,3,n7,n8,0.094,1,0,0
3,medium,1.5,40,OLSR,1001,4,n8,n9,0.089,1,0,0
3,medium,1.5,40,OLSR,1001,5,n9,n11,0.119,1,0,0
3,medium,1.5,40,OLSR,1001,6,n11,n13,0.084,1,0,0
3,medium,1.5,40,OLSR,1001,7,n13,n15,0.121,1,0,0
3,medium,1.5,40,OLSR,1001,8,n15,S,0.095,1,0,0
3,medium,1.5,40,DSR,1001,0,n1,n3,0.112,1,0,0
3,medium,1.5,40,DSR,1001,1,n3,n5,124.275,1,1,1
3,medium,1.5,40,DSR,1001,2,n5,n7,124.566,1,1,1
3,medium,1.5,40,DSR,1001,3,n7,n8,0.094,1,0,0
3,medium,1.5,40,DSR,1001,4,n8,n9,0.089,1,0,0
3,medium,1.5,40,DSR,1001,5,n9,n11,0.119,1,0,0
3,medium,1.5,40,DSR,1001,6,n11,n13,0.084,1,0,0
3,medium,1.5,40,DSR,1001,7,n13,n15,0.121,1,0,0
3,medium,1.5,40,DSR,1001,8,n15,S,0.095,1,0,0
3,medium,1.5,40,DSDV,1001,0,n1,n3,0.112,1,0,0
3,medium,1.5,40,DSDV,1001,1,n3,n5,124.275,1,1,1
3,medium,1.5,40,DSDV,1001,2,n5,n7,124.566,1,1,1
3,medium,1.5,40,DSDV,1001,3,n7,n8,0.094,1,0,0
3,medium,1.5,40,DSDV,1001,4,n8,n9,0.089,1,0,0
3,medium,1.5,40,DSDV,1001,5,n9,n11,0.119,1,0,0
3,medium,1.5,40,DSDV,1001,6,n11,n13,0.084,1,0,0
3,medium,1.5,40,DSDV,1001,7,n13,n15,0.121,1,0,0
3,medium,1.5,40,DSDV,1001,8,n15,S,0.095,1,0,0
3,medium,1.5,41,AODV,1001,0,n1,n3,0.075,1,0,0
3,medium,1.5,41,AODV,1001,1,n3,n5,3.769,1,1,1
3,medium,1.5,41,AODV,1001,2,n5,n7,124.566,1,1,1
3,medium,1.5,41,AODV,1001,3,n7,n8,0.154,1,0,0
3,medium,1.5,41,AODV,1001,4,n8,n9,0.127,1,0,0
3,medium,1.5,41,AODV,1001,5,n9,n11,0.119,1,0,0
3,medium,1.5,41,AODV,1001,6,n11,n13,0.084,1,0,0
3,medium,1.5,41,AODV,1001,7,n13,n15,0.100,1,0,0
3,medium,1.5,41,AODV,1001,8,n15,S,0.120,1,0,0
3,medium,1.5,41,OLSR,1001,0,n1,n3,0.075,1,0,0
3,medium,1.5,41,OLSR,1001,1,n3,n5,3.769,1,1,1
3,medium,1.5,41,OLSR,1001,2,n5,n7,124.566,1,1,1
3,medium,1.5,41,OLSR,1001,3,n7,n8,0.154,1,0,0
3,medium,1.5,41,OLSR,1001,4,n8,n9,0.127,1,0,0
3,medium,1.5,41,OLSR,1001,5,n9,n11,0.119,1,0,0
3,medium,1.5,41,OLSR,1001,6,n11,n13,0.084,1,0,0
3,medium,1.5,41,OLSR,1001,7,n13,n15,0.100,1,0,0
3,medium,1.5,41,OLSR,1001,8,n15,S,0.120,1,0,0
3,medium,1.5,41,DSR,1001,0,n1,n3,0.075,1,0,0
3,medium,1.5,41,DSR,1001,1,n3,n5,3.769,1,1,1
3,medium,1.5,41,DSR,1001,2,n5,n7,124.566,1,1,1
3,medium,1.5,41,DSR,1001,3,n7,n8,0.154,1,0,0
3,medium,1.5,41,DSR,1001,4,n8,n9,0.127,1,0,0
3,medium,1.5,41,DSR,1001,5,n9,n11,0.119,1,0,0
3,medium,1.5,41,DSR,1001,6,n11,n13,0.084,1,0,0
3,medium,1.5,41,DSR,1001,7,n13,n15,0.100,1,0,0
3,medium,1.5,41,DSR,1001,8,n15,S,0.120,1,0,0
3,medium,1.5,41,DSDV,1001,0,n1,n3,0.075,1,0,0
3,medium,1.5,41,DSDV,1001,1,n3,n5,3.769,1,1,1
3,medium,1.5,41,DSDV,1001,2,n5,n7,124.566,1,1,1
3,medium,1.5,41,DSDV,1001,3,n7,n8,0.154,1,0,0
3,medium,1.5,41,DSDV,1001,4,n8,n9,0.127,1,0,0
3,medium,1.5,41,DSDV,1001,5,n9,n11,0.119,1,0,0
3,medium,1.5,41,DSDV,1001,6,n11,n13,0.084,1,0,0
3,medium,1.5,41,DSDV,1001,7,n13,n15,0.100,1,0,0
3,medium,1.5,41,DSDV,1001,8,n15,S,0.120,1,0,0
3,medium,1.5,42,AODV,1001,0,n1,n3,0.125,1,0,0
3,medium,1.5,42,AODV,1001,1,n3,n5,2.573,1,1,1
3,medium,1.5,42,AODV,1001,2,n5,n7,4.566,1,1,1
3,medium,1.5,42,AODV,1001,3,n7,n8,0.158,1,0,0
3,medium,1.5,42,AODV,1001,4,n8,n9,0.124,1,0,0
3,medium,1.5,42,AODV,1001,5,n9,n11,0.154,1,0,0
3,medium,1.5,42,AODV,1001,6,n11,n13,0.115,1,0,0
3,medium,1.5,42,AODV,1001,7,n13,n15,0.121,1,0,0
3,medium,1.5,42,AODV,1001,8,n15,S,0.095,1,0,0
3,medium,1.5,42,OLSR,1001,0,n1,n3,0.125,1,0,0
3,medium,1.5,42,OLSR,1001,1,n3,n5,2.573,1,1,1
3,medium,1.5,42,OLSR,1001,2,n5,n7,4.566,1,1,1
3,medium,1.5,42,OLSR,1001,3,n7,n8,0.158,1,0,0
3,medium,1.5,42,OLSR,1001,4,n8,n9,0.124,1,0,0
3,medium,1.5,42,OLSR,1001,5,n9,n11,0.154,1,0,0
3,medium,1.5,42,OLSR,1001,6,n11,n13,0.115,1,0,0
3,medium,1.5,42,OLSR,1001,7,n13,n15,0.121,1,0,0
3,medium,1.5,42,OLSR,1001,8,n15,S,0.095,1,0,0
3,medium,1.5,42,DSR,1001,0,n1,n3,0.125,1,0,0
3,medium,1.5,42,DSR,1001,1,n3,n5,2.573,1,1,1
3,medium,1.5,42,DSR,1001,2,n5,n7,4.566,1,1,1
3,medium,1.5,42,DSR,1001,3,n7,n8,0.158,1,0,0
3,medium,1.5,42,DSR,1001,4,n8,n9,0.124,1,0,0
3,medium,1.5,42,DSR,1001,5,n9,n11,0.154,1,0,0
3,medium,1.5,42,DSR,1001,6,n11,n13,0.115,1,0,0
3,medium,1.5,42,DSR,1001,7,n13,n15,0.121,1,0,0
3,medium,1.5,42,DSR,1001,8,n15,S,0.095,1,0,0
3,medium,1.5,42,DSDV,1001,0,n1,n3,0.125,1,0,0
3,medium,1.5,42,DSDV,1001,1,n3,n5,2.573,1,1,1
3,medium,1.5,42,DSDV,1001,2,n5,n7,4.566,1,1,1
3,medium,1.5,42,DSDV,1001,3,n7,n8,0.158,1,0,0
3,medium,1.5,42,DSDV,1001,4,n8,n9,0.124,1,0,0
3,medium,1.5,42,DSDV,1001,5,n9,n11,0.154,1,0,0
3,medium,1.5,42,DSDV,1001,6,n11,n13,0.115,1,0,0
3,medium,1.5,42,DSDV,1001,7,n13,n15,0.121,1,0,0
3,medium,1.5,42,DSDV,1001,8,n15,S,0.095,1,0,0
3,medium,1.5,43,AODV,1001,0,n1,n3,0.111,1,0,0
3,medium,1.5,43,AODV,1001,1,n3,n5,4.275,1,1,1
3,medium,1.5,43,AODV,1001,2,n5,n7,304.822,1,1,1
3,medium,1.5,43,AODV,1001,3,n7,n8,0.084,1,0,0
3,medium,1.5,43,AODV,1001,4,n8,n9,0.072,1,0,0
3,medium,1.5,43,AODV,1001,5,n9,n11,0.072,1,0,0
3,medium,1.5,43,AODV,1001,6,n11,n13,0.089,1,0,0
3,medium,1.5,43,AODV,1001,7,n13,n15,0.120,1,0,0
3,medium,1.5,43,AODV,1001,8,n15,S,0.127,1,0,0
3,medium,1.5,43,OLSR,1001,0,n1,n3,0.111,1,0,0
3,medium,1.5,43,OLSR,1001,1,n3,n5,4.275,1,1,1
3,medium,1.5,43,OLSR,1001,2,n5,n7,304.822,1,1,1
3,medium,1.5,43,OLSR,1001,3,n7,n8,0.084,1,0,0
3,medium,1.5,43,OLSR,1001,4,n8,n9,0.072,1,0,0
3,medium,1.5,43,OLSR,1001,5,n9,n11,0.072,1,0,0
3,medium,1.5,43,OLSR,1001,6,n11,n13,0.089,1,0,0
3,medium,1.5,43,OLSR,1001,7,n13,n15,0.120,1,0,0
3,medium,1.5,43,OLSR,1001,8,n15,S,0.127,1,0,0
3,medium,1.5,43,DSR,1001,0,n1,n3,0.111,1,0,0
3,medium,1.5,43,DSR,1001,1,n3,n5,4.275,1,1,1
3,medium,1.5,43,DSR,1001,2,n5,n7,304.822,1,1,1
3,medium,1.5,43,DSR,1001,3,n7,n8,0.084,1,0,0
3,medium,1.5,43,DSR,1001,4,n8,n9,0.072,1,0,0
3,medium,1.5,43,DSR,1001,5,n9,n11,0.072,1,0,0
3,medium,1.5,43,DSR,1001,6,n11,n13,0.089,1,0,0
3,medium,1.5,43,DSR,1001,7,n13,n15,0.120,1,0,0
3,medium,1.5,43,DSR,1001,8,n15,S,0.127,1,0,0
3,medium,1.5,43,DSDV,1001,0,n1,n3,0.111,1,0,0
3,medium,1.5,43,DSDV,1001,1,n3,n5,4.275,1,1,1
3,medium,1.5,43,DSDV,1001,2,n5,n7,304.822,1,1,1
3,medium,1.5,43,DSDV,1001,3,n7,n8,0.084,1,0,0
3,medium,1.5,43,DSDV,1001,4,n8,n9,0.072,1,0,0
3,medium,1.5,43,DSDV,1001,5,n9,n11,0.072,1,0,0
3,medium,1.5,43,DSDV,1001,6,n11,n13,0.089,1,0,0
3,medium,1.5,43,DSDV,1001,7,n13,n15,0.120,1,0,0
3,medium,1.5,43,DSDV,1001,8,n15,S,0.127,1,0,0
3,medium,1.5,44,AODV,1001,0,n1,n3,0.115,1,0,0
3,medium,1.5,44,AODV,1001,1,n3,n5,364.822,1,1,1
3,medium,1.5,44,AODV,1001,2,n5,n7,122.554,1,1,1
3,medium,1.5,44,AODV,1001,3,n7,n8,0.168,1,0,0
3,medium,1.5,44,AODV,1001,4,n8,n9,0.092,1,0,0
3,medium,1.5,44,AODV,1001,5,n9,n11,0.126,1,0,0
3,medium,1.5,44,AODV,1001,6,n11,n13,0.081,1,0,0
3,medium,1.5,44,AODV,1001,7,n13,n15,0.100,1,0,0
3,medium,1.5,44,AODV,1001,8,n15,S,0.120,1,0,0
3,medium,1.5,44,OLSR,1001,0,n1,n3,0.115,1,0,0
3,medium,1.5,44,OLSR,1001,1,n3,n5,364.822,1,1,1
3,medium,1.5,44,OLSR,1001,2,n5,n7,122.554,1,1,1
3,medium,1.5,44,OLSR,1001,3,n7,n8,0.168,1,0,0
3,medium,1.5,44,OLSR,1001,4,n8,n9,0.092,1,0,0
3,medium,1.5,44,OLSR,1001,5,n9,n11,0.126,1,0,0
3,medium,1.5,44,OLSR,1001,6,n11,n13,0.081,1,0,0
3,medium,1.5,44,OLSR,1001,7,n13,n15,0.100,1,0,0
3,medium,1.5,44,OLSR,1001,8,n15,S,0.120,1,0,0
3,medium,1.5,44,DSR,1001,0,n1,n3,0.115,1,0,0
3,medium,1.5,44,DSR,1001,1,n3,n5,364.822,1,1,1
3,medium,1.5,44,DSR,1001,2,n5,n7,122.554,1,1,1
3,medium,1.5,44,DSR,1001,3,n7,n8,0.168,1,0,0
3,medium,1.5,44,DSR,1001,4,n8,n9,0.092,1,0,0
3,medium,1.5,44,DSR,1001,5,n9,n11,0.126,1,0,0
3,medium,1.5,44,DSR,1001,6,n11,n13,0.081,1,0,0
3,medium,1.5,44,DSR,1001,7,n13,n15,0.100,1,0,0
3,medium,1.5,44,DSR,1001,8,n15,S,0.120,1,0,0
3,medium,1.5,44,DSDV,1001,0,n1,n3,0.115,1,0,0
3,medium,1.5,44,DSDV,1001,1,n3,n5,364.822,1,1,1
3,medium,1.5,44,DSDV,1001,2,n5,n7,122.554,1,1,1
3,medium,1.5,44,DSDV,1001,3,n7,n8,0.168,1,0,0
3,medium,1.5,44,DSDV,1001,4,n8,n9,0.092,1,0,0
3,medium,1.5,44,DSDV,1001,5,n9,n11,0.126,1,0,0
3,medium,1.5,44,DSDV,1001,6,n11,n13,0.081,1,0,0
3,medium,1.5,44,DSDV,1001,7,n13,n15,0.100,1,0,0
3,medium,1.5,44,DSDV,1001,8,n15,S,0.120,1,0,0
3,medium,2.0,37,AODV,1001,0,n1,n3,0.142,1,0,0
3,medium,2.0,37,AODV,1001,1,n3,n5,64.843,1,1,1
3,medium,2.0,37,AODV,1001,2,n5,n7,362.984,1,1,1
3,medium,2.0,37,AODV,1001,3,n7,n8,0.061,1,0,0
3,medium,2.0,37,AODV,1001,4,n8,n9,0.061,1,0,0
3,medium,2.0,37,AODV,1001,5,n9,n11,0.061,1,0,0
3,medium,2.0,37,AODV,1001,6,n11,n13,0.061,1,0,0
3,medium,2.0,37,AODV,1001,7,n13,n15,0.101,1,0,0
3,medium,2.0,37,AODV,1001,8,n15,S,0.061,1,0,0
3,medium,2.0,37,OLSR,1001,0,n1,n3,0.142,1,0,0
3,medium,2.0,37,OLSR,1001,1,n3,n5,64.843,1,1,1
3,medium,2.0,37,OLSR,1001,2,n5,n7,362.984,1,1,1
3,medium,2.0,37,OLSR,1001,3,n7,n8,0.061,1,0,0
3,medium,2.0,37,OLSR,1001,4,n8,n9,0.061,1,0,0
3,medium,2.0,37,OLSR,1001,5,n9,n11,0.061,1,0,0
3,medium,2.0,37,OLSR,1001,6,n11,n13,0.061,1,0,0
3,medium,2.0,37,OLSR,1001,7,n13,n15,0.101,1,0,0
3,medium,2.0,37,OLSR,1001,8,n15,S,0.061,1,0,0
3,medium,2.0,37,DSR,1001,0,n1,n3,0.142,1,0,0
3,medium,2.0,37,DSR,1001,1,n3,n5,64.843,1,1,1
3,medium,2.0,37,DSR,1001,2,n5,n7,362.984,1,1,1
3,medium,2.0,37,DSR,1001,3,n7,n8,0.061,1,0,0
3,medium,2.0,37,DSR,1001,4,n8,n9,0.061,1,0,0
3,medium,2.0,37,DSR,1001,5,n9,n11,0.061,1,0,0
3,medium,2.0,37,DSR,1001,6,n11,n13,0.061,1,0,0
3,medium,2.0,37,DSR,1001,7,n13,n15,0.101,1,0,0
3,medium,2.0,37,DSR,1001,8,n15,S,0.061,1,0,0
3,medium,2.0,37,DSDV,1001,0,n1,n3,0.142,1,0,0
3,medium,2.0,37,DSDV,1001,1,n3,n5,64.843,1,1,1
3,medium,2.0,37,DSDV,1001,2,n5,n7,362.984,1,1,1
3,medium,2.0,37,DSDV,1001,3,n7,n8,0.061,1,0,0
3,medium,2.0,37,DSDV,1001,4,n8,n9,0.061,1,0,0
3,medium,2.0,37,DSDV,1001,5,n9,n11,0.061,1,0,0
3,medium,2.0,37,DSDV,1001,6,n11,n13,0.061,1,0,0
3,medium,2.0,37,DSDV,1001,7,n13,n15,0.101,1,0,0
3,medium,2.0,37,DSDV,1001,8,n15,S,0.061,1,0,0
3,medium,2.0,38,AODV,1001,0,n1,n3,0.176,1,0,0
3,medium,2.0,38,AODV,1001,1,n3,n5,4.056,1,1,1
3,medium,2.0,38,AODV,1001,2,n5,n7,124.506,1,1,1
3,medium,2.0,38,AODV,1001,3,n7,n8,0.053,1,0,0
3,medium,2.0,38,AODV,1001,4,n8,n9,0.071,1,0,0
3,medium,2.0,38,AODV,1001,5,n9,n11,0.119,1,0,0
3,medium,2.0,38,AODV,1001,6,n11,n13,0.061,1,0,0
3,medium,2.0,38,AODV,1001,7,n13,n15,0.074,1,0,0
3,medium,2.0,38,AODV,1001,8,n15,S,0.101,1,0,0
3,medium,2.0,38,OLSR,1001,0,n1,n3,0.176,1,0,0
3,medium,2.0,38,OLSR,1001,1,n3,n5,4.056,1,1,1
3,medium,2.0,38,OLSR,1001,2,n5,n7,124.506,1,1,1
3,medium,2.0,38,OLSR,1001,3,n7,n8,0.053,1,0,0
3,medium,2.0,38,OLSR,1001,4,n8,n9,0.071,1,0,0
3,medium,2.0,38,OLSR,1001,5,n9,n11,0.119,1,0,0
3,medium,2.0,38,OLSR,1001,6,n11,n13,0.061,1,0,0
3,medium,2.0,38,OLSR,1001,7,n13,n15,0.074,1,0,0
3,medium,2.0,38,OLSR,1001,8,n15,S,0.101,1,0,0
3,medium,2.0,38,DSR,1001,0,n1,n3,0.176,1,0,0
3,medium,2.0,38,DSR,1001,1,n3,n5,4.056,1,1,1
3,medium,2.0,38,DSR,1001,2,n5,n7,124.506,1,1,1
3,medium,2.0,38,DSR,1001,3,n7,n8,0.053,1,0,0
3,medium,2.0,38,DSR,1001,4,n8,n9,0.071,1,0,0
3,medium,2.0,38,DSR,1001,5,n9,n11,0.119,1,0,0
3,medium,2.0,38,DSR,1001,6,n11,n13,0.061,1,0,0
3,medium,2.0,38,DSR,1001,7,n13,n15,0.074,1,0,0
3,medium,2.0,38,DSR,1001,8,n15,S,0.101,1,0,0
3,medium,2.0,38,DSDV,1001,0,n1,n3,0.176,1,0,0
3,medium,2.0,38,DSDV,1001,1,n3,n5,4.056,1,1,1
3,medium,2.0,38,DSDV,1001,2,n5,n7,124.506,1,1,1
3,medium,2.0,38,DSDV,1001,3,n7,n8,0.053,1,0,0
3,medium,2.0,38,DSDV,1001,4,n8,n9,0.071,1,0,0
3,medium,2.0,38,DSDV,1001,5,n9,n11,0.119,1,0,0
3,medium,2.0,38,DSDV,1001,6,n11,n13,0.061,1,0,0
3,medium,2.0,38,DSDV,1001,7,n13,n15,0.074,1,0,0
3,medium,2.0,38,DSDV,1001,8,n15,S,0.101,1,0,0
3,medium,2.0,39,AODV,1001,0,n1,n3,0.062,1,0,0
3,medium,2.0,39,AODV,1001,1,n3,n5,2.785,1,1,1
3,medium,2.0,39,AODV,1001,2,n5,n7,244.506,1,1,1
3,medium,2.0,39,AODV,1001,3,n7,n8,0.149,1,0,0
3,medium,2.0,39,AODV,1001,4,n8,n9,0.061,1,0,0
3,medium,2.0,39,AODV,1001,5,n9,n11,0.119,1,0,0
3,medium,2.0,39,AODV,1001,6,n11,n13,0.061,1,0,0
3,medium,2.0,39,AODV,1001,7,n13,n15,0.065,1,0,0
3,medium,2.0,39,AODV,1001,8,n15,S,0.154,1,0,0
3,medium,2.0,39,OLSR,1001,0,n1,n3,0.062,1,0,0
3,medium,2.0,39,OLSR,1001,1,n3,n5,2.785,1,1,1
3,medium,2.0,39,OLSR,1001,2,n5,n7,244.506,1,1,1
3,medium,2.0,39,OLSR,1001,3,n7,n8,0.149,1,0,0
3,medium,2.0,39,OLSR,1001,4,n8,n9,0.061,1,0,0
3,medium,2.0,39,OLSR,1001,5,n9,n11,0.119,1,0,0
3,medium,2.0,39,OLSR,1001,6,n11,n13,0.061,1,0,0
3,medium,2.0,39,OLSR,1001,7,n13,n15,0.065,1,0,0
3,medium,2.0,39,OLSR,1001,8,n15,S,0.154,1,0,0
3,medium,2.0,39,DSR,1001,0,n1,n3,0.062,1,0,0
3,medium,2.0,39,DSR,1001,1,n3,n5,2.785,1,1,1
3,medium,2.0,39,DSR,1001,2,n5,n7,244.506,1,1,1
3,medium,2.0,39,DSR,1001,3,n7,n8,0.149,1,0,0
3,medium,2.0,39,DSR,1001,4,n8,n9,0.061,1,0,0
3,medium,2.0,39,DSR,1001,5,n9,n11,0.119,1,0,0
3,medium,2.0,39,DSR,1001,6,n11,n13,0.061,1,0,0
3,medium,2.0,39,DSR,1001,7,n13,n15,0.065,1,0,0
3,medium,2.0,39,DSR,1001,8,n15,S,0.154,1,0,0
3,medium,2.0,39,DSDV,1001,0,n1,n3,0.062,1,0,0
3,medium,2.0,39,DSDV,1001,1,n3,n5,2.785,1,1,1
3,medium,2.0,39,DSDV,1001,2,n5,n7,244.506,1,1,1
3,medium,2.0,39,DSDV,1001,3,n7,n8,0.149,1,0,0
3,medium,2.0,39,DSDV,1001,4,n8,n9,0.061,1,0,0
3,medium,2.0,39,DSDV,1001,5,n9,n11,0.119,1,0,0
3,medium,2.0,39,DSDV,1001,6,n11,n13,0.061,1,0,0
3,medium,2.0,39,DSDV,1001,7,n13,n15,0.065,1,0,0
3,medium,2.0,39,DSDV,1001,8,n15,S,0.154,1,0,0
3,medium,2.0,40,AODV,1001,0,n1,n3,0.112,1,0,0
3,medium,2.0,40,AODV,1001,1,n3,n5,124.275,1,1,1
3,medium,2.0,40,AODV,1001,2,n5,n7,124.566,1,1,1
3,medium,2.0,40,AODV,1001,3,n7,n8,0.094,1,0,0
3,medium,2.0,40,AODV,1001,4,n8,n9,0.089,1,0,0
3,medium,2.0,40,AODV,1001,5,n9,n11,0.119,1,0,0
3,medium,2.0,40,AODV,1001,6,n11,n13,0.084,1,0,0
3,medium,2.0,40,AODV,1001,7,n13,n15,0.121,1,0,0
3,medium,2.0,40,AODV,1001,8,n15,S,0.095,1,0,0
3,medium,2.0,40,OLSR,1001,0,n1,n3,0.112,1,0,0
3,medium,2.0,40,OLSR,1001,1,n3,n5,124.275,1,1,1
3,medium,2.0,40,OLSR,1001,2,n5,n7,124.566,1,1,1
3,medium,2.0,40,OLSR,1001,3,n7,n8,0.094,1,0,0
3,medium,2.0,40,OLSR,1001,4,n8,n9,0.089,1,0,0
3,medium,2.0,40,OLSR,1001,5,n9,n11,0.119,1,0,0
3,medium,2.0,40,OLSR,1001,6,n11,n13,0.084,1,0,0
3,medium,2.0,40,OLSR,1001,7,n13,n15,0.121,1,0,0
3,medium,2.0,40,OLSR,1001,8,n15,S,0.095,1,0,0
3,medium,2.0,40,DSR,1001,0,n1,n3,0.112,1,0,0
3,medium,2.0,40,DSR,1001,1,n3,n5,124.275,1,1,1
3,medium,2.0,40,DSR,1001,2,n5,n7,124.566,1,1,1
3,medium,2.0,40,DSR,1001,3,n7,n8,0.094,1,0,0
3,medium,2.0,40,DSR,1001,4,n8,n9,0.089,1,0,0
3,medium,2.0,40,DSR,1001,5,n9,n11,0.119,1,0,0
3,medium,2.0,40,DSR,1001,6,n11,n13,0.084,1,0,0
3,medium,2.0,40,DSR,1001,7,n13,n15,0.121,1,0,0
3,medium,2.0,40,DSR,1001,8,n15,S,0.095,1,0,0
3,medium,2.0,40,DSDV,1001,0,n1,n3,0.112,1,0,0
3,medium,2.0,40,DSDV,1001,1,n3,n5,124.275,1,1,1
3,medium,2.0,40,DSDV,1001,2,n5,n7,124.566,1,1,1
3,medium,2.0,40,DSDV,1001,3,n7,n8,0.094,1,0,0
3,medium,2.0,40,DSDV,1001,4,n8,n9,0.089,1,0,0
3,medium,2.0,40,DSDV,1001,5,n9,n11,0.119,1,0,0
3,medium,2.0,40,DSDV,1001,6,n11,n13,0.084,1,0,0
3,medium,2.0,40,DSDV,1001,7,n13,n15,0.121,1,0,0
3,medium,2.0,40,DSDV,1001,8,n15,S,0.095,1,0,0
3,medium,2.0,41,AODV,1001,0,n1,n3,0.075,1,0,0
3,medium,2.0,41,AODV,1001,1,n3,n5,3.769,1,1,1
3,medium,2.0,41,AODV,1001,2,n5,n7,124.566,1,1,1
3,medium,2.0,41,AODV,1001,3,n7,n8,0.154,1,0,0
3,medium,2.0,41,AODV,1001,4,n8,n9,0.127,1,0,0
3,medium,2.0,41,AODV,1001,5,n9,n11,0.119,1,0,0
3,medium,2.0,41,AODV,1001,6,n11,n13,0.084,1,0,0
3,medium,2.0,41,AODV,1001,7,n13,n15,0.100,1,0,0
3,medium,2.0,41,AODV,1001,8,n15,S,0.120,1,0,0
3,medium,2.0,41,OLSR,1001,0,n1,n3,0.075,1,0,0
3,medium,2.0,41,OLSR,1001,1,n3,n5,3.769,1,1,1
3,medium,2.0,41,OLSR,1001,2,n5,n7,124.566,1,1,1
3,medium,2.0,41,OLSR,1001,3,n7,n8,0.154,1,0,0
3,medium,2.0,41,OLSR,1001,4,n8,n9,0.127,1,0,0
3,medium,2.0,41,OLSR,1001,5,n9,n11,0.119,1,0,0
3,medium,2.0,41,OLSR,1001,6,n11,n13,0.084,1,0,0
3,medium,2.0,41,OLSR,1001,7,n13,n15,0.100,1,0,0
3,medium,2.0,41,OLSR,1001,8,n15,S,0.120,1,0,0
3,medium,2.0,41,DSR,1001,0,n1,n3,0.075,1,0,0
3,medium,2.0,41,DSR,1001,1,n3,n5,3.769,1,1,1
3,medium,2.0,41,DSR,1001,2,n5,n7,124.566,1,1,1
3,medium,2.0,41,DSR,1001,3,n7,n8,0.154,1,0,0
3,medium,2.0,41,DSR,1001,4,n8,n9,0.127,1,0,0
3,medium,2.0,41,DSR,1001,5,n9,n11,0.119,1,0,0
3,medium,2.0,41,DSR,1001,6,n11,n13,0.084,1,0,0
3,medium,2.0,41,DSR,1001,7,n13,n15,0.100,1,0,0
3,medium,2.0,41,DSR,1001,8,n15,S,0.120,1,0,0
3,medium,2.0,41,DSDV,1001,0,n1,n3,0.075,1,0,0
3,medium,2.0,41,DSDV,1001,1,n3,n5,3.769,1,1,1
3,medium,2.0,41,DSDV,1001,2,n5,n7,124.566,1,1,1
3,medium,2.0,41,DSDV,1001,3,n7,n8,0.154,1,0,0
3,medium,2.0,41,DSDV,1001,4,n8,n9,0.127,1,0,0
3,medium,2.0,41,DSDV,1001,5,n9,n11,0.119,1,0,0
3,medium,2.0,41,DSDV,1001,6,n11,n13,0.084,1,0,0
3,medium,2.0,41,DSDV,1001,7,n13,n15,0.100,1,0,0
3,medium,2.0,41,DSDV,1001,8,n15,S,0.120,1,0,0
3,medium,2.0,42,AODV,1001,0,n1,n3,0.125,1,0,0
3,medium,2.0,42,AODV,1001,1,n3,n5,2.573,1,1,1
3,medium,2.0,42,AODV,1001,2,n5,n7,4.566,1,1,1
3,medium,2.0,42,AODV,1001,3,n7,n8,0.158,1,0,0
3,medium,2.0,42,AODV,1001,4,n8,n9,0.124,1,0,0
3,medium,2.0,42,AODV,1001,5,n9,n11,0.154,1,0,0
3,medium,2.0,42,AODV,1001,6,n11,n13,0.115,1,0,0
3,medium,2.0,42,AODV,1001,7,n13,n15,0.121,1,0,0
3,medium,2.0,42,AODV,1001,8,n15,S,0.095,1,0,0
3,medium,2.0,42,OLSR,1001,0,n1,n3,0.125,1,0,0
3,medium,2.0,42,OLSR,1001,1,n3,n5,2.573,1,1,1
3,medium,2.0,42,OLSR,1001,2,n5,n7,4.566,1,1,1
3,medium,2.0,42,OLSR,1001,3,n7,n8,0.158,1,0,0
3,medium,2.0,42,OLSR,1001,4,n8,n9,0.124,1,0,0
3,medium,2.0,42,OLSR,1001,5,n9,n11,0.154,1,0,0
3,medium,2.0,42,OLSR,1001,6,n11,n13,0.115,1,0,0
3,medium,2.0,42,OLSR,1001,7,n13,n15,0.121,1,0,0
3,medium,2.0,42,OLSR,1001,8,n15,S,0.095,1,0,0
3,medium,2.0,42,DSR,1001,0,n1,n3,0.125,1,0,0
3,medium,2.0,42,DSR,1001,1,n3,n5,2.573,1,1,1
3,medium,2.0,42,DSR,1001,2,n5,n7,4.566,1,1,1
3,medium,2.0,42,DSR,1001,3,n7,n8,0.158,1,0,0
3,medium,2.0,42,DSR,1001,4,n8,n9,0.124,1,0,0
3,medium,2.0,42,DSR,1001,5,n9,n11,0.154,1,0,0
3,medium,2.0,42,DSR,1001,6,n11,n13,0.115,1,0,0
3,medium,2.0,42,DSR,1001,7,n13,n15,0.121,1,0,0
3,medium,2.0,42,DSR,1001,8,n15,S,0.095,1,0,0
3,medium,2.0,42,DSDV,1001,0,n1,n3,0.125,1,0,0
3,medium,2.0,42,DSDV,1001,1,n3,n5,2.573,1,1,1
3,medium,2.0,42,DSDV,1001,2,n5,n7,4.566,1,1,1
3,medium,2.0,42,DSDV,1001,3,n7,n8,0.158,1,0,0
3,medium,2.0,42,DSDV,1001,4,n8,n9,0.124,1,0,0
3,medium,2.0,42,DSDV,1001,5,n9,n11,0.154,1,0,0
3,medium,2.0,42,DSDV,1001,6,n11,n13,0.115,1,0,0
3,medium,2.0,42,DSDV,1001,7,n13,n15,0.121,1,0,0
3,medium,2.0,42,DSDV,1001,8,n15,S,0.095,1,0,0
3,medium,2.0,43,AODV,1001,0,n1,n3,0.111,1,0,0
3,medium,2.0,43,AODV,1001,1,n3,n5,4.275,1,1,1
3,medium,2.0,43,AODV,1001,2,n5,n7,304.822,1,1,1
3,medium,2.0,43,AODV,1001,3,n7,n8,0.084,1,0,0
3,medium,2.0,43,AODV,1001,4,n8,n9,0.072,1,0,0
3,medium,2.0,43,AODV,1001,5,n9,n11,0.072,1,0,0
3,medium,2.0,43,AODV,1001,6,n11,n13,0.089,1,0,0
3,medium,2.0,43,AODV,1001,7,n13,n15,0.120,1,0,0
3,medium,2.0,43,AODV,1001,8,n15,S,0.127,1,0,0
3,medium,2.0,43,OLSR,1001,0,n1,n3,0.111,1,0,0
3,medium,2.0,43,OLSR,1001,1,n3,n5,4.275,1,1,1
3,medium,2.0,43,OLSR,1001,2,n5,n7,304.822,1,1,1
3,medium,2.0,43,OLSR,1001,3,n7,n8,0.084,1,0,0
3,medium,2.0,43,OLSR,1001,4,n8,n9,0.072,1,0,0
3,medium,2.0,43,OLSR,1001,5,n9,n11,0.072,1,0,0
3,medium,2.0,43,OLSR,1001,6,n11,n13,0.089,1,0,0
3,medium,2.0,43,OLSR,1001,7,n13,n15,0.120,1,0,0
3,medium,2.0,43,OLSR,1001,8,n15,S,0.127,1,0,0
3,medium,2.0,43,DSR,1001,0,n1,n3,0.111,1,0,0
3,medium,2.0,43,DSR,1001,1,n3,n5,4.275,1,1,1
3,medium,2.0,43,DSR,1001,2,n5,n7,304.822,1,1,1
3,medium,2.0,43,DSR,1001,3,n7,n8,0.084,1,0,0
3,medium,2.0,43,DSR,1001,4,n8,n9,0.072,1,0,0
3,medium,2.0,43,DSR,1001,5,n9,n11,0.072,1,0,0
3,medium,2.0,43,DSR,1001,6,n11,n13,0.089,1,0,0
3,medium,2.0,43,DSR,1001,7,n13,n15,0.120,1,0,0
3,medium,2.0,43,DSR,1001,8,n15,S,0.127,1,0,0
3,medium,2.0,43,DSDV,1001,0,n1,n3,0.111,1,0,0
3,medium,2.0,43,DSDV,1001,1,n3,n5,4.275,1,1,1
3,medium,2.0,43,DSDV,1001,2,n5,n7,304.822,1,1,1
3,medium,2.0,43,DSDV,1001,3,n7,n8,0.084,1,0,0
3,medium,2.0,43,DSDV,1001,4,n8,n9,0.072,1,0,0
3,medium,2.0,43,DSDV,1001,5,n9,n11,0.072,1,0,0
3,medium,2.0,43,DSDV,1001,6,n11,n13,0.089,1,0,0
3,medium,2.0,43,DSDV,1001,7,n13,n15,0.120,1,0,0
3,medium,2.0,43,DSDV,1001,8,n15,S,0.127,1,0,0
3,medium,2.0,44,AODV,1001,0,n1,n3,0.115,1,0,0
3,medium,2.0,44,AODV,1001,1,n3,n5,364.822,1,1,1
3,medium,2.0,44,AODV,1001,2,n5,n7,122.554,1,1,1
3,medium,2.0,44,AODV,1001,3,n7,n8,0.168,1,0,0
3,medium,2.0,44,AODV,1001,4,n8,n9,0.092,1,0,0
3,medium,2.0,44,AODV,1001,5,n9,n11,0.126,1,0,0
3,medium,2.0,44,AODV,1001,6,n11,n13,0.081,1,0,0
3,medium,2.0,44,AODV,1001,7,n13,n15,0.100,1,0,0
3,medium,2.0,44,AODV,1001,8,n15,S,0.120,1,0,0
3,medium,2.0,44,OLSR,1001,0,n1,n3,0.115,1,0,0
3,medium,2.0,44,OLSR,1001,1,n3,n5,364.822,1,1,1
3,medium,2.0,44,OLSR,1001,2,n5,n7,122.554,1,1,1
3,medium,2.0,44,OLSR,1001,3,n7,n8,0.168,1,0,0
3,medium,2.0,44,OLSR,1001,4,n8,n9,0.092,1,0,0
3,medium,2.0,44,OLSR,1001,5,n9,n11,0.126,1,0,0
3,medium,2.0,44,OLSR,1001,6,n11,n13,0.081,1,0,0
3,medium,2.0,44,OLSR,1001,7,n13,n15,0.100,1,0,0
3,medium,2.0,44,OLSR,1001,8,n15,S,0.120,1,0,0
3,medium,2.0,44,DSR,1001,0,n1,n3,0.115,1,0,0
3,medium,2.0,44,DSR,1001,1,n3,n5,364.822,1,1,1
3,medium,2.0,44,DSR,1001,2,n5,n7,122.554,1,1,1
3,medium,2.0,44,DSR,1001,3,n7,n8,0.168,1,0,0
3,medium,2.0,44,DSR,1001,4,n8,n9,0.092,1,0,0
3,medium,2.0,44,DSR,1001,5,n9,n11,0.126,1,0,0
3,medium,2.0,44,DSR,1001,6,n11,n13,0.081,1,0,0
3,medium,2.0,44,DSR,1001,7,n13,n15,0.100,1,0,0
3,medium,2.0,44,DSR,1001,8,n15,S,0.120,1,0,0
3,medium,2.0,44,DSDV,1001,0,n1,n3,0.115,1,0,0
3,medium,2.0,44,DSDV,1001,1,n3,n5,364.822,1,1,1
3,medium,2.0,44,DSDV,1001,2,n5,n7,122.554,1,1,1
3,medium,2.0,44,DSDV,1001,3,n7,n8,0.168,1,0,0
3,medium,2.0,44,DSDV,1001,4,n8,n9,0.092,1,0,0
3,medium,2.0,44,DSDV,1001,5,n9,n11,0.126,1,0,0
3,medium,2.0,44,DSDV,1001,6,n11,n13,0.081,1,0,0
3,medium,2.0,44,DSDV,1001,7,n13,n15,0.100,1,0,0
3,medium,2.0,44,DSDV,1001,8,n15,S,0.120,1,0,0
3,medium,3.0,37,AODV,1001,0,n1,n3,0.142,1,0,0
3,medium,3.0,37,AODV,1001,1,n3,n5,64.843,1,1,1
3,medium,3.0,37,AODV,1001,2,n5,n7,362.984,1,1,1
3,medium,3.0,37,AODV,1001,3,n7,n8,0.061,1,0,0
3,medium,3.0,37,AODV,1001,4,n8,n9,0.061,1,0,0
3,medium,3.0,37,AODV,1001,5,n9,n11,0.061,1,0,0
3,medium,3.0,37,AODV,1001,6,n11,n13,0.061,1,0,0
3,medium,3.0,37,AODV,1001,7,n13,n15,0.101,1,0,0
3,medium,3.0,37,AODV,1001,8,n15,S,0.061,1,0,0
3,medium,3.0,37,OLSR,1001,0,n1,n3,0.142,1,0,0
3,medium,3.0,37,OLSR,1001,1,n3,n5,64.843,1,1,1
3,medium,3.0,37,OLSR,1001,2,n5,n7,362.984,1,1,1
3,medium,3.0,37,OLSR,1001,3,n7,n8,0.061,1,0,0
3,medium,3.0,37,OLSR,1001,4,n8,n9,0.061,1,0,0
3,medium,3.0,37,OLSR,1001,5,n9,n11,0.061,1,0,0
3,medium,3.0,37,OLSR,1001,6,n11,n13,0.061,1,0,0
3,medium,3.0,37,OLSR,1001,7,n13,n15,0.101,1,0,0
3,medium,3.0,37,OLSR,1001,8,n15,S,0.061,1,0,0
3,medium,3.0,37,DSR,1001,0,n1,n3,0.142,1,0,0
3,medium,3.0,37,DSR,1001,1,n3,n5,64.843,1,1,1
3,medium,3.0,37,DSR,1001,2,n5,n7,362.984,1,1,1
3,medium,3.0,37,DSR,1001,3,n7,n8,0.061,1,0,0
3,medium,3.0,37,DSR,1001,4,n8,n9,0.061,1,0,0
3,medium,3.0,37,DSR,1001,5,n9,n11,0.061,1,0,0
3,medium,3.0,37,DSR,1001,6,n11,n13,0.061,1,0,0
3,medium,3.0,37,DSR,1001,7,n13,n15,0.101,1,0,0
3,medium,3.0,37,DSR,1001,8,n15,S,0.061,1,0,0
3,medium,3.0,37,DSDV,1001,0,n1,n3,0.142,1,0,0
3,medium,3.0,37,DSDV,1001,1,n3,n5,64.843,1,1,1
3,medium,3.0,37,DSDV,1001,2,n5,n7,362.984,1,1,1
3,medium,3.0,37,DSDV,1001,3,n7,n8,0.061,1,0,0
3,medium,3.0,37,DSDV,1001,4,n8,n9,0.061,1,0,0
3,medium,3.0,37,DSDV,1001,5,n9,n11,0.061,1,0,0
3,medium,3.0,37,DSDV,1001,6,n11,n13,0.061,1,0,0
3,medium,3.0,37,DSDV,1001,7,n13,n15,0.101,1,0,0
3,medium,3.0,37,DSDV,1001,8,n15,S,0.061,1,0,0
3,medium,3.0,38,AODV,1001,0,n1,n3,0.176,1,0,0
3,medium,3.0,38,AODV,1001,1,n3,n5,4.056,1,1,1
3,medium,3.0,38,AODV,1001,2,n5,n7,124.506,1,1,1
3,medium,3.0,38,AODV,1001,3,n7,n8,0.053,1,0,0
3,medium,3.0,38,AODV,1001,4,n8,n9,0.071,1,0,0
3,medium,3.0,38,AODV,1001,5,n9,n11,0.119,1,0,0
3,medium,3.0,38,AODV,1001,6,n11,n13,0.061,1,0,0
3,medium,3.0,38,AODV,1001,7,n13,n15,0.074,1,0,0
3,medium,3.0,38,AODV,1001,8,n15,S,0.101,1,0,0
3,medium,3.0,38,OLSR,1001,0,n1,n3,0.176,1,0,0
3,medium,3.0,38,OLSR,1001,1,n3,n5,4.056,1,1,1
3,medium,3.0,38,OLSR,1001,2,n5,n7,124.506,1,1,1
3,medium,3.0,38,OLSR,1001,3,n7,n8,0.053,1,0,0
3,medium,3.0,38,OLSR,1001,4,n8,n9,0.071,1,0,0
3,medium,3.0,38,OLSR,1001,5,n9,n11,0.119,1,0,0
3,medium,3.0,38,OLSR,1001,6,n11,n13,0.061,1,0,0
3,medium,3.0,38,OLSR,1001,7,n13,n15,0.074,1,0,0
3,medium,3.0,38,OLSR,1001,8,n15,S,0.101,1,0,0
3,medium,3.0,38,DSR,1001,0,n1,n3,0.176,1,0,0
3,medium,3.0,38,DSR,1001,1,n3,n5,4.056,1,1,1
3,medium,3.0,38,DSR,1001,2,n5,n7,124.506,1,1,1
3,medium,3.0,38,DSR,1001,3,n7,n8,0.053,1,0,0
3,medium,3.0,38,DSR,1001,4,n8,n9,0.071,1,0,0
3,medium,3.0,38,DSR,1001,5,n9,n11,0.119,1,0,0
3,medium,3.0,38,DSR,1001,6,n11,n13,0.061,1,0,0
3,medium,3.0,38,DSR,1001,7,n13,n15,0.074,1,0,0
3,medium,3.0,38,DSR,1001,8,n15,S,0.101,1,0,0
3,medium,3.0,38,DSDV,1001,0,n1,n3,0.176,1,0,0
3,medium,3.0,38,DSDV,1001,1,n3,n5,4.056,1,1,1
3,medium,3.0,38,DSDV,1001,2,n5,n7,124.506,1,1,1
3,medium,3.0,38,DSDV,1001,3,n7,n8,0.053,1,0,0
3,medium,3.0,38,DSDV,1001,4,n8,n9,0.071,1,0,0
3,medium,3.0,38,DSDV,1001,5,n9,n11,0.119,1,0,0
3,medium,3.0,38,DSDV,1001,6,n11,n13,0.061,1,0,0
3,medium,3.0,38,DSDV,1001,7,n13,n15,0.074,1,0,0
3,medium,3.0,38,DSDV,1001,8,n15,S,0.101,1,0,0
3,medium,3.0,39,AODV,1001,0,n1,n3,0.062,1,0,0
3,medium,3.0,39,AODV,1001,1,n3,n5,2.785,1,0,1
3,medium,3.0,39,AODV,1001,2,n5,n7,244.506,1,1,1
3,medium,3.0,39,AODV,1001,3,n7,n8,0.149,1,0,0
3,medium,3.0,39,AODV,1001,4,n8,n9,0.061,1,0,0
3,medium,3.0,39,AODV,1001,5,n9,n11,0.119,1,0,0
3,medium,3.0,39,AODV,1001,6,n11,n13,0.061,1,0,0
3,medium,3.0,39,AODV,1001,7,n13,n15,0.065,1,0,0
3,medium,3.0,39,AODV,1001,8,n15,S,0.154,1,0,0
3,medium,3.0,39,OLSR,1001,0,n1,n3,0.062,1,0,0
3,medium,3.0,39,OLSR,1001,1,n3,n5,2.785,1,0,1
3,medium,3.0,39,OLSR,1001,2,n5,n7,244.506,1,1,1
3,medium,3.0,39,OLSR,1001,3,n7,n8,0.149,1,0,0
3,medium,3.0,39,OLSR,1001,4,n8,n9,0.061,1,0,0
3,medium,3.0,39,OLSR,1001,5,n9,n11,0.119,1,0,0
3,medium,3.0,39,OLSR,1001,6,n11,n13,0.061,1,0,0
3,medium,3.0,39,OLSR,1001,7,n13,n15,0.065,1,0,0
3,medium,3.0,39,OLSR,1001,8,n15,S,0.154,1,0,0
3,medium,3.0,39,DSR,1001,0,n1,n3,0.062,1,0,0
3,medium,3.0,39,DSR,1001,1,n3,n5,2.785,1,0,1
3,medium,3.0,39,DSR,1001,2,n5,n7,244.506,1,1,1
3,medium,3.0,39,DSR,1001,3,n7,n8,0.149,1,0,0
3,medium,3.0,39,DSR,1001,4,n8,n9,0.061,1,0,0
3,medium,3.0,39,DSR,1001,5,n9,n11,0.119,1,0,0
3,medium,3.0,39,DSR,1001,6,n11,n13,0.061,1,0,0
3,medium,3.0,39,DSR,1001,7,n13,n15,0.065,1,0,0
3,medium,3.0,39,DSR,1001,8,n15,S,0.154,1,0,0
3,medium,3.0,39,DSDV,1001,0,n1,n3,0.062,1,0,0
3,medium,3.0,39,DSDV,1001,1,n3,n5,2.785,1,0,1
3,medium,3.0,39,DSDV,1001,2,n5,n7,244.506,1,1,1
3,medium,3.0,39,DSDV,1001,3,n7,n8,0.149,1,0,0
3,medium,3.0,39,DSDV,1001,4,n8,n9,0.061,1,0,0
3,medium,3.0,39,DSDV,1001,5,n9,n11,0.119,1,0,0
3,medium,3.0,39,DSDV,1001,6,n11,n13,0.061,1,0,0
3,medium,3.0,39,DSDV,1001,7,n13,n15,0.065,1,0,0
3,medium,3.0,39,DSDV,1001,8,n15,S,0.154,1,0,0
3,medium,3.0,40,AODV,1001,0,n1,n3,0.112,1,0,0
3,medium,3.0,40,AODV,1001,1,n3,n5,124.275,1,1,1
3,medium,3.0,40,AODV,1001,2,n5,n7,124.566,1,1,1
3,medium,3.0,40,AODV,1001,3,n7,n8,0.094,1,0,0
3,medium,3.0,40,AODV,1001,4,n8,n9,0.089,1,0,0
3,medium,3.0,40,AODV,1001,5,n9,n11,0.119,1,0,0
3,medium,3.0,40,AODV,1001,6,n11,n13,0.084,1,0,0
3,medium,3.0,40,AODV,1001,7,n13,n15,0.121,1,0,0
3,medium,3.0,40,AODV,1001,8,n15,S,0.095,1,0,0
3,medium,3.0,40,OLSR,1001,0,n1,n3,0.112,1,0,0
3,medium,3.0,40,OLSR,1001,1,n3,n5,124.275,1,1,1
3,medium,3.0,40,OLSR,1001,2,n5,n7,124.566,1,1,1
3,medium,3.0,40,OLSR,1001,3,n7,n8,0.094,1,0,0
3,medium,3.0,40,OLSR,1001,4,n8,n9,0.089,1,0,0
3,medium,3.0,40,OLSR,1001,5,n9,n11,0.119,1,0,0
3,medium,3.0,40,OLSR,1001,6,n11,n13,0.084,1,0,0
3,medium,3.0,40,OLSR,1001,7,n13,n15,0.121,1,0,0
3,medium,3.0,40,OLSR,1001,8,n15,S,0.095,1,0,0
3,medium,3.0,40,DSR,1001,0,n1,n3,0.112,1,0,0
3,medium,3.0,40,DSR,1001,1,n3,n5,124.275,1,1,1
3,medium,3.0,40,DSR,1001,2,n5,n7,124.566,1,1,1
3,medium,3.0,40,DSR,1001,3,n7,n8,0.094,1,0,0
3,medium,3.0,40,DSR,1001,4,n8,n9,0.089,1,0,0
3,medium,3.0,40,DSR,1001,5,n9,n11,0.119,1,0,0
3,medium,3.0,40,DSR,1001,6,n11,n13,0.084,1,0,0
3,medium,3.0,40,DSR,1001,7,n13,n15,0.121,1,0,0
3,medium,3.0,40,DSR,1001,8,n15,S,0.095,1,0,0
3,medium,3.0,40,DSDV,1001,0,n1,n3,0.112,1,0,0
3,medium,3.0,40,DSDV,1001,1,n3,n5,124.275,1,1,1
3,medium,3.0,40,DSDV,1001,2,n5,n7,124.566,1,1,1
3,medium,3.0,40,DSDV,1001,3,n7,n8,0.094,1,0,0
3,medium,3.0,40,DSDV,1001,4,n8,n9,0.089,1,0,0
3,medium,3.0,40,DSDV,1001,5,n9,n11,0.119,1,0,0
3,medium,3.0,40,DSDV,1001,6,n11,n13,0.084,1,0,0
3,medium,3.0,40,DSDV,1001,7,n13,n15,0.121,1,0,0
3,medium,3.0,40,DSDV,1001,8,n15,S,0.095,1,0,0
3,medium,3.0,41,AODV,1001,0,n1,n3,0.075,1,0,0
3,medium,3.0,41,AODV,1001,1,n3,n5,3.769,1,1,1
3,medium,3.0,41,AODV,1001,2,n5,n7,124.566,1,1,1
3,medium,3.0,41,AODV,1001,3,n7,n8,0.154,1,0,0
3,medium,3.0,41,AODV,1001,4,n8,n9,0.127,1,0,0
3,medium,3.0,41,AODV,1001,5,n9,n11,0.119,1,0,0
3,medium,3.0,41,AODV,1001,6,n11,n13,0.084,1,0,0
3,medium,3.0,41,AODV,1001,7,n13,n15,0.100,1,0,0
3,medium,3.0,41,AODV,1001,8,n15,S,0.120,1,0,0
3,medium,3.0,41,OLSR,1001,0,n1,n3,0.075,1,0,0
3,medium,3.0,41,OLSR,1001,1,n3,n5,3.769,1,1,1
3,medium,3.0,41,OLSR,1001,2,n5,n7,124.566,1,1,1
3,medium,3.0,41,OLSR,1001,3,n7,n8,0.154,1,0,0
3,medium,3.0,41,OLSR,1001,4,n8,n9,0.127,1,0,0
3,medium,3.0,41,OLSR,1001,5,n9,n11,0.119,1,0,0
3,medium,3.0,41,OLSR,1001,6,n11,n13,0.084,1,0,0
3,medium,3.0,41,OLSR,1001,7,n13,n15,0.100,1,0,0
3,medium,3.0,41,OLSR,1001,8,n15,S,0.120,1,0,0
3,medium,3.0,41,DSR,1001,0,n1,n3,0.075,1,0,0
3,medium,3.0,41,DSR,1001,1,n3,n5,3.769,1,1,1
3,medium,3.0,41,DSR,1001,2,n5,n7,124.566,1,1,1
3,medium,3.0,41,DSR,1001,3,n7,n8,0.154,1,0,0
3,medium,3.0,41,DSR,1001,4,n8,n9,0.127,1,0,0
3,medium,3.0,41,DSR,1001,5,n9,n11,0.119,1,0,0
3,medium,3.0,41,DSR,1001,6,n11,n13,0.084,1,0,0
3,medium,3.0,41,DSR,1001,7,n13,n15,0.100,1,0,0
3,medium,3.0,41,DSR,1001,8,n15,S,0.120,1,0,0
3,medium,3.0,41,DSDV,1001,0,n1,n3,0.075,1,0,0
3,medium,3.0,41,DSDV,1001,1,n3,n5,3.769,1,1,1
3,medium,3.0,41,DSDV,1001,2,n5,n7,124.566,1,1,1
3,medium,3.0,41,DSDV,1001,3,n7,n8,0.154,1,0,0
3,medium,3.0,41,DSDV,1001,4,n8,n9,0.127,1,0,0
3,medium,3.0,41,DSDV,1001,5,n9,n11,0.119,1,0,0
3,medium,3.0,41,DSDV,1001,6,n11,n13,0.084,1,0,0
3,medium,3.0,41,DSDV,1001,7,n13,n15,0.100,1,0,0
3,medium,3.0,41,DSDV,1001,8,n15,S,0.120,1,0,0
3,medium,3.0,42,AODV,1001,0,n1,n3,0.125,1,0,0
3,medium,3.0,42,AODV,1001,1,n3,n5,2.573,1,0,1
3,medium,3.0,42,AODV,1001,2,n5,n7,4.566,1,1,1
3,medium,3.0,42,AODV,1001,3,n7,n8,0.158,1,0,0
3,medium,3.0,42,AODV,1001,4,n8,n9,0.124,1,0,0
3,medium,3.0,42,AODV,1001,5,n9,n11,0.154,1,0,0
3,medium,3.0,42,AODV,1001,6,n11,n13,0.115,1,0,0
3,medium,3.0,42,AODV,1001,7,n13,n15,0.121,1,0,0
3,medium,3.0,42,AODV,1001,8,n15,S,0.095,1,0,0
3,medium,3.0,42,OLSR,1001,0,n1,n3,0.125,1,0,0
3,medium,3.0,42,OLSR,1001,1,n3,n5,2.573,1,0,1
3,medium,3.0,42,OLSR,1001,2,n5,n7,4.566,1,1,1
3,medium,3.0,42,OLSR,1001,3,n7,n8,0.158,1,0,0
3,medium,3.0,42,OLSR,1001,4,n8,n9,0.124,1,0,0
3,medium,3.0,42,OLSR,1001,5,n9,n11,0.154,1,0,0
3,medium,3.0,42,OLSR,1001,6,n11,n13,0.115,1,0,0
3,medium,3.0,42,OLSR,1001,7,n13,n15,0.121,1,0,0
3,medium,3.0,42,OLSR,1001,8,n15,S,0.095,1,0,0
3,medium,3.0,42,DSR,1001,0,n1,n3,0.125,1,0,0
3,medium,3.0,42,DSR,1001,1,n3,n5,2.573,1,0,1
3,medium,3.0,42,DSR,1001,2,n5,n7,4.566,1,1,1
3,medium,3.0,42,DSR,1001,3,n7,n8,0.158,1,0,0
3,medium,3.0,42,DSR,1001,4,n8,n9,0.124,1,0,0
3,medium,3.0,42,DSR,1001,5,n9,n11,0.154,1,0,0
3,medium,3.0,42,DSR,1001,6,n11,n13,0.115,1,0,0
3,medium,3.0,42,DSR,1001,7,n13,n15,0.121,1,0,0
3,medium,3.0,42,DSR,1001,8,n15,S,0.095,1,0,0
3,medium,3.0,42,DSDV,1001,0,n1,n3,0.125,1,0,0
3,medium,3.0,42,DSDV,1001,1,n3,n5,2.573,1,0,1
3,medium,3.0,42,DSDV,1001,2,n5,n7,4.566,1,1,1
3,medium,3.0,42,DSDV,1001,3,n7,n8,0.158,1,0,0
3,medium,3.0,42,DSDV,1001,4,n8,n9,0.124,1,0,0
3,medium,3.0,42,DSDV,1001,5,n9,n11,0.154,1,0,0
3,medium,3.0,42,DSDV,1001,6,n11,n13,0.115,1,0,0
3,medium,3.0,42,DSDV,1001,7,n13,n15,0.121,1,0,0
3,medium,3.0,42,DSDV,1001,8,n15,S,0.095,1,0,0
3,medium,3.0,43,AODV,1001,0,n1,n3,0.111,1,0,0
3,medium,3.0,43,AODV,1001,1,n3,n5,4.275,1,1,1
3,medium,3.0,43,AODV,1001,2,n5,n7,304.822,1,1,1
3,medium,3.0,43,AODV,1001,3,n7,n8,0.084,1,0,0
3,medium,3.0,43,AODV,1001,4,n8,n9,0.072,1,0,0
3,medium,3.0,43,AODV,1001,5,n9,n11,0.072,1,0,0
3,medium,3.0,43,AODV,1001,6,n11,n13,0.089,1,0,0
3,medium,3.0,43,AODV,1001,7,n13,n15,0.120,1,0,0
3,medium,3.0,43,AODV,1001,8,n15,S,0.127,1,0,0
3,medium,3.0,43,OLSR,1001,0,n1,n3,0.111,1,0,0
3,medium,3.0,43,OLSR,1001,1,n3,n5,4.275,1,1,1
3,medium,3.0,43,OLSR,1001,2,n5,n7,304.822,1,1,1
3,medium,3.0,43,OLSR,1001,3,n7,n8,0.084,1,0,0
3,medium,3.0,43,OLSR,1001,4,n8,n9,0.072,1,0,0
3,medium,3.0,43,OLSR,1001,5,n9,n11,0.072,1,0,0
3,medium,3.0,43,OLSR,1001,6,n11,n13,0.089,1,0,0
3,medium,3.0,43,OLSR,1001,7,n13,n15,0.120,1,0,0
3,medium,3.0,43,OLSR,1001,8,n15,S,0.127,1,0,0
3,medium,3.0,43,DSR,1001,0,n1,n3,0.111,1,0,0
3,medium,3.0,43,DSR,1001,1,n3,n5,4.275,1,1,1
3,medium,3.0,43,DSR,1001,2,n5,n7,304.822,1,1,1
3,medium,3.0,43,DSR,1001,3,n7,n8,0.084,1,0,0
3,medium,3.0,43,DSR,1001,4,n8,n9,0.072,1,0,0
3,medium,3.0,43,DSR,1001,5,n9,n11,0.072,1,0,0
3,medium,3.0,43,DSR,1001,6,n11,n13,0.089,1,0,0
3,medium,3.0,43,DSR,1001,7,n13,n15,0.120,1,0,0
3,medium,3.0,43,DSR,1001,8,n15,S,0.127,1,0,0
3,medium,3.0,43,DSDV,1001,0,n1,n3,0.111,1,0,0
3,medium,3.0,43,DSDV,1001,1,n3,n5,4.275,1,1,1
3,medium,3.0,43,DSDV,1001,2,n5,n7,304.822,1,1,1
3,medium,3.0,43,DSDV,1001,3,n7,n8,0.084,1,0,0
3,medium,3.0,43,DSDV,1001,4,n8,n9,0.072,1,0,0
3,medium,3.0,43,DSDV,1001,5,n9,n11,0.072,1,0,0
3,medium,3.0,43,DSDV,1001,6,n11,n13,0.089,1,0,0
3,medium,3.0,43,DSDV,1001,7,n13,n15,0.120,1,0,0
3,medium,3.0,43,DSDV,1001,8,n15,S,0.127,1,0,0
3,medium,3.0,44,AODV,1001,0,n1,n3,0.115,1,0,0
3,medium,3.0,44,AODV,1001,1,n3,n5,364.822,1,1,1
3,medium,3.0,44,AODV,1001,2,n5,n7,122.554,1,1,1
3,medium,3.0,44,AODV,1001,3,n7,n8,0.168,1,0,0
3,medium,3.0,44,AODV,1001,4,n8,n9,0.092,1,0,0
3,medium,3.0,44,AODV,1001,5,n9,n11,0.126,1,0,0
3,medium,3.0,44,AODV,1001,6,n11,n13,0.081,1,0,0
3,medium,3.0,44,AODV,1001,7,n13,n15,0.100,1,0,0
3,medium,3.0,44,AODV,1001,8,n15,S,0.120,1,0,0
3,medium,3.0,44,OLSR,1001,0,n1,n3,0.115,1,0,0
3,medium,3.0,44,OLSR,1001,1,n3,n5,364.822,1,1,1
3,medium,3.0,44,OLSR,1001,2,n5,n7,122.554,1,1,1
3,medium,3.0,44,OLSR,1001,3,n7,n8,0.168,1,0,0
3,medium,3.0,44,OLSR,1001,4,n8,n9,0.092,1,0,0
3,medium,3.0,44,OLSR,1001,5,n9,n11,0.126,1,0,0
3,medium,3.0,44,OLSR,1001,6,n11,n13,0.081,1,0,0
3,medium,3.0,44,OLSR,1001,7,n13,n15,0.100,1,0,0
3,medium,3.0,44,OLSR,1001,8,n15,S,0.120,1,0,0
3,medium,3.0,44,DSR,1001,0,n1,n3,0.115,1,0,0
3,medium,3.0,44,DSR,1001,1,n3,n5,364.822,1,1,1
3,medium,3.0,44,DSR,1001,2,n5,n7,122.554,1,1,1
3,medium,3.0,44,DSR,1001,3,n7,n8,0.168,1,0,0
3,medium,3.0,44,DSR,1001,4,n8,n9,0.092,1,0,0
3,medium,3.0,44,DSR,1001,5,n9,n11,0.126,1,0,0
3,medium,3.0,44,DSR,1001,6,n11,n13,0.081,1,0,0
3,medium,3.0,44,DSR,1001,7,n13,n15,0.100,1,0,0
3,medium,3.0,44,DSR,1001,8,n15,S,0.120,1,0,0
3,medium,3.0,44,DSDV,1001,0,n1,n3,0.115,1,0,0
3,medium,3.0,44,DSDV,1001,1,n3,n5,364.822,1,1,1
3,medium,3.0,44,DSDV,1001,2,n5,n7,122.554,1,1,1
3,medium,3.0,44,DSDV,1001,3,n7,n8,0.168,1,0,0
3,medium,3.0,44,DSDV,1001,4,n8,n9,0.092,1,0,0
3,medium,3.0,44,DSDV,1001,5,n9,n11,0.126,1,0,0
3,medium,3.0,44,DSDV,1001,6,n11,n13,0.081,1,0,0
3,medium,3.0,44,DSDV,1001,7,n13,n15,0.100,1,0,0
3,medium,3.0,44,DSDV,1001,8,n15,S,0.120,1,0,0
3,medium,4.0,37,AODV,1001,0,n1,n3,0.142,1,0,0
3,medium,4.0,37,AODV,1001,1,n3,n5,64.843,1,1,1
3,medium,4.0,37,AODV,1001,2,n5,n7,362.984,1,1,1
3,medium,4.0,37,AODV,1001,3,n7,n8,0.061,1,0,0
3,medium,4.0,37,AODV,1001,4,n8,n9,0.061,1,0,0
3,medium,4.0,37,AODV,1001,5,n9,n11,0.061,1,0,0
3,medium,4.0,37,AODV,1001,6,n11,n13,0.061,1,0,0
3,medium,4.0,37,AODV,1001,7,n13,n15,0.101,1,0,0
3,medium,4.0,37,AODV,1001,8,n15,S,0.061,1,0,0
3,medium,4.0,37,OLSR,1001,0,n1,n3,0.142,1,0,0
3,medium,4.0,37,OLSR,1001,1,n3,n5,64.843,1,1,1
3,medium,4.0,37,OLSR,1001,2,n5,n7,362.984,1,1,1
3,medium,4.0,37,OLSR,1001,3,n7,n8,0.061,1,0,0
3,medium,4.0,37,OLSR,1001,4,n8,n9,0.061,1,0,0
3,medium,4.0,37,OLSR,1001,5,n9,n11,0.061,1,0,0
3,medium,4.0,37,OLSR,1001,6,n11,n13,0.061,1,0,0
3,medium,4.0,37,OLSR,1001,7,n13,n15,0.101,1,0,0
3,medium,4.0,37,OLSR,1001,8,n15,S,0.061,1,0,0
3,medium,4.0,37,DSR,1001,0,n1,n3,0.142,1,0,0
3,medium,4.0,37,DSR,1001,1,n3,n5,64.843,1,1,1
3,medium,4.0,37,DSR,1001,2,n5,n7,362.984,1,1,1
3,medium,4.0,37,DSR,1001,3,n7,n8,0.061,1,0,0
3,medium,4.0,37,DSR,1001,4,n8,n9,0.061,1,0,0
3,medium,4.0,37,DSR,1001,5,n9,n11,0.061,1,0,0
3,medium,4.0,37,DSR,1001,6,n11,n13,0.061,1,0,0
3,medium,4.0,37,DSR,1001,7,n13,n15,0.101,1,0,0
3,medium,4.0,37,DSR,1001,8,n15,S,0.061,1,0,0
3,medium,4.0,37,DSDV,1001,0,n1,n3,0.142,1,0,0
3,medium,4.0,37,DSDV,1001,1,n3,n5,64.843,1,1,1
3,medium,4.0,37,DSDV,1001,2,n5,n7,362.984,1,1,1
3,medium,4.0,37,DSDV,1001,3,n7,n8,0.061,1,0,0
3,medium,4.0,37,DSDV,1001,4,n8,n9,0.061,1,0,0
3,medium,4.0,37,DSDV,1001,5,n9,n11,0.061,1,0,0
3,medium,4.0,37,DSDV,1001,6,n11,n13,0.061,1,0,0
3,medium,4.0,37,DSDV,1001,7,n13,n15,0.101,1,0,0
3,medium,4.0,37,DSDV,1001,8,n15,S,0.061,1,0,0
3,medium,4.0,38,AODV,1001,0,n1,n3,0.176,1,0,0
3,medium,4.0,38,AODV,1001,1,n3,n5,4.056,1,1,1
3,medium,4.0,38,AODV,1001,2,n5,n7,124.506,1,1,1
3,medium,4.0,38,AODV,1001,3,n7,n8,0.053,1,0,0
3,medium,4.0,38,AODV,1001,4,n8,n9,0.071,1,0,0
3,medium,4.0,38,AODV,1001,5,n9,n11,0.119,1,0,0
3,medium,4.0,38,AODV,1001,6,n11,n13,0.061,1,0,0
3,medium,4.0,38,AODV,1001,7,n13,n15,0.074,1,0,0
3,medium,4.0,38,AODV,1001,8,n15,S,0.101,1,0,0
3,medium,4.0,38,OLSR,1001,0,n1,n3,0.176,1,0,0
3,medium,4.0,38,OLSR,1001,1,n3,n5,4.056,1,1,1
3,medium,4.0,38,OLSR,1001,2,n5,n7,124.506,1,1,1
3,medium,4.0,38,OLSR,1001,3,n7,n8,0.053,1,0,0
3,medium,4.0,38,OLSR,1001,4,n8,n9,0.071,1,0,0
3,medium,4.0,38,OLSR,1001,5,n9,n11,0.119,1,0,0
3,medium,4.0,38,OLSR,1001,6,n11,n13,0.061,1,0,0
3,medium,4.0,38,OLSR,1001,7,n13,n15,0.074,1,0,0
3,medium,4.0,38,OLSR,1001,8,n15,S,0.101,1,0,0
3,medium,4.0,38,DSR,1001,0,n1,n3,0.176,1,0,0
3,medium,4.0,38,DSR,1001,1,n3,n5,4.056,1,1,1
3,medium,4.0,38,DSR,1001,2,n5,n7,124.506,1,1,1
3,medium,4.0,38,DSR,1001,3,n7,n8,0.053,1,0,0
3,medium,4.0,38,DSR,1001,4,n8,n9,0.071,1,0,0
3,medium,4.0,38,DSR,1001,5,n9,n11,0.119,1,0,0
3,medium,4.0,38,DSR,1001,6,n11,n13,0.061,1,0,0
3,medium,4.0,38,DSR,1001,7,n13,n15,0.074,1,0,0
3,medium,4.0,38,DSR,1001,8,n15,S,0.101,1,0,0
3,medium,4.0,38,DSDV,1001,0,n1,n3,0.176,1,0,0
3,medium,4.0,38,DSDV,1001,1,n3,n5,4.056,1,1,1
3,medium,4.0,38,DSDV,1001,2,n5,n7,124.506,1,1,1
3,medium,4.0,38,DSDV,1001,3,n7,n8,0.053,1,0,0
3,medium,4.0,38,DSDV,1001,4,n8,n9,0.071,1,0,0
3,medium,4.0,38,DSDV,1001,5,n9,n11,0.119,1,0,0
3,medium,4.0,38,DSDV,1001,6,n11,n13,0.061,1,0,0
3,medium,4.0,38,DSDV,1001,7,n13,n15,0.074,1,0,0
3,medium,4.0,38,DSDV,1001,8,n15,S,0.101,1,0,0
3,medium,4.0,39,AODV,1001,0,n1,n3,0.062,1,0,0
3,medium,4.0,39,AODV,1001,1,n3,n5,2.785,1,0,1
3,medium,4.0,39,AODV,1001,2,n5,n7,244.506,1,1,1
3,medium,4.0,39,AODV,1001,3,n7,n8,0.149,1,0,0
3,medium,4.0,39,AODV,1001,4,n8,n9,0.061,1,0,0
3,medium,4.0,39,AODV,1001,5,n9,n11,0.119,1,0,0
3,medium,4.0,39,AODV,1001,6,n11,n13,0.061,1,0,0
3,medium,4.0,39,AODV,1001,7,n13,n15,0.065,1,0,0
3,medium,4.0,39,AODV,1001,8,n15,S,0.154,1,0,0
3,medium,4.0,39,OLSR,1001,0,n1,n3,0.062,1,0,0
3,medium,4.0,39,OLSR,1001,1,n3,n5,2.785,1,0,1
3,medium,4.0,39,OLSR,1001,2,n5,n7,244.506,1,1,1
3,medium,4.0,39,OLSR,1001,3,n7,n8,0.149,1,0,0
3,medium,4.0,39,OLSR,1001,4,n8,n9,0.061,1,0,0
3,medium,4.0,39,OLSR,1001,5,n9,n11,0.119,1,0,0
3,medium,4.0,39,OLSR,1001,6,n11,n13,0.061,1,0,0
3,medium,4.0,39,OLSR,1001,7,n13,n15,0.065,1,0,0
3,medium,4.0,39,OLSR,1001,8,n15,S,0.154,1,0,0
3,medium,4.0,39,DSR,1001,0,n1,n3,0.062,1,0,0
3,medium,4.0,39,DSR,1001,1,n3,n5,2.785,1,0,1
3,medium,4.0,39,DSR,1001,2,n5,n7,244.506,1,1,1
3,medium,4.0,39,DSR,1001,3,n7,n8,0.149,1,0,0
3,medium,4.0,39,DSR,1001,4,n8,n9,0.061,1,0,0
3,medium,4.0,39,DSR,1001,5,n9,n11,0.119,1,0,0
3,medium,4.0,39,DSR,1001,6,n11,n13,0.061,1,0,0
3,medium,4.0,39,DSR,1001,7,n13,n15,0.065,1,0,0
3,medium,4.0,39,DSR,1001,8,n15,S,0.154,1,0,0
3,medium,4.0,39,DSDV,1001,0,n1,n3,0.062,1,0,0
3,medium,4.0,39,DSDV,1001,1,n3,n5,2.785,1,0,1
3,medium,4.0,39,DSDV,1001,2,n5,n7,244.506,1,1,1
3,medium,4.0,39,DSDV,1001,3,n7,n8,0.149,1,0,0
3,medium,4.0,39,DSDV,1001,4,n8,n9,0.061,1,0,0
3,medium,4.0,39,DSDV,1001,5,n9,n11,0.119,1,0,0
3,medium,4.0,39,DSDV,1001,6,n11,n13,0.061,1,0,0
3,medium,4.0,39,DSDV,1001,7,n13,n15,0.065,1,0,0
3,medium,4.0,39,DSDV,1001,8,n15,S,0.154,1,0,0
3,medium,4.0,40,AODV,1001,0,n1,n3,0.112,1,0,0
3,medium,4.0,40,AODV,1001,1,n3,n5,124.275,1,1,1
3,medium,4.0,40,AODV,1001,2,n5,n7,124.566,1,1,1
3,medium,4.0,40,AODV,1001,3,n7,n8,0.094,1,0,0
3,medium,4.0,40,AODV,1001,4,n8,n9,0.089,1,0,0
3,medium,4.0,40,AODV,1001,5,n9,n11,0.119,1,0,0
3,medium,4.0,40,AODV,1001,6,n11,n13,0.084,1,0,0
3,medium,4.0,40,AODV,1001,7,n13,n15,0.121,1,0,0
3,medium,4.0,40,AODV,1001,8,n15,S,0.095,1,0,0
3,medium,4.0,40,OLSR,1001,0,n1,n3,0.112,1,0,0
3,medium,4.0,40,OLSR,1001,1,n3,n5,124.275,1,1,1
3,medium,4.0,40,OLSR,1001,2,n5,n7,124.566,1,1,1
3,medium,4.0,40,OLSR,1001,3,n7,n8,0.094,1,0,0
3,medium,4.0,40,OLSR,1001,4,n8,n9,0.089,1,0,0
3,medium,4.0,40,OLSR,1001,5,n9,n11,0.119,1,0,0
3,medium,4.0,40,OLSR,1001,6,n11,n13,0.084,1,0,0
3,medium,4.0,40,OLSR,1001,7,n13,n15,0.121,1,0,0
3,medium,4.0,40,OLSR,1001,8,n15,S,0.095,1,0,0
3,medium,4.0,40,DSR,1001,0,n1,n3,0.112,1,0,0
3,medium,4.0,40,DSR,1001,1,n3,n5,124.275,1,1,1
3,medium,4.0,40,DSR,1001,2,n5,n7,124.566,1,1,1
3,medium,4.0,40,DSR,1001,3,n7,n8,0.094,1,0,0
3,medium,4.0,40,DSR,1001,4,n8,n9,0.089,1,0,0
3,medium,4.0,40,DSR,1001,5,n9,n11,0.119,1,0,0
3,medium,4.0,40,DSR,1001,6,n11,n13,0.084,1,0,0
3,medium,4.0,40,DSR,1001,7,n13,n15,0.121,1,0,0
3,medium,4.0,40,DSR,1001,8,n15,S,0.095,1,0,0
3,medium,4.0,40,DSDV,1001,0,n1,n3,0.112,1,0,0
3,medium,4.0,40,DSDV,1001,1,n3,n5,124.275,1,1,1
3,medium,4.0,40,DSDV,1001,2,n5,n7,124.566,1,1,1
3,medium,4.0,40,DSDV,1001,3,n7,n8,0.094,1,0,0
3,medium,4.0,40,DSDV,1001,4,n8,n9,0.089,1,0,0
3,medium,4.0,40,DSDV,1001,5,n9,n11,0.119,1,0,0
3,medium,4.0,40,DSDV,1001,6,n11,n13,0.084,1,0,0
3,medium,4.0,40,DSDV,1001,7,n13,n15,0.121,1,0,0
3,medium,4.0,40,DSDV,1001,8,n15,S,0.095,1,0,0
3,medium,4.0,41,AODV,1001,0,n1,n3,0.075,1,0,0
3,medium,4.0,41,AODV,1001,1,n3,n5,3.769,1,0,1
3,medium,4.0,41,AODV,1001,2,n5,n7,124.566,1,1,1
3,medium,4.0,41,AODV,1001,3,n7,n8,0.154,1,0,0
3,medium,4.0,41,AODV,1001,4,n8,n9,0.127,1,0,0
3,medium,4.0,41,AODV,1001,5,n9,n11,0.119,1,0,0
3,medium,4.0,41,AODV,1001,6,n11,n13,0.084,1,0,0
3,medium,4.0,41,AODV,1001,7,n13,n15,0.100,1,0,0
3,medium,4.0,41,AODV,1001,8,n15,S,0.120,1,0,0
3,medium,4.0,41,OLSR,1001,0,n1,n3,0.075,1,0,0
3,medium,4.0,41,OLSR,1001,1,n3,n5,3.769,1,0,1
3,medium,4.0,41,OLSR,1001,2,n5,n7,124.566,1,1,1
3,medium,4.0,41,OLSR,1001,3,n7,n8,0.154,1,0,0
3,medium,4.0,41,OLSR,1001,4,n8,n9,0.127,1,0,0
3,medium,4.0,41,OLSR,1001,5,n9,n11,0.119,1,0,0
3,medium,4.0,41,OLSR,1001,6,n11,n13,0.084,1,0,0
3,medium,4.0,41,OLSR,1001,7,n13,n15,0.100,1,0,0
3,medium,4.0,41,OLSR,1001,8,n15,S,0.120,1,0,0
3,medium,4.0,41,DSR,1001,0,n1,n3,0.075,1,0,0
3,medium,4.0,41,DSR,1001,1,n3,n5,3.769,1,0,1
3,medium,4.0,41,DSR,1001,2,n5,n7,124.566,1,1,1
3,medium,4.0,41,DSR,1001,3,n7,n8,0.154,1,0,0
3,medium,4.0,41,DSR,1001,4,n8,n9,0.127,1,0,0
3,medium,4.0,41,DSR,1001,5,n9,n11,0.119,1,0,0
3,medium,4.0,41,DSR,1001,6,n11,n13,0.084,1,0,0
3,medium,4.0,41,DSR,1001,7,n13,n15,0.100,1,0,0
3,medium,4.0,41,DSR,1001,8,n15,S,0.120,1,0,0
3,medium,4.0,41,DSDV,1001,0,n1,n3,0.075,1,0,0
3,medium,4.0,41,DSDV,1001,1,n3,n5,3.769,1,0,1
3,medium,4.0,41,DSDV,1001,2,n5,n7,124.566,1,1,1
3,medium,4.0,41,DSDV,1001,3,n7,n8,0.154,1,0,0
3,medium,4.0,41,DSDV,1001,4,n8,n9,0.127,1,0,0
3,medium,4.0,41,DSDV,1001,5,n9,n11,0.119,1,0,0
3,medium,4.0,41,DSDV,1001,6,n11,n13,0.084,1,0,0
3,medium,4.0,41,DSDV,1001,7,n13,n15,0.100,1,0,0
3,medium,4.0,41,DSDV,1001,8,n15,S,0.120,1,0,0
3,medium,4.0,42,AODV,1001,0,n1,n3,0.125,1,0,0
3,medium,4.0,42,AODV,1001,1,n3,n5,2.573,1,0,1
3,medium,4.0,42,AODV,1001,2,n5,n7,4.566,1,1,1
3,medium,4.0,42,AODV,1001,3,n7,n8,0.158,1,0,0
3,medium,4.0,42,AODV,1001,4,n8,n9,0.124,1,0,0
3,medium,4.0,42,AODV,1001,5,n9,n11,0.154,1,0,0
3,medium,4.0,42,AODV,1001,6,n11,n13,0.115,1,0,0
3,medium,4.0,42,AODV,1001,7,n13,n15,0.121,1,0,0
3,medium,4.0,42,AODV,1001,8,n15,S,0.095,1,0,0
3,medium,4.0,42,OLSR,1001,0,n1,n3,0.125,1,0,0
3,medium,4.0,42,OLSR,1001,1,n3,n5,2.573,1,0,1
3,medium,4.0,42,OLSR,1001,2,n5,n7,4.566,1,1,1
3,medium,4.0,42,OLSR,1001,3,n7,n8,0.158,1,0,0
3,medium,4.0,42,OLSR,1001,4,n8,n9,0.124,1,0,0
3,medium,4.0,42,OLSR,1001,5,n9,n11,0.154,1,0,0
3,medium,4.0,42,OLSR,1001,6,n11,n13,0.115,1,0,0
3,medium,4.0,42,OLSR,1001,7,n13,n15,0.121,1,0,0
3,medium,4.0,42,OLSR,1001,8,n15,S,0.095,1,0,0
3,medium,4.0,42,DSR,1001,0,n1,n3,0.125,1,0,0
3,medium,4.0,42,DSR,1001,1,n3,n5,2.573,1,0,1
3,medium,4.0,42,DSR,1001,2,n5,n7,4.566,1,1,1
3,medium,4.0,42,DSR,1001,3,n7,n8,0.158,1,0,0
3,medium,4.0,42,DSR,1001,4,n8,n9,0.124,1,0,0
3,medium,4.0,42,DSR,1001,5,n9,n11,0.154,1,0,0
3,medium,4.0,42,DSR,1001,6,n11,n13,0.115,1,0,0
3,medium,4.0,42,DSR,1001,7,n13,n15,0.121,1,0,0
3,medium,4.0,42,DSR,1001,8,n15,S,0.095,1,0,0
3,medium,4.0,42,DSDV,1001,0,n1,n3,0.125,1,0,0
3,medium,4.0,42,DSDV,1001,1,n3,n5,2.573,1,0,1
3,medium,4.0,42,DSDV,1001,2,n5,n7,4.566,1,1,1
3,medium,4.0,42,DSDV,1001,3,n7,n8,0.158,1,0,0
3,medium,4.0,42,DSDV,1001,4,n8,n9,0.124,1,0,0
3,medium,4.0,42,DSDV,1001,5,n9,n11,0.154,1,0,0
3,medium,4.0,42,DSDV,1001,6,n11,n13,0.115,1,0,0
3,medium,4.0,42,DSDV,1001,7,n13,n15,0.121,1,0,0
3,medium,4.0,42,DSDV,1001,8,n15,S,0.095,1,0,0
3,medium,4.0,43,AODV,1001,0,n1,n3,0.111,1,0,0
3,medium,4.0,43,AODV,1001,1,n3,n5,4.275,1,1,1
3,medium,4.0,43,AODV,1001,2,n5,n7,304.822,1,1,1
3,medium,4.0,43,AODV,1001,3,n7,n8,0.084,1,0,0
3,medium,4.0,43,AODV,1001,4,n8,n9,0.072,1,0,0
3,medium,4.0,43,AODV,1001,5,n9,n11,0.072,1,0,0
3,medium,4.0,43,AODV,1001,6,n11,n13,0.089,1,0,0
3,medium,4.0,43,AODV,1001,7,n13,n15,0.120,1,0,0
3,medium,4.0,43,AODV,1001,8,n15,S,0.127,1,0,0
3,medium,4.0,43,OLSR,1001,0,n1,n3,0.111,1,0,0
3,medium,4.0,43,OLSR,1001,1,n3,n5,4.275,1,1,1
3,medium,4.0,43,OLSR,1001,2,n5,n7,304.822,1,1,1
3,medium,4.0,43,OLSR,1001,3,n7,n8,0.084,1,0,0
3,medium,4.0,43,OLSR,1001,4,n8,n9,0.072,1,0,0
3,medium,4.0,43,OLSR,1001,5,n9,n11,0.072,1,0,0
3,medium,4.0,43,OLSR,1001,6,n11,n13,0.089,1,0,0
3,medium,4.0,43,OLSR,1001,7,n13,n15,0.120,1,0,0
3,medium,4.0,43,OLSR,1001,8,n15,S,0.127,1,0,0
3,medium,4.0,43,DSR,1001,0,n1,n3,0.111,1,0,0
3,medium,4.0,43,DSR,1001,1,n3,n5,4.275,1,1,1
3,medium,4.0,43,DSR,1001,2,n5,n7,304.822,1,1,1
3,medium,4.0,43,DSR,1001,3,n7,n8,0.084,1,0,0
3,medium,4.0,43,DSR,1001,4,n8,n9,0.072,1,0,0
3,medium,4.0,43,DSR,1001,5,n9,n11,0.072,1,0,0
3,medium,4.0,43,DSR,1001,6,n11,n13,0.089,1,0,0
3,medium,4.0,43,DSR,1001,7,n13,n15,0.120,1,0,0
3,medium,4.0,43,DSR,1001,8,n15,S,0.127,1,0,0
3,medium,4.0,43,DSDV,1001,0,n1,n3,0.111,1,0,0
3,medium,4.0,43,DSDV,1001,1,n3,n5,4.275,1,1,1
3,medium,4.0,43,DSDV,1001,2,n5,n7,304.822,1,1,1
3,medium,4.0,43,DSDV,1001,3,n7,n8,0.084,1,0,0
3,medium,4.0,43,DSDV,1001,4,n8,n9,0.072,1,0,0
3,medium,4.0,43,DSDV,1001,5,n9,n11,0.072,1,0,0
3,medium,4.0,43,DSDV,1001,6,n11,n13,0.089,1,0,0
3,medium,4.0,43,DSDV,1001,7,n13,n15,0.120,1,0,0
3,medium,4.0,43,DSDV,1001,8,n15,S,0.127,1,0,0
3,medium,4.0,44,AODV,1001,0,n1,n3,0.115,1,0,0
3,medium,4.0,44,AODV,1001,1,n3,n5,364.822,1,1,1
3,medium,4.0,44,AODV,1001,2,n5,n7,122.554,1,1,1
3,medium,4.0,44,AODV,1001,3,n7,n8,0.168,1,0,0
3,medium,4.0,44,AODV,1001,4,n8,n9,0.092,1,0,0
3,medium,4.0,44,AODV,1001,5,n9,n11,0.126,1,0,0
3,medium,4.0,44,AODV,1001,6,n11,n13,0.081,1,0,0
3,medium,4.0,44,AODV,1001,7,n13,n15,0.100,1,0,0
3,medium,4.0,44,AODV,1001,8,n15,S,0.120,1,0,0
3,medium,4.0,44,OLSR,1001,0,n1,n3,0.115,1,0,0
3,medium,4.0,44,OLSR,1001,1,n3,n5,364.822,1,1,1
3,medium,4.0,44,OLSR,1001,2,n5,n7,122.554,1,1,1
3,medium,4.0,44,OLSR,1001,3,n7,n8,0.168,1,0,0
3,medium,4.0,44,OLSR,1001,4,n8,n9,0.092,1,0,0
3,medium,4.0,44,OLSR,1001,5,n9,n11,0.126,1,0,0
3,medium,4.0,44,OLSR,1001,6,n11,n13,0.081,1,0,0
3,medium,4.0,44,OLSR,1001,7,n13,n15,0.100,1,0,0
3,medium,4.0,44,OLSR,1001,8,n15,S,0.120,1,0,0
3,medium,4.0,44,DSR,1001,0,n1,n3,0.115,1,0,0
3,medium,4.0,44,DSR,1001,1,n3,n5,364.822,1,1,1
3,medium,4.0,44,DSR,1001,2,n5,n7,122.554,1,1,1
3,medium,4.0,44,DSR,1001,3,n7,n8,0.168,1,0,0
3,medium,4.0,44,DSR,1001,4,n8,n9,0.092,1,0,0
3,medium,4.0,44,DSR,1001,5,n9,n11,0.126,1,0,0
3,medium,4.0,44,DSR,1001,6,n11,n13,0.081,1,0,0
3,medium,4.0,44,DSR,1001,7,n13,n15,0.100,1,0,0
3,medium,4.0,44,DSR,1001,8,n15,S,0.120,1,0,0
3,medium,4.0,44,DSDV,1001,0,n1,n3,0.115,1,0,0
3,medium,4.0,44,DSDV,1001,1,n3,n5,364.822,1,1,1
3,medium,4.0,44,DSDV,1001,2,n5,n7,122.554,1,1,1
3,medium,4.0,44,DSDV,1001,3,n7,n8,0.168,1,0,0
3,medium,4.0,44,DSDV,1001,4,n8,n9,0.092,1,0,0
3,medium,4.0,44,DSDV,1001,5,n9,n11,0.126,1,0,0
3,medium,4.0,44,DSDV,1001,6,n11,n13,0.081,1,0,0
3,medium,4.0,44,DSDV,1001,7,n13,n15,0.100,1,0,0
3,medium,4.0,44,DSDV,1001,8,n15,S,0.120,1,0,0
3,medium,5.0,37,AODV,1001,0,n1,n3,0.142,1,0,0
3,medium,5.0,37,AODV,1001,1,n3,n5,64.843,1,1,1
3,medium,5.0,37,AODV,1001,2,n5,n7,362.984,1,1,1
3,medium,5.0,37,AODV,1001,3,n7,n8,0.061,1,0,0
3,medium,5.0,37,AODV,1001,4,n8,n9,0.061,1,0,0
3,medium,5.0,37,AODV,1001,5,n9,n11,0.061,1,0,0
3,medium,5.0,37,AODV,1001,6,n11,n13,0.061,1,0,0
3,medium,5.0,37,AODV,1001,7,n13,n15,0.101,1,0,0
3,medium,5.0,37,AODV,1001,8,n15,S,0.061,1,0,0
3,medium,5.0,37,OLSR,1001,0,n1,n3,0.142,1,0,0
3,medium,5.0,37,OLSR,1001,1,n3,n5,64.843,1,1,1
3,medium,5.0,37,OLSR,1001,2,n5,n7,362.984,1,1,1
3,medium,5.0,37,OLSR,1001,3,n7,n8,0.061,1,0,0
3,medium,5.0,37,OLSR,1001,4,n8,n9,0.061,1,0,0
3,medium,5.0,37,OLSR,1001,5,n9,n11,0.061,1,0,0
3,medium,5.0,37,OLSR,1001,6,n11,n13,0.061,1,0,0
3,medium,5.0,37,OLSR,1001,7,n13,n15,0.101,1,0,0
3,medium,5.0,37,OLSR,1001,8,n15,S,0.061,1,0,0
3,medium,5.0,37,DSR,1001,0,n1,n3,0.142,1,0,0
3,medium,5.0,37,DSR,1001,1,n3,n5,64.843,1,1,1
3,medium,5.0,37,DSR,1001,2,n5,n7,362.984,1,1,1
3,medium,5.0,37,DSR,1001,3,n7,n8,0.061,1,0,0
3,medium,5.0,37,DSR,1001,4,n8,n9,0.061,1,0,0
3,medium,5.0,37,DSR,1001,5,n9,n11,0.061,1,0,0
3,medium,5.0,37,DSR,1001,6,n11,n13,0.061,1,0,0
3,medium,5.0,37,DSR,1001,7,n13,n15,0.101,1,0,0
3,medium,5.0,37,DSR,1001,8,n15,S,0.061,1,0,0
3,medium,5.0,37,DSDV,1001,0,n1,n3,0.142,1,0,0
3,medium,5.0,37,DSDV,1001,1,n3,n5,64.843,1,1,1
3,medium,5.0,37,DSDV,1001,2,n5,n7,362.984,1,1,1
3,medium,5.0,37,DSDV,1001,3,n7,n8,0.061,1,0,0
3,medium,5.0,37,DSDV,1001,4,n8,n9,0.061,1,0,0
3,medium,5.0,37,DSDV,1001,5,n9,n11,0.061,1,0,0
3,medium,5.0,37,DSDV,1001,6,n11,n13,0.061,1,0,0
3,medium,5.0,37,DSDV,1001,7,n13,n15,0.101,1,0,0
3,medium,5.0,37,DSDV,1001,8,n15,S,0.061,1,0,0
3,medium,5.0,38,AODV,1001,0,n1,n3,0.176,1,0,0
3,medium,5.0,38,AODV,1001,1,n3,n5,4.056,1,0,1
3,medium,5.0,38,AODV,1001,2,n5,n7,124.506,1,1,1
3,medium,5.0,38,AODV,1001,3,n7,n8,0.053,1,0,0
3,medium,5.0,38,AODV,1001,4,n8,n9,0.071,1,0,0
3,medium,5.0,38,AODV,1001,5,n9,n11,0.119,1,0,0
3,medium,5.0,38,AODV,1001,6,n11,n13,0.061,1,0,0
3,medium,5.0,38,AODV,1001,7,n13,n15,0.074,1,0,0
3,medium,5.0,38,AODV,1001,8,n15,S,0.101,1,0,0
3,medium,5.0,38,OLSR,1001,0,n1,n3,0.176,1,0,0
3,medium,5.0,38,OLSR,1001,1,n3,n5,4.056,1,0,1
3,medium,5.0,38,OLSR,1001,2,n5,n7,124.506,1,1,1
3,medium,5.0,38,OLSR,1001,3,n7,n8,0.053,1,0,0
3,medium,5.0,38,OLSR,1001,4,n8,n9,0.071,1,0,0
3,medium,5.0,38,OLSR,1001,5,n9,n11,0.119,1,0,0
3,medium,5.0,38,OLSR,1001,6,n11,n13,0.061,1,0,0
3,medium,5.0,38,OLSR,1001,7,n13,n15,0.074,1,0,0
3,medium,5.0,38,OLSR,1001,8,n15,S,0.101,1,0,0
3,medium,5.0,38,DSR,1001,0,n1,n3,0.176,1,0,0
3,medium,5.0,38,DSR,1001,1,n3,n5,4.056,1,0,1
3,medium,5.0,38,DSR,1001,2,n5,n7,124.506,1,1,1
3,medium,5.0,38,DSR,1001,3,n7,n8,0.053,1,0,0
3,medium,5.0,38,DSR,1001,4,n8,n9,0.071,1,0,0
3,medium,5.0,38,DSR,1001,5,n9,n11,0.119,1,0,0
3,medium,5.0,38,DSR,1001,6,n11,n13,0.061,1,0,0
3,medium,5.0,38,DSR,1001,7,n13,n15,0.074,1,0,0
3,medium,5.0,38,DSR,1001,8,n15,S,0.101,1,0,0
3,medium,5.0,38,DSDV,1001,0,n1,n3,0.176,1,0,0
3,medium,5.0,38,DSDV,1001,1,n3,n5,4.056,1,0,1
3,medium,5.0,38,DSDV,1001,2,n5,n7,124.506,1,1,1
3,medium,5.0,38,DSDV,1001,3,n7,n8,0.053,1,0,0
3,medium,5.0,38,DSDV,1001,4,n8,n9,0.071,1,0,0
3,medium,5.0,38,DSDV,1001,5,n9,n11,0.119,1,0,0
3,medium,5.0,38,DSDV,1001,6,n11,n13,0.061,1,0,0
3,medium,5.0,38,DSDV,1001,7,n13,n15,0.074,1,0,0
3,medium,5.0,38,DSDV,1001,8,n15,S,0.101,1,0,0
3,medium,5.0,39,AODV,1001,0,n1,n3,0.062,1,0,0
3,medium,5.0,39,AODV,1001,1,n3,n5,2.785,1,0,1
3,medium,5.0,39,AODV,1001,2,n5,n7,244.506,1,1,1
3,medium,5.0,39,AODV,1001,3,n7,n8,0.149,1,0,0
3,medium,5.0,39,AODV,1001,4,n8,n9,0.061,1,0,0
3,medium,5.0,39,AODV,1001,5,n9,n11,0.119,1,0,0
3,medium,5.0,39,AODV,1001,6,n11,n13,0.061,1,0,0
3,medium,5.0,39,AODV,1001,7,n13,n15,0.065,1,0,0
3,medium,5.0,39,AODV,1001,8,n15,S,0.154,1,0,0
3,medium,5.0,39,OLSR,1001,0,n1,n3,0.062,1,0,0
3,medium,5.0,39,OLSR,1001,1,n3,n5,2.785,1,0,1
3,medium,5.0,39,OLSR,1001,2,n5,n7,244.506,1,1,1
3,medium,5.0,39,OLSR,1001,3,n7,n8,0.149,1,0,0
3,medium,5.0,39,OLSR,1001,4,n8,n9,0.061,1,0,0
3,medium,5.0,39,OLSR,1001,5,n9,n11,0.119,1,0,0
3,medium,5.0,39,OLSR,1001,6,n11,n13,0.061,1,0,0
3,medium,5.0,39,OLSR,1001,7,n13,n15,0.065,1,0,0
3,medium,5.0,39,OLSR,1001,8,n15,S,0.154,1,0,0
3,medium,5.0,39,DSR,1001,0,n1,n3,0.062,1,0,0
3,medium,5.0,39,DSR,1001,1,n3,n5,2.785,1,0,1
3,medium,5.0,39,DSR,1001,2,n5,n7,244.506,1,1,1
3,medium,5.0,39,DSR,1001,3,n7,n8,0.149,1,0,0
3,medium,5.0,39,DSR,1001,4,n8,n9,0.061,1,0,0
3,medium,5.0,39,DSR,1001,5,n9,n11,0.119,1,0,0
3,medium,5.0,39,DSR,1001,6,n11,n13,0.061,1,0,0
3,medium,5.0,39,DSR,1001,7,n13,n15,0.065,1,0,0
3,medium,5.0,39,DSR,1001,8,n15,S,0.154,1,0,0
3,medium,5.0,39,DSDV,1001,0,n1,n3,0.062,1,0,0
3,medium,5.0,39,DSDV,1001,1,n3,n5,2.785,1,0,1
3,medium,5.0,39,DSDV,1001,2,n5,n7,244.506,1,1,1
3,medium,5.0,39,DSDV,1001,3,n7,n8,0.149,1,0,0
3,medium,5.0,39,DSDV,1001,4,n8,n9,0.061,1,0,0
3,medium,5.0,39,DSDV,1001,5,n9,n11,0.119,1,0,0
3,medium,5.0,39,DSDV,1001,6,n11,n13,0.061,1,0,0
3,medium,5.0,39,DSDV,1001,7,n13,n15,0.065,1,0,0
3,medium,5.0,39,DSDV,1001,8,n15,S,0.154,1,0,0
3,medium,5.0,40,AODV,1001,0,n1,n3,0.112,1,0,0
3,medium,5.0,40,AODV,1001,1,n3,n5,124.275,1,1,1
3,medium,5.0,40,AODV,1001,2,n5,n7,124.566,1,1,1
3,medium,5.0,40,AODV,1001,3,n7,n8,0.094,1,0,0
3,medium,5.0,40,AODV,1001,4,n8,n9,0.089,1,0,0
3,medium,5.0,40,AODV,1001,5,n9,n11,0.119,1,0,0
3,medium,5.0,40,AODV,1001,6,n11,n13,0.084,1,0,0
3,medium,5.0,40,AODV,1001,7,n13,n15,0.121,1,0,0
3,medium,5.0,40,AODV,1001,8,n15,S,0.095,1,0,0
3,medium,5.0,40,OLSR,1001,0,n1,n3,0.112,1,0,0
3,medium,5.0,40,OLSR,1001,1,n3,n5,124.275,1,1,1
3,medium,5.0,40,OLSR,1001,2,n5,n7,124.566,1,1,1
3,medium,5.0,40,OLSR,1001,3,n7,n8,0.094,1,0,0
3,medium,5.0,40,OLSR,1001,4,n8,n9,0.089,1,0,0
3,medium,5.0,40,OLSR,1001,5,n9,n11,0.119,1,0,0
3,medium,5.0,40,OLSR,1001,6,n11,n13,0.084,1,0,0
3,medium,5.0,40,OLSR,1001,7,n13,n15,0.121,1,0,0
3,medium,5.0,40,OLSR,1001,8,n15,S,0.095,1,0,0
3,medium,5.0,40,DSR,1001,0,n1,n3,0.112,1,0,0
3,medium,5.0,40,DSR,1001,1,n3,n5,124.275,1,1,1
3,medium,5.0,40,DSR,1001,2,n5,n7,124.566,1,1,1
3,medium,5.0,40,DSR,1001,3,n7,n8,0.094,1,0,0
3,medium,5.0,40,DSR,1001,4,n8,n9,0.089,1,0,0
3,medium,5.0,40,DSR,1001,5,n9,n11,0.119,1,0,0
3,medium,5.0,40,DSR,1001,6,n11,n13,0.084,1,0,0
3,medium,5.0,40,DSR,1001,7,n13,n15,0.121,1,0,0
3,medium,5.0,40,DSR,1001,8,n15,S,0.095,1,0,0
3,medium,5.0,40,DSDV,1001,0,n1,n3,0.112,1,0,0
3,medium,5.0,40,DSDV,1001,1,n3,n5,124.275,1,1,1
3,medium,5.0,40,DSDV,1001,2,n5,n7,124.566,1,1,1
3,medium,5.0,40,DSDV,1001,3,n7,n8,0.094,1,0,0
3,medium,5.0,40,DSDV,1001,4,n8,n9,0.089,1,0,0
3,medium,5.0,40,DSDV,1001,5,n9,n11,0.119,1,0,0
3,medium,5.0,40,DSDV,1001,6,n11,n13,0.084,1,0,0
3,medium,5.0,40,DSDV,1001,7,n13,n15,0.121,1,0,0
3,medium,5.0,40,DSDV,1001,8,n15,S,0.095,1,0,0
3,medium,5.0,41,AODV,1001,0,n1,n3,0.075,1,0,0
3,medium,5.0,41,AODV,1001,1,n3,n5,3.769,1,0,1
3,medium,5.0,41,AODV,1001,2,n5,n7,124.566,1,1,1
3,medium,5.0,41,AODV,1001,3,n7,n8,0.154,1,0,0
3,medium,5.0,41,AODV,1001,4,n8,n9,0.127,1,0,0
3,medium,5.0,41,AODV,1001,5,n9,n11,0.119,1,0,0
3,medium,5.0,41,AODV,1001,6,n11,n13,0.084,1,0,0
3,medium,5.0,41,AODV,1001,7,n13,n15,0.100,1,0,0
3,medium,5.0,41,AODV,1001,8,n15,S,0.120,1,0,0
3,medium,5.0,41,OLSR,1001,0,n1,n3,0.075,1,0,0
3,medium,5.0,41,OLSR,1001,1,n3,n5,3.769,1,0,1
3,medium,5.0,41,OLSR,1001,2,n5,n7,124.566,1,1,1
3,medium,5.0,41,OLSR,1001,3,n7,n8,0.154,1,0,0
3,medium,5.0,41,OLSR,1001,4,n8,n9,0.127,1,0,0
3,medium,5.0,41,OLSR,1001,5,n9,n11,0.119,1,0,0
3,medium,5.0,41,OLSR,1001,6,n11,n13,0.084,1,0,0
3,medium,5.0,41,OLSR,1001,7,n13,n15,0.100,1,0,0
3,medium,5.0,41,OLSR,1001,8,n15,S,0.120,1,0,0
3,medium,5.0,41,DSR,1001,0,n1,n3,0.075,1,0,0
3,medium,5.0,41,DSR,1001,1,n3,n5,3.769,1,0,1
3,medium,5.0,41,DSR,1001,2,n5,n7,124.566,1,1,1
3,medium,5.0,41,DSR,1001,3,n7,n8,0.154,1,0,0
3,medium,5.0,41,DSR,1001,4,n8,n9,0.127,1,0,0
3,medium,5.0,41,DSR,1001,5,n9,n11,0.119,1,0,0
3,medium,5.0,41,DSR,1001,6,n11,n13,0.084,1,0,0
3,medium,5.0,41,DSR,1001,7,n13,n15,0.100,1,0,0
3,medium,5.0,41,DSR,1001,8,n15,S,0.120,1,0,0
3,medium,5.0,41,DSDV,1001,0,n1,n3,0.075,1,0,0
3,medium,5.0,41,DSDV,1001,1,n3,n5,3.769,1,0,1
3,medium,5.0,41,DSDV,1001,2,n5,n7,124.566,1,1,1
3,medium,5.0,41,DSDV,1001,3,n7,n8,0.154,1,0,0
3,medium,5.0,41,DSDV,1001,4,n8,n9,0.127,1,0,0
3,medium,5.0,41,DSDV,1001,5,n9,n11,0.119,1,0,0
3,medium,5.0,41,DSDV,1001,6,n11,n13,0.084,1,0,0
3,medium,5.0,41,DSDV,1001,7,n13,n15,0.100,1,0,0
3,medium,5.0,41,DSDV,1001,8,n15,S,0.120,1,0,0
3,medium,5.0,42,AODV,1001,0,n1,n3,0.125,1,0,0
3,medium,5.0,42,AODV,1001,1,n3,n5,2.573,1,0,1
3,medium,5.0,42,AODV,1001,2,n5,n7,4.566,1,0,1
3,medium,5.0,42,AODV,1001,3,n7,n8,0.158,1,0,0
3,medium,5.0,42,AODV,1001,4,n8,n9,0.124,1,0,0
3,medium,5.0,42,AODV,1001,5,n9,n11,0.154,1,0,0
3,medium,5.0,42,AODV,1001,6,n11,n13,0.115,1,0,0
3,medium,5.0,42,AODV,1001,7,n13,n15,0.121,1,0,0
3,medium,5.0,42,AODV,1001,8,n15,S,0.095,1,0,0
3,medium,5.0,42,OLSR,1001,0,n1,n3,0.125,1,0,0
3,medium,5.0,42,OLSR,1001,1,n3,n5,2.573,1,0,1
3,medium,5.0,42,OLSR,1001,2,n5,n7,4.566,1,0,1
3,medium,5.0,42,OLSR,1001,3,n7,n8,0.158,1,0,0
3,medium,5.0,42,OLSR,1001,4,n8,n9,0.124,1,0,0
3,medium,5.0,42,OLSR,1001,5,n9,n11,0.154,1,0,0
3,medium,5.0,42,OLSR,1001,6,n11,n13,0.115,1,0,0
3,medium,5.0,42,OLSR,1001,7,n13,n15,0.121,1,0,0
3,medium,5.0,42,OLSR,1001,8,n15,S,0.095,1,0,0
3,medium,5.0,42,DSR,1001,0,n1,n3,0.125,1,0,0
3,medium,5.0,42,DSR,1001,1,n3,n5,2.573,1,0,1
3,medium,5.0,42,DSR,1001,2,n5,n7,4.566,1,0,1
3,medium,5.0,42,DSR,1001,3,n7,n8,0.158,1,0,0
3,medium,5.0,42,DSR,1001,4,n8,n9,0.124,1,0,0
3,medium,5.0,42,DSR,1001,5,n9,n11,0.154,1,0,0
3,medium,5.0,42,DSR,1001,6,n11,n13,0.115,1,0,0
3,medium,5.0,42,DSR,1001,7,n13,n15,0.121,1,0,0
3,medium,5.0,42,DSR,1001,8,n15,S,0.095,1,0,0
3,medium,5.0,42,DSDV,1001,0,n1,n3,0.125,1,0,0
3,medium,5.0,42,DSDV,1001,1,n3,n5,2.573,1,0,1
3,medium,5.0,42,DSDV,1001,2,n5,n7,4.566,1,0,1
3,medium,5.0,42,DSDV,1001,3,n7,n8,0.158,1,0,0
3,medium,5.0,42,DSDV,1001,4,n8,n9,0.124,1,0,0
3,medium,5.0,42,DSDV,1001,5,n9,n11,0.154,1,0,0
3,medium,5.0,42,DSDV,1001,6,n11,n13,0.115,1,0,0
3,medium,5.0,42,DSDV,1001,7,n13,n15,0.121,1,0,0
3,medium,5.0,42,DSDV,1001,8,n15,S,0.095,1,0,0
3,medium,5.0,43,AODV,1001,0,n1,n3,0.111,1,0,0
3,medium,5.0,43,AODV,1001,1,n3,n5,4.275,1,0,1
3,medium,5.0,43,AODV,1001,2,n5,n7,304.822,1,1,1
3,medium,5.0,43,AODV,1001,3,n7,n8,0.084,1,0,0
3,medium,5.0,43,AODV,1001,4,n8,n9,0.072,1,0,0
3,medium,5.0,43,AODV,1001,5,n9,n11,0.072,1,0,0
3,medium,5.0,43,AODV,1001,6,n11,n13,0.089,1,0,0
3,medium,5.0,43,AODV,1001,7,n13,n15,0.120,1,0,0
3,medium,5.0,43,AODV,1001,8,n15,S,0.127,1,0,0
3,medium,5.0,43,OLSR,1001,0,n1,n3,0.111,1,0,0
3,medium,5.0,43,OLSR,1001,1,n3,n5,4.275,1,0,1
3,medium,5.0,43,OLSR,1001,2,n5,n7,304.822,1,1,1
3,medium,5.0,43,OLSR,1001,3,n7,n8,0.084,1,0,0
3,medium,5.0,43,OLSR,1001,4,n8,n9,0.072,1,0,0
3,medium,5.0,43,OLSR,1001,5,n9,n11,0.072,1,0,0
3,medium,5.0,43,OLSR,1001,6,n11,n13,0.089,1,0,0
3,medium,5.0,43,OLSR,1001,7,n13,n15,0.120,1,0,0
3,medium,5.0,43,OLSR,1001,8,n15,S,0.127,1,0,0
3,medium,5.0,43,DSR,1001,0,n1,n3,0.111,1,0,0
3,medium,5.0,43,DSR,1001,1,n3,n5,4.275,1,0,1
3,medium,5.0,43,DSR,1001,2,n5,n7,304.822,1,1,1
3,medium,5.0,43,DSR,1001,3,n7,n8,0.084,1,0,0
3,medium,5.0,43,DSR,1001,4,n8,n9,0.072,1,0,0
3,medium,5.0,43,DSR,1001,5,n9,n11,0.072,1,0,0
3,medium,5.0,43,DSR,1001,6,n11,n13,0.089,1,0,0
3,medium,5.0,43,DSR,1001,7,n13,n15,0.120,1,0,0
3,medium,5.0,43,DSR,1001,8,n15,S,0.127,1,0,0
3,medium,5.0,43,DSDV,1001,0,n1,n3,0.111,1,0,0
3,medium,5.0,43,DSDV,1001,1,n3,n5,4.275,1,0,1
3,medium,5.0,43,DSDV,1001,2,n5,n7,304.822,1,1,1
3,medium,5.0,43,DSDV,1001,3,n7,n8,0.084,1,0,0
3,medium,5.0,43,DSDV,1001,4,n8,n9,0.072,1,0,0
3,medium,5.0,43,DSDV,1001,5,n9,n11,0.072,1,0,0
3,medium,5.0,43,DSDV,1001,6,n11,n13,0.089,1,0,0
3,medium,5.0,43,DSDV,1001,7,n13,n15,0.120,1,0,0
3,medium,5.0,43,DSDV,1001,8,n15,S,0.127,1,0,0
3,medium,5.0,44,AODV,1001,0,n1,n3,0.115,1,0,0
3,medium,5.0,44,AODV,1001,1,n3,n5,364.822,1,1,1
3,medium,5.0,44,AODV,1001,2,n5,n7,122.554,1,1,1
3,medium,5.0,44,AODV,1001,3,n7,n8,0.168,1,0,0
3,medium,5.0,44,AODV,1001,4,n8,n9,0.092,1,0,0
3,medium,5.0,44,AODV,1001,5,n9,n11,0.126,1,0,0
3,medium,5.0,44,AODV,1001,6,n11,n13,0.081,1,0,0
3,medium,5.0,44,AODV,1001,7,n13,n15,0.100,1,0,0
3,medium,5.0,44,AODV,1001,8,n15,S,0.120,1,0,0
3,medium,5.0,44,OLSR,1001,0,n1,n3,0.115,1,0,0
3,medium,5.0,44,OLSR,1001,1,n3,n5,364.822,1,1,1
3,medium,5.0,44,OLSR,1001,2,n5,n7,122.554,1,1,1
3,medium,5.0,44,OLSR,1001,3,n7,n8,0.168,1,0,0
3,medium,5.0,44,OLSR,1001,4,n8,n9,0.092,1,0,0
3,medium,5.0,44,OLSR,1001,5,n9,n11,0.126,1,0,0
3,medium,5.0,44,OLSR,1001,6,n11,n13,0.081,1,0,0
3,medium,5.0,44,OLSR,1001,7,n13,n15,0.100,1,0,0
3,medium,5.0,44,OLSR,1001,8,n15,S,0.120,1,0,0
3,medium,5.0,44,DSR,1001,0,n1,n3,0.115,1,0,0
3,medium,5.0,44,DSR,1001,1,n3,n5,364.822,1,1,1
3,medium,5.0,44,DSR,1001,2,n5,n7,122.554,1,1,1
3,medium,5.0,44,DSR,1001,3,n7,n8,0.168,1,0,0
3,medium,5.0,44,DSR,1001,4,n8,n9,0.092,1,0,0
3,medium,5.0,44,DSR,1001,5,n9,n11,0.126,1,0,0
3,medium,5.0,44,DSR,1001,6,n11,n13,0.081,1,0,0
3,medium,5.0,44,DSR,1001,7,n13,n15,0.100,1,0,0
3,medium,5.0,44,DSR,1001,8,n15,S,0.120,1,0,0
3,medium,5.0,44,DSDV,1001,0,n1,n3,0.115,1,0,0
3,medium,5.0,44,DSDV,1001,1,n3,n5,364.822,1,1,1
3,medium,5.0,44,DSDV,1001,2,n5,n7,122.554,1,1,1
3,medium,5.0,44,DSDV,1001,3,n7,n8,0.168,1,0,0
3,medium,5.0,44,DSDV,1001,4,n8,n9,0.092,1,0,0
3,medium,5.0,44,DSDV,1001,5,n9,n11,0.126,1,0,0
3,medium,5.0,44,DSDV,1001,6,n11,n13,0.081,1,0,0
3,medium,5.0,44,DSDV,1001,7,n13,n15,0.100,1,0,0
3,medium,5.0,44,DSDV,1001,8,n15,S,0.120,1,0,0
3,medium,6.0,37,AODV,1001,0,n1,n3,0.142,1,0,0
3,medium,6.0,37,AODV,1001,1,n3,n5,64.843,1,1,1
3,medium,6.0,37,AODV,1001,2,n5,n7,362.984,1,1,1
3,medium,6.0,37,AODV,1001,3,n7,n8,0.061,1,0,0
3,medium,6.0,37,AODV,1001,4,n8,n9,0.061,1,0,0
3,medium,6.0,37,AODV,1001,5,n9,n11,0.061,1,0,0
3,medium,6.0,37,AODV,1001,6,n11,n13,0.061,1,0,0
3,medium,6.0,37,AODV,1001,7,n13,n15,0.101,1,0,0
3,medium,6.0,37,AODV,1001,8,n15,S,0.061,1,0,0
3,medium,6.0,37,OLSR,1001,0,n1,n3,0.142,1,0,0
3,medium,6.0,37,OLSR,1001,1,n3,n5,64.843,1,1,1
3,medium,6.0,37,OLSR,1001,2,n5,n7,362.984,1,1,1
3,medium,6.0,37,OLSR,1001,3,n7,n8,0.061,1,0,0
3,medium,6.0,37,OLSR,1001,4,n8,n9,0.061,1,0,0
3,medium,6.0,37,OLSR,1001,5,n9,n11,0.061,1,0,0
3,medium,6.0,37,OLSR,1001,6,n11,n13,0.061,1,0,0
3,medium,6.0,37,OLSR,1001,7,n13,n15,0.101,1,0,0
3,medium,6.0,37,OLSR,1001,8,n15,S,0.061,1,0,0
3,medium,6.0,37,DSR,1001,0,n1,n3,0.142,1,0,0
3,medium,6.0,37,DSR,1001,1,n3,n5,64.843,1,1,1
3,medium,6.0,37,DSR,1001,2,n5,n7,362.984,1,1,1
3,medium,6.0,37,DSR,1001,3,n7,n8,0.061,1,0,0
3,medium,6.0,37,DSR,1001,4,n8,n9,0.061,1,0,0
3,medium,6.0,37,DSR,1001,5,n9,n11,0.061,1,0,0
3,medium,6.0,37,DSR,1001,6,n11,n13,0.061,1,0,0
3,medium,6.0,37,DSR,1001,7,n13,n15,0.101,1,0,0
3,medium,6.0,37,DSR,1001,8,n15,S,0.061,1,0,0
3,medium,6.0,37,DSDV,1001,0,n1,n3,0.142,1,0,0
3,medium,6.0,37,DSDV,1001,1,n3,n5,64.843,1,1,1
3,medium,6.0,37,DSDV,1001,2,n5,n7,362.984,1,1,1
3,medium,6.0,37,DSDV,1001,3,n7,n8,0.061,1,0,0
3,medium,6.0,37,DSDV,1001,4,n8,n9,0.061,1,0,0
3,medium,6.0,37,DSDV,1001,5,n9,n11,0.061,1,0,0
3,medium,6.0,37,DSDV,1001,6,n11,n13,0.061,1,0,0
3,medium,6.0,37,DSDV,1001,7,n13,n15,0.101,1,0,0
3,medium,6.0,37,DSDV,1001,8,n15,S,0.061,1,0,0
3,medium,6.0,38,AODV,1001,0,n1,n3,0.176,1,0,0
3,medium,6.0,38,AODV,1001,1,n3,n5,4.056,1,0,1
3,medium,6.0,38,AODV,1001,2,n5,n7,124.506,1,1,1
3,medium,6.0,38,AODV,1001,3,n7,n8,0.053,1,0,0
3,medium,6.0,38,AODV,1001,4,n8,n9,0.071,1,0,0
3,medium,6.0,38,AODV,1001,5,n9,n11,0.119,1,0,0
3,medium,6.0,38,AODV,1001,6,n11,n13,0.061,1,0,0
3,medium,6.0,38,AODV,1001,7,n13,n15,0.074,1,0,0
3,medium,6.0,38,AODV,1001,8,n15,S,0.101,1,0,0
3,medium,6.0,38,OLSR,1001,0,n1,n3,0.176,1,0,0
3,medium,6.0,38,OLSR,1001,1,n3,n5,4.056,1,0,1
3,medium,6.0,38,OLSR,1001,2,n5,n7,124.506,1,1,1
3,medium,6.0,38,OLSR,1001,3,n7,n8,0.053,1,0,0
3,medium,6.0,38,OLSR,1001,4,n8,n9,0.071,1,0,0
3,medium,6.0,38,OLSR,1001,5,n9,n11,0.119,1,0,0
3,medium,6.0,38,OLSR,1001,6,n11,n13,0.061,1,0,0
3,medium,6.0,38,OLSR,1001,7,n13,n15,0.074,1,0,0
3,medium,6.0,38,OLSR,1001,8,n15,S,0.101,1,0,0
3,medium,6.0,38,DSR,1001,0,n1,n3,0.176,1,0,0
3,medium,6.0,38,DSR,1001,1,n3,n5,4.056,1,0,1
3,medium,6.0,38,DSR,1001,2,n5,n7,124.506,1,1,1
3,medium,6.0,38,DSR,1001,3,n7,n8,0.053,1,0,0
3,medium,6.0,38,DSR,1001,4,n8,n9,0.071,1,0,0
3,medium,6.0,38,DSR,1001,5,n9,n11,0.119,1,0,0
3,medium,6.0,38,DSR,1001,6,n11,n13,0.061,1,0,0
3,medium,6.0,38,DSR,1001,7,n13,n15,0.074,1,0,0
3,medium,6.0,38,DSR,1001,8,n15,S,0.101,1,0,0
3,medium,6.0,38,DSDV,1001,0,n1,n3,0.176,1,0,0
3,medium,6.0,38,DSDV,1001,1,n3,n5,4.056,1,0,1
3,medium,6.0,38,DSDV,1001,2,n5,n7,124.506,1,1,1
3,medium,6.0,38,DSDV,1001,3,n7,n8,0.053,1,0,0
3,medium,6.0,38,DSDV,1001,4,n8,n9,0.071,1,0,0
3,medium,6.0,38,DSDV,1001,5,n9,n11,0.119,1,0,0
3,medium,6.0,38,DSDV,1001,6,n11,n13,0.061,1,0,0
3,medium,6.0,38,DSDV,1001,7,n13,n15,0.074,1,0,0
3,medium,6.0,38,DSDV,1001,8,n15,S,0.101,1,0,0
3,medium,6.0,39,AODV,1001,0,n1,n3,0.062,1,0,0
3,medium,6.0,39,AODV,1001,1,n3,n5,2.785,1,0,1
3,medium,6.0,39,AODV,1001,2,n5,n7,244.506,1,1,1
3,medium,6.0,39,AODV,1001,3,n7,n8,0.149,1,0,0
3,medium,6.0,39,AODV,1001,4,n8,n9,0.061,1,0,0
3,medium,6.0,39,AODV,1001,5,n9,n11,0.119,1,0,0
3,medium,6.0,39,AODV,1001,6,n11,n13,0.061,1,0,0
3,medium,6.0,39,AODV,1001,7,n13,n15,0.065,1,0,0
3,medium,6.0,39,AODV,1001,8,n15,S,0.154,1,0,0
3,medium,6.0,39,OLSR,1001,0,n1,n3,0.062,1,0,0
3,medium,6.0,39,OLSR,1001,1,n3,n5,2.785,1,0,1
3,medium,6.0,39,OLSR,1001,2,n5,n7,244.506,1,1,1
3,medium,6.0,39,OLSR,1001,3,n7,n8,0.149,1,0,0
3,medium,6.0,39,OLSR,1001,4,n8,n9,0.061,1,0,0
3,medium,6.0,39,OLSR,1001,5,n9,n11,0.119,1,0,0
3,medium,6.0,39,OLSR,1001,6,n11,n13,0.061,1,0,0
3,medium,6.0,39,OLSR,1001,7,n13,n15,0.065,1,0,0
3,medium,6.0,39,OLSR,1001,8,n15,S,0.154,1,0,0
3,medium,6.0,39,DSR,1001,0,n1,n3,0.062,1,0,0
3,medium,6.0,39,DSR,1001,1,n3,n5,2.785,1,0,1
3,medium,6.0,39,DSR,1001,2,n5,n7,244.506,1,1,1
3,medium,6.0,39,DSR,1001,3,n7,n8,0.149,1,0,0
3,medium,6.0,39,DSR,1001,4,n8,n9,0.061,1,0,0
3,medium,6.0,39,DSR,1001,5,n9,n11,0.119,1,0,0
3,medium,6.0,39,DSR,1001,6,n11,n13,0.061,1,0,0
3,medium,6.0,39,DSR,1001,7,n13,n15,0.065,1,0,0
3,medium,6.0,39,DSR,1001,8,n15,S,0.154,1,0,0
3,medium,6.0,39,DSDV,1001,0,n1,n3,0.062,1,0,0
3,medium,6.0,39,DSDV,1001,1,n3,n5,2.785,1,0,1
3,medium,6.0,39,DSDV,1001,2,n5,n7,244.506,1,1,1
3,medium,6.0,39,DSDV,1001,3,n7,n8,0.149,1,0,0
3,medium,6.0,39,DSDV,1001,4,n8,n9,0.061,1,0,0
3,medium,6.0,39,DSDV,1001,5,n9,n11,0.119,1,0,0
3,medium,6.0,39,DSDV,1001,6,n11,n13,0.061,1,0,0
3,medium,6.0,39,DSDV,1001,7,n13,n15,0.065,1,0,0
3,medium,6.0,39,DSDV,1001,8,n15,S,0.154,1,0,0
3,medium,6.0,40,AODV,1001,0,n1,n3,0.112,1,0,0
3,medium,6.0,40,AODV,1001,1,n3,n5,124.275,1,1,1
3,medium,6.0,40,AODV,1001,2,n5,n7,124.566,1,1,1
3,medium,6.0,40,AODV,1001,3,n7,n8,0.094,1,0,0
3,medium,6.0,40,AODV,1001,4,n8,n9,0.089,1,0,0
3,medium,6.0,40,AODV,1001,5,n9,n11,0.119,1,0,0
3,medium,6.0,40,AODV,1001,6,n11,n13,0.084,1,0,0
3,medium,6.0,40,AODV,1001,7,n13,n15,0.121,1,0,0
3,medium,6.0,40,AODV,1001,8,n15,S,0.095,1,0,0
3,medium,6.0,40,OLSR,1001,0,n1,n3,0.112,1,0,0
3,medium,6.0,40,OLSR,1001,1,n3,n5,124.275,1,1,1
3,medium,6.0,40,OLSR,1001,2,n5,n7,124.566,1,1,1
3,medium,6.0,40,OLSR,1001,3,n7,n8,0.094,1,0,0
3,medium,6.0,40,OLSR,1001,4,n8,n9,0.089,1,0,0
3,medium,6.0,40,OLSR,1001,5,n9,n11,0.119,1,0,0
3,medium,6.0,40,OLSR,1001,6,n11,n13,0.084,1,0,0
3,medium,6.0,40,OLSR,1001,7,n13,n15,0.121,1,0,0
3,medium,6.0,40,OLSR,1001,8,n15,S,0.095,1,0,0
3,medium,6.0,40,DSR,1001,0,n1,n3,0.112,1,0,0
3,medium,6.0,40,DSR,1001,1,n3,n5,124.275,1,1,1
3,medium,6.0,40,DSR,1001,2,n5,n7,124.566,1,1,1
3,medium,6.0,40,DSR,1001,3,n7,n8,0.094,1,0,0
3,medium,6.0,40,DSR,1001,4,n8,n9,0.089,1,0,0
3,medium,6.0,40,DSR,1001,5,n9,n11,0.119,1,0,0
3,medium,6.0,40,DSR,1001,6,n11,n13,0.084,1,0,0
3,medium,6.0,40,DSR,1001,7,n13,n15,0.121,1,0,0
3,medium,6.0,40,DSR,1001,8,n15,S,0.095,1,0,0
3,medium,6.0,40,DSDV,1001,0,n1,n3,0.112,1,0,0
3,medium,6.0,40,DSDV,1001,1,n3,n5,124.275,1,1,1
3,medium,6.0,40,DSDV,1001,2,n5,n7,124.566,1,1,1
3,medium,6.0,40,DSDV,1001,3,n7,n8,0.094,1,0,0
3,medium,6.0,40,DSDV,1001,4,n8,n9,0.089,1,0,0
3,medium,6.0,40,DSDV,1001,5,n9,n11,0.119,1,0,0
3,medium,6.0,40,DSDV,1001,6,n11,n13,0.084,1,0,0
3,medium,6.0,40,DSDV,1001,7,n13,n15,0.121,1,0,0
3,medium,6.0,40,DSDV,1001,8,n15,S,0.095,1,0,0
3,medium,6.0,41,AODV,1001,0,n1,n3,0.075,1,0,0
3,medium,6.0,41,AODV,1001,1,n3,n5,3.769,1,0,1
3,medium,6.0,41,AODV,1001,2,n5,n7,124.566,1,1,1
3,medium,6.0,41,AODV,1001,3,n7,n8,0.154,1,0,0
3,medium,6.0,41,AODV,1001,4,n8,n9,0.127,1,0,0
3,medium,6.0,41,AODV,1001,5,n9,n11,0.119,1,0,0
3,medium,6.0,41,AODV,1001,6,n11,n13,0.084,1,0,0
3,medium,6.0,41,AODV,1001,7,n13,n15,0.100,1,0,0
3,medium,6.0,41,AODV,1001,8,n15,S,0.120,1,0,0
3,medium,6.0,41,OLSR,1001,0,n1,n3,0.075,1,0,0
3,medium,6.0,41,OLSR,1001,1,n3,n5,3.769,1,0,1
3,medium,6.0,41,OLSR,1001,2,n5,n7,124.566,1,1,1
3,medium,6.0,41,OLSR,1001,3,n7,n8,0.154,1,0,0
3,medium,6.0,41,OLSR,1001,4,n8,n9,0.127,1,0,0
3,medium,6.0,41,OLSR,1001,5,n9,n11,0.119,1,0,0
3,medium,6.0,41,OLSR,1001,6,n11,n13,0.084,1,0,0
3,medium,6.0,41,OLSR,1001,7,n13,n15,0.100,1,0,0
3,medium,6.0,41,OLSR,1001,8,n15,S,0.120,1,0,0
3,medium,6.0,41,DSR,1001,0,n1,n3,0.075,1,0,0
3,medium,6.0,41,DSR,1001,1,n3,n5,3.769,1,0,1
3,medium,6.0,41,DSR,1001,2,n5,n7,124.566,1,1,1
3,medium,6.0,41,DSR,1001,3,n7,n8,0.154,1,0,0
3,medium,6.0,41,DSR,1001,4,n8,n9,0.127,1,0,0
3,medium,6.0,41,DSR,1001,5,n9,n11,0.119,1,0,0
3,medium,6.0,41,DSR,1001,6,n11,n13,0.084,1,0,0
3,medium,6.0,41,DSR,1001,7,n13,n15,0.100,1,0,0
3,medium,6.0,41,DSR,1001,8,n15,S,0.120,1,0,0
3,medium,6.0,41,DSDV,1001,0,n1,n3,0.075,1,0,0
3,medium,6.0,41,DSDV,1001,1,n3,n5,3.769,1,0,1
3,medium,6.0,41,DSDV,1001,2,n5,n7,124.566,1,1,1
3,medium,6.0,41,DSDV,1001,3,n7,n8,0.154,1,0,0
3,medium,6.0,41,DSDV,1001,4,n8,n9,0.127,1,0,0
3,medium,6.0,41,DSDV,1001,5,n9,n11,0.119,1,0,0
3,medium,6.0,41,DSDV,1001,6,n11,n13,0.084,1,0,0
3,medium,6.0,41,DSDV,1001,7,n13,n15,0.100,1,0,0
3,medium,6.0,41,DSDV,1001,8,n15,S,0.120,1,0,0
3,medium,6.0,42,AODV,1001,0,n1,n3,0.125,1,0,0
3,medium,6.0,42,AODV,1001,1,n3,n5,2.573,1,0,1
3,medium,6.0,42,AODV,1001,2,n5,n7,4.566,1,0,1
3,medium,6.0,42,AODV,1001,3,n7,n8,0.158,1,0,0
3,medium,6.0,42,AODV,1001,4,n8,n9,0.124,1,0,0
3,medium,6.0,42,AODV,1001,5,n9,n11,0.154,1,0,0
3,medium,6.0,42,AODV,1001,6,n11,n13,0.115,1,0,0
3,medium,6.0,42,AODV,1001,7,n13,n15,0.121,1,0,0
3,medium,6.0,42,AODV,1001,8,n15,S,0.095,1,0,0
3,medium,6.0,42,OLSR,1001,0,n1,n3,0.125,1,0,0
3,medium,6.0,42,OLSR,1001,1,n3,n5,2.573,1,0,1
3,medium,6.0,42,OLSR,1001,2,n5,n7,4.566,1,0,1
3,medium,6.0,42,OLSR,1001,3,n7,n8,0.158,1,0,0
3,medium,6.0,42,OLSR,1001,4,n8,n9,0.124,1,0,0
3,medium,6.0,42,OLSR,1001,5,n9,n11,0.154,1,0,0
3,medium,6.0,42,OLSR,1001,6,n11,n13,0.115,1,0,0
3,medium,6.0,42,OLSR,1001,7,n13,n15,0.121,1,0,0
3,medium,6.0,42,OLSR,1001,8,n15,S,0.095,1,0,0
3,medium,6.0,42,DSR,1001,0,n1,n3,0.125,1,0,0
3,medium,6.0,42,DSR,1001,1,n3,n5,2.573,1,0,1
3,medium,6.0,42,DSR,1001,2,n5,n7,4.566,1,0,1
3,medium,6.0,42,DSR,1001,3,n7,n8,0.158,1,0,0
3,medium,6.0,42,DSR,1001,4,n8,n9,0.124,1,0,0
3,medium,6.0,42,DSR,1001,5,n9,n11,0.154,1,0,0
3,medium,6.0,42,DSR,1001,6,n11,n13,0.115,1,0,0
3,medium,6.0,42,DSR,1001,7,n13,n15,0.121,1,0,0
3,medium,6.0,42,DSR,1001,8,n15,S,0.095,1,0,0
3,medium,6.0,42,DSDV,1001,0,n1,n3,0.125,1,0,0
3,medium,6.0,42,DSDV,1001,1,n3,n5,2.573,1,0,1
3,medium,6.0,42,DSDV,1001,2,n5,n7,4.566,1,0,1
3,medium,6.0,42,DSDV,1001,3,n7,n8,0.158,1,0,0
3,medium,6.0,42,DSDV,1001,4,n8,n9,0.124,1,0,0
3,medium,6.0,42,DSDV,1001,5,n9,n11,0.154,1,0,0
3,medium,6.0,42,DSDV,1001,6,n11,n13,0.115,1,0,0
3,medium,6.0,42,DSDV,1001,7,n13,n15,0.121,1,0,0
3,medium,6.0,42,DSDV,1001,8,n15,S,0.095,1,0,0
3,medium,6.0,43,AODV,1001,0,n1,n3,0.111,1,0,0
3,medium,6.0,43,AODV,1001,1,n3,n5,4.275,1,0,1
3,medium,6.0,43,AODV,1001,2,n5,n7,304.822,1,1,1
3,medium,6.0,43,AODV,1001,3,n7,n8,0.084,1,0,0
3,medium,6.0,43,AODV,1001,4,n8,n9,0.072,1,0,0
3,medium,6.0,43,AODV,1001,5,n9,n11,0.072,1,0,0
3,medium,6.0,43,AODV,1001,6,n11,n13,0.089,1,0,0
3,medium,6.0,43,AODV,1001,7,n13,n15,0.120,1,0,0
3,medium,6.0,43,AODV,1001,8,n15,S,0.127,1,0,0
3,medium,6.0,43,OLSR,1001,0,n1,n3,0.111,1,0,0
3,medium,6.0,43,OLSR,1001,1,n3,n5,4.275,1,0,1
3,medium,6.0,43,OLSR,1001,2,n5,n7,304.822,1,1,1
3,medium,6.0,43,OLSR,1001,3,n7,n8,0.084,1,0,0
3,medium,6.0,43,OLSR,1001,4,n8,n9,0.072,1,0,0
3,medium,6.0,43,OLSR,1001,5,n9,n11,0.072,1,0,0
3,medium,6.0,43,OLSR,1001,6,n11,n13,0.089,1,0,0
3,medium,6.0,43,OLSR,1001,7,n13,n15,0.120,1,0,0
3,medium,6.0,43,OLSR,1001,8,n15,S,0.127,1,0,0
3,medium,6.0,43,DSR,1001,0,n1,n3,0.111,1,0,0
3,medium,6.0,43,DSR,1001,1,n3,n5,4.275,1,0,1
3,medium,6.0,43,DSR,1001,2,n5,n7,304.822,1,1,1
3,medium,6.0,43,DSR,1001,3,n7,n8,0.084,1,0,0
3,medium,6.0,43,DSR,1001,4,n8,n9,0.072,1,0,0
3,medium,6.0,43,DSR,1001,5,n9,n11,0.072,1,0,0
3,medium,6.0,43,DSR,1001,6,n11,n13,0.089,1,0,0
3,medium,6.0,43,DSR,1001,7,n13,n15,0.120,1,0,0
3,medium,6.0,43,DSR,1001,8,n15,S,0.127,1,0,0
3,medium,6.0,43,DSDV,1001,0,n1,n3,0.111,1,0,0
3,medium,6.0,43,DSDV,1001,1,n3,n5,4.275,1,0,1
3,medium,6.0,43,DSDV,1001,2,n5,n7,304.822,1,1,1
3,medium,6.0,43,DSDV,1001,3,n7,n8,0.084,1,0,0
3,medium,6.0,43,DSDV,1001,4,n8,n9,0.072,1,0,0
3,medium,6.0,43,DSDV,1001,5,n9,n11,0.072,1,0,0
3,medium,6.0,43,DSDV,1001,6,n11,n13,0.089,1,0,0
3,medium,6.0,43,DSDV,1001,7,n13,n15,0.120,1,0,0
3,medium,6.0,43,DSDV,1001,8,n15,S,0.127,1,0,0
3,medium,6.0,44,AODV,1001,0,n1,n3,0.115,1,0,0
3,medium,6.0,44,AODV,1001,1,n3,n5,364.822,1,1,1
3,medium,6.0,44,AODV,1001,2,n5,n7,122.554,1,1,1
3,medium,6.0,44,AODV,1001,3,n7,n8,0.168,1,0,0
3,medium,6.0,44,AODV,1001,4,n8,n9,0.092,1,0,0
3,medium,6.0,44,AODV,1001,5,n9,n11,0.126,1,0,0
3,medium,6.0,44,AODV,1001,6,n11,n13,0.081,1,0,0
3,medium,6.0,44,AODV,1001,7,n13,n15,0.100,1,0,0
3,medium,6.0,44,AODV,1001,8,n15,S,0.120,1,0,0
3,medium,6.0,44,OLSR,1001,0,n1,n3,0.115,1,0,0
3,medium,6.0,44,OLSR,1001,1,n3,n5,364.822,1,1,1
3,medium,6.0,44,OLSR,1001,2,n5,n7,122.554,1,1,1
3,medium,6.0,44,OLSR,1001,3,n7,n8,0.168,1,0,0
3,medium,6.0,44,OLSR,1001,4,n8,n9,0.092,1,0,0
3,medium,6.0,44,OLSR,1001,5,n9,n11,0.126,1,0,0
3,medium,6.0,44,OLSR,1001,6,n11,n13,0.081,1,0,0
3,medium,6.0,44,OLSR,1001,7,n13,n15,0.100,1,0,0
3,medium,6.0,44,OLSR,1001,8,n15,S,0.120,1,0,0
3,medium,6.0,44,DSR,1001,0,n1,n3,0.115,1,0,0
3,medium,6.0,44,DSR,1001,1,n3,n5,364.822,1,1,1
3,medium,6.0,44,DSR,1001,2,n5,n7,122.554,1,1,1
3,medium,6.0,44,DSR,1001,3,n7,n8,0.168,1,0,0
3,medium,6.0,44,DSR,1001,4,n8,n9,0.092,1,0,0
3,medium,6.0,44,DSR,1001,5,n9,n11,0.126,1,0,0
3,medium,6.0,44,DSR,1001,6,n11,n13,0.081,1,0,0
3,medium,6.0,44,DSR,1001,7,n13,n15,0.100,1,0,0
3,medium,6.0,44,DSR,1001,8,n15,S,0.120,1,0,0
3,medium,6.0,44,DSDV,1001,0,n1,n3,0.115,1,0,0
3,medium,6.0,44,DSDV,1001,1,n3,n5,364.822,1,1,1
3,medium,6.0,44,DSDV,1001,2,n5,n7,122.554,1,1,1
3,medium,6.0,44,DSDV,1001,3,n7,n8,0.168,1,0,0
3,medium,6.0,44,DSDV,1001,4,n8,n9,0.092,1,0,0
3,medium,6.0,44,DSDV,1001,5,n9,n11,0.126,1,0,0
3,medium,6.0,44,DSDV,1001,6,n11,n13,0.081,1,0,0
3,medium,6.0,44,DSDV,1001,7,n13,n15,0.100,1,0,0
3,medium,6.0,44,DSDV,1001,8,n15,S,0.120,1,0,0
3,medium,6.5,37,AODV,1001,0,n1,n3,0.142,1,0,0
3,medium,6.5,37,AODV,1001,1,n3,n5,64.843,1,1,1
3,medium,6.5,37,AODV,1001,2,n5,n7,362.984,1,1,1
3,medium,6.5,37,AODV,1001,3,n7,n8,0.061,1,0,0
3,medium,6.5,37,AODV,1001,4,n8,n9,0.061,1,0,0
3,medium,6.5,37,AODV,1001,5,n9,n11,0.061,1,0,0
3,medium,6.5,37,AODV,1001,6,n11,n13,0.061,1,0,0
3,medium,6.5,37,AODV,1001,7,n13,n15,0.101,1,0,0
3,medium,6.5,37,AODV,1001,8,n15,S,0.061,1,0,0
3,medium,6.5,37,OLSR,1001,0,n1,n3,0.142,1,0,0
3,medium,6.5,37,OLSR,1001,1,n3,n5,64.843,1,1,1
3,medium,6.5,37,OLSR,1001,2,n5,n7,362.984,1,1,1
3,medium,6.5,37,OLSR,1001,3,n7,n8,0.061,1,0,0
3,medium,6.5,37,OLSR,1001,4,n8,n9,0.061,1,0,0
3,medium,6.5,37,OLSR,1001,5,n9,n11,0.061,1,0,0
3,medium,6.5,37,OLSR,1001,6,n11,n13,0.061,1,0,0
3,medium,6.5,37,OLSR,1001,7,n13,n15,0.101,1,0,0
3,medium,6.5,37,OLSR,1001,8,n15,S,0.061,1,0,0
3,medium,6.5,37,DSR,1001,0,n1,n3,0.142,1,0,0
3,medium,6.5,37,DSR,1001,1,n3,n5,64.843,1,1,1
3,medium,6.5,37,DSR,1001,2,n5,n7,362.984,1,1,1
3,medium,6.5,37,DSR,1001,3,n7,n8,0.061,1,0,0
3,medium,6.5,37,DSR,1001,4,n8,n9,0.061,1,0,0
3,medium,6.5,37,DSR,1001,5,n9,n11,0.061,1,0,0
3,medium,6.5,37,DSR,1001,6,n11,n13,0.061,1,0,0
3,medium,6.5,37,DSR,1001,7,n13,n15,0.101,1,0,0
3,medium,6.5,37,DSR,1001,8,n15,S,0.061,1,0,0
3,medium,6.5,37,DSDV,1001,0,n1,n3,0.142,1,0,0
3,medium,6.5,37,DSDV,1001,1,n3,n5,64.843,1,1,1
3,medium,6.5,37,DSDV,1001,2,n5,n7,362.984,1,1,1
3,medium,6.5,37,DSDV,1001,3,n7,n8,0.061,1,0,0
3,medium,6.5,37,DSDV,1001,4,n8,n9,0.061,1,0,0
3,medium,6.5,37,DSDV,1001,5,n9,n11,0.061,1,0,0
3,medium,6.5,37,DSDV,1001,6,n11,n13,0.061,1,0,0
3,medium,6.5,37,DSDV,1001,7,n13,n15,0.101,1,0,0
3,medium,6.5,37,DSDV,1001,8,n15,S,0.061,1,0,0
3,medium,6.5,38,AODV,1001,0,n1,n3,0.176,1,0,0
3,medium,6.5,38,AODV,1001,1,n3,n5,4.056,1,0,1
3,medium,6.5,38,AODV,1001,2,n5,n7,124.506,1,1,1
3,medium,6.5,38,AODV,1001,3,n7,n8,0.053,1,0,0
3,medium,6.5,38,AODV,1001,4,n8,n9,0.071,1,0,0
3,medium,6.5,38,AODV,1001,5,n9,n11,0.119,1,0,0
3,medium,6.5,38,AODV,1001,6,n11,n13,0.061,1,0,0
3,medium,6.5,38,AODV,1001,7,n13,n15,0.074,1,0,0
3,medium,6.5,38,AODV,1001,8,n15,S,0.101,1,0,0
3,medium,6.5,38,OLSR,1001,0,n1,n3,0.176,1,0,0
3,medium,6.5,38,OLSR,1001,1,n3,n5,4.056,1,0,1
3,medium,6.5,38,OLSR,1001,2,n5,n7,124.506,1,1,1
3,medium,6.5,38,OLSR,1001,3,n7,n8,0.053,1,0,0
3,medium,6.5,38,OLSR,1001,4,n8,n9,0.071,1,0,0
3,medium,6.5,38,OLSR,1001,5,n9,n11,0.119,1,0,0
3,medium,6.5,38,OLSR,1001,6,n11,n13,0.061,1,0,0
3,medium,6.5,38,OLSR,1001,7,n13,n15,0.074,1,0,0
3,medium,6.5,38,OLSR,1001,8,n15,S,0.101,1,0,0
3,medium,6.5,38,DSR,1001,0,n1,n3,0.176,1,0,0
3,medium,6.5,38,DSR,1001,1,n3,n5,4.056,1,0,1
3,medium,6.5,38,DSR,1001,2,n5,n7,124.506,1,1,1
3,medium,6.5,38,DSR,1001,3,n7,n8,0.053,1,0,0
3,medium,6.5,38,DSR,1001,4,n8,n9,0.071,1,0,0
3,medium,6.5,38,DSR,1001,5,n9,n11,0.119,1,0,0
3,medium,6.5,38,DSR,1001,6,n11,n13,0.061,1,0,0
3,medium,6.5,38,DSR,1001,7,n13,n15,0.074,1,0,0
3,medium,6.5,38,DSR,1001,8,n15,S,0.101,1,0,0
3,medium,6.5,38,DSDV,1001,0,n1,n3,0.176,1,0,0
3,medium,6.5,38,DSDV,1001,1,n3,n5,4.056,1,0,1
3,medium,6.5,38,DSDV,1001,2,n5,n7,124.506,1,1,1
3,medium,6.5,38,DSDV,1001,3,n7,n8,0.053,1,0,0
3,medium,6.5,38,DSDV,1001,4,n8,n9,0.071,1,0,0
3,medium,6.5,38,DSDV,1001,5,n9,n11,0.119,1,0,0
3,medium,6.5,38,DSDV,1001,6,n11,n13,0.061,1,0,0
3,medium,6.5,38,DSDV,1001,7,n13,n15,0.074,1,0,0
3,medium,6.5,38,DSDV,1001,8,n15,S,0.101,1,0,0
3,medium,6.5,39,AODV,1001,0,n1,n3,0.062,1,0,0
3,medium,6.5,39,AODV,1001,1,n3,n5,2.785,1,0,1
3,medium,6.5,39,AODV,1001,2,n5,n7,244.506,1,1,1
3,medium,6.5,39,AODV,1001,3,n7,n8,0.149,1,0,0
3,medium,6.5,39,AODV,1001,4,n8,n9,0.061,1,0,0
3,medium,6.5,39,AODV,1001,5,n9,n11,0.119,1,0,0
3,medium,6.5,39,AODV,1001,6,n11,n13,0.061,1,0,0
3,medium,6.5,39,AODV,1001,7,n13,n15,0.065,1,0,0
3,medium,6.5,39,AODV,1001,8,n15,S,0.154,1,0,0
3,medium,6.5,39,OLSR,1001,0,n1,n3,0.062,1,0,0
3,medium,6.5,39,OLSR,1001,1,n3,n5,2.785,1,0,1
3,medium,6.5,39,OLSR,1001,2,n5,n7,244.506,1,1,1
3,medium,6.5,39,OLSR,1001,3,n7,n8,0.149,1,0,0
3,medium,6.5,39,OLSR,1001,4,n8,n9,0.061,1,0,0
3,medium,6.5,39,OLSR,1001,5,n9,n11,0.119,1,0,0
3,medium,6.5,39,OLSR,1001,6,n11,n13,0.061,1,0,0
3,medium,6.5,39,OLSR,1001,7,n13,n15,0.065,1,0,0
3,medium,6.5,39,OLSR,1001,8,n15,S,0.154,1,0,0
3,medium,6.5,39,DSR,1001,0,n1,n3,0.062,1,0,0
3,medium,6.5,39,DSR,1001,1,n3,n5,2.785,1,0,1
3,medium,6.5,39,DSR,1001,2,n5,n7,244.506,1,1,1
3,medium,6.5,39,DSR,1001,3,n7,n8,0.149,1,0,0
3,medium,6.5,39,DSR,1001,4,n8,n9,0.061,1,0,0
3,medium,6.5,39,DSR,1001,5,n9,n11,0.119,1,0,0
3,medium,6.5,39,DSR,1001,6,n11,n13,0.061,1,0,0
3,medium,6.5,39,DSR,1001,7,n13,n15,0.065,1,0,0
3,medium,6.5,39,DSR,1001,8,n15,S,0.154,1,0,0
3,medium,6.5,39,DSDV,1001,0,n1,n3,0.062,1,0,0
3,medium,6.5,39,DSDV,1001,1,n3,n5,2.785,1,0,1
3,medium,6.5,39,DSDV,1001,2,n5,n7,244.506,1,1,1
3,medium,6.5,39,DSDV,1001,3,n7,n8,0.149,1,0,0
3,medium,6.5,39,DSDV,1001,4,n8,n9,0.061,1,0,0
3,medium,6.5,39,DSDV,1001,5,n9,n11,0.119,1,0,0
3,medium,6.5,39,DSDV,1001,6,n11,n13,0.061,1,0,0
3,medium,6.5,39,DSDV,1001,7,n13,n15,0.065,1,0,0
3,medium,6.5,39,DSDV,1001,8,n15,S,0.154,1,0,0
3,medium,6.5,40,AODV,1001,0,n1,n3,0.112,1,0,0
3,medium,6.5,40,AODV,1001,1,n3,n5,124.275,1,1,1
3,medium,6.5,40,AODV,1001,2,n5,n7,124.566,1,1,1
3,medium,6.5,40,AODV,1001,3,n7,n8,0.094,1,0,0
3,medium,6.5,40,AODV,1001,4,n8,n9,0.089,1,0,0
3,medium,6.5,40,AODV,1001,5,n9,n11,0.119,1,0,0
3,medium,6.5,40,AODV,1001,6,n11,n13,0.084,1,0,0
3,medium,6.5,40,AODV,1001,7,n13,n15,0.121,1,0,0
3,medium,6.5,40,AODV,1001,8,n15,S,0.095,1,0,0
3,medium,6.5,40,OLSR,1001,0,n1,n3,0.112,1,0,0
3,medium,6.5,40,OLSR,1001,1,n3,n5,124.275,1,1,1
3,medium,6.5,40,OLSR,1001,2,n5,n7,124.566,1,1,1
3,medium,6.5,40,OLSR,1001,3,n7,n8,0.094,1,0,0
3,medium,6.5,40,OLSR,1001,4,n8,n9,0.089,1,0,0
3,medium,6.5,40,OLSR,1001,5,n9,n11,0.119,1,0,0
3,medium,6.5,40,OLSR,1001,6,n11,n13,0.084,1,0,0
3,medium,6.5,40,OLSR,1001,7,n13,n15,0.121,1,0,0
3,medium,6.5,40,OLSR,1001,8,n15,S,0.095,1,0,0
3,medium,6.5,40,DSR,1001,0,n1,n3,0.112,1,0,0
3,medium,6.5,40,DSR,1001,1,n3,n5,124.275,1,1,1
3,medium,6.5,40,DSR,1001,2,n5,n7,124.566,1,1,1
3,medium,6.5,40,DSR,1001,3,n7,n8,0.094,1,0,0
3,medium,6.5,40,DSR,1001,4,n8,n9,0.089,1,0,0
3,medium,6.5,40,DSR,1001,5,n9,n11,0.119,1,0,0
3,medium,6.5,40,DSR,1001,6,n11,n13,0.084,1,0,0
3,medium,6.5,40,DSR,1001,7,n13,n15,0.121,1,0,0
3,medium,6.5,40,DSR,1001,8,n15,S,0.095,1,0,0
3,medium,6.5,40,DSDV,1001,0,n1,n3,0.112,1,0,0
3,medium,6.5,40,DSDV,1001,1,n3,n5,124.275,1,1,1
3,medium,6.5,40,DSDV,1001,2,n5,n7,124.566,1,1,1
3,medium,6.5,40,DSDV,1001,3,n7,n8,0.094,1,0,0
3,medium,6.5,40,DSDV,1001,4,n8,n9,0.089,1,0,0
3,medium,6.5,40,DSDV,1001,5,n9,n11,0.119,1,0,0
3,medium,6.5,40,DSDV,1001,6,n11,n13,0.084,1,0,0
3,medium,6.5,40,DSDV,1001,7,n13,n15,0.121,1,0,0
3,medium,6.5,40,DSDV,1001,8,n15,S,0.095,1,0,0
3,medium,6.5,41,AODV,1001,0,n1,n3,0.075,1,0,0
3,medium,6.5,41,AODV,1001,1,n3,n5,3.769,1,0,1
3,medium,6.5,41,AODV,1001,2,n5,n7,124.566,1,1,1
3,medium,6.5,41,AODV,1001,3,n7,n8,0.154,1,0,0
3,medium,6.5,41,AODV,1001,4,n8,n9,0.127,1,0,0
3,medium,6.5,41,AODV,1001,5,n9,n11,0.119,1,0,0
3,medium,6.5,41,AODV,1001,6,n11,n13,0.084,1,0,0
3,medium,6.5,41,AODV,1001,7,n13,n15,0.100,1,0,0
3,medium,6.5,41,AODV,1001,8,n15,S,0.120,1,0,0
3,medium,6.5,41,OLSR,1001,0,n1,n3,0.075,1,0,0
3,medium,6.5,41,OLSR,1001,1,n3,n5,3.769,1,0,1
3,medium,6.5,41,OLSR,1001,2,n5,n7,124.566,1,1,1
3,medium,6.5,41,OLSR,1001,3,n7,n8,0.154,1,0,0
3,medium,6.5,41,OLSR,1001,4,n8,n9,0.127,1,0,0
3,medium,6.5,41,OLSR,1001,5,n9,n11,0.119,1,0,0
3,medium,6.5,41,OLSR,1001,6,n11,n13,0.084,1,0,0
3,medium,6.5,41,OLSR,1001,7,n13,n15,0.100,1,0,0
3,medium,6.5,41,OLSR,1001,8,n15,S,0.120,1,0,0
3,medium,6.5,41,DSR,1001,0,n1,n3,0.075,1,0,0
3,medium,6.5,41,DSR,1001,1,n3,n5,3.769,1,0,1
3,medium,6.5,41,DSR,1001,2,n5,n7,124.566,1,1,1
3,medium,6.5,41,DSR,1001,3,n7,n8,0.154,1,0,0
3,medium,6.5,41,DSR,1001,4,n8,n9,0.127,1,0,0
3,medium,6.5,41,DSR,1001,5,n9,n11,0.119,1,0,0
3,medium,6.5,41,DSR,1001,6,n11,n13,0.084,1,0,0
3,medium,6.5,41,DSR,1001,7,n13,n15,0.100,1,0,0
3,medium,6.5,41,DSR,1001,8,n15,S,0.120,1,0,0
3,medium,6.5,41,DSDV,1001,0,n1,n3,0.075,1,0,0
3,medium,6.5,41,DSDV,1001,1,n3,n5,3.769,1,0,1
3,medium,6.5,41,DSDV,1001,2,n5,n7,124.566,1,1,1
3,medium,6.5,41,DSDV,1001,3,n7,n8,0.154,1,0,0
3,medium,6.5,41,DSDV,1001,4,n8,n9,0.127,1,0,0
3,medium,6.5,41,DSDV,1001,5,n9,n11,0.119,1,0,0
3,medium,6.5,41,DSDV,1001,6,n11,n13,0.084,1,0,0
3,medium,6.5,41,DSDV,1001,7,n13,n15,0.100,1,0,0
3,medium,6.5,41,DSDV,1001,8,n15,S,0.120,1,0,0
3,medium,6.5,42,AODV,1001,0,n1,n3,0.125,1,0,0
3,medium,6.5,42,AODV,1001,1,n3,n5,2.573,1,0,1
3,medium,6.5,42,AODV,1001,2,n5,n7,4.566,1,0,1
3,medium,6.5,42,AODV,1001,3,n7,n8,0.158,1,0,0
3,medium,6.5,42,AODV,1001,4,n8,n9,0.124,1,0,0
3,medium,6.5,42,AODV,1001,5,n9,n11,0.154,1,0,0
3,medium,6.5,42,AODV,1001,6,n11,n13,0.115,1,0,0
3,medium,6.5,42,AODV,1001,7,n13,n15,0.121,1,0,0
3,medium,6.5,42,AODV,1001,8,n15,S,0.095,1,0,0
3,medium,6.5,42,OLSR,1001,0,n1,n3,0.125,1,0,0
3,medium,6.5,42,OLSR,1001,1,n3,n5,2.573,1,0,1
3,medium,6.5,42,OLSR,1001,2,n5,n7,4.566,1,0,1
3,medium,6.5,42,OLSR,1001,3,n7,n8,0.158,1,0,0
3,medium,6.5,42,OLSR,1001,4,n8,n9,0.124,1,0,0
3,medium,6.5,42,OLSR,1001,5,n9,n11,0.154,1,0,0
3,medium,6.5,42,OLSR,1001,6,n11,n13,0.115,1,0,0
3,medium,6.5,42,OLSR,1001,7,n13,n15,0.121,1,0,0
3,medium,6.5,42,OLSR,1001,8,n15,S,0.095,1,0,0
3,medium,6.5,42,DSR,1001,0,n1,n3,0.125,1,0,0
3,medium,6.5,42,DSR,1001,1,n3,n5,2.573,1,0,1
3,medium,6.5,42,DSR,1001,2,n5,n7,4.566,1,0,1
3,medium,6.5,42,DSR,1001,3,n7,n8,0.158,1,0,0
3,medium,6.5,42,DSR,1001,4,n8,n9,0.124,1,0,0
3,medium,6.5,42,DSR,1001,5,n9,n11,0.154,1,0,0
3,medium,6.5,42,DSR,1001,6,n11,n13,0.115,1,0,0
3,medium,6.5,42,DSR,1001,7,n13,n15,0.121,1,0,0
3,medium,6.5,42,DSR,1001,8,n15,S,0.095,1,0,0
3,medium,6.5,42,DSDV,1001,0,n1,n3,0.125,1,0,0
3,medium,6.5,42,DSDV,1001,1,n3,n5,2.573,1,0,1
3,medium,6.5,42,DSDV,1001,2,n5,n7,4.566,1,0,1
3,medium,6.5,42,DSDV,1001,3,n7,n8,0.158,1,0,0
3,medium,6.5,42,DSDV,1001,4,n8,n9,0.124,1,0,0
3,medium,6.5,42,DSDV,1001,5,n9,n11,0.154,1,0,0
3,medium,6.5,42,DSDV,1001,6,n11,n13,0.115,1,0,0
3,medium,6.5,42,DSDV,1001,7,n13,n15,0.121,1,0,0
3,medium,6.5,42,DSDV,1001,8,n15,S,0.095,1,0,0
3,medium,6.5,43,AODV,1001,0,n1,n3,0.111,1,0,0
3,medium,6.5,43,AODV,1001,1,n3,n5,4.275,1,0,1
3,medium,6.5,43,AODV,1001,2,n5,n7,304.822,1,1,1
3,medium,6.5,43,AODV,1001,3,n7,n8,0.084,1,0,0
3,medium,6.5,43,AODV,1001,4,n8,n9,0.072,1,0,0
3,medium,6.5,43,AODV,1001,5,n9,n11,0.072,1,0,0
3,medium,6.5,43,AODV,1001,6,n11,n13,0.089,1,0,0
3,medium,6.5,43,AODV,1001,7,n13,n15,0.120,1,0,0
3,medium,6.5,43,AODV,1001,8,n15,S,0.127,1,0,0
3,medium,6.5,43,OLSR,1001,0,n1,n3,0.111,1,0,0
3,medium,6.5,43,OLSR,1001,1,n3,n5,4.275,1,0,1
3,medium,6.5,43,OLSR,1001,2,n5,n7,304.822,1,1,1
3,medium,6.5,43,OLSR,1001,3,n7,n8,0.084,1,0,0
3,medium,6.5,43,OLSR,1001,4,n8,n9,0.072,1,0,0
3,medium,6.5,43,OLSR,1001,5,n9,n11,0.072,1,0,0
3,medium,6.5,43,OLSR,1001,6,n11,n13,0.089,1,0,0
3,medium,6.5,43,OLSR,1001,7,n13,n15,0.120,1,0,0
3,medium,6.5,43,OLSR,1001,8,n15,S,0.127,1,0,0
3,medium,6.5,43,DSR,1001,0,n1,n3,0.111,1,0,0
3,medium,6.5,43,DSR,1001,1,n3,n5,4.275,1,0,1
3,medium,6.5,43,DSR,1001,2,n5,n7,304.822,1,1,1
3,medium,6.5,43,DSR,1001,3,n7,n8,0.084,1,0,0
3,medium,6.5,43,DSR,1001,4,n8,n9,0.072,1,0,0
3,medium,6.5,43,DSR,1001,5,n9,n11,0.072,1,0,0
3,medium,6.5,43,DSR,1001,6,n11,n13,0.089,1,0,0
3,medium,6.5,43,DSR,1001,7,n13,n15,0.120,1,0,0
3,medium,6.5,43,DSR,1001,8,n15,S,0.127,1,0,0
3,medium,6.5,43,DSDV,1001,0,n1,n3,0.111,1,0,0
3,medium,6.5,43,DSDV,1001,1,n3,n5,4.275,1,0,1
3,medium,6.5,43,DSDV,1001,2,n5,n7,304.822,1,1,1
3,medium,6.5,43,DSDV,1001,3,n7,n8,0.084,1,0,0
3,medium,6.5,43,DSDV,1001,4,n8,n9,0.072,1,0,0
3,medium,6.5,43,DSDV,1001,5,n9,n11,0.072,1,0,0
3,medium,6.5,43,DSDV,1001,6,n11,n13,0.089,1,0,0
3,medium,6.5,43,DSDV,1001,7,n13,n15,0.120,1,0,0
3,medium,6.5,43,DSDV,1001,8,n15,S,0.127,1,0,0
3,medium,6.5,44,AODV,1001,0,n1,n3,0.115,1,0,0
3,medium,6.5,44,AODV,1001,1,n3,n5,364.822,1,1,1
3,medium,6.5,44,AODV,1001,2,n5,n7,122.554,1,1,1
3,medium,6.5,44,AODV,1001,3,n7,n8,0.168,1,0,0
3,medium,6.5,44,AODV,1001,4,n8,n9,0.092,1,0,0
3,medium,6.5,44,AODV,1001,5,n9,n11,0.126,1,0,0
3,medium,6.5,44,AODV,1001,6,n11,n13,0.081,1,0,0
3,medium,6.5,44,AODV,1001,7,n13,n15,0.100,1,0,0
3,medium,6.5,44,AODV,1001,8,n15,S,0.120,1,0,0
3,medium,6.5,44,OLSR,1001,0,n1,n3,0.115,1,0,0
3,medium,6.5,44,OLSR,1001,1,n3,n5,364.822,1,1,1
3,medium,6.5,44,OLSR,1001,2,n5,n7,122.554,1,1,1
3,medium,6.5,44,OLSR,1001,3,n7,n8,0.168,1,0,0
3,medium,6.5,44,OLSR,1001,4,n8,n9,0.092,1,0,0
3,medium,6.5,44,OLSR,1001,5,n9,n11,0.126,1,0,0
3,medium,6.5,44,OLSR,1001,6,n11,n13,0.081,1,0,0
3,medium,6.5,44,OLSR,1001,7,n13,n15,0.100,1,0,0
3,medium,6.5,44,OLSR,1001,8,n15,S,0.120,1,0,0
3,medium,6.5,44,DSR,1001,0,n1,n3,0.115,1,0,0
3,medium,6.5,44,DSR,1001,1,n3,n5,364.822,1,1,1
3,medium,6.5,44,DSR,1001,2,n5,n7,122.554,1,1,1
3,medium,6.5,44,DSR,1001,3,n7,n8,0.168,1,0,0
3,medium,6.5,44,DSR,1001,4,n8,n9,0.092,1,0,0
3,medium,6.5,44,DSR,1001,5,n9,n11,0.126,1,0,0
3,medium,6.5,44,DSR,1001,6,n11,n13,0.081,1,0,0
3,medium,6.5,44,DSR,1001,7,n13,n15,0.100,1,0,0
3,medium,6.5,44,DSR,1001,8,n15,S,0.120,1,0,0
3,medium,6.5,44,DSDV,1001,0,n1,n3,0.115,1,0,0
3,medium,6.5,44,DSDV,1001,1,n3,n5,364.822,1,1,1
3,medium,6.5,44,DSDV,1001,2,n5,n7,122.554,1,1,1
3,medium,6.5,44,DSDV,1001,3,n7,n8,0.168,1,0,0
3,medium,6.5,44,DSDV,1001,4,n8,n9,0.092,1,0,0
3,medium,6.5,44,DSDV,1001,5,n9,n11,0.126,1,0,0
3,medium,6.5,44,DSDV,1001,6,n11,n13,0.081,1,0,0
3,medium,6.5,44,DSDV,1001,7,n13,n15,0.100,1,0,0
3,medium,6.5,44,DSDV,1001,8,n15,S,0.120,1,0,0
3,medium,7.0,37,AODV,1001,0,n1,n3,0.142,1,0,0
3,medium,7.0,37,AODV,1001,1,n3,n5,64.843,1,1,1
3,medium,7.0,37,AODV,1001,2,n5,n7,362.984,1,1,1
3,medium,7.0,37,AODV,1001,3,n7,n8,0.061,1,0,0
3,medium,7.0,37,AODV,1001,4,n8,n9,0.061,1,0,0
3,medium,7.0,37,AODV,1001,5,n9,n11,0.061,1,0,0
3,medium,7.0,37,AODV,1001,6,n11,n13,0.061,1,0,0
3,medium,7.0,37,AODV,1001,7,n13,n15,0.101,1,0,0
3,medium,7.0,37,AODV,1001,8,n15,S,0.061,1,0,0
3,medium,7.0,37,OLSR,1001,0,n1,n3,0.142,1,0,0
3,medium,7.0,37,OLSR,1001,1,n3,n5,64.843,1,1,1
3,medium,7.0,37,OLSR,1001,2,n5,n7,362.984,1,1,1
3,medium,7.0,37,OLSR,1001,3,n7,n8,0.061,1,0,0
3,medium,7.0,37,OLSR,1001,4,n8,n9,0.061,1,0,0
3,medium,7.0,37,OLSR,1001,5,n9,n11,0.061,1,0,0
3,medium,7.0,37,OLSR,1001,6,n11,n13,0.061,1,0,0
3,medium,7.0,37,OLSR,1001,7,n13,n15,0.101,1,0,0
3,medium,7.0,37,OLSR,1001,8,n15,S,0.061,1,0,0
3,medium,7.0,37,DSR,1001,0,n1,n3,0.142,1,0,0
3,medium,7.0,37,DSR,1001,1,n3,n5,64.843,1,1,1
3,medium,7.0,37,DSR,1001,2,n5,n7,362.984,1,1,1
3,medium,7.0,37,DSR,1001,3,n7,n8,0.061,1,0,0
3,medium,7.0,37,DSR,1001,4,n8,n9,0.061,1,0,0
3,medium,7.0,37,DSR,1001,5,n9,n11,0.061,1,0,0
3,medium,7.0,37,DSR,1001,6,n11,n13,0.061,1,0,0
3,medium,7.0,37,DSR,1001,7,n13,n15,0.101,1,0,0
3,medium,7.0,37,DSR,1001,8,n15,S,0.061,1,0,0
3,medium,7.0,37,DSDV,1001,0,n1,n3,0.142,1,0,0
3,medium,7.0,37,DSDV,1001,1,n3,n5,64.843,1,1,1
3,medium,7.0,37,DSDV,1001,2,n5,n7,362.984,1,1,1
3,medium,7.0,37,DSDV,1001,3,n7,n8,0.061,1,0,0
3,medium,7.0,37,DSDV,1001,4,n8,n9,0.061,1,0,0
3,medium,7.0,37,DSDV,1001,5,n9,n11,0.061,1,0,0
3,medium,7.0,37,DSDV,1001,6,n11,n13,0.061,1,0,0
3,medium,7.0,37,DSDV,1001,7,n13,n15,0.101,1,0,0
3,medium,7.0,37,DSDV,1001,8,n15,S,0.061,1,0,0
3,medium,7.0,38,AODV,1001,0,n1,n3,0.176,1,0,0
3,medium,7.0,38,AODV,1001,1,n3,n5,4.056,1,0,1
3,medium,7.0,38,AODV,1001,2,n5,n7,124.506,1,1,1
3,medium,7.0,38,AODV,1001,3,n7,n8,0.053,1,0,0
3,medium,7.0,38,AODV,1001,4,n8,n9,0.071,1,0,0
3,medium,7.0,38,AODV,1001,5,n9,n11,0.119,1,0,0
3,medium,7.0,38,AODV,1001,6,n11,n13,0.061,1,0,0
3,medium,7.0,38,AODV,1001,7,n13,n15,0.074,1,0,0
3,medium,7.0,38,AODV,1001,8,n15,S,0.101,1,0,0
3,medium,7.0,38,OLSR,1001,0,n1,n3,0.176,1,0,0
3,medium,7.0,38,OLSR,1001,1,n3,n5,4.056,1,0,1
3,medium,7.0,38,OLSR,1001,2,n5,n7,124.506,1,1,1
3,medium,7.0,38,OLSR,1001,3,n7,n8,0.053,1,0,0
3,medium,7.0,38,OLSR,1001,4,n8,n9,0.071,1,0,0
3,medium,7.0,38,OLSR,1001,5,n9,n11,0.119,1,0,0
3,medium,7.0,38,OLSR,1001,6,n11,n13,0.061,1,0,0
3,medium,7.0,38,OLSR,1001,7,n13,n15,0.074,1,0,0
3,medium,7.0,38,OLSR,1001,8,n15,S,0.101,1,0,0
3,medium,7.0,38,DSR,1001,0,n1,n3,0.176,1,0,0
3,medium,7.0,38,DSR,1001,1,n3,n5,4.056,1,0,1
3,medium,7.0,38,DSR,1001,2,n5,n7,124.506,1,1,1
3,medium,7.0,38,DSR,1001,3,n7,n8,0.053,1,0,0
3,medium,7.0,38,DSR,1001,4,n8,n9,0.071,1,0,0
3,medium,7.0,38,DSR,1001,5,n9,n11,0.119,1,0,0
3,medium,7.0,38,DSR,1001,6,n11,n13,0.061,1,0,0
3,medium,7.0,38,DSR,1001,7,n13,n15,0.074,1,0,0
3,medium,7.0,38,DSR,1001,8,n15,S,0.101,1,0,0
3,medium,7.0,38,DSDV,1001,0,n1,n3,0.176,1,0,0
3,medium,7.0,38,DSDV,1001,1,n3,n5,4.056,1,0,1
3,medium,7.0,38,DSDV,1001,2,n5,n7,124.506,1,1,1
3,medium,7.0,38,DSDV,1001,3,n7,n8,0.053,1,0,0
3,medium,7.0,38,DSDV,1001,4,n8,n9,0.071,1,0,0
3,medium,7.0,38,DSDV,1001,5,n9,n11,0.119,1,0,0
3,medium,7.0,38,DSDV,1001,6,n11,n13,0.061,1,0,0
3,medium,7.0,38,DSDV,1001,7,n13,n15,0.074,1,0,0
3,medium,7.0,38,DSDV,1001,8,n15,S,0.101,1,0,0
3,medium,7.0,39,AODV,1001,0,n1,n3,0.062,1,0,0
3,medium,7.0,39,AODV,1001,1,n3,n5,2.785,1,0,1
3,medium,7.0,39,AODV,1001,2,n5,n7,244.506,1,1,1
3,medium,7.0,39,AODV,1001,3,n7,n8,0.149,1,0,0
3,medium,7.0,39,AODV,1001,4,n8,n9,0.061,1,0,0
3,medium,7.0,39,AODV,1001,5,n9,n11,0.119,1,0,0
3,medium,7.0,39,AODV,1001,6,n11,n13,0.061,1,0,0
3,medium,7.0,39,AODV,1001,7,n13,n15,0.065,1,0,0
3,medium,7.0,39,AODV,1001,8,n15,S,0.154,1,0,0
3,medium,7.0,39,OLSR,1001,0,n1,n3,0.062,1,0,0
3,medium,7.0,39,OLSR,1001,1,n3,n5,2.785,1,0,1
3,medium,7.0,39,OLSR,1001,2,n5,n7,244.506,1,1,1
3,medium,7.0,39,OLSR,1001,3,n7,n8,0.149,1,0,0
3,medium,7.0,39,OLSR,1001,4,n8,n9,0.061,1,0,0
3,medium,7.0,39,OLSR,1001,5,n9,n11,0.119,1,0,0
3,medium,7.0,39,OLSR,1001,6,n11,n13,0.061,1,0,0
3,medium,7.0,39,OLSR,1001,7,n13,n15,0.065,1,0,0
3,medium,7.0,39,OLSR,1001,8,n15,S,0.154,1,0,0
3,medium,7.0,39,DSR,1001,0,n1,n3,0.062,1,0,0
3,medium,7.0,39,DSR,1001,1,n3,n5,2.785,1,0,1
3,medium,7.0,39,DSR,1001,2,n5,n7,244.506,1,1,1
3,medium,7.0,39,DSR,1001,3,n7,n8,0.149,1,0,0
3,medium,7.0,39,DSR,1001,4,n8,n9,0.061,1,0,0
3,medium,7.0,39,DSR,1001,5,n9,n11,0.119,1,0,0
3,medium,7.0,39,DSR,1001,6,n11,n13,0.061,1,0,0
3,medium,7.0,39,DSR,1001,7,n13,n15,0.065,1,0,0
3,medium,7.0,39,DSR,1001,8,n15,S,0.154,1,0,0
3,medium,7.0,39,DSDV,1001,0,n1,n3,0.062,1,0,0
3,medium,7.0,39,DSDV,1001,1,n3,n5,2.785,1,0,1
3,medium,7.0,39,DSDV,1001,2,n5,n7,244.506,1,1,1
3,medium,7.0,39,DSDV,1001,3,n7,n8,0.149,1,0,0
3,medium,7.0,39,DSDV,1001,4,n8,n9,0.061,1,0,0
3,medium,7.0,39,DSDV,1001,5,n9,n11,0.119,1,0,0
3,medium,7.0,39,DSDV,1001,6,n11,n13,0.061,1,0,0
3,medium,7.0,39,DSDV,1001,7,n13,n15,0.065,1,0,0
3,medium,7.0,39,DSDV,1001,8,n15,S,0.154,1,0,0
3,medium,7.0,40,AODV,1001,0,n1,n3,0.112,1,0,0
3,medium,7.0,40,AODV,1001,1,n3,n5,124.275,1,1,1
3,medium,7.0,40,AODV,1001,2,n5,n7,124.566,1,1,1
3,medium,7.0,40,AODV,1001,3,n7,n8,0.094,1,0,0
3,medium,7.0,40,AODV,1001,4,n8,n9,0.089,1,0,0
3,medium,7.0,40,AODV,1001,5,n9,n11,0.119,1,0,0
3,medium,7.0,40,AODV,1001,6,n11,n13,0.084,1,0,0
3,medium,7.0,40,AODV,1001,7,n13,n15,0.121,1,0,0
3,medium,7.0,40,AODV,1001,8,n15,S,0.095,1,0,0
3,medium,7.0,40,OLSR,1001,0,n1,n3,0.112,1,0,0
3,medium,7.0,40,OLSR,1001,1,n3,n5,124.275,1,1,1
3,medium,7.0,40,OLSR,1001,2,n5,n7,124.566,1,1,1
3,medium,7.0,40,OLSR,1001,3,n7,n8,0.094,1,0,0
3,medium,7.0,40,OLSR,1001,4,n8,n9,0.089,1,0,0
3,medium,7.0,40,OLSR,1001,5,n9,n11,0.119,1,0,0
3,medium,7.0,40,OLSR,1001,6,n11,n13,0.084,1,0,0
3,medium,7.0,40,OLSR,1001,7,n13,n15,0.121,1,0,0
3,medium,7.0,40,OLSR,1001,8,n15,S,0.095,1,0,0
3,medium,7.0,40,DSR,1001,0,n1,n3,0.112,1,0,0
3,medium,7.0,40,DSR,1001,1,n3,n5,124.275,1,1,1
3,medium,7.0,40,DSR,1001,2,n5,n7,124.566,1,1,1
3,medium,7.0,40,DSR,1001,3,n7,n8,0.094,1,0,0
3,medium,7.0,40,DSR,1001,4,n8,n9,0.089,1,0,0
3,medium,7.0,40,DSR,1001,5,n9,n11,0.119,1,0,0
3,medium,7.0,40,DSR,1001,6,n11,n13,0.084,1,0,0
3,medium,7.0,40,DSR,1001,7,n13,n15,0.121,1,0,0
3,medium,7.0,40,DSR,1001,8,n15,S,0.095,1,0,0
3,medium,7.0,40,DSDV,1001,0,n1,n3,0.112,1,0,0
3,medium,7.0,40,DSDV,1001,1,n3,n5,124.275,1,1,1
3,medium,7.0,40,DSDV,1001,2,n5,n7,124.566,1,1,1
3,medium,7.0,40,DSDV,1001,3,n7,n8,0.094,1,0,0
3,medium,7.0,40,DSDV,1001,4,n8,n9,0.089,1,0,0
3,medium,7.0,40,DSDV,1001,5,n9,n11,0.119,1,0,0
3,medium,7.0,40,DSDV,1001,6,n11,n13,0.084,1,0,0
3,medium,7.0,40,DSDV,1001,7,n13,n15,0.121,1,0,0
3,medium,7.0,40,DSDV,1001,8,n15,S,0.095,1,0,0
3,medium,7.0,41,AODV,1001,0,n1,n3,0.075,1,0,0
3,medium,7.0,41,AODV,1001,1,n3,n5,3.769,1,0,1
3,medium,7.0,41,AODV,1001,2,n5,n7,124.566,1,1,1
3,medium,7.0,41,AODV,1001,3,n7,n8,0.154,1,0,0
3,medium,7.0,41,AODV,1001,4,n8,n9,0.127,1,0,0
3,medium,7.0,41,AODV,1001,5,n9,n11,0.119,1,0,0
3,medium,7.0,41,AODV,1001,6,n11,n13,0.084,1,0,0
3,medium,7.0,41,AODV,1001,7,n13,n15,0.100,1,0,0
3,medium,7.0,41,AODV,1001,8,n15,S,0.120,1,0,0
3,medium,7.0,41,OLSR,1001,0,n1,n3,0.075,1,0,0
3,medium,7.0,41,OLSR,1001,1,n3,n5,3.769,1,0,1
3,medium,7.0,41,OLSR,1001,2,n5,n7,124.566,1,1,1
3,medium,7.0,41,OLSR,1001,3,n7,n8,0.154,1,0,0
3,medium,7.0,41,OLSR,1001,4,n8,n9,0.127,1,0,0
3,medium,7.0,41,OLSR,1001,5,n9,n11,0.119,1,0,0
3,medium,7.0,41,OLSR,1001,6,n11,n13,0.084,1,0,0
3,medium,7.0,41,OLSR,1001,7,n13,n15,0.100,1,0,0
3,medium,7.0,41,OLSR,1001,8,n15,S,0.120,1,0,0
3,medium,7.0,41,DSR,1001,0,n1,n3,0.075,1,0,0
3,medium,7.0,41,DSR,1001,1,n3,n5,3.769,1,0,1
3,medium,7.0,41,DSR,1001,2,n5,n7,124.566,1,1,1
3,medium,7.0,41,DSR,1001,3,n7,n8,0.154,1,0,0
3,medium,7.0,41,DSR,1001,4,n8,n9,0.127,1,0,0
3,medium,7.0,41,DSR,1001,5,n9,n11,0.119,1,0,0
3,medium,7.0,41,DSR,1001,6,n11,n13,0.084,1,0,0
3,medium,7.0,41,DSR,1001,7,n13,n15,0.100,1,0,0
3,medium,7.0,41,DSR,1001,8,n15,S,0.120,1,0,0
3,medium,7.0,41,DSDV,1001,0,n1,n3,0.075,1,0,0
3,medium,7.0,41,DSDV,1001,1,n3,n5,3.769,1,0,1
3,medium,7.0,41,DSDV,1001,2,n5,n7,124.566,1,1,1
3,medium,7.0,41,DSDV,1001,3,n7,n8,0.154,1,0,0
3,medium,7.0,41,DSDV,1001,4,n8,n9,0.127,1,0,0
3,medium,7.0,41,DSDV,1001,5,n9,n11,0.119,1,0,0
3,medium,7.0,41,DSDV,1001,6,n11,n13,0.084,1,0,0
3,medium,7.0,41,DSDV,1001,7,n13,n15,0.100,1,0,0
3,medium,7.0,41,DSDV,1001,8,n15,S,0.120,1,0,0
3,medium,7.0,42,AODV,1001,0,n1,n3,0.125,1,0,0
3,medium,7.0,42,AODV,1001,1,n3,n5,2.573,1,0,1
3,medium,7.0,42,AODV,1001,2,n5,n7,4.566,1,0,1
3,medium,7.0,42,AODV,1001,3,n7,n8,0.158,1,0,0
3,medium,7.0,42,AODV,1001,4,n8,n9,0.124,1,0,0
3,medium,7.0,42,AODV,1001,5,n9,n11,0.154,1,0,0
3,medium,7.0,42,AODV,1001,6,n11,n13,0.115,1,0,0
3,medium,7.0,42,AODV,1001,7,n13,n15,0.121,1,0,0
3,medium,7.0,42,AODV,1001,8,n15,S,0.095,1,0,0
3,medium,7.0,42,OLSR,1001,0,n1,n3,0.125,1,0,0
3,medium,7.0,42,OLSR,1001,1,n3,n5,2.573,1,0,1
3,medium,7.0,42,OLSR,1001,2,n5,n7,4.566,1,0,1
3,medium,7.0,42,OLSR,1001,3,n7,n8,0.158,1,0,0
3,medium,7.0,42,OLSR,1001,4,n8,n9,0.124,1,0,0
3,medium,7.0,42,OLSR,1001,5,n9,n11,0.154,1,0,0
3,medium,7.0,42,OLSR,1001,6,n11,n13,0.115,1,0,0
3,medium,7.0,42,OLSR,1001,7,n13,n15,0.121,1,0,0
3,medium,7.0,42,OLSR,1001,8,n15,S,0.095,1,0,0
3,medium,7.0,42,DSR,1001,0,n1,n3,0.125,1,0,0
3,medium,7.0,42,DSR,1001,1,n3,n5,2.573,1,0,1
3,medium,7.0,42,DSR,1001,2,n5,n7,4.566,1,0,1
3,medium,7.0,42,DSR,1001,3,n7,n8,0.158,1,0,0
3,medium,7.0,42,DSR,1001,4,n8,n9,0.124,1,0,0
3,medium,7.0,42,DSR,1001,5,n9,n11,0.154,1,0,0
3,medium,7.0,42,DSR,1001,6,n11,n13,0.115,1,0,0
3,medium,7.0,42,DSR,1001,7,n13,n15,0.121,1,0,0
3,medium,7.0,42,DSR,1001,8,n15,S,0.095,1,0,0
3,medium,7.0,42,DSDV,1001,0,n1,n3,0.125,1,0,0
3,medium,7.0,42,DSDV,1001,1,n3,n5,2.573,1,0,1
3,medium,7.0,42,DSDV,1001,2,n5,n7,4.566,1,0,1
3,medium,7.0,42,DSDV,1001,3,n7,n8,0.158,1,0,0
3,medium,7.0,42,DSDV,1001,4,n8,n9,0.124,1,0,0
3,medium,7.0,42,DSDV,1001,5,n9,n11,0.154,1,0,0
3,medium,7.0,42,DSDV,1001,6,n11,n13,0.115,1,0,0
3,medium,7.0,42,DSDV,1001,7,n13,n15,0.121,1,0,0
3,medium,7.0,42,DSDV,1001,8,n15,S,0.095,1,0,0
3,medium,7.0,43,AODV,1001,0,n1,n3,0.111,1,0,0
3,medium,7.0,43,AODV,1001,1,n3,n5,4.275,1,0,1
3,medium,7.0,43,AODV,1001,2,n5,n7,304.822,1,1,1
3,medium,7.0,43,AODV,1001,3,n7,n8,0.084,1,0,0
3,medium,7.0,43,AODV,1001,4,n8,n9,0.072,1,0,0
3,medium,7.0,43,AODV,1001,5,n9,n11,0.072,1,0,0
3,medium,7.0,43,AODV,1001,6,n11,n13,0.089,1,0,0
3,medium,7.0,43,AODV,1001,7,n13,n15,0.120,1,0,0
3,medium,7.0,43,AODV,1001,8,n15,S,0.127,1,0,0
3,medium,7.0,43,OLSR,1001,0,n1,n3,0.111,1,0,0
3,medium,7.0,43,OLSR,1001,1,n3,n5,4.275,1,0,1
3,medium,7.0,43,OLSR,1001,2,n5,n7,304.822,1,1,1
3,medium,7.0,43,OLSR,1001,3,n7,n8,0.084,1,0,0
3,medium,7.0,43,OLSR,1001,4,n8,n9,0.072,1,0,0
3,medium,7.0,43,OLSR,1001,5,n9,n11,0.072,1,0,0
3,medium,7.0,43,OLSR,1001,6,n11,n13,0.089,1,0,0
3,medium,7.0,43,OLSR,1001,7,n13,n15,0.120,1,0,0
3,medium,7.0,43,OLSR,1001,8,n15,S,0.127,1,0,0
3,medium,7.0,43,DSR,1001,0,n1,n3,0.111,1,0,0
3,medium,7.0,43,DSR,1001,1,n3,n5,4.275,1,0,1
3,medium,7.0,43,DSR,1001,2,n5,n7,304.822,1,1,1
3,medium,7.0,43,DSR,1001,3,n7,n8,0.084,1,0,0
3,medium,7.0,43,DSR,1001,4,n8,n9,0.072,1,0,0
3,medium,7.0,43,DSR,1001,5,n9,n11,0.072,1,0,0
3,medium,7.0,43,DSR,1001,6,n11,n13,0.089,1,0,0
3,medium,7.0,43,DSR,1001,7,n13,n15,0.120,1,0,0
3,medium,7.0,43,DSR,1001,8,n15,S,0.127,1,0,0
3,medium,7.0,43,DSDV,1001,0,n1,n3,0.111,1,0,0
3,medium,7.0,43,DSDV,1001,1,n3,n5,4.275,1,0,1
3,medium,7.0,43,DSDV,1001,2,n5,n7,304.822,1,1,1
3,medium,7.0,43,DSDV,1001,3,n7,n8,0.084,1,0,0
3,medium,7.0,43,DSDV,1001,4,n8,n9,0.072,1,0,0
3,medium,7.0,43,DSDV,1001,5,n9,n11,0.072,1,0,0
3,medium,7.0,43,DSDV,1001,6,n11,n13,0.089,1,0,0
3,medium,7.0,43,DSDV,1001,7,n13,n15,0.120,1,0,0
3,medium,7.0,43,DSDV,1001,8,n15,S,0.127,1,0,0
3,medium,7.0,44,AODV,1001,0,n1,n3,0.115,1,0,0
3,medium,7.0,44,AODV,1001,1,n3,n5,364.822,1,1,1
3,medium,7.0,44,AODV,1001,2,n5,n7,122.554,1,1,1
3,medium,7.0,44,AODV,1001,3,n7,n8,0.168,1,0,0
3,medium,7.0,44,AODV,1001,4,n8,n9,0.092,1,0,0
3,medium,7.0,44,AODV,1001,5,n9,n11,0.126,1,0,0
3,medium,7.0,44,AODV,1001,6,n11,n13,0.081,1,0,0
3,medium,7.0,44,AODV,1001,7,n13,n15,0.100,1,0,0
3,medium,7.0,44,AODV,1001,8,n15,S,0.120,1,0,0
3,medium,7.0,44,OLSR,1001,0,n1,n3,0.115,1,0,0
3,medium,7.0,44,OLSR,1001,1,n3,n5,364.822,1,1,1
3,medium,7.0,44,OLSR,1001,2,n5,n7,122.554,1,1,1
3,medium,7.0,44,OLSR,1001,3,n7,n8,0.168,1,0,0
3,medium,7.0,44,OLSR,1001,4,n8,n9,0.092,1,0,0
3,medium,7.0,44,OLSR,1001,5,n9,n11,0.126,1,0,0
3,medium,7.0,44,OLSR,1001,6,n11,n13,0.081,1,0,0
3,medium,7.0,44,OLSR,1001,7,n13,n15,0.100,1,0,0
3,medium,7.0,44,OLSR,1001,8,n15,S,0.120,1,0,0
3,medium,7.0,44,DSR,1001,0,n1,n3,0.115,1,0,0
3,medium,7.0,44,DSR,1001,1,n3,n5,364.822,1,1,1
3,medium,7.0,44,DSR,1001,2,n5,n7,122.554,1,1,1
3,medium,7.0,44,DSR,1001,3,n7,n8,0.168,1,0,0
3,medium,7.0,44,DSR,1001,4,n8,n9,0.092,1,0,0
3,medium,7.0,44,DSR,1001,5,n9,n11,0.126,1,0,0
3,medium,7.0,44,DSR,1001,6,n11,n13,0.081,1,0,0
3,medium,7.0,44,DSR,1001,7,n13,n15,0.100,1,0,0
3,medium,7.0,44,DSR,1001,8,n15,S,0.120,1,0,0
3,medium,7.0,44,DSDV,1001,0,n1,n3,0.115,1,0,0
3,medium,7.0,44,DSDV,1001,1,n3,n5,364.822,1,1,1
3,medium,7.0,44,DSDV,1001,2,n5,n7,122.554,1,1,1
3,medium,7.0,44,DSDV,1001,3,n7,n8,0.168,1,0,0
3,medium,7.0,44,DSDV,1001,4,n8,n9,0.092,1,0,0
3,medium,7.0,44,DSDV,1001,5,n9,n11,0.126,1,0,0
3,medium,7.0,44,DSDV,1001,6,n11,n13,0.081,1,0,0
3,medium,7.0,44,DSDV,1001,7,n13,n15,0.100,1,0,0
3,medium,7.0,44,DSDV,1001,8,n15,S,0.120,1,0,0
3,medium,8.0,37,AODV,1001,0,n1,n3,0.142,1,0,0
3,medium,8.0,37,AODV,1001,1,n3,n5,64.843,1,1,1
3,medium,8.0,37,AODV,1001,2,n5,n7,362.984,1,1,1
3,medium,8.0,37,AODV,1001,3,n7,n8,0.061,1,0,0
3,medium,8.0,37,AODV,1001,4,n8,n9,0.061,1,0,0
3,medium,8.0,37,AODV,1001,5,n9,n11,0.061,1,0,0
3,medium,8.0,37,AODV,1001,6,n11,n13,0.061,1,0,0
3,medium,8.0,37,AODV,1001,7,n13,n15,0.101,1,0,0
3,medium,8.0,37,AODV,1001,8,n15,S,0.061,1,0,0
3,medium,8.0,37,OLSR,1001,0,n1,n3,0.142,1,0,0
3,medium,8.0,37,OLSR,1001,1,n3,n5,64.843,1,1,1
3,medium,8.0,37,OLSR,1001,2,n5,n7,362.984,1,1,1
3,medium,8.0,37,OLSR,1001,3,n7,n8,0.061,1,0,0
3,medium,8.0,37,OLSR,1001,4,n8,n9,0.061,1,0,0
3,medium,8.0,37,OLSR,1001,5,n9,n11,0.061,1,0,0
3,medium,8.0,37,OLSR,1001,6,n11,n13,0.061,1,0,0
3,medium,8.0,37,OLSR,1001,7,n13,n15,0.101,1,0,0
3,medium,8.0,37,OLSR,1001,8,n15,S,0.061,1,0,0
3,medium,8.0,37,DSR,1001,0,n1,n3,0.142,1,0,0
3,medium,8.0,37,DSR,1001,1,n3,n5,64.843,1,1,1
3,medium,8.0,37,DSR,1001,2,n5,n7,362.984,1,1,1
3,medium,8.0,37,DSR,1001,3,n7,n8,0.061,1,0,0
3,medium,8.0,37,DSR,1001,4,n8,n9,0.061,1,0,0
3,medium,8.0,37,DSR,1001,5,n9,n11,0.061,1,0,0
3,medium,8.0,37,DSR,1001,6,n11,n13,0.061,1,0,0
3,medium,8.0,37,DSR,1001,7,n13,n15,0.101,1,0,0
3,medium,8.0,37,DSR,1001,8,n15,S,0.061,1,0,0
3,medium,8.0,37,DSDV,1001,0,n1,n3,0.142,1,0,0
3,medium,8.0,37,DSDV,1001,1,n3,n5,64.843,1,1,1
3,medium,8.0,37,DSDV,1001,2,n5,n7,362.984,1,1,1
3,medium,8.0,37,DSDV,1001,3,n7,n8,0.061,1,0,0
3,medium,8.0,37,DSDV,1001,4,n8,n9,0.061,1,0,0
3,medium,8.0,37,DSDV,1001,5,n9,n11,0.061,1,0,0
3,medium,8.0,37,DSDV,1001,6,n11,n13,0.061,1,0,0
3,medium,8.0,37,DSDV,1001,7,n13,n15,0.101,1,0,0
3,medium,8.0,37,DSDV,1001,8,n15,S,0.061,1,0,0
3,medium,8.0,38,AODV,1001,0,n1,n3,0.176,1,0,0
3,medium,8.0,38,AODV,1001,1,n3,n5,4.056,1,0,1
3,medium,8.0,38,AODV,1001,2,n5,n7,124.506,1,1,1
3,medium,8.0,38,AODV,1001,3,n7,n8,0.053,1,0,0
3,medium,8.0,38,AODV,1001,4,n8,n9,0.071,1,0,0
3,medium,8.0,38,AODV,1001,5,n9,n11,0.119,1,0,0
3,medium,8.0,38,AODV,1001,6,n11,n13,0.061,1,0,0
3,medium,8.0,38,AODV,1001,7,n13,n15,0.074,1,0,0
3,medium,8.0,38,AODV,1001,8,n15,S,0.101,1,0,0
3,medium,8.0,38,OLSR,1001,0,n1,n3,0.176,1,0,0
3,medium,8.0,38,OLSR,1001,1,n3,n5,4.056,1,0,1
3,medium,8.0,38,OLSR,1001,2,n5,n7,124.506,1,1,1
3,medium,8.0,38,OLSR,1001,3,n7,n8,0.053,1,0,0
3,medium,8.0,38,OLSR,1001,4,n8,n9,0.071,1,0,0
3,medium,8.0,38,OLSR,1001,5,n9,n11,0.119,1,0,0
3,medium,8.0,38,OLSR,1001,6,n11,n13,0.061,1,0,0
3,medium,8.0,38,OLSR,1001,7,n13,n15,0.074,1,0,0
3,medium,8.0,38,OLSR,1001,8,n15,S,0.101,1,0,0
3,medium,8.0,38,DSR,1001,0,n1,n3,0.176,1,0,0
3,medium,8.0,38,DSR,1001,1,n3,n5,4.056,1,0,1
3,medium,8.0,38,DSR,1001,2,n5,n7,124.506,1,1,1
3,medium,8.0,38,DSR,1001,3,n7,n8,0.053,1,0,0
3,medium,8.0,38,DSR,1001,4,n8,n9,0.071,1,0,0
3,medium,8.0,38,DSR,1001,5,n9,n11,0.119,1,0,0
3,medium,8.0,38,DSR,1001,6,n11,n13,0.061,1,0,0
3,medium,8.0,38,DSR,1001,7,n13,n15,0.074,1,0,0
3,medium,8.0,38,DSR,1001,8,n15,S,0.101,1,0,0
3,medium,8.0,38,DSDV,1001,0,n1,n3,0.176,1,0,0
3,medium,8.0,38,DSDV,1001,1,n3,n5,4.056,1,0,1
3,medium,8.0,38,DSDV,1001,2,n5,n7,124.506,1,1,1
3,medium,8.0,38,DSDV,1001,3,n7,n8,0.053,1,0,0
3,medium,8.0,38,DSDV,1001,4,n8,n9,0.071,1,0,0
3,medium,8.0,38,DSDV,1001,5,n9,n11,0.119,1,0,0
3,medium,8.0,38,DSDV,1001,6,n11,n13,0.061,1,0,0
3,medium,8.0,38,DSDV,1001,7,n13,n15,0.074,1,0,0
3,medium,8.0,38,DSDV,1001,8,n15,S,0.101,1,0,0
3,medium,8.0,39,AODV,1001,0,n1,n3,0.062,1,0,0
3,medium,8.0,39,AODV,1001,1,n3,n5,2.785,1,0,1
3,medium,8.0,39,AODV,1001,2,n5,n7,244.506,1,1,1
3,medium,8.0,39,AODV,1001,3,n7,n8,0.149,1,0,0
3,medium,8.0,39,AODV,1001,4,n8,n9,0.061,1,0,0
3,medium,8.0,39,AODV,1001,5,n9,n11,0.119,1,0,0
3,medium,8.0,39,AODV,1001,6,n11,n13,0.061,1,0,0
3,medium,8.0,39,AODV,1001,7,n13,n15,0.065,1,0,0
3,medium,8.0,39,AODV,1001,8,n15,S,0.154,1,0,0
3,medium,8.0,39,OLSR,1001,0,n1,n3,0.062,1,0,0
3,medium,8.0,39,OLSR,1001,1,n3,n5,2.785,1,0,1
3,medium,8.0,39,OLSR,1001,2,n5,n7,244.506,1,1,1
3,medium,8.0,39,OLSR,1001,3,n7,n8,0.149,1,0,0
3,medium,8.0,39,OLSR,1001,4,n8,n9,0.061,1,0,0
3,medium,8.0,39,OLSR,1001,5,n9,n11,0.119,1,0,0
3,medium,8.0,39,OLSR,1001,6,n11,n13,0.061,1,0,0
3,medium,8.0,39,OLSR,1001,7,n13,n15,0.065,1,0,0
3,medium,8.0,39,OLSR,1001,8,n15,S,0.154,1,0,0
3,medium,8.0,39,DSR,1001,0,n1,n3,0.062,1,0,0
3,medium,8.0,39,DSR,1001,1,n3,n5,2.785,1,0,1
3,medium,8.0,39,DSR,1001,2,n5,n7,244.506,1,1,1
3,medium,8.0,39,DSR,1001,3,n7,n8,0.149,1,0,0
3,medium,8.0,39,DSR,1001,4,n8,n9,0.061,1,0,0
3,medium,8.0,39,DSR,1001,5,n9,n11,0.119,1,0,0
3,medium,8.0,39,DSR,1001,6,n11,n13,0.061,1,0,0
3,medium,8.0,39,DSR,1001,7,n13,n15,0.065,1,0,0
3,medium,8.0,39,DSR,1001,8,n15,S,0.154,1,0,0
3,medium,8.0,39,DSDV,1001,0,n1,n3,0.062,1,0,0
3,medium,8.0,39,DSDV,1001,1,n3,n5,2.785,1,0,1
3,medium,8.0,39,DSDV,1001,2,n5,n7,244.506,1,1,1
3,medium,8.0,39,DSDV,1001,3,n7,n8,0.149,1,0,0
3,medium,8.0,39,DSDV,1001,4,n8,n9,0.061,1,0,0
3,medium,8.0,39,DSDV,1001,5,n9,n11,0.119,1,0,0
3,medium,8.0,39,DSDV,1001,6,n11,n13,0.061,1,0,0
3,medium,8.0,39,DSDV,1001,7,n13,n15,0.065,1,0,0
3,medium,8.0,39,DSDV,1001,8,n15,S,0.154,1,0,0
3,medium,8.0,40,AODV,1001,0,n1,n3,0.112,1,0,0
3,medium,8.0,40,AODV,1001,1,n3,n5,124.275,1,1,1
3,medium,8.0,40,AODV,1001,2,n5,n7,124.566,1,1,1
3,medium,8.0,40,AODV,1001,3,n7,n8,0.094,1,0,0
3,medium,8.0,40,AODV,1001,4,n8,n9,0.089,1,0,0
3,medium,8.0,40,AODV,1001,5,n9,n11,0.119,1,0,0
3,medium,8.0,40,AODV,1001,6,n11,n13,0.084,1,0,0
3,medium,8.0,40,AODV,1001,7,n13,n15,0.121,1,0,0
3,medium,8.0,40,AODV,1001,8,n15,S,0.095,1,0,0
3,medium,8.0,40,OLSR,1001,0,n1,n3,0.112,1,0,0
3,medium,8.0,40,OLSR,1001,1,n3,n5,124.275,1,1,1
3,medium,8.0,40,OLSR,1001,2,n5,n7,124.566,1,1,1
3,medium,8.0,40,OLSR,1001,3,n7,n8,0.094,1,0,0
3,medium,8.0,40,OLSR,1001,4,n8,n9,0.089,1,0,0
3,medium,8.0,40,OLSR,1001,5,n9,n11,0.119,1,0,0
3,medium,8.0,40,OLSR,1001,6,n11,n13,0.084,1,0,0
3,medium,8.0,40,OLSR,1001,7,n13,n15,0.121,1,0,0
3,medium,8.0,40,OLSR,1001,8,n15,S,0.095,1,0,0
3,medium,8.0,40,DSR,1001,0,n1,n3,0.112,1,0,0
3,medium,8.0,40,DSR,1001,1,n3,n5,124.275,1,1,1
3,medium,8.0,40,DSR,1001,2,n5,n7,124.566,1,1,1
3,medium,8.0,40,DSR,1001,3,n7,n8,0.094,1,0,0
3,medium,8.0,40,DSR,1001,4,n8,n9,0.089,1,0,0
3,medium,8.0,40,DSR,1001,5,n9,n11,0.119,1,0,0
3,medium,8.0,40,DSR,1001,6,n11,n13,0.084,1,0,0
3,medium,8.0,40,DSR,1001,7,n13,n15,0.121,1,0,0
3,medium,8.0,40,DSR,1001,8,n15,S,0.095,1,0,0
3,medium,8.0,40,DSDV,1001,0,n1,n3,0.112,1,0,0
3,medium,8.0,40,DSDV,1001,1,n3,n5,124.275,1,1,1
3,medium,8.0,40,DSDV,1001,2,n5,n7,124.566,1,1,1
3,medium,8.0,40,DSDV,1001,3,n7,n8,0.094,1,0,0
3,medium,8.0,40,DSDV,1001,4,n8,n9,0.089,1,0,0
3,medium,8.0,40,DSDV,1001,5,n9,n11,0.119,1,0,0
3,medium,8.0,40,DSDV,1001,6,n11,n13,0.084,1,0,0
3,medium,8.0,40,DSDV,1001,7,n13,n15,0.121,1,0,0
3,medium,8.0,40,DSDV,1001,8,n15,S,0.095,1,0,0
3,medium,8.0,41,AODV,1001,0,n1,n3,0.075,1,0,0
3,medium,8.0,41,AODV,1001,1,n3,n5,3.769,1,0,1
3,medium,8.0,41,AODV,1001,2,n5,n7,124.566,1,1,1
3,medium,8.0,41,AODV,1001,3,n7,n8,0.154,1,0,0
3,medium,8.0,41,AODV,1001,4,n8,n9,0.127,1,0,0
3,medium,8.0,41,AODV,1001,5,n9,n11,0.119,1,0,0
3,medium,8.0,41,AODV,1001,6,n11,n13,0.084,1,0,0
3,medium,8.0,41,AODV,1001,7,n13,n15,0.100,1,0,0
3,medium,8.0,41,AODV,1001,8,n15,S,0.120,1,0,0
3,medium,8.0,41,OLSR,1001,0,n1,n3,0.075,1,0,0
3,medium,8.0,41,OLSR,1001,1,n3,n5,3.769,1,0,1
3,medium,8.0,41,OLSR,1001,2,n5,n7,124.566,1,1,1
3,medium,8.0,41,OLSR,1001,3,n7,n8,0.154,1,0,0
3,medium,8.0,41,OLSR,1001,4,n8,n9,0.127,1,0,0
3,medium,8.0,41,OLSR,1001,5,n9,n11,0.119,1,0,0
3,medium,8.0,41,OLSR,1001,6,n11,n13,0.084,1,0,0
3,medium,8.0,41,OLSR,1001,7,n13,n15,0.100,1,0,0
3,medium,8.0,41,OLSR,1001,8,n15,S,0.120,1,0,0
3,medium,8.0,41,DSR,1001,0,n1,n3,0.075,1,0,0
3,medium,8.0,41,DSR,1001,1,n3,n5,3.769,1,0,1
3,medium,8.0,41,DSR,1001,2,n5,n7,124.566,1,1,1
3,medium,8.0,41,DSR,1001,3,n7,n8,0.154,1,0,0
3,medium,8.0,41,DSR,1001,4,n8,n9,0.127,1,0,0
3,medium,8.0,41,DSR,1001,5,n9,n11,0.119,1,0,0
3,medium,8.0,41,DSR,1001,6,n11,n13,0.084,1,0,0
3,medium,8.0,41,DSR,1001,7,n13,n15,0.100,1,0,0
3,medium,8.0,41,DSR,1001,8,n15,S,0.120,1,0,0
3,medium,8.0,41,DSDV,1001,0,n1,n3,0.075,1,0,0
3,medium,8.0,41,DSDV,1001,1,n3,n5,3.769,1,0,1
3,medium,8.0,41,DSDV,1001,2,n5,n7,124.566,1,1,1
3,medium,8.0,41,DSDV,1001,3,n7,n8,0.154,1,0,0
3,medium,8.0,41,DSDV,1001,4,n8,n9,0.127,1,0,0
3,medium,8.0,41,DSDV,1001,5,n9,n11,0.119,1,0,0
3,medium,8.0,41,DSDV,1001,6,n11,n13,0.084,1,0,0
3,medium,8.0,41,DSDV,1001,7,n13,n15,0.100,1,0,0
3,medium,8.0,41,DSDV,1001,8,n15,S,0.120,1,0,0
3,medium,8.0,42,AODV,1001,0,n1,n3,0.125,1,0,0
3,medium,8.0,42,AODV,1001,1,n3,n5,2.573,1,0,1
3,medium,8.0,42,AODV,1001,2,n5,n7,4.566,1,0,1
3,medium,8.0,42,AODV,1001,3,n7,n8,0.158,1,0,0
3,medium,8.0,42,AODV,1001,4,n8,n9,0.124,1,0,0
3,medium,8.0,42,AODV,1001,5,n9,n11,0.154,1,0,0
3,medium,8.0,42,AODV,1001,6,n11,n13,0.115,1,0,0
3,medium,8.0,42,AODV,1001,7,n13,n15,0.121,1,0,0
3,medium,8.0,42,AODV,1001,8,n15,S,0.095,1,0,0
3,medium,8.0,42,OLSR,1001,0,n1,n3,0.125,1,0,0
3,medium,8.0,42,OLSR,1001,1,n3,n5,2.573,1,0,1
3,medium,8.0,42,OLSR,1001,2,n5,n7,4.566,1,0,1
3,medium,8.0,42,OLSR,1001,3,n7,n8,0.158,1,0,0
3,medium,8.0,42,OLSR,1001,4,n8,n9,0.124,1,0,0
3,medium,8.0,42,OLSR,1001,5,n9,n11,0.154,1,0,0
3,medium,8.0,42,OLSR,1001,6,n11,n13,0.115,1,0,0
3,medium,8.0,42,OLSR,1001,7,n13,n15,0.121,1,0,0
3,medium,8.0,42,OLSR,1001,8,n15,S,0.095,1,0,0
3,medium,8.0,42,DSR,1001,0,n1,n3,0.125,1,0,0
3,medium,8.0,42,DSR,1001,1,n3,n5,2.573,1,0,1
3,medium,8.0,42,DSR,1001,2,n5,n7,4.566,1,0,1
3,medium,8.0,42,DSR,1001,3,n7,n8,0.158,1,0,0
3,medium,8.0,42,DSR,1001,4,n8,n9,0.124,1,0,0
3,medium,8.0,42,DSR,1001,5,n9,n11,0.154,1,0,0
3,medium,8.0,42,DSR,1001,6,n11,n13,0.115,1,0,0
3,medium,8.0,42,DSR,1001,7,n13,n15,0.121,1,0,0
3,medium,8.0,42,DSR,1001,8,n15,S,0.095,1,0,0
3,medium,8.0,42,DSDV,1001,0,n1,n3,0.125,1,0,0
3,medium,8.0,42,DSDV,1001,1,n3,n5,2.573,1,0,1
3,medium,8.0,42,DSDV,1001,2,n5,n7,4.566,1,0,1
3,medium,8.0,42,DSDV,1001,3,n7,n8,0.158,1,0,0
3,medium,8.0,42,DSDV,1001,4,n8,n9,0.124,1,0,0
3,medium,8.0,42,DSDV,1001,5,n9,n11,0.154,1,0,0
3,medium,8.0,42,DSDV,1001,6,n11,n13,0.115,1,0,0
3,medium,8.0,42,DSDV,1001,7,n13,n15,0.121,1,0,0
3,medium,8.0,42,DSDV,1001,8,n15,S,0.095,1,0,0
3,medium,8.0,43,AODV,1001,0,n1,n3,0.111,1,0,0
3,medium,8.0,43,AODV,1001,1,n3,n5,4.275,1,0,1
3,medium,8.0,43,AODV,1001,2,n5,n7,304.822,1,1,1
3,medium,8.0,43,AODV,1001,3,n7,n8,0.084,1,0,0
3,medium,8.0,43,AODV,1001,4,n8,n9,0.072,1,0,0
3,medium,8.0,43,AODV,1001,5,n9,n11,0.072,1,0,0
3,medium,8.0,43,AODV,1001,6,n11,n13,0.089,1,0,0
3,medium,8.0,43,AODV,1001,7,n13,n15,0.120,1,0,0
3,medium,8.0,43,AODV,1001,8,n15,S,0.127,1,0,0
3,medium,8.0,43,OLSR,1001,0,n1,n3,0.111,1,0,0
3,medium,8.0,43,OLSR,1001,1,n3,n5,4.275,1,0,1
3,medium,8.0,43,OLSR,1001,2,n5,n7,304.822,1,1,1
3,medium,8.0,43,OLSR,1001,3,n7,n8,0.084,1,0,0
3,medium,8.0,43,OLSR,1001,4,n8,n9,0.072,1,0,0
3,medium,8.0,43,OLSR,1001,5,n9,n11,0.072,1,0,0
3,medium,8.0,43,OLSR,1001,6,n11,n13,0.089,1,0,0
3,medium,8.0,43,OLSR,1001,7,n13,n15,0.120,1,0,0
3,medium,8.0,43,OLSR,1001,8,n15,S,0.127,1,0,0
3,medium,8.0,43,DSR,1001,0,n1,n3,0.111,1,0,0
3,medium,8.0,43,DSR,1001,1,n3,n5,4.275,1,0,1
3,medium,8.0,43,DSR,1001,2,n5,n7,304.822,1,1,1
3,medium,8.0,43,DSR,1001,3,n7,n8,0.084,1,0,0
3,medium,8.0,43,DSR,1001,4,n8,n9,0.072,1,0,0
3,medium,8.0,43,DSR,1001,5,n9,n11,0.072,1,0,0
3,medium,8.0,43,DSR,1001,6,n11,n13,0.089,1,0,0
3,medium,8.0,43,DSR,1001,7,n13,n15,0.120,1,0,0
3,medium,8.0,43,DSR,1001,8,n15,S,0.127,1,0,0
3,medium,8.0,43,DSDV,1001,0,n1,n3,0.111,1,0,0
3,medium,8.0,43,DSDV,1001,1,n3,n5,4.275,1,0,1
3,medium,8.0,43,DSDV,1001,2,n5,n7,304.822,1,1,1
3,medium,8.0,43,DSDV,1001,3,n7,n8,0.084,1,0,0
3,medium,8.0,43,DSDV,1001,4,n8,n9,0.072,1,0,0
3,medium,8.0,43,DSDV,1001,5,n9,n11,0.072,1,0,0
3,medium,8.0,43,DSDV,1001,6,n11,n13,0.089,1,0,0
3,medium,8.0,43,DSDV,1001,7,n13,n15,0.120,1,0,0
3,medium,8.0,43,DSDV,1001,8,n15,S,0.127,1,0,0
3,medium,8.0,44,AODV,1001,0,n1,n3,0.115,1,0,0
3,medium,8.0,44,AODV,1001,1,n3,n5,364.822,1,1,1
3,medium,8.0,44,AODV,1001,2,n5,n7,122.554,1,1,1
3,medium,8.0,44,AODV,1001,3,n7,n8,0.168,1,0,0
3,medium,8.0,44,AODV,1001,4,n8,n9,0.092,1,0,0
3,medium,8.0,44,AODV,1001,5,n9,n11,0.126,1,0,0
3,medium,8.0,44,AODV,1001,6,n11,n13,0.081,1,0,0
3,medium,8.0,44,AODV,1001,7,n13,n15,0.100,1,0,0
3,medium,8.0,44,AODV,1001,8,n15,S,0.120,1,0,0
3,medium,8.0,44,OLSR,1001,0,n1,n3,0.115,1,0,0
3,medium,8.0,44,OLSR,1001,1,n3,n5,364.822,1,1,1
3,medium,8.0,44,OLSR,1001,2,n5,n7,122.554,1,1,1
3,medium,8.0,44,OLSR,1001,3,n7,n8,0.168,1,0,0
3,medium,8.0,44,OLSR,1001,4,n8,n9,0.092,1,0,0
3,medium,8.0,44,OLSR,1001,5,n9,n11,0.126,1,0,0
3,medium,8.0,44,OLSR,1001,6,n11,n13,0.081,1,0,0
3,medium,8.0,44,OLSR,1001,7,n13,n15,0.100,1,0,0
3,medium,8.0,44,OLSR,1001,8,n15,S,0.120,1,0,0
3,medium,8.0,44,DSR,1001,0,n1,n3,0.115,1,0,0
3,medium,8.0,44,DSR,1001,1,n3,n5,364.822,1,1,1
3,medium,8.0,44,DSR,1001,2,n5,n7,122.554,1,1,1
3,medium,8.0,44,DSR,1001,3,n7,n8,0.168,1,0,0
3,medium,8.0,44,DSR,1001,4,n8,n9,0.092,1,0,0
3,medium,8.0,44,DSR,1001,5,n9,n11,0.126,1,0,0
3,medium,8.0,44,DSR,1001,6,n11,n13,0.081,1,0,0
3,medium,8.0,44,DSR,1001,7,n13,n15,0.100,1,0,0
3,medium,8.0,44,DSR,1001,8,n15,S,0.120,1,0,0
3,medium,8.0,44,DSDV,1001,0,n1,n3,0.115,1,0,0
3,medium,8.0,44,DSDV,1001,1,n3,n5,364.822,1,1,1
3,medium,8.0,44,DSDV,1001,2,n5,n7,122.554,1,1,1
3,medium,8.0,44,DSDV,1001,3,n7,n8,0.168,1,0,0
3,medium,8.0,44,DSDV,1001,4,n8,n9,0.092,1,0,0
3,medium,8.0,44,DSDV,1001,5,n9,n11,0.126,1,0,0
3,medium,8.0,44,DSDV,1001,6,n11,n13,0.081,1,0,0
3,medium,8.0,44,DSDV,1001,7,n13,n15,0.100,1,0,0
3,medium,8.0,44,DSDV,1001,8,n15,S,0.120,1,0,0
3,medium,10.0,37,AODV,1001,0,n1,n3,0.142,1,0,0
3,medium,10.0,37,AODV,1001,1,n3,n5,64.843,1,1,1
3,medium,10.0,37,AODV,1001,2,n5,n7,362.984,1,1,1
3,medium,10.0,37,AODV,1001,3,n7,n8,0.061,1,0,0
3,medium,10.0,37,AODV,1001,4,n8,n9,0.061,1,0,0
3,medium,10.0,37,AODV,1001,5,n9,n11,0.061,1,0,0
3,medium,10.0,37,AODV,1001,6,n11,n13,0.061,1,0,0
3,medium,10.0,37,AODV,1001,7,n13,n15,0.101,1,0,0
3,medium,10.0,37,AODV,1001,8,n15,S,0.061,1,0,0
3,medium,10.0,37,OLSR,1001,0,n1,n3,0.142,1,0,0
3,medium,10.0,37,OLSR,1001,1,n3,n5,64.843,1,1,1
3,medium,10.0,37,OLSR,1001,2,n5,n7,362.984,1,1,1
3,medium,10.0,37,OLSR,1001,3,n7,n8,0.061,1,0,0
3,medium,10.0,37,OLSR,1001,4,n8,n9,0.061,1,0,0
3,medium,10.0,37,OLSR,1001,5,n9,n11,0.061,1,0,0
3,medium,10.0,37,OLSR,1001,6,n11,n13,0.061,1,0,0
3,medium,10.0,37,OLSR,1001,7,n13,n15,0.101,1,0,0
3,medium,10.0,37,OLSR,1001,8,n15,S,0.061,1,0,0
3,medium,10.0,37,DSR,1001,0,n1,n3,0.142,1,0,0
3,medium,10.0,37,DSR,1001,1,n3,n5,64.843,1,1,1
3,medium,10.0,37,DSR,1001,2,n5,n7,362.984,1,1,1
3,medium,10.0,37,DSR,1001,3,n7,n8,0.061,1,0,0
3,medium,10.0,37,DSR,1001,4,n8,n9,0.061,1,0,0
3,medium,10.0,37,DSR,1001,5,n9,n11,0.061,1,0,0
3,medium,10.0,37,DSR,1001,6,n11,n13,0.061,1,0,0
3,medium,10.0,37,DSR,1001,7,n13,n15,0.101,1,0,0
3,medium,10.0,37,DSR,1001,8,n15,S,0.061,1,0,0
3,medium,10.0,37,DSDV,1001,0,n1,n3,0.142,1,0,0
3,medium,10.0,37,DSDV,1001,1,n3,n5,64.843,1,1,1
3,medium,10.0,37,DSDV,1001,2,n5,n7,362.984,1,1,1
3,medium,10.0,37,DSDV,1001,3,n7,n8,0.061,1,0,0
3,medium,10.0,37,DSDV,1001,4,n8,n9,0.061,1,0,0
3,medium,10.0,37,DSDV,1001,5,n9,n11,0.061,1,0,0
3,medium,10.0,37,DSDV,1001,6,n11,n13,0.061,1,0,0
3,medium,10.0,37,DSDV,1001,7,n13,n15,0.101,1,0,0
3,medium,10.0,37,DSDV,1001,8,n15,S,0.061,1,0,0
3,medium,10.0,38,AODV,1001,0,n1,n3,0.176,1,0,0
3,medium,10.0,38,AODV,1001,1,n3,n5,4.056,1,0,1
3,medium,10.0,38,AODV,1001,2,n5,n7,124.506,1,1,1
3,medium,10.0,38,AODV,1001,3,n7,n8,0.053,1,0,0
3,medium,10.0,38,AODV,1001,4,n8,n9,0.071,1,0,0
3,medium,10.0,38,AODV,1001,5,n9,n11,0.119,1,0,0
3,medium,10.0,38,AODV,1001,6,n11,n13,0.061,1,0,0
3,medium,10.0,38,AODV,1001,7,n13,n15,0.074,1,0,0
3,medium,10.0,38,AODV,1001,8,n15,S,0.101,1,0,0
3,medium,10.0,38,OLSR,1001,0,n1,n3,0.176,1,0,0
3,medium,10.0,38,OLSR,1001,1,n3,n5,4.056,1,0,1
3,medium,10.0,38,OLSR,1001,2,n5,n7,124.506,1,1,1
3,medium,10.0,38,OLSR,1001,3,n7,n8,0.053,1,0,0
3,medium,10.0,38,OLSR,1001,4,n8,n9,0.071,1,0,0
3,medium,10.0,38,OLSR,1001,5,n9,n11,0.119,1,0,0
3,medium,10.0,38,OLSR,1001,6,n11,n13,0.061,1,0,0
3,medium,10.0,38,OLSR,1001,7,n13,n15,0.074,1,0,0
3,medium,10.0,38,OLSR,1001,8,n15,S,0.101,1,0,0
3,medium,10.0,38,DSR,1001,0,n1,n3,0.176,1,0,0
3,medium,10.0,38,DSR,1001,1,n3,n5,4.056,1,0,1
3,medium,10.0,38,DSR,1001,2,n5,n7,124.506,1,1,1
3,medium,10.0,38,DSR,1001,3,n7,n8,0.053,1,0,0
3,medium,10.0,38,DSR,1001,4,n8,n9,0.071,1,0,0
3,medium,10.0,38,DSR,1001,5,n9,n11,0.119,1,0,0
3,medium,10.0,38,DSR,1001,6,n11,n13,0.061,1,0,0
3,medium,10.0,38,DSR,1001,7,n13,n15,0.074,1,0,0
3,medium,10.0,38,DSR,1001,8,n15,S,0.101,1,0,0
3,medium,10.0,38,DSDV,1001,0,n1,n3,0.176,1,0,0
3,medium,10.0,38,DSDV,1001,1,n3,n5,4.056,1,0,1
3,medium,10.0,38,DSDV,1001,2,n5,n7,124.506,1,1,1
3,medium,10.0,38,DSDV,1001,3,n7,n8,0.053,1,0,0
3,medium,10.0,38,DSDV,1001,4,n8,n9,0.071,1,0,0
3,medium,10.0,38,DSDV,1001,5,n9,n11,0.119,1,0,0
3,medium,10.0,38,DSDV,1001,6,n11,n13,0.061,1,0,0
3,medium,10.0,38,DSDV,1001,7,n13,n15,0.074,1,0,0
3,medium,10.0,38,DSDV,1001,8,n15,S,0.101,1,0,0
3,medium,10.0,39,AODV,1001,0,n1,n3,0.062,1,0,0
3,medium,10.0,39,AODV,1001,1,n3,n5,2.785,1,0,1
3,medium,10.0,39,AODV,1001,2,n5,n7,244.506,1,1,1
3,medium,10.0,39,AODV,1001,3,n7,n8,0.149,1,0,0
3,medium,10.0,39,AODV,1001,4,n8,n9,0.061,1,0,0
3,medium,10.0,39,AODV,1001,5,n9,n11,0.119,1,0,0
3,medium,10.0,39,AODV,1001,6,n11,n13,0.061,1,0,0
3,medium,10.0,39,AODV,1001,7,n13,n15,0.065,1,0,0
3,medium,10.0,39,AODV,1001,8,n15,S,0.154,1,0,0
3,medium,10.0,39,OLSR,1001,0,n1,n3,0.062,1,0,0
3,medium,10.0,39,OLSR,1001,1,n3,n5,2.785,1,0,1
3,medium,10.0,39,OLSR,1001,2,n5,n7,244.506,1,1,1
3,medium,10.0,39,OLSR,1001,3,n7,n8,0.149,1,0,0
3,medium,10.0,39,OLSR,1001,4,n8,n9,0.061,1,0,0
3,medium,10.0,39,OLSR,1001,5,n9,n11,0.119,1,0,0
3,medium,10.0,39,OLSR,1001,6,n11,n13,0.061,1,0,0
3,medium,10.0,39,OLSR,1001,7,n13,n15,0.065,1,0,0
3,medium,10.0,39,OLSR,1001,8,n15,S,0.154,1,0,0
3,medium,10.0,39,DSR,1001,0,n1,n3,0.062,1,0,0
3,medium,10.0,39,DSR,1001,1,n3,n5,2.785,1,0,1
3,medium,10.0,39,DSR,1001,2,n5,n7,244.506,1,1,1
3,medium,10.0,39,DSR,1001,3,n7,n8,0.149,1,0,0
3,medium,10.0,39,DSR,1001,4,n8,n9,0.061,1,0,0
3,medium,10.0,39,DSR,1001,5,n9,n11,0.119,1,0,0
3,medium,10.0,39,DSR,1001,6,n11,n13,0.061,1,0,0
3,medium,10.0,39,DSR,1001,7,n13,n15,0.065,1,0,0
3,medium,10.0,39,DSR,1001,8,n15,S,0.154,1,0,0
3,medium,10.0,39,DSDV,1001,0,n1,n3,0.062,1,0,0
3,medium,10.0,39,DSDV,1001,1,n3,n5,2.785,1,0,1
3,medium,10.0,39,DSDV,1001,2,n5,n7,244.506,1,1,1
3,medium,10.0,39,DSDV,1001,3,n7,n8,0.149,1,0,0
3,medium,10.0,39,DSDV,1001,4,n8,n9,0.061,1,0,0
3,medium,10.0,39,DSDV,1001,5,n9,n11,0.119,1,0,0
3,medium,10.0,39,DSDV,1001,6,n11,n13,0.061,1,0,0
3,medium,10.0,39,DSDV,1001,7,n13,n15,0.065,1,0,0
3,medium,10.0,39,DSDV,1001,8,n15,S,0.154,1,0,0
3,medium,10.0,40,AODV,1001,0,n1,n3,0.112,1,0,0
3,medium,10.0,40,AODV,1001,1,n3,n5,124.275,1,1,1
3,medium,10.0,40,AODV,1001,2,n5,n7,124.566,1,1,1
3,medium,10.0,40,AODV,1001,3,n7,n8,0.094,1,0,0
3,medium,10.0,40,AODV,1001,4,n8,n9,0.089,1,0,0
3,medium,10.0,40,AODV,1001,5,n9,n11,0.119,1,0,0
3,medium,10.0,40,AODV,1001,6,n11,n13,0.084,1,0,0
3,medium,10.0,40,AODV,1001,7,n13,n15,0.121,1,0,0
3,medium,10.0,40,AODV,1001,8,n15,S,0.095,1,0,0
3,medium,10.0,40,OLSR,1001,0,n1,n3,0.112,1,0,0
3,medium,10.0,40,OLSR,1001,1,n3,n5,124.275,1,1,1
3,medium,10.0,40,OLSR,1001,2,n5,n7,124.566,1,1,1
3,medium,10.0,40,OLSR,1001,3,n7,n8,0.094,1,0,0
3,medium,10.0,40,OLSR,1001,4,n8,n9,0.089,1,0,0
3,medium,10.0,40,OLSR,1001,5,n9,n11,0.119,1,0,0
3,medium,10.0,40,OLSR,1001,6,n11,n13,0.084,1,0,0
3,medium,10.0,40,OLSR,1001,7,n13,n15,0.121,1,0,0
3,medium,10.0,40,OLSR,1001,8,n15,S,0.095,1,0,0
3,medium,10.0,40,DSR,1001,0,n1,n3,0.112,1,0,0
3,medium,10.0,40,DSR,1001,1,n3,n5,124.275,1,1,1
3,medium,10.0,40,DSR,1001,2,n5,n7,124.566,1,1,1
3,medium,10.0,40,DSR,1001,3,n7,n8,0.094,1,0,0
3,medium,10.0,40,DSR,1001,4,n8,n9,0.089,1,0,0
3,medium,10.0,40,DSR,1001,5,n9,n11,0.119,1,0,0
3,medium,10.0,40,DSR,1001,6,n11,n13,0.084,1,0,0
3,medium,10.0,40,DSR,1001,7,n13,n15,0.121,1,0,0
3,medium,10.0,40,DSR,1001,8,n15,S,0.095,1,0,0
3,medium,10.0,40,DSDV,1001,0,n1,n3,0.112,1,0,0
3,medium,10.0,40,DSDV,1001,1,n3,n5,124.275,1,1,1
3,medium,10.0,40,DSDV,1001,2,n5,n7,124.566,1,1,1
3,medium,10.0,40,DSDV,1001,3,n7,n8,0.094,1,0,0
3,medium,10.0,40,DSDV,1001,4,n8,n9,0.089,1,0,0
3,medium,10.0,40,DSDV,1001,5,n9,n11,0.119,1,0,0
3,medium,10.0,40,DSDV,1001,6,n11,n13,0.084,1,0,0
3,medium,10.0,40,DSDV,1001,7,n13,n15,0.121,1,0,0
3,medium,10.0,40,DSDV,1001,8,n15,S,0.095,1,0,0
3,medium,10.0,41,AODV,1001,0,n1,n3,0.075,1,0,0
3,medium,10.0,41,AODV,1001,1,n3,n5,3.769,1,0,1
3,medium,10.0,41,AODV,1001,2,n5,n7,124.566,1,1,1
3,medium,10.0,41,AODV,1001,3,n7,n8,0.154,1,0,0
3,medium,10.0,41,AODV,1001,4,n8,n9,0.127,1,0,0
3,medium,10.0,41,AODV,1001,5,n9,n11,0.119,1,0,0
3,medium,10.0,41,AODV,1001,6,n11,n13,0.084,1,0,0
3,medium,10.0,41,AODV,1001,7,n13,n15,0.100,1,0,0
3,medium,10.0,41,AODV,1001,8,n15,S,0.120,1,0,0
3,medium,10.0,41,OLSR,1001,0,n1,n3,0.075,1,0,0
3,medium,10.0,41,OLSR,1001,1,n3,n5,3.769,1,0,1
3,medium,10.0,41,OLSR,1001,2,n5,n7,124.566,1,1,1
3,medium,10.0,41,OLSR,1001,3,n7,n8,0.154,1,0,0
3,medium,10.0,41,OLSR,1001,4,n8,n9,0.127,1,0,0
3,medium,10.0,41,OLSR,1001,5,n9,n11,0.119,1,0,0
3,medium,10.0,41,OLSR,1001,6,n11,n13,0.084,1,0,0
3,medium,10.0,41,OLSR,1001,7,n13,n15,0.100,1,0,0
3,medium,10.0,41,OLSR,1001,8,n15,S,0.120,1,0,0
3,medium,10.0,41,DSR,1001,0,n1,n3,0.075,1,0,0
3,medium,10.0,41,DSR,1001,1,n3,n5,3.769,1,0,1
3,medium,10.0,41,DSR,1001,2,n5,n7,124.566,1,1,1
3,medium,10.0,41,DSR,1001,3,n7,n8,0.154,1,0,0
3,medium,10.0,41,DSR,1001,4,n8,n9,0.127,1,0,0
3,medium,10.0,41,DSR,1001,5,n9,n11,0.119,1,0,0
3,medium,10.0,41,DSR,1001,6,n11,n13,0.084,1,0,0
3,medium,10.0,41,DSR,1001,7,n13,n15,0.100,1,0,0
3,medium,10.0,41,DSR,1001,8,n15,S,0.120,1,0,0
3,medium,10.0,41,DSDV,1001,0,n1,n3,0.075,1,0,0
3,medium,10.0,41,DSDV,1001,1,n3,n5,3.769,1,0,1
3,medium,10.0,41,DSDV,1001,2,n5,n7,124.566,1,1,1
3,medium,10.0,41,DSDV,1001,3,n7,n8,0.154,1,0,0
3,medium,10.0,41,DSDV,1001,4,n8,n9,0.127,1,0,0
3,medium,10.0,41,DSDV,1001,5,n9,n11,0.119,1,0,0
3,medium,10.0,41,DSDV,1001,6,n11,n13,0.084,1,0,0
3,medium,10.0,41,DSDV,1001,7,n13,n15,0.100,1,0,0
3,medium,10.0,41,DSDV,1001,8,n15,S,0.120,1,0,0
3,medium,10.0,42,AODV,1001,0,n1,n3,0.125,1,0,0
3,medium,10.0,42,AODV,1001,1,n3,n5,2.573,1,0,1
3,medium,10.0,42,AODV,1001,2,n5,n7,4.566,1,0,1
3,medium,10.0,42,AODV,1001,3,n7,n8,0.158,1,0,0
3,medium,10.0,42,AODV,1001,4,n8,n9,0.124,1,0,0
3,medium,10.0,42,AODV,1001,5,n9,n11,0.154,1,0,0
3,medium,10.0,42,AODV,1001,6,n11,n13,0.115,1,0,0
3,medium,10.0,42,AODV,1001,7,n13,n15,0.121,1,0,0
3,medium,10.0,42,AODV,1001,8,n15,S,0.095,1,0,0
3,medium,10.0,42,OLSR,1001,0,n1,n3,0.125,1,0,0
3,medium,10.0,42,OLSR,1001,1,n3,n5,2.573,1,0,1
3,medium,10.0,42,OLSR,1001,2,n5,n7,4.566,1,0,1
3,medium,10.0,42,OLSR,1001,3,n7,n8,0.158,1,0,0
3,medium,10.0,42,OLSR,1001,4,n8,n9,0.124,1,0,0
3,medium,10.0,42,OLSR,1001,5,n9,n11,0.154,1,0,0
3,medium,10.0,42,OLSR,1001,6,n11,n13,0.115,1,0,0
3,medium,10.0,42,OLSR,1001,7,n13,n15,0.121,1,0,0
3,medium,10.0,42,OLSR,1001,8,n15,S,0.095,1,0,0
3,medium,10.0,42,DSR,1001,0,n1,n3,0.125,1,0,0
3,medium,10.0,42,DSR,1001,1,n3,n5,2.573,1,0,1
3,medium,10.0,42,DSR,1001,2,n5,n7,4.566,1,0,1
3,medium,10.0,42,DSR,1001,3,n7,n8,0.158,1,0,0
3,medium,10.0,42,DSR,1001,4,n8,n9,0.124,1,0,0
3,medium,10.0,42,DSR,1001,5,n9,n11,0.154,1,0,0
3,medium,10.0,42,DSR,1001,6,n11,n13,0.115,1,0,0
3,medium,10.0,42,DSR,1001,7,n13,n15,0.121,1,0,0
3,medium,10.0,42,DSR,1001,8,n15,S,0.095,1,0,0
3,medium,10.0,42,DSDV,1001,0,n1,n3,0.125,1,0,0
3,medium,10.0,42,DSDV,1001,1,n3,n5,2.573,1,0,1
3,medium,10.0,42,DSDV,1001,2,n5,n7,4.566,1,0,1
3,medium,10.0,42,DSDV,1001,3,n7,n8,0.158,1,0,0
3,medium,10.0,42,DSDV,1001,4,n8,n9,0.124,1,0,0
3,medium,10.0,42,DSDV,1001,5,n9,n11,0.154,1,0,0
3,medium,10.0,42,DSDV,1001,6,n11,n13,0.115,1,0,0
3,medium,10.0,42,DSDV,1001,7,n13,n15,0.121,1,0,0
3,medium,10.0,42,DSDV,1001,8,n15,S,0.095,1,0,0
3,medium,10.0,43,AODV,1001,0,n1,n3,0.111,1,0,0
3,medium,10.0,43,AODV,1001,1,n3,n5,4.275,1,0,1
3,medium,10.0,43,AODV,1001,2,n5,n7,304.822,1,1,1
3,medium,10.0,43,AODV,1001,3,n7,n8,0.084,1,0,0
3,medium,10.0,43,AODV,1001,4,n8,n9,0.072,1,0,0
3,medium,10.0,43,AODV,1001,5,n9,n11,0.072,1,0,0
3,medium,10.0,43,AODV,1001,6,n11,n13,0.089,1,0,0
3,medium,10.0,43,AODV,1001,7,n13,n15,0.120,1,0,0
3,medium,10.0,43,AODV,1001,8,n15,S,0.127,1,0,0
3,medium,10.0,43,OLSR,1001,0,n1,n3,0.111,1,0,0
3,medium,10.0,43,OLSR,1001,1,n3,n5,4.275,1,0,1
3,medium,10.0,43,OLSR,1001,2,n5,n7,304.822,1,1,1
3,medium,10.0,43,OLSR,1001,3,n7,n8,0.084,1,0,0
3,medium,10.0,43,OLSR,1001,4,n8,n9,0.072,1,0,0
3,medium,10.0,43,OLSR,1001,5,n9,n11,0.072,1,0,0
3,medium,10.0,43,OLSR,1001,6,n11,n13,0.089,1,0,0
3,medium,10.0,43,OLSR,1001,7,n13,n15,0.120,1,0,0
3,medium,10.0,43,OLSR,1001,8,n15,S,0.127,1,0,0
3,medium,10.0,43,DSR,1001,0,n1,n3,0.111,1,0,0
3,medium,10.0,43,DSR,1001,1,n3,n5,4.275,1,0,1
3,medium,10.0,43,DSR,1001,2,n5,n7,304.822,1,1,1
3,medium,10.0,43,DSR,1001,3,n7,n8,0.084,1,0,0
3,medium,10.0,43,DSR,1001,4,n8,n9,0.072,1,0,0
3,medium,10.0,43,DSR,1001,5,n9,n11,0.072,1,0,0
3,medium,10.0,43,DSR,1001,6,n11,n13,0.089,1,0,0
3,medium,10.0,43,DSR,1001,7,n13,n15,0.120,1,0,0
3,medium,10.0,43,DSR,1001,8,n15,S,0.127,1,0,0
3,medium,10.0,43,DSDV,1001,0,n1,n3,0.111,1,0,0
3,medium,10.0,43,DSDV,1001,1,n3,n5,4.275,1,0,1
3,medium,10.0,43,DSDV,1001,2,n5,n7,304.822,1,1,1
3,medium,10.0,43,DSDV,1001,3,n7,n8,0.084,1,0,0
3,medium,10.0,43,DSDV,1001,4,n8,n9,0.072,1,0,0
3,medium,10.0,43,DSDV,1001,5,n9,n11,0.072,1,0,0
3,medium,10.0,43,DSDV,1001,6,n11,n13,0.089,1,0,0
3,medium,10.0,43,DSDV,1001,7,n13,n15,0.120,1,0,0
3,medium,10.0,43,DSDV,1001,8,n15,S,0.127,1,0,0
3,medium,10.0,44,AODV,1001,0,n1,n3,0.115,1,0,0
3,medium,10.0,44,AODV,1001,1,n3,n5,364.822,1,1,1
3,medium,10.0,44,AODV,1001,2,n5,n7,122.554,1,1,1
3,medium,10.0,44,AODV,1001,3,n7,n8,0.168,1,0,0
3,medium,10.0,44,AODV,1001,4,n8,n9,0.092,1,0,0
3,medium,10.0,44,AODV,1001,5,n9,n11,0.126,1,0,0
3,medium,10.0,44,AODV,1001,6,n11,n13,0.081,1,0,0
3,medium,10.0,44,AODV,1001,7,n13,n15,0.100,1,0,0
3,medium,10.0,44,AODV,1001,8,n15,S,0.120,1,0,0
3,medium,10.0,44,OLSR,1001,0,n1,n3,0.115,1,0,0
3,medium,10.0,44,OLSR,1001,1,n3,n5,364.822,1,1,1
3,medium,10.0,44,OLSR,1001,2,n5,n7,122.554,1,1,1
3,medium,10.0,44,OLSR,1001,3,n7,n8,0.168,1,0,0
3,medium,10.0,44,OLSR,1001,4,n8,n9,0.092,1,0,0
3,medium,10.0,44,OLSR,1001,5,n9,n11,0.126,1,0,0
3,medium,10.0,44,OLSR,1001,6,n11,n13,0.081,1,0,0
3,medium,10.0,44,OLSR,1001,7,n13,n15,0.100,1,0,0
3,medium,10.0,44,OLSR,1001,8,n15,S,0.120,1,0,0
3,medium,10.0,44,DSR,1001,0,n1,n3,0.115,1,0,0
3,medium,10.0,44,DSR,1001,1,n3,n5,364.822,1,1,1
3,medium,10.0,44,DSR,1001,2,n5,n7,122.554,1,1,1
3,medium,10.0,44,DSR,1001,3,n7,n8,0.168,1,0,0
3,medium,10.0,44,DSR,1001,4,n8,n9,0.092,1,0,0
3,medium,10.0,44,DSR,1001,5,n9,n11,0.126,1,0,0
3,medium,10.0,44,DSR,1001,6,n11,n13,0.081,1,0,0
3,medium,10.0,44,DSR,1001,7,n13,n15,0.100,1,0,0
3,medium,10.0,44,DSR,1001,8,n15,S,0.120,1,0,0
3,medium,10.0,44,DSDV,1001,0,n1,n3,0.115,1,0,0
3,medium,10.0,44,DSDV,1001,1,n3,n5,364.822,1,1,1
3,medium,10.0,44,DSDV,1001,2,n5,n7,122.554,1,1,1
3,medium,10.0,44,DSDV,1001,3,n7,n8,0.168,1,0,0
3,medium,10.0,44,DSDV,1001,4,n8,n9,0.092,1,0,0
3,medium,10.0,44,DSDV,1001,5,n9,n11,0.126,1,0,0
3,medium,10.0,44,DSDV,1001,6,n11,n13,0.081,1,0,0
3,medium,10.0,44,DSDV,1001,7,n13,n15,0.100,1,0,0
3,medium,10.0,44,DSDV,1001,8,n15,S,0.120,1,0,0
