scenario,mode,epsilon,seed,policy,packet,from,to,window,expected_s,send_s,overshoot_s,malicious_sender
1,low,0.25,38,DSDV,1001,n10,n14,22,105.000,110.002,5.002,1
1,low,0.25,38,AODV,1001,n10,n14,22,105.000,110.002,5.002,1
1,low,0.25,38,OLSR,1001,n10,n14,22,105.000,110.002,5.002,1
1,low,0.25,38,DSR,1001,n10,n14,22,105.000,110.002,5.002,1
1,low,0.25,39,DSDV,1001,n10,n14,22,105.000,111.665,6.665,1
1,low,0.25,39,AODV,1001,n10,n14,22,105.000,111.665,6.665,1
1,low,0.25,39,OLSR,1001,n10,n14,22,105.000,111.665,6.665,1
1,low,0.25,39,DSR,1001,n10,n14,22,105.000,111.665,6.665,1
1,low,0.25,40,DSDV,1001,n6,n10,18,75.000,81.515,6.515,1
1,low,0.25,40,DSDV,1001,n6,n5,4,90.000,95.324,5.324,1
1,low,0.25,40,AODV,1001,n6,n10,18,75.000,81.515,6.515,1
1,low,0.25,40,AODV,1001,n6,n5,4,90.000,95.324,5.324,1
1,low,0.25,40,OLSR,1001,n6,n10,18,75.000,81.515,6.515,1
1,low,0.25,40,OLSR,1001,n6,n10,18,135.000,140.324,5.324,1
1,low,0.25,40,DSR,1001,n6,n10,18,75.000,81.515,6.515,1
1,low,0.25,40,DSR,1001,n6,n5,4,90.000,95.324,5.324,1
1,low,0.25,41,DSDV,1001,n6,n10,18,75.000,81.372,6.372,1
1,low,0.25,41,AODV,1001,n6,n10,18,75.000,81.372,6.372,1
1,low,0.25,41,OLSR,1001,n6,n10,18,75.000,81.372,6.372,1
1,low,0.25,41,OLSR,1001,n10,n14,22,165.000,171.515,6.515,1
1,low,0.25,41,OLSR,1001,n10,n14,22,225.000,230.324,5.324,1
1,low,0.25,41,OLSR,1001,n10,n14,22,285.000,291.372,6.372,1
1,low,0.25,41,DSR,1001,n6,n10,18,75.000,81.372,6.372,1
1,low,0.25,42,DSDV,1001,n10,n14,22,105.000,110.324,5.324,1
1,low,0.25,42,AODV,1001,n10,n14,22,105.000,110.324,5.324,1
1,low,0.25,42,OLSR,1001,n10,n14,22,105.000,110.324,5.324,1
1,low,0.25,42,DSR,1001,n10,n14,22,105.000,110.324,5.324,1
1,low,0.25,44,DSDV,1001,n10,n14,22,105.000,110.556,5.556,1
1,low,0.25,44,AODV,1001,n10,n14,22,105.000,110.556,5.556,1
1,low,0.25,44,OLSR,1001,n10,n14,22,105.000,110.556,5.556,1
1,low,0.25,44,DSR,1001,n10,n14,22,105.000,110.556,5.556,1
1,low,0.5,38,DSDV,1001,n10,n14,22,105.000,110.002,5.002,1
1,low,0.5,38,AODV,1001,n10,n14,22,105.000,110.002,5.002,1
1,low,0.5,38,OLSR,1001,n10,n14,22,105.000,110.002,5.002,1
1,low,0.5,38,DSR,1001,n10,n14,22,105.000,110.002,5.002,1
1,low,0.5,39,DSDV,1001,n10,n14,22,105.000,111.665,6.665,1
1,low,0.5,39,AODV,1001,n10,n14,22,105.000,111.665,6.665,1
1,low,0.5,39,OLSR,1001,n10,n14,22,105.000,111.665,6.665,1
1,low,0.5,39,DSR,1001,n10,n14,22,105.000,111.665,6.665,1
1,low,0.5,40,DSDV,1001,n6,n10,18,75.000,81.515,6.515,1
1,low,0.5,40,DSDV,1001,n6,n5,4,90.000,95.324,5.324,1
1,low,0.5,40,AODV,1001,n6,n10,18,75.000,81.515,6.515,1
1,low,0.5,40,AODV,1001,n6,n5,4,90.000,95.324,5.324,1
1,low,0.5,40,OLSR,1001,n6,n10,18,75.000,81.515,6.515,1
1,low,0.5,40,OLSR,1001,n6,n10,18,135.000,140.324,5.324,1
1,low,0.5,40,DSR,1001,n6,n10,18,75.000,81.515,6.515,1
1,low,0.5,40,DSR,1001,n6,n5,4,90.000,95.324,5.324,1
1,low,0.5,41,DSDV,1001,n6,n10,18,75.000,81.372,6.372,1
1,low,0.5,41,AODV,1001,n6,n10,18,75.000,81.372,6.372,1
1,low,0.5,41,OLSR,1001,n6,n10,18,75.000,81.372,6.372,1
1,low,0.5,41,OLSR,1001,n10,n14,22,165.000,171.515,6.515,1
1,low,0.5,41,OLSR,1001,n10,n14,22,225.000,230.324,5.324,1
1,low,0.5,41,OLSR,1001,n10,n14,22,285.000,291.372,6.372,1
1,low,0.5,41,DSR,1001,n6,n10,18,75.000,81.372,6.372,1
1,low,0.5,42,DSDV,1001,n10,n14,22,105.000,110.324,5.324,1
1,low,0.5,42,AODV,1001,n10,n14,22,105.000,110.324,5.324,1
1,low,0.5,42,OLSR,1001,n10,n14,22,105.000,110.324,5.324,1
1,low,0.5,42,DSR,1001,n10,n14,22,105.000,110.324,5.324,1
1,low,0.5,44,DSDV,1001,n10,n14,22,105.000,110.556,5.556,1
1,low,0.5,44,AODV,1001,n10,n14,22,105.000,110.556,5.556,1
1,low,0.5,44,OLSR,1001,n10,n14,22,105.000,110.556,5.556,1
1,low,0.5,44,DSR,1001,n10,n14,22,105.000,110.556,5.556,1
1,low,1.0,38,DSDV,1001,n10,n14,22,105.000,110.002,5.002,1
1,low,1.0,38,AODV,1001,n10,n14,22,105.000,110.002,5.002,1
1,low,1.0,38,OLSR,1001,n10,n14,22,105.000,110.002,5.002,1
1,low,1.0,38,DSR,1001,n10,n14,22,105.000,110.002,5.002,1
1,low,1.0,39,DSDV,1001,n10,n14,22,105.000,111.665,6.665,1
1,low,1.0,39,AODV,1001,n10,n14,22,105.000,111.665,6.665,1
1,low,1.0,39,OLSR,1001,n10,n14,22,105.000,111.665,6.665,1
1,low,1.0,39,DSR,1001,n10,n14,22,105.000,111.665,6.665,1
1,low,1.0,40,DSDV,1001,n6,n10,18,75.000,81.515,6.515,1
1,low,1.0,40,DSDV,1001,n6,n5,4,90.000,95.324,5.324,1
1,low,1.0,40,AODV,1001,n6,n10,18,75.000,81.515,6.515,1
1,low,1.0,40,AODV,1001,n6,n5,4,90.000,95.324,5.324,1
1,low,1.0,40,OLSR,1001,n6,n10,18,75.000,81.515,6.515,1
1,low,1.0,40,OLSR,1001,n6,n10,18,135.000,140.324,5.324,1
1,low,1.0,40,DSR,1001,n6,n10,18,75.000,81.515,6.515,1
1,low,1.0,40,DSR,1001,n6,n5,4,90.000,95.324,5.324,1
1,low,1.0,41,DSDV,1001,n6,n10,18,75.000,81.372,6.372,1
1,low,1.0,41,AODV,1001,n6,n10,18,75.000,81.372,6.372,1
1,low,1.0,41,OLSR,1001,n6,n10,18,75.000,81.372,6.372,1
1,low,1.0,41,OLSR,1001,n10,n14,22,165.000,171.515,6.515,1
1,low,1.0,41,OLSR,1001,n10,n14,22,225.000,230.324,5.324,1
1,low,1.0,41,OLSR,1001,n10,n14,22,285.000,291.372,6.372,1
1,low,1.0,41,DSR,1001,n6,n10,18,75.000,81.372,6.372,1
1,low,1.0,42,DSDV,1001,n10,n14,22,105.000,110.324,5.324,1
1,low,1.0,42,AODV,1001,n10,n14,22,105.000,110.324,5.324,1
1,low,1.0,42,OLSR,1001,n10,n14,22,105.000,110.324,5.324,1
1,low,1.0,42,DSR,1001,n10,n14,22,105.000,110.324,5.324,1
1,low,1.0,44,DSDV,1001,n10,n14,22,105.000,110.556,5.556,1
1,low,1.0,44,AODV,1001,n10,n14,22,105.000,110.556,5.556,1
1,low,1.0,44,OLSR,1001,n10,n14,22,105.000,110.556,5.556,1
1,low,1.0,44,DSR,1001,n10,n14,22,105.000,110.556,5.556,1
1,low,1.5,38,DSDV,1001,n10,n14,22,105.000,110.002,5.002,1
1,low,1.5,38,AODV,1001,n10,n14,22,105.000,110.002,5.002,1
1,low,1.5,38,OLSR,1001,n10,n14,22,105.000,110.002,5.002,1
1,low,1.5,38,DSR,1001,n10,n14,22,105.000,110.002,5.002,1
1,low,1.5,39,DSDV,1001,n10,n14,22,105.000,111.665,6.665,1
1,low,1.5,39,AODV,1001,n10,n14,22,105.000,111.665,6.665,1
1,low,1.5,39,OLSR,1001,n10,n14,22,105.000,111.665,6.665,1
1,low,1.5,39,DSR,1001,n10,n14,22,105.000,111.665,6.665,1
1,low,1.5,40,DSDV,1001,n6,n10,18,75.000,81.515,6.515,1
1,low,1.5,40,DSDV,1001,n6,n5,4,90.000,95.324,5.324,1
1,low,1.5,40,AODV,1001,n6,n10,18,75.000,81.515,6.515,1
1,low,1.5,40,AODV,1001,n6,n5,4,90.000,95.324,5.324,1
1,low,1.5,40,OLSR,1001,n6,n10,18,75.000,81.515,6.515,1
1,low,1.5,40,OLSR,1001,n6,n10,18,135.000,140.324,5.324,1
1,low,1.5,40,DSR,1001,n6,n10,18,75.000,81.515,6.515,1
1,low,1.5,40,DSR,1001,n6,n5,4,90.000,95.324,5.324,1
1,low,1.5,41,DSDV,1001,n6,n10,18,75.000,81.372,6.372,1
1,low,1.5,41,AODV,1001,n6,n10,18,75.000,81.372,6.372,1
1,low,1.5,41,OLSR,1001,n6,n10,18,75.000,81.372,6.372,1
1,low,1.5,41,OLSR,1001,n10,n14,22,165.000,171.515,6.515,1
1,low,1.5,41,OLSR,1001,n10,n14,22,225.000,230.324,5.324,1
1,low,1.5,41,OLSR,1001,n10,n14,22,285.000,291.372,6.372,1
1,low,1.5,41,DSR,1001,n6,n10,18,75.000,81.372,6.372,1
1,low,1.5,42,DSDV,1001,n10,n14,22,105.000,110.324,5.324,1
1,low,1.5,42,AODV,1001,n10,n14,22,105.000,110.324,5.324,1
1,low,1.5,42,OLSR,1001,n10,n14,22,105.000,110.324,5.324,1
1,low,1.5,42,DSR,1001,n10,n14,22,105.000,110.324,5.324,1
1,low,1.5,44,DSDV,1001,n10,n14,22,105.000,110.556,5.556,1
1,low,1.5,44,AODV,1001,n10,n14,22,105.000,110.556,5.556,1
1,low,1.5,44,OLSR,1001,n10,n14,22,105.000,110.556,5.556,1
1,low,1.5,44,DSR,1001,n10,n14,22,105.000,110.556,5.556,1
1,low,2.0,38,DSDV,1001,n10,n14,22,105.000,110.002,5.002,1
1,low,2.0,38,AODV,1001,n10,n14,22,105.000,110.002,5.002,1
1,low,2.0,38,OLSR,1001,n10,n14,22,105.000,110.002,5.002,1
1,low,2.0,38,DSR,1001,n10,n14,22,105.000,110.002,5.002,1
1,low,2.0,39,DSDV,1001,n10,n14,22,105.000,111.665,6.665,1
1,low,2.0,39,AODV,1001,n10,n14,22,105.000,111.665,6.665,1
1,low,2.0,39,OLSR,1001,n10,n14,22,105.000,111.665,6.665,1
1,low,2.0,39,DSR,1001,n10,n14,22,105.000,111.665,6.665,1
1,low,2.0,40,DSDV,1001,n6,n10,18,75.000,81.515,6.515,1
1,low,2.0,40,DSDV,1001,n6,n5,4,90.000,95.324,5.324,1
1,low,2.0,40,AODV,1001,n6,n10,18,75.000,81.515,6.515,1
1,low,2.0,40,AODV,1001,n6,n5,4,90.000,95.324,5.324,1
1,low,2.0,40,OLSR,1001,n6,n10,18,75.000,81.515,6.515,1
1,low,2.0,40,OLSR,1001,n6,n10,18,135.000,140.324,5.324,1
1,low,2.0,40,DSR,1001,n6,n10,18,75.000,81.515,6.515,1
1,low,2.0,40,DSR,1001,n6,n5,4,90.000,95.324,5.324,1
1,low,2.0,41,DSDV,1001,n6,n10,18,75.000,81.372,6.372,1
1,low,2.0,41,AODV,1001,n6,n10,18,75.000,81.372,6.372,1
1,low,2.0,41,OLSR,1001,n6,n10,18,75.000,81.372,6.372,1
1,low,2.0,41,OLSR,1001,n10,n14,22,165.000,171.515,6.515,1
1,low,2.0,41,OLSR,1001,n10,n14,22,225.000,230.324,5.324,1
1,low,2.0,41,OLSR,1001,n10,n14,22,285.000,291.372,6.372,1
1,low,2.0,41,DSR,1001,n6,n10,18,75.000,81.372,6.372,1
1,low,2.0,42,DSDV,1001,n10,n14,22,105.000,110.324,5.324,1
1,low,2.0,42,AODV,1001,n10,n14,22,105.000,110.324,5.324,1
1,low,2.0,42,OLSR,1001,n10,n14,22,105.000,110.324,5.324,1
1,low,2.0,42,DSR,1001,n10,n14,22,105.000,110.324,5.324,1
1,low,2.0,44,DSDV,1001,n10,n14,22,105.000,110.556,5.556,1
1,low,2.0,44,AODV,1001,n10,n14,22,105.000,110.556,5.556,1
1,low,2.0,44,OLSR,1001,n10,n14,22,105.000,110.556,5.556,1
1,low,2.0,44,DSR,1001,n10,n14,22,105.000,110.556,5.556,1
1,low,3.0,38,DSDV,1001,n10,n14,22,105.000,110.002,5.002,1
1,low,3.0,38,AODV,1001,n10,n14,22,105.000,110.002,5.002,1
1,low,3.0,38,OLSR,1001,n10,n14,22,105.000,110.002,5.002,1
1,low,3.0,38,DSR,1001,n10,n14,22,105.000,110.002,5.002,1
1,low,3.0,39,DSDV,1001,n10,n14,22,105.000,111.665,6.665,1
1,low,3.0,39,AODV,1001,n10,n14,22,105.000,111.665,6.665,1
1,low,3.0,39,OLSR,1001,n10,n14,22,105.000,111.665,6.665,1
1,low,3.0,39,DSR,1001,n10,n14,22,105.000,111.665,6.665,1
1,low,3.0,40,DSDV,1001,n6,n10,18,75.000,81.515,6.515,1
1,low,3.0,40,DSDV,1001,n6,n5,4,90.000,95.324,5.324,1
1,low,3.0,40,AODV,1001,n6,n10,18,75.000,81.515,6.515,1
1,low,3.0,40,AODV,1001,n6,n5,4,90.000,95.324,5.324,1
1,low,3.0,40,OLSR,1001,n6,n10,18,75.000,81.515,6.515,1
1,low,3.0,40,OLSR,1001,n6,n10,18,135.000,140.324,5.324,1
1,low,3.0,40,DSR,1001,n6,n10,18,75.000,81.515,6.515,1
1,low,3.0,40,DSR,1001,n6,n5,4,90.000,95.324,5.324,1
1,low,3.0,41,DSDV,1001,n6,n10,18,75.000,81.372,6.372,1
1,low,3.0,41,AODV,1001,n6,n10,18,75.000,81.372,6.372,1
1,low,3.0,41,OLSR,1001,n6,n10,18,75.000,81.372,6.372,1
1,low,3.0,41,OLSR,1001,n10,n14,22,165.000,171.515,6.515,1
1,low,3.0,41,OLSR,1001,n10,n14,22,225.000,230.324,5.324,1
1,low,3.0,41,OLSR,1001,n10,n14,22,285.000,291.372,6.372,1
1,low,3.0,41,DSR,1001,n6,n10,18,75.000,81.372,6.372,1
1,low,3.0,42,DSDV,1001,n10,n14,22,105.000,110.324,5.324,1
1,low,3.0,42,AODV,1001,n10,n14,22,105.000,110.324,5.324,1
1,low,3.0,42,OLSR,1001,n10,n14,22,105.000,110.324,5.324,1
1,low,3.0,42,DSR,1001,n10,n14,22,105.000,110.324,5.324,1
1,low,3.0,44,DSDV,1001,n10,n14,22,105.000,110.556,5.556,1
1,low,3.0,44,AODV,1001,n10,n14,22,105.000,110.556,5.556,1
1,low,3.0,44,OLSR,1001,n10,n14,22,105.000,110.556,5.556,1
1,low,3.0,44,DSR,1001,n10,n14,22,105.000,110.556,5.556,1
1,low,4.0,38,DSDV,1001,n10,n14,22,105.000,110.002,5.002,1
1,low,4.0,38,AODV,1001,n10,n14,22,105.000,110.002,5.002,1
1,low,4.0,38,OLSR,1001,n10,n14,22,105.000,110.002,5.002,1
1,low,4.0,38,DSR,1001,n10,n14,22,105.000,110.002,5.002,1
1,low,4.0,39,DSDV,1001,n10,n14,22,105.000,111.665,6.665,1
1,low,4.0,39,AODV,1001,n10,n14,22,105.000,111.665,6.665,1
1,low,4.0,39,OLSR,1001,n10,n14,22,105.000,111.665,6.665,1
1,low,4.0,39,DSR,1001,n10,n14,22,105.000,111.665,6.665,1
1,low,4.0,40,DSDV,1001,n6,n10,18,75.000,81.515,6.515,1
1,low,4.0,40,DSDV,1001,n6,n5,4,90.000,95.324,5.324,1
1,low,4.0,40,AODV,1001,n6,n10,18,75.000,81.515,6.515,1
1,low,4.0,40,AODV,1001,n6,n5,4,90.000,95.324,5.324,1
1,low,4.0,40,OLSR,1001,n6,n10,18,75.000,81.515,6.515,1
1,low,4.0,40,OLSR,1001,n6,n10,18,135.000,140.324,5.324,1
1,low,4.0,40,DSR,1001,n6,n10,18,75.000,81.515,6.515,1
1,low,4.0,40,DSR,1001,n6,n5,4,90.000,95.324,5.324,1
1,low,4.0,41,DSDV,1001,n6,n10,18,75.000,81.372,6.372,1
1,low,4.0,41,AODV,1001,n6,n10,18,75.000,81.372,6.372,1
1,low,4.0,41,OLSR,1001,n6,n10,18,75.000,81.372,6.372,1
1,low,4.0,41,OLSR,1001,n10,n14,22,165.000,171.515,6.515,1
1,low,4.0,41,OLSR,1001,n10,n14,22,225.000,230.324,5.324,1
1,low,4.0,41,OLSR,1001,n10,n14,22,285.000,291.372,6.372,1
1,low,4.0,41,DSR,1001,n6,n10,18,75.000,81.372,6.372,1
1,low,4.0,42,DSDV,1001,n10,n14,22,105.000,110.324,5.324,1
1,low,4.0,42,AODV,1001,n10,n14,22,105.000,110.324,5.324,1
1,low,4.0,42,OLSR,1001,n10,n14,22,105.000,110.324,5.324,1
1,low,4.0,42,DSR,1001,n10,n14,22,105.000,110.324,5.324,1
1,low,4.0,44,DSDV,1001,n10,n14,22,105.000,110.556,5.556,1
1,low,4.0,44,AODV,1001,n10,n14,22,105.000,110.556,5.556,1
1,low,4.0,44,OLSR,1001,n10,n14,22,105.000,110.556,5.556,1
1,low,4.0,44,DSR,1001,n10,n14,22,105.000,110.556,5.556,1
1,low,5.0,38,DSDV,1001,n10,n14,22,105.000,110.002,5.002,1
1,low,5.0,38,AODV,1001,n10,n14,22,105.000,110.002,5.002,1
1,low,5.0,38,OLSR,1001,n10,n14,22,105.000,110.002,5.002,1
1,low,5.0,38,DSR,1001,n10,n14,22,105.000,110.002,5.002,1
1,low,5.0,39,DSDV,1001,n10,n14,22,105.000,111.665,6.665,1
1,low,5.0,39,AODV,1001,n10,n14,22,105.000,111.665,6.665,1
1,low,5.0,39,OLSR,1001,n10,n14,22,105.000,111.665,6.665,1
1,low,5.0,39,DSR,1001,n10,n14,22,105.000,111.665,6.665,1
1,low,5.0,40,DSDV,1001,n6,n10,18,75.000,81.515,6.515,1
1,low,5.0,40,DSDV,1001,n6,n5,4,90.000,95.324,5.324,1
1,low,5.0,40,AODV,1001,n6,n10,18,75.000,81.515,6.515,1
1,low,5.0,40,AODV,1001,n6,n5,4,90.000,95.324,5.324,1
1,low,5.0,40,OLSR,1001,n6,n10,18,75.000,81.515,6.515,1
1,low,5.0,40,OLSR,1001,n6,n10,18,135.000,140.324,5.324,1
1,low,5.0,40,DSR,1001,n6,n10,18,75.000,81.515,6.515,1
1,low,5.0,40,DSR,1001,n6,n5,4,90.000,95.324,5.324,1
1,low,5.0,41,DSDV,1001,n6,n10,18,75.000,81.372,6.372,1
1,low,5.0,41,AODV,1001,n6,n10,18,75.000,81.372,6.372,1
1,low,5.0,41,OLSR,1001,n6,n10,18,75.000,81.372,6.372,1
1,low,5.0,41,OLSR,1001,n10,n14,22,165.000,171.515,6.515,1
1,low,5.0,41,OLSR,1001,n10,n14,22,225.000,230.324,5.324,1
1,low,5.0,41,OLSR,1001,n10,n14,22,285.000,291.372,6.372,1
1,low,5.0,41,DSR,1001,n6,n10,18,75.000,81.372,6.372,1
1,low,5.0,42,DSDV,1001,n10,n14,22,105.000,110.324,5.324,1
1,low,5.0,42,AODV,1001,n10,n14,22,105.000,110.324,5.324,1
1,low,5.0,42,OLSR,1001,n10,n14,22,105.000,110.324,5.324,1
1,low,5.0,42,DSR,1001,n10,n14,22,105.000,110.324,5.324,1
1,low,5.0,44,DSDV,1001,n10,n14,22,105.000,110.556,5.556,1
1,low,5.0,44,AODV,1001,n10,n14,22,105.000,110.556,5.556,1
1,low,5.0,44,OLSR,1001,n10,n14,22,105.000,110.556,5.556,1
1,low,5.0,44,DSR,1001,n10,n14,22,105.000,110.556,5.556,1
1,low,6.0,38,DSDV,1001,n10,n14,22,105.000,110.002,5.002,1
1,low,6.0,38,AODV,1001,n10,n14,22,105.000,110.002,5.002,1
1,low,6.0,38,OLSR,1001,n10,n14,22,105.000,110.002,5.002,1
1,low,6.0,38,DSR,1001,n10,n14,22,105.000,110.002,5.002,1
1,low,6.0,39,DSDV,1001,n10,n14,22,105.000,111.665,6.665,1
1,low,6.0,39,AODV,1001,n10,n14,22,105.000,111.665,6.665,1
1,low,6.0,39,OLSR,1001,n10,n14,22,105.000,111.665,6.665,1
1,low,6.0,39,DSR,1001,n10,n14,22,105.000,111.665,6.665,1
1,low,6.0,40,DSDV,1001,n6,n10,18,75.000,81.515,6.515,1
1,low,6.0,40,DSDV,1001,n6,n5,4,90.000,95.324,5.324,1
1,low,6.0,40,AODV,1001,n6,n10,18,75.000,81.515,6.515,1
1,low,6.0,40,AODV,1001,n6,n5,4,90.000,95.324,5.324,1
1,low,6.0,40,OLSR,1001,n6,n10,18,75.000,81.515,6.515,1
1,low,6.0,40,OLSR,1001,n6,n10,18,135.000,140.324,5.324,1
1,low,6.0,40,DSR,1001,n6,n10,18,75.000,81.515,6.515,1
1,low,6.0,40,DSR,1001,n6,n5,4,90.000,95.324,5.324,1
1,low,6.0,41,DSDV,1001,n6,n10,18,75.000,81.372,6.372,1
1,low,6.0,41,AODV,1001,n6,n10,18,75.000,81.372,6.372,1
1,low,6.0,41,OLSR,1001,n6,n10,18,75.000,81.372,6.372,1
1,low,6.0,41,OLSR,1001,n10,n14,22,165.000,171.515,6.515,1
1,low,6.0,41,OLSR,1001,n10,n14,22,225.000,230.324,5.324,1
1,low,6.0,41,OLSR,1001,n10,n14,22,285.000,291.372,6.372,1
1,low,6.0,41,DSR,1001,n6,n10,18,75.000,81.372,6.372,1
1,low,6.0,42,DSDV,1001,n10,n14,22,105.000,110.324,5.324,1
1,low,6.0,42,AODV,1001,n10,n14,22,105.000,110.324,5.324,1
1,low,6.0,42,OLSR,1001,n10,n14,22,105.000,110.324,5.324,1
1,low,6.0,42,DSR,1001,n10,n14,22,105.000,110.324,5.324,1
1,low,6.0,44,DSDV,1001,n10,n14,22,105.000,110.556,5.556,1
1,low,6.0,44,AODV,1001,n10,n14,22,105.000,110.556,5.556,1
1,low,6.0,44,OLSR,1001,n10,n14,22,105.000,110.556,5.556,1
1,low,6.0,44,DSR,1001,n10,n14,22,105.000,110.556,5.556,1
1,low,6.5,38,DSDV,1001,n10,n14,22,105.000,110.002,5.002,1
1,low,6.5,38,AODV,1001,n10,n14,22,105.000,110.002,5.002,1
1,low,6.5,38,OLSR,1001,n10,n14,22,105.000,110.002,5.002,1
1,low,6.5,38,DSR,1001,n10,n14,22,105.000,110.002,5.002,1
1,low,6.5,39,DSDV,1001,n10,n14,22,105.000,111.665,6.665,1
1,low,6.5,39,AODV,1001,n10,n14,22,105.000,111.665,6.665,1
1,low,6.5,39,OLSR,1001,n10,n14,22,105.000,111.665,6.665,1
1,low,6.5,39,DSR,1001,n10,n14,22,105.000,111.665,6.665,1
1,low,6.5,40,DSDV,1001,n6,n10,18,75.000,81.515,6.515,1
1,low,6.5,40,DSDV,1001,n6,n5,4,90.000,95.324,5.324,1
1,low,6.5,40,AODV,1001,n6,n10,18,75.000,81.515,6.515,1
1,low,6.5,40,AODV,1001,n6,n5,4,90.000,95.324,5.324,1
1,low,6.5,40,OLSR,1001,n6,n10,18,75.000,81.515,6.515,1
1,low,6.5,40,OLSR,1001,n6,n10,18,135.000,140.324,5.324,1
1,low,6.5,40,DSR,1001,n6,n10,18,75.000,81.515,6.515,1
1,low,6.5,40,DSR,1001,n6,n5,4,90.000,95.324,5.324,1
1,low,6.5,41,DSDV,1001,n6,n10,18,75.000,81.372,6.372,1
1,low,6.5,41,AODV,1001,n6,n10,18,75.000,81.372,6.372,1
1,low,6.5,41,OLSR,1001,n6,n10,18,75.000,81.372,6.372,1
1,low,6.5,41,OLSR,1001,n10,n14,22,165.000,171.515,6.515,1
1,low,6.5,41,OLSR,1001,n10,n14,22,225.000,230.324,5.324,1
1,low,6.5,41,OLSR,1001,n10,n14,22,285.000,291.372,6.372,1
1,low,6.5,41,DSR,1001,n6,n10,18,75.000,81.372,6.372,1
1,low,6.5,42,DSDV,1001,n10,n14,22,105.000,110.324,5.324,1
1,low,6.5,42,AODV,1001,n10,n14,22,105.000,110.324,5.324,1
1,low,6.5,42,OLSR,1001,n10,n14,22,105.000,110.324,5.324,1
1,low,6.5,42,DSR,1001,n10,n14,22,105.000,110.324,5.324,1
1,low,6.5,44,DSDV,1001,n10,n14,22,105.000,110.556,5.556,1
1,low,6.5,44,AODV,1001,n10,n14,22,105.000,110.556,5.556,1
1,low,6.5,44,OLSR,1001,n10,n14,22,105.000,110.556,5.556,1
1,low,6.5,44,DSR,1001,n10,n14,22,105.000,110.556,5.556,1
1,low,7.0,38,DSDV,1001,n10,n14,22,105.000,110.002,5.002,1
1,low,7.0,38,AODV,1001,n10,n14,22,105.000,110.002,5.002,1
1,low,7.0,38,OLSR,1001,n10,n14,22,105.000,110.002,5.002,1
1,low,7.0,38,DSR,1001,n10,n14,22,105.000,110.002,5.002,1
1,low,7.0,39,DSDV,1001,n10,n14,22,105.000,111.665,6.665,1
1,low,7.0,39,AODV,1001,n10,n14,22,105.000,111.665,6.665,1
1,low,7.0,39,OLSR,1001,n10,n14,22,105.000,111.665,6.665,1
1,low,7.0,39,DSR,1001,n10,n14,22,105.000,111.665,6.665,1
1,low,7.0,40,DSDV,1001,n6,n10,18,75.000,81.515,6.515,1
1,low,7.0,40,DSDV,1001,n6,n5,4,90.000,95.324,5.324,1
1,low,7.0,40,AODV,1001,n6,n10,18,75.000,81.515,6.515,1
1,low,7.0,40,AODV,1001,n6,n5,4,90.000,95.324,5.324,1
1,low,7.0,40,OLSR,1001,n6,n10,18,75.000,81.515,6.515,1
1,low,7.0,40,OLSR,1001,n6,n10,18,135.000,140.324,5.324,1
1,low,7.0,40,DSR,1001,n6,n10,18,75.000,81.515,6.515,1
1,low,7.0,40,DSR,1001,n6,n5,4,90.000,95.324,5.324,1
1,low,7.0,41,DSDV,1001,n6,n10,18,75.000,81.372,6.372,1
1,low,7.0,41,AODV,1001,n6,n10,18,75.000,81.372,6.372,1
1,low,7.0,41,OLSR,1001,n6,n10,18,75.000,81.372,6.372,1
1,low,7.0,41,OLSR,1001,n10,n14,22,165.000,171.515,6.515,1
1,low,7.0,41,OLSR,1001,n10,n14,22,225.000,230.324,5.324,1
1,low,7.0,41,OLSR,1001,n10,n14,22,285.000,291.372,6.372,1
1,low,7.0,41,DSR,1001,n6,n10,18,75.000,81.372,6.372,1
1,low,7.0,42,DSDV,1001,n10,n14,22,105.000,110.324,5.324,1
1,low,7.0,42,AODV,1001,n10,n14,22,105.000,110.324,5.324,1
1,low,7.0,42,OLSR,1001,n10,n14,22,105.000,110.324,5.324,1
1,low,7.0,42,DSR,1001,n10,n14,22,105.000,110.324,5.324,1
1,low,7.0,44,DSDV,1001,n10,n14,22,105.000,110.556,5.556,1
1,low,7.0,44,AODV,1001,n10,n14,22,105.000,110.556,5.556,1
1,low,7.0,44,OLSR,1001,n10,n14,22,105.000,110.556,5.556,1
1,low,7.0,44,DSR,1001,n10,n14,22,105.000,110.556,5.556,1
1,low,8.0,38,DSDV,1001,n10,n14,22,105.000,110.002,5.002,1
1,low,8.0,38,AODV,1001,n10,n14,22,105.000,110.002,5.002,1
1,low,8.0,38,OLSR,1001,n10,n14,22,105.000,110.002,5.002,1
1,low,8.0,38,DSR,1001,n10,n14,22,105.000,110.002,5.002,1
1,low,8.0,39,DSDV,1001,n10,n14,22,105.000,111.665,6.665,1
1,low,8.0,39,AODV,1001,n10,n14,22,105.000,111.665,6.665,1
1,low,8.0,39,OLSR,1001,n10,n14,22,105.000,111.665,6.665,1
1,low,8.0,39,DSR,1001,n10,n14,22,105.000,111.665,6.665,1
1,low,8.0,40,DSDV,1001,n6,n10,18,75.000,81.515,6.515,1
1,low,8.0,40,DSDV,1001,n6,n5,4,90.000,95.324,5.324,1
1,low,8.0,40,AODV,1001,n6,n10,18,75.000,81.515,6.515,1
1,low,8.0,40,AODV,1001,n6,n5,4,90.000,95.324,5.324,1
1,low,8.0,40,OLSR,1001,n6,n10,18,75.000,81.515,6.515,1
1,low,8.0,40,OLSR,1001,n6,n10,18,135.000,140.324,5.324,1
1,low,8.0,40,DSR,1001,n6,n10,18,75.000,81.515,6.515,1
1,low,8.0,40,DSR,1001,n6,n5,4,90.000,95.324,5.324,1
1,low,8.0,41,DSDV,1001,n6,n10,18,75.000,81.372,6.372,1
1,low,8.0,41,AODV,1001,n6,n10,18,75.000,81.372,6.372,1
1,low,8.0,41,OLSR,1001,n6,n10,18,75.000,81.372,6.372,1
1,low,8.0,41,OLSR,1001,n10,n14,22,165.000,171.515,6.515,1
1,low,8.0,41,OLSR,1001,n10,n14,22,225.000,230.324,5.324,1
1,low,8.0,41,OLSR,1001,n10,n14,22,285.000,291.372,6.372,1
1,low,8.0,41,DSR,1001,n6,n10,18,75.000,81.372,6.372,1
1,low,8.0,42,DSDV,1001,n10,n14,22,105.000,110.324,5.324,1
1,low,8.0,42,AODV,1001,n10,n14,22,105.000,110.324,5.324,1
1,low,8.0,42,OLSR,1001,n10,n14,22,105.000,110.324,5.324,1
1,low,8.0,42,DSR,1001,n10,n14,22,105.000,110.324,5.324,1
1,low,8.0,44,DSDV,1001,n10,n14,22,105.000,110.556,5.556,1
1,low,8.0,44,AODV,1001,n10,n14,22,105.000,110.556,5.556,1
1,low,8.0,44,OLSR,1001,n10,n14,22,105.000,110.556,5.556,1
1,low,8.0,44,DSR,1001,n10,n14,22,105.000,110.556,5.556,1
1,low,10.0,38,DSDV,1001,n10,n14,22,105.000,110.002,5.002,1
1,low,10.0,38,AODV,1001,n10,n14,22,105.000,110.002,5.002,1
1,low,10.0,38,OLSR,1001,n10,n14,22,105.000,110.002,5.002,1
1,low,10.0,38,DSR,1001,n10,n14,22,105.000,110.002,5.002,1
1,low,10.0,39,DSDV,1001,n10,n14,22,105.000,111.665,6.665,1
1,low,10.0,39,AODV,1001,n10,n14,22,105.000,111.665,6.665,1
1,low,10.0,39,OLSR,1001,n10,n14,22,105.000,111.665,6.665,1
1,low,10.0,39,DSR,1001,n10,n14,22,105.000,111.665,6.665,1
1,low,10.0,40,DSDV,1001,n6,n10,18,75.000,81.515,6.515,1
1,low,10.0,40,DSDV,1001,n6,n5,4,90.000,95.324,5.324,1
1,low,10.0,40,AODV,1001,n6,n10,18,75.000,81.515,6.515,1
1,low,10.0,40,AODV,1001,n6,n5,4,90.000,95.324,5.324,1
1,low,10.0,40,OLSR,1001,n6,n10,18,75.000,81.515,6.515,1
1,low,10.0,40,OLSR,1001,n6,n10,18,135.000,140.324,5.324,1
1,low,10.0,40,DSR,1001,n6,n10,18,75.000,81.515,6.515,1
1,low,10.0,40,DSR,1001,n6,n5,4,90.000,95.324,5.324,1
1,low,10.0,41,DSDV,1001,n6,n10,18,75.000,81.372,6.372,1
1,low,10.0,41,AODV,1001,n6,n10,18,75.000,81.372,6.372,1
1,low,10.0,41,OLSR,1001,n6,n10,18,75.000,81.372,6.372,1
1,low,10.0,41,OLSR,1001,n10,n14,22,165.000,171.515,6.515,1
1,low,10.0,41,OLSR,1001,n10,n14,22,225.000,230.324,5.324,1
1,low,10.0,41,OLSR,1001,n10,n14,22,285.000,291.372,6.372,1
1,low,10.0,41,DSR,1001,n6,n10,18,75.000,81.372,6.372,1
1,low,10.0,42,DSDV,1001,n10,n14,22,105.000,110.324,5.324,1
1,low,10.0,42,AODV,1001,n10,n14,22,105.000,110.324,5.324,1
1,low,10.0,42,OLSR,1001,n10,n14,22,105.000,110.324,5.324,1
1,low,10.0,42,DSR,1001,n10,n14,22,105.000,110.324,5.324,1
1,low,10.0,44,DSDV,1001,n10,n14,22,105.000,110.556,5.556,1
1,low,10.0,44,AODV,1001,n10,n14,22,105.000,110.556,5.556,1
1,low,10.0,44,OLSR,1001,n10,n14,22,105.000,110.556,5.556,1
1,low,10.0,44,DSR,1001,n10,n14,22,105.000,110.556,5.556,1
1,medium,0.25,37,sim,1001,n6,n10,18,75.000,80.765,5.765,1
1,medium,0.25,37,sim,1001,n6,n5,4,90.000,99.437,9.437,1
1,medium,0.25,37,sim,1001,n6,n10,18,135.000,140.891,5.891,1
1,medium,0.25,37,sim,1001,n6,n5,4,150.000,157.182,7.182,1
1,medium,0.25,37,sim,1001,n6,n10,18,195.000,200.645,5.645,1
1,medium,0.25,37,sim,1001,n6,n5,4,210.000,215.378,5.378,1
1,medium,0.25,37,sim,1001,n6,n10,18,255.000,260.510,5.510,1
1,medium,0.25,37,AODV,1001,n6,n10,18,75.000,80.765,5.765,1
1,medium,0.25,37,AODV,1001,n6,n5,4,90.000,99.437,9.437,1
1,medium,0.25,37,AODV,1001,n6,n10,18,135.000,140.891,5.891,1
1,medium,0.25,37,AODV,1001,n6,n5,4,150.000,157.182,7.182,1
1,medium,0.25,37,AODV,1001,n6,n10,18,195.000,200.645,5.645,1
1,medium,0.25,37,AODV,1001,n6,n5,4,210.000,215.378,5.378,1
1,medium,0.25,37,AODV,1001,n6,n10,18,255.000,260.510,5.510,1
1,medium,0.25,37,OLSR,1001,n6,n10,18,75.000,80.765,5.765,1
1,medium,0.25,37,OLSR,1001,n6,n10,18,135.000,144.437,9.437,1
1,medium,0.25,37,OLSR,1001,n6,n10,18,195.000,200.891,5.891,1
1,medium,0.25,37,OLSR,1001,n6,n10,18,255.000,262.182,7.182,1
1,medium,0.25,37,OLSR,1001,n6,n10,18,315.000,320.645,5.645,1
1,medium,0.25,37,OLSR,1001,n6,n10,18,375.000,380.378,5.378,1
1,medium,0.25,37,OLSR,1001,n6,n10,18,435.000,440.510,5.510,1
1,medium,0.25,37,OLSR,1001,n10,n14,22,525.000,530.363,5.363,1
1,medium,0.25,37,OLSR,1001,n10,n14,22,585.000,590.532,5.532,1
1,medium,0.25,37,OLSR,1001,n10,n14,22,645.000,650.510,5.510,1
1,medium,0.25,37,DSR,1001,n6,n10,18,75.000,80.765,5.765,1
1,medium,0.25,37,DSR,1001,n6,n5,4,90.000,99.437,9.437,1
1,medium,0.25,37,DSR,1001,n6,n10,18,135.000,140.891,5.891,1
1,medium,0.25,37,DSR,1001,n6,n5,4,150.000,157.182,7.182,1
1,medium,0.25,37,DSR,1001,n6,n5,4,210.000,215.645,5.645,1
1,medium,0.25,37,DSR,1001,n6,n10,18,255.000,260.378,5.378,1
1,medium,0.25,37,DSR,1001,n6,n5,4,270.000,275.510,5.510,1
1,medium,0.25,38,DSDV,1001,n6,n10,18,75.000,80.891,5.891,1
1,medium,0.25,38,DSDV,1001,n6,n5,4,90.000,97.182,7.182,1
1,medium,0.25,38,DSDV,1001,n6,n10,18,135.000,140.765,5.765,1
1,medium,0.25,38,DSDV,1001,n6,n5,4,150.000,159.437,9.437,1
1,medium,0.25,38,DSDV,1001,n10,n14,22,225.000,232.182,7.182,1
1,medium,0.25,38,DSDV,1001,n10,n9,7,240.000,246.834,6.834,1
1,medium,0.25,38,DSDV,1001,n10,n14,22,285.000,291.156,6.156,1
1,medium,0.25,38,DSDV,1001,n10,n9,7,300.000,305.510,5.510,1
1,medium,0.25,38,AODV,1001,n6,n10,18,75.000,80.891,5.891,1
1,medium,0.25,38,AODV,1001,n6,n5,4,90.000,97.182,7.182,1
1,medium,0.25,38,AODV,1001,n6,n10,18,135.000,140.765,5.765,1
1,medium,0.25,38,AODV,1001,n6,n5,4,150.000,159.437,9.437,1
1,medium,0.25,38,AODV,1001,n10,n14,22,225.000,232.182,7.182,1
1,medium,0.25,38,AODV,1001,n10,n9,7,240.000,246.834,6.834,1
1,medium,0.25,38,AODV,1001,n10,n14,22,285.000,291.156,6.156,1
1,medium,0.25,38,AODV,1001,n10,n9,7,300.000,305.510,5.510,1
1,medium,0.25,38,OLSR,1001,n6,n10,18,75.000,80.891,5.891,1
1,medium,0.25,38,OLSR,1001,n6,n10,18,135.000,142.182,7.182,1
1,medium,0.25,38,OLSR,1001,n6,n10,18,195.000,200.765,5.765,1
1,medium,0.25,38,OLSR,1001,n6,n10,18,255.000,264.437,9.437,1
1,medium,0.25,38,OLSR,1001,n10,n14,22,345.000,352.182,7.182,1
1,medium,0.25,38,OLSR,1001,n10,n14,22,405.000,411.834,6.834,1
1,medium,0.25,38,OLSR,1001,n10,n14,22,465.000,471.156,6.156,1
1,medium,0.25,38,OLSR,1001,n10,n14,22,525.000,530.510,5.510,1
1,medium,0.25,38,DSR,1001,n6,n10,18,75.000,80.891,5.891,1
1,medium,0.25,38,DSR,1001,n6,n5,4,90.000,97.182,7.182,1
1,medium,0.25,38,DSR,1001,n6,n5,4,150.000,155.765,5.765,1
1,medium,0.25,38,DSR,1001,n6,n10,18,195.000,204.437,9.437,1
1,medium,0.25,39,DSDV,1001,n6,n10,18,75.000,80.645,5.645,1
1,medium,0.25,39,DSDV,1001,n6,n5,4,90.000,95.378,5.378,1
1,medium,0.25,39,DSDV,1001,n10,n14,22,165.000,172.182,7.182,1
1,medium,0.25,39,DSDV,1001,n10,n9,7,180.000,185.645,5.645,1
1,medium,0.25,39,DSDV,1001,n10,n14,22,225.000,230.378,5.378,1
1,medium,0.25,39,DSDV,1001,n10,n9,7,240.000,245.510,5.510,1
1,medium,0.25,39,AODV,1001,n6,n10,18,75.000,80.645,5.645,1
1,medium,0.25,39,AODV,1001,n6,n5,4,90.000,95.378,5.378,1
1,medium,0.25,39,AODV,1001,n10,n14,22,165.000,172.182,7.182,1
1,medium,0.25,39,AODV,1001,n10,n9,7,180.000,185.645,5.645,1
1,medium,0.25,39,AODV,1001,n10,n14,22,225.000,230.378,5.378,1
1,medium,0.25,39,AODV,1001,n10,n9,7,240.000,245.510,5.510,1
1,medium,0.25,39,OLSR,1001,n6,n10,18,75.000,80.645,5.645,1
1,medium,0.25,39,OLSR,1001,n6,n10,18,135.000,140.378,5.378,1
1,medium,0.25,39,OLSR,1001,n10,n14,22,225.000,232.182,7.182,1
1,medium,0.25,39,OLSR,1001,n10,n14,22,285.000,290.645,5.645,1
1,medium,0.25,39,OLSR,1001,n10,n14,22,345.000,350.378,5.378,1
1,medium,0.25,39,OLSR,1001,n10,n14,22,405.000,410.510,5.510,1
1,medium,0.25,39,DSR,1001,n6,n10,18,75.000,80.645,5.645,1
1,medium,0.25,39,DSR,1001,n6,n5,4,90.000,95.378,5.378,1
1,medium,0.25,40,DSDV,1001,n6,n10,18,75.000,84.209,9.209,1
1,medium,0.25,40,DSDV,1001,n6,n5,4,90.000,97.422,7.422,1
1,medium,0.25,40,DSDV,1001,n10,n14,22,165.000,170.178,5.178,1
1,medium,0.25,40,DSDV,1001,n10,n9,7,180.000,189.209,9.209,1
1,medium,0.25,40,DSDV,1001,n10,n14,22,225.000,232.422,7.422,1
1,medium,0.25,40,DSDV,1001,n10,n9,7,240.000,246.323,6.323,1
1,medium,0.25,40,AODV,1001,n6,n10,18,75.000,84.209,9.209,1
1,medium,0.25,40,AODV,1001,n6,n5,4,90.000,97.422,7.422,1
1,medium,0.25,40,AODV,1001,n10,n14,22,165.000,170.178,5.178,1
1,medium,0.25,40,AODV,1001,n10,n9,7,180.000,189.209,9.209,1
1,medium,0.25,40,AODV,1001,n10,n14,22,225.000,232.422,7.422,1
1,medium,0.25,40,AODV,1001,n10,n9,7,240.000,246.323,6.323,1
1,medium,0.25,40,OLSR,1001,n6,n10,18,75.000,84.209,9.209,1
1,medium,0.25,40,OLSR,1001,n6,n10,18,135.000,142.422,7.422,1
1,medium,0.25,40,OLSR,1001,n10,n14,22,225.000,230.178,5.178,1
1,medium,0.25,40,OLSR,1001,n10,n14,22,285.000,294.209,9.209,1
1,medium,0.25,40,OLSR,1001,n10,n14,22,345.000,352.422,7.422,1
1,medium,0.25,40,OLSR,1001,n10,n14,22,405.000,411.323,6.323,1
1,medium,0.25,40,DSR,1001,n6,n10,18,75.000,84.209,9.209,1
1,medium,0.25,40,DSR,1001,n6,n5,4,90.000,97.422,7.422,1
1,medium,0.25,41,DSDV,1001,n6,n10,18,75.000,84.029,9.029,1
1,medium,0.25,41,DSDV,1001,n6,n5,4,90.000,95.178,5.178,1
1,medium,0.25,41,DSDV,1001,n6,n10,18,135.000,140.505,5.505,1
1,medium,0.25,41,DSDV,1001,n6,n5,4,150.000,158.969,8.969,1
1,medium,0.25,41,DSDV,1001,n10,n14,22,225.000,230.178,5.178,1
1,medium,0.25,41,AODV,1001,n6,n10,18,75.000,84.029,9.029,1
1,medium,0.25,41,AODV,1001,n6,n5,4,90.000,95.178,5.178,1
1,medium,0.25,41,AODV,1001,n6,n5,4,150.000,155.505,5.505,1
1,medium,0.25,41,AODV,1001,n6,n10,18,195.000,203.969,8.969,1
1,medium,0.25,41,OLSR,1001,n6,n10,18,75.000,84.029,9.029,1
1,medium,0.25,41,OLSR,1001,n6,n10,18,135.000,140.178,5.178,1
1,medium,0.25,41,OLSR,1001,n6,n10,18,195.000,200.505,5.505,1
1,medium,0.25,41,OLSR,1001,n6,n10,18,255.000,263.969,8.969,1
1,medium,0.25,41,OLSR,1001,n10,n14,22,345.000,350.178,5.178,1
1,medium,0.25,41,DSR,1001,n6,n10,18,75.000,84.029,9.029,1
1,medium,0.25,41,DSR,1001,n6,n5,4,90.000,95.178,5.178,1
1,medium,0.25,41,DSR,1001,n6,n5,4,150.000,155.505,5.505,1
1,medium,0.25,41,DSR,1001,n6,n10,18,195.000,203.969,8.969,1
1,medium,0.25,42,DSDV,1001,n6,n10,18,75.000,80.505,5.505,1
1,medium,0.25,42,DSDV,1001,n6,n5,4,90.000,98.969,8.969,1
1,medium,0.25,42,DSDV,1001,n6,n10,18,135.000,144.029,9.029,1
1,medium,0.25,42,DSDV,1001,n6,n5,4,150.000,155.178,5.178,1
1,medium,0.25,42,DSDV,1001,n6,n10,18,195.000,204.209,9.209,1
1,medium,0.25,42,DSDV,1001,n6,n5,4,210.000,217.422,7.422,1
1,medium,0.25,42,DSDV,1001,n6,n10,18,255.000,261.323,6.323,1
1,medium,0.25,42,AODV,1001,n6,n10,18,75.000,80.505,5.505,1
1,medium,0.25,42,AODV,1001,n6,n5,4,90.000,98.969,8.969,1
1,medium,0.25,42,AODV,1001,n6,n10,18,135.000,144.029,9.029,1
1,medium,0.25,42,AODV,1001,n6,n5,4,150.000,155.178,5.178,1
1,medium,0.25,42,AODV,1001,n6,n5,4,210.000,219.209,9.209,1
1,medium,0.25,42,AODV,1001,n6,n10,18,255.000,262.422,7.422,1
1,medium,0.25,42,AODV,1001,n6,n5,4,270.000,276.323,6.323,1
1,medium,0.25,42,OLSR,1001,n6,n10,18,75.000,80.505,5.505,1
1,medium,0.25,42,OLSR,1001,n6,n10,18,135.000,143.969,8.969,1
1,medium,0.25,42,OLSR,1001,n6,n10,18,195.000,204.029,9.029,1
1,medium,0.25,42,OLSR,1001,n6,n10,18,255.000,260.178,5.178,1
1,medium,0.25,42,OLSR,1001,n6,n10,18,315.000,324.209,9.209,1
1,medium,0.25,42,OLSR,1001,n6,n10,18,375.000,382.422,7.422,1
1,medium,0.25,42,OLSR,1001,n6,n10,18,435.000,441.323,6.323,1
1,medium,0.25,42,DSR,1001,n6,n10,18,75.000,80.505,5.505,1
1,medium,0.25,42,DSR,1001,n6,n5,4,90.000,98.969,8.969,1
1,medium,0.25,42,DSR,1001,n6,n10,18,135.000,144.029,9.029,1
1,medium,0.25,42,DSR,1001,n6,n5,4,150.000,155.178,5.178,1
1,medium,0.25,42,DSR,1001,n6,n5,4,210.000,219.209,9.209,1
1,medium,0.25,42,DSR,1001,n6,n10,18,255.000,262.422,7.422,1
1,medium,0.25,42,DSR,1001,n6,n5,4,270.000,276.323,6.323,1
1,medium,0.25,43,DSDV,1001,n10,n14,22,105.000,110.178,5.178,1
1,medium,0.25,43,DSDV,1001,n10,n9,7,120.000,125.505,5.505,1
1,medium,0.25,43,DSDV,1001,n10,n14,22,165.000,173.969,8.969,1
1,medium,0.25,43,AODV,1001,n10,n14,22,105.000,110.178,5.178,1
1,medium,0.25,43,AODV,1001,n10,n9,7,120.000,125.505,5.505,1
1,medium,0.25,43,AODV,1001,n10,n14,22,165.000,173.969,8.969,1
1,medium,0.25,43,OLSR,1001,n10,n14,22,105.000,110.178,5.178,1
1,medium,0.25,43,OLSR,1001,n10,n14,22,165.000,170.505,5.505,1
1,medium,0.25,43,OLSR,1001,n10,n14,22,225.000,233.969,8.969,1
1,medium,0.25,43,DSR,1001,n10,n14,22,105.000,110.178,5.178,1
1,medium,0.25,43,DSR,1001,n10,n9,7,120.000,125.505,5.505,1
1,medium,0.25,43,DSR,1001,n10,n9,7,180.000,188.969,8.969,1
1,medium,0.25,44,DSDV,1001,n6,n10,18,75.000,80.465,5.465,1
1,medium,0.25,44,AODV,1001,n6,n10,18,75.000,80.465,5.465,1
1,medium,0.25,44,OLSR,1001,n6,n10,18,75.000,80.465,5.465,1
1,medium,0.25,44,DSR,1001,n6,n10,18,75.000,80.465,5.465,1
1,medium,0.5,37,sim,1001,n6,n10,18,75.000,80.765,5.765,1
1,medium,0.5,37,sim,1001,n6,n5,4,90.000,99.437,9.437,1
1,medium,0.5,37,sim,1001,n6,n10,18,135.000,140.891,5.891,1
1,medium,0.5,37,sim,1001,n6,n5,4,150.000,157.182,7.182,1
1,medium,0.5,37,sim,1001,n6,n10,18,195.000,200.645,5.645,1
1,medium,0.5,37,sim,1001,n6,n5,4,210.000,215.378,5.378,1
1,medium,0.5,37,sim,1001,n6,n10,18,255.000,260.510,5.510,1
1,medium,0.5,37,AODV,1001,n6,n10,18,75.000,80.765,5.765,1
1,medium,0.5,37,AODV,1001,n6,n5,4,90.000,99.437,9.437,1
1,medium,0.5,37,AODV,1001,n6,n10,18,135.000,140.891,5.891,1
1,medium,0.5,37,AODV,1001,n6,n5,4,150.000,157.182,7.182,1
1,medium,0.5,37,AODV,1001,n6,n10,18,195.000,200.645,5.645,1
1,medium,0.5,37,AODV,1001,n6,n5,4,210.000,215.378,5.378,1
1,medium,0.5,37,AODV,1001,n6,n10,18,255.000,260.510,5.510,1
1,medium,0.5,37,OLSR,1001,n6,n10,18,75.000,80.765,5.765,1
1,medium,0.5,37,OLSR,1001,n6,n10,18,135.000,144.437,9.437,1
1,medium,0.5,37,OLSR,1001,n6,n10,18,195.000,200.891,5.891,1
1,medium,0.5,37,OLSR,1001,n6,n10,18,255.000,262.182,7.182,1
1,medium,0.5,37,OLSR,1001,n6,n10,18,315.000,320.645,5.645,1
1,medium,0.5,37,OLSR,1001,n6,n10,18,375.000,380.378,5.378,1
1,medium,0.5,37,OLSR,1001,n6,n10,18,435.000,440.510,5.510,1
1,medium,0.5,37,OLSR,1001,n10,n14,22,525.000,530.363,5.363,1
1,medium,0.5,37,OLSR,1001,n10,n14,22,585.000,590.532,5.532,1
1,medium,0.5,37,OLSR,1001,n10,n14,22,645.000,650.510,5.510,1
1,medium,0.5,37,DSR,1001,n6,n10,18,75.000,80.765,5.765,1
1,medium,0.5,37,DSR,1001,n6,n5,4,90.000,99.437,9.437,1
1,medium,0.5,37,DSR,1001,n6,n10,18,135.000,140.891,5.891,1
1,medium,0.5,37,DSR,1001,n6,n5,4,150.000,157.182,7.182,1
1,medium,0.5,37,DSR,1001,n6,n5,4,210.000,215.645,5.645,1
1,medium,0.5,37,DSR,1001,n6,n10,18,255.000,260.378,5.378,1
1,medium,0.5,37,DSR,1001,n6,n5,4,270.000,275.510,5.510,1
1,medium,0.5,38,DSDV,1001,n6,n10,18,75.000,80.891,5.891,1
1,medium,0.5,38,DSDV,1001,n6,n5,4,90.000,97.182,7.182,1
1,medium,0.5,38,DSDV,1001,n6,n10,18,135.000,140.765,5.765,1
1,medium,0.5,38,DSDV,1001,n6,n5,4,150.000,159.437,9.437,1
1,medium,0.5,38,DSDV,1001,n10,n14,22,225.000,232.182,7.182,1
1,medium,0.5,38,DSDV,1001,n10,n9,7,240.000,246.834,6.834,1
1,medium,0.5,38,DSDV,1001,n10,n14,22,285.000,291.156,6.156,1
1,medium,0.5,38,DSDV,1001,n10,n9,7,300.000,305.510,5.510,1
1,medium,0.5,38,AODV,1001,n6,n10,18,75.000,80.891,5.891,1
1,medium,0.5,38,AODV,1001,n6,n5,4,90.000,97.182,7.182,1
1,medium,0.5,38,AODV,1001,n6,n10,18,135.000,140.765,5.765,1
1,medium,0.5,38,AODV,1001,n6,n5,4,150.000,159.437,9.437,1
1,medium,0.5,38,AODV,1001,n10,n14,22,225.000,232.182,7.182,1
1,medium,0.5,38,AODV,1001,n10,n9,7,240.000,246.834,6.834,1
1,medium,0.5,38,AODV,1001,n10,n14,22,285.000,291.156,6.156,1
1,medium,0.5,38,AODV,1001,n10,n9,7,300.000,305.510,5.510,1
1,medium,0.5,38,OLSR,1001,n6,n10,18,75.000,80.891,5.891,1
1,medium,0.5,38,OLSR,1001,n6,n10,18,135.000,142.182,7.182,1
1,medium,0.5,38,OLSR,1001,n6,n10,18,195.000,200.765,5.765,1
1,medium,0.5,38,OLSR,1001,n6,n10,18,255.000,264.437,9.437,1
1,medium,0.5,38,OLSR,1001,n10,n14,22,345.000,352.182,7.182,1
1,medium,0.5,38,OLSR,1001,n10,n14,22,405.000,411.834,6.834,1
1,medium,0.5,38,OLSR,1001,n10,n14,22,465.000,471.156,6.156,1
1,medium,0.5,38,OLSR,1001,n10,n14,22,525.000,530.510,5.510,1
1,medium,0.5,38,DSR,1001,n6,n10,18,75.000,80.891,5.891,1
1,medium,0.5,38,DSR,1001,n6,n5,4,90.000,97.182,7.182,1
1,medium,0.5,38,DSR,1001,n6,n5,4,150.000,155.765,5.765,1
1,medium,0.5,38,DSR,1001,n6,n10,18,195.000,204.437,9.437,1
1,medium,0.5,39,DSDV,1001,n6,n10,18,75.000,80.645,5.645,1
1,medium,0.5,39,DSDV,1001,n6,n5,4,90.000,95.378,5.378,1
1,medium,0.5,39,DSDV,1001,n10,n14,22,165.000,172.182,7.182,1
1,medium,0.5,39,DSDV,1001,n10,n9,7,180.000,185.645,5.645,1
1,medium,0.5,39,DSDV,1001,n10,n14,22,225.000,230.378,5.378,1
1,medium,0.5,39,DSDV,1001,n10,n9,7,240.000,245.510,5.510,1
1,medium,0.5,39,AODV,1001,n6,n10,18,75.000,80.645,5.645,1
1,medium,0.5,39,AODV,1001,n6,n5,4,90.000,95.378,5.378,1
1,medium,0.5,39,AODV,1001,n10,n14,22,165.000,172.182,7.182,1
1,medium,0.5,39,AODV,1001,n10,n9,7,180.000,185.645,5.645,1
1,medium,0.5,39,AODV,1001,n10,n14,22,225.000,230.378,5.378,1
1,medium,0.5,39,AODV,1001,n10,n9,7,240.000,245.510,5.510,1
1,medium,0.5,39,OLSR,1001,n6,n10,18,75.000,80.645,5.645,1
1,medium,0.5,39,OLSR,1001,n6,n10,18,135.000,140.378,5.378,1
1,medium,0.5,39,OLSR,1001,n10,n14,22,225.000,232.182,7.182,1
1,medium,0.5,39,OLSR,1001,n10,n14,22,285.000,290.645,5.645,1
1,medium,0.5,39,OLSR,1001,n10,n14,22,345.000,350.378,5.378,1
1,medium,0.5,39,OLSR,1001,n10,n14,22,405.000,410.510,5.510,1
1,medium,0.5,39,DSR,1001,n6,n10,18,75.000,80.645,5.645,1
1,medium,0.5,39,DSR,1001,n6,n5,4,90.000,95.378,5.378,1
1,medium,0.5,40,DSDV,1001,n6,n10,18,75.000,84.209,9.209,1
1,medium,0.5,40,DSDV,1001,n6,n5,4,90.000,97.422,7.422,1
1,medium,0.5,40,DSDV,1001,n10,n14,22,165.000,170.178,5.178,1
1,medium,0.5,40,DSDV,1001,n10,n9,7,180.000,189.209,9.209,1
1,medium,0.5,40,DSDV,1001,n10,n14,22,225.000,232.422,7.422,1
1,medium,0.5,40,DSDV,1001,n10,n9,7,240.000,246.323,6.323,1
1,medium,0.5,40,AODV,1001,n6,n10,18,75.000,84.209,9.209,1
1,medium,0.5,40,AODV,1001,n6,n5,4,90.000,97.422,7.422,1
1,medium,0.5,40,AODV,1001,n10,n14,22,165.000,170.178,5.178,1
1,medium,0.5,40,AODV,1001,n10,n9,7,180.000,189.209,9.209,1
1,medium,0.5,40,AODV,1001,n10,n14,22,225.000,232.422,7.422,1
1,medium,0.5,40,AODV,1001,n10,n9,7,240.000,246.323,6.323,1
1,medium,0.5,40,OLSR,1001,n6,n10,18,75.000,84.209,9.209,1
1,medium,0.5,40,OLSR,1001,n6,n10,18,135.000,142.422,7.422,1
1,medium,0.5,40,OLSR,1001,n10,n14,22,225.000,230.178,5.178,1
1,medium,0.5,40,OLSR,1001,n10,n14,22,285.000,294.209,9.209,1
1,medium,0.5,40,OLSR,1001,n10,n14,22,345.000,352.422,7.422,1
1,medium,0.5,40,OLSR,1001,n10,n14,22,405.000,411.323,6.323,1
1,medium,0.5,40,DSR,1001,n6,n10,18,75.000,84.209,9.209,1
1,medium,0.5,40,DSR,1001,n6,n5,4,90.000,97.422,7.422,1
1,medium,0.5,41,DSDV,1001,n6,n10,18,75.000,84.029,9.029,1
1,medium,0.5,41,DSDV,1001,n6,n5,4,90.000,95.178,5.178,1
1,medium,0.5,41,DSDV,1001,n6,n10,18,135.000,140.505,5.505,1
1,medium,0.5,41,DSDV,1001,n6,n5,4,150.000,158.969,8.969,1
1,medium,0.5,41,DSDV,1001,n10,n14,22,225.000,230.178,5.178,1
1,medium,0.5,41,AODV,1001,n6,n10,18,75.000,84.029,9.029,1
1,medium,0.5,41,AODV,1001,n6,n5,4,90.000,95.178,5.178,1
1,medium,0.5,41,AODV,1001,n6,n5,4,150.000,155.505,5.505,1
1,medium,0.5,41,AODV,1001,n6,n10,18,195.000,203.969,8.969,1
1,medium,0.5,41,OLSR,1001,n6,n10,18,75.000,84.029,9.029,1
1,medium,0.5,41,OLSR,1001,n6,n10,18,135.000,140.178,5.178,1
1,medium,0.5,41,OLSR,1001,n6,n10,18,195.000,200.505,5.505,1
1,medium,0.5,41,OLSR,1001,n6,n10,18,255.000,263.969,8.969,1
1,medium,0.5,41,OLSR,1001,n10,n14,22,345.000,350.178,5.178,1
1,medium,0.5,41,DSR,1001,n6,n10,18,75.000,84.029,9.029,1
1,medium,0.5,41,DSR,1001,n6,n5,4,90.000,95.178,5.178,1
1,medium,0.5,41,DSR,1001,n6,n5,4,150.000,155.505,5.505,1
1,medium,0.5,41,DSR,1001,n6,n10,18,195.000,203.969,8.969,1
1,medium,0.5,42,DSDV,1001,n6,n10,18,75.000,80.505,5.505,1
1,medium,0.5,42,DSDV,1001,n6,n5,4,90.000,98.969,8.969,1
1,medium,0.5,42,DSDV,1001,n6,n10,18,135.000,144.029,9.029,1
1,medium,0.5,42,DSDV,1001,n6,n5,4,150.000,155.178,5.178,1
1,medium,0.5,42,DSDV,1001,n6,n10,18,195.000,204.209,9.209,1
1,medium,0.5,42,DSDV,1001,n6,n5,4,210.000,217.422,7.422,1
1,medium,0.5,42,DSDV,1001,n6,n10,18,255.000,261.323,6.323,1
1,medium,0.5,42,AODV,1001,n6,n10,18,75.000,80.505,5.505,1
1,medium,0.5,42,AODV,1001,n6,n5,4,90.000,98.969,8.969,1
1,medium,0.5,42,AODV,1001,n6,n10,18,135.000,144.029,9.029,1
1,medium,0.5,42,AODV,1001,n6,n5,4,150.000,155.178,5.178,1
1,medium,0.5,42,AODV,1001,n6,n5,4,210.000,219.209,9.209,1
1,medium,0.5,42,AODV,1001,n6,n10,18,255.000,262.422,7.422,1
1,medium,0.5,42,AODV,1001,n6,n5,4,270.000,276.323,6.323,1
1,medium,0.5,42,OLSR,1001,n6,n10,18,75.000,80.505,5.505,1
1,medium,0.5,42,OLSR,1001,n6,n10,18,135.000,143.969,8.969,1
1,medium,0.5,42,OLSR,1001,n6,n10,18,195.000,204.029,9.029,1
1,medium,0.5,42,OLSR,1001,n6,n10,18,255.000,260.178,5.178,1
1,medium,0.5,42,OLSR,1001,n6,n10,18,315.000,324.209,9.209,1
1,medium,0.5,42,OLSR,1001,n6,n10,18,375.000,382.422,7.422,1
1,medium,0.5,42,OLSR,1001,n6,n10,18,435.000,441.323,6.323,1
1,medium,0.5,42,DSR,1001,n6,n10,18,75.000,80.505,5.505,1
1,medium,0.5,42,DSR,1001,n6,n5,4,90.000,98.969,8.969,1
1,medium,0.5,42,DSR,1001,n6,n10,18,135.000,144.029,9.029,1
1,medium,0.5,42,DSR,1001,n6,n5,4,150.000,155.178,5.178,1
1,medium,0.5,42,DSR,1001,n6,n5,4,210.000,219.209,9.209,1
1,medium,0.5,42,DSR,1001,n6,n10,18,255.000,262.422,7.422,1
1,medium,0.5,42,DSR,1001,n6,n5,4,270.000,276.323,6.323,1
1,medium,0.5,43,DSDV,1001,n10,n14,22,105.000,110.178,5.178,1
1,medium,0.5,43,DSDV,1001,n10,n9,7,120.000,125.505,5.505,1
1,medium,0.5,43,DSDV,1001,n10,n14,22,165.000,173.969,8.969,1
1,medium,0.5,43,AODV,1001,n10,n14,22,105.000,110.178,5.178,1
1,medium,0.5,43,AODV,1001,n10,n9,7,120.000,125.505,5.505,1
1,medium,0.5,43,AODV,1001,n10,n14,22,165.000,173.969,8.969,1
1,medium,0.5,43,OLSR,1001,n10,n14,22,105.000,110.178,5.178,1
1,medium,0.5,43,OLSR,1001,n10,n14,22,165.000,170.505,5.505,1
1,medium,0.5,43,OLSR,1001,n10,n14,22,225.000,233.969,8.969,1
1,medium,0.5,43,DSR,1001,n10,n14,22,105.000,110.178,5.178,1
1,medium,0.5,43,DSR,1001,n10,n9,7,120.000,125.505,5.505,1
1,medium,0.5,43,DSR,1001,n10,n9,7,180.000,188.969,8.969,1
1,medium,0.5,44,DSDV,1001,n6,n10,18,75.000,80.465,5.465,1
1,medium,0.5,44,AODV,1001,n6,n10,18,75.000,80.465,5.465,1
1,medium,0.5,44,OLSR,1001,n6,n10,18,75.000,80.465,5.465,1
1,medium,0.5,44,DSR,1001,n6,n10,18,75.000,80.465,5.465,1
1,medium,1.0,37,sim,1001,n6,n10,18,75.000,80.765,5.765,1
1,medium,1.0,37,sim,1001,n6,n5,4,90.000,99.437,9.437,1
1,medium,1.0,37,sim,1001,n6,n10,18,135.000,140.891,5.891,1
1,medium,1.0,37,sim,1001,n6,n5,4,150.000,157.182,7.182,1
1,medium,1.0,37,sim,1001,n6,n10,18,195.000,200.645,5.645,1
1,medium,1.0,37,sim,1001,n6,n5,4,210.000,215.378,5.378,1
1,medium,1.0,37,sim,1001,n6,n10,18,255.000,260.510,5.510,1
1,medium,1.0,37,AODV,1001,n6,n10,18,75.000,80.765,5.765,1
1,medium,1.0,37,AODV,1001,n6,n5,4,90.000,99.437,9.437,1
1,medium,1.0,37,AODV,1001,n6,n10,18,135.000,140.891,5.891,1
1,medium,1.0,37,AODV,1001,n6,n5,4,150.000,157.182,7.182,1
1,medium,1.0,37,AODV,1001,n6,n10,18,195.000,200.645,5.645,1
1,medium,1.0,37,AODV,1001,n6,n5,4,210.000,215.378,5.378,1
1,medium,1.0,37,AODV,1001,n6,n10,18,255.000,260.510,5.510,1
1,medium,1.0,37,OLSR,1001,n6,n10,18,75.000,80.765,5.765,1
1,medium,1.0,37,OLSR,1001,n6,n10,18,135.000,144.437,9.437,1
1,medium,1.0,37,OLSR,1001,n6,n10,18,195.000,200.891,5.891,1
1,medium,1.0,37,OLSR,1001,n6,n10,18,255.000,262.182,7.182,1
1,medium,1.0,37,OLSR,1001,n6,n10,18,315.000,320.645,5.645,1
1,medium,1.0,37,OLSR,1001,n6,n10,18,375.000,380.378,5.378,1
1,medium,1.0,37,OLSR,1001,n6,n10,18,435.000,440.510,5.510,1
1,medium,1.0,37,OLSR,1001,n10,n14,22,525.000,530.363,5.363,1
1,medium,1.0,37,OLSR,1001,n10,n14,22,585.000,590.532,5.532,1
1,medium,1.0,37,OLSR,1001,n10,n14,22,645.000,650.510,5.510,1
1,medium,1.0,37,DSR,1001,n6,n10,18,75.000,80.765,5.765,1
1,medium,1.0,37,DSR,1001,n6,n5,4,90.000,99.437,9.437,1
1,medium,1.0,37,DSR,1001,n6,n10,18,135.000,140.891,5.891,1
1,medium,1.0,37,DSR,1001,n6,n5,4,150.000,157.182,7.182,1
1,medium,1.0,37,DSR,1001,n6,n5,4,210.000,215.645,5.645,1
1,medium,1.0,37,DSR,1001,n6,n10,18,255.000,260.378,5.378,1
1,medium,1.0,37,DSR,1001,n6,n5,4,270.000,275.510,5.510,1
1,medium,1.0,38,DSDV,1001,n6,n10,18,75.000,80.891,5.891,1
1,medium,1.0,38,DSDV,1001,n6,n5,4,90.000,97.182,7.182,1
1,medium,1.0,38,DSDV,1001,n6,n10,18,135.000,140.765,5.765,1
1,medium,1.0,38,DSDV,1001,n6,n5,4,150.000,159.437,9.437,1
1,medium,1.0,38,DSDV,1001,n10,n14,22,225.000,232.182,7.182,1
1,medium,1.0,38,DSDV,1001,n10,n9,7,240.000,246.834,6.834,1
1,medium,1.0,38,DSDV,1001,n10,n14,22,285.000,291.156,6.156,1
1,medium,1.0,38,DSDV,1001,n10,n9,7,300.000,305.510,5.510,1
1,medium,1.0,38,AODV,1001,n6,n10,18,75.000,80.891,5.891,1
1,medium,1.0,38,AODV,1001,n6,n5,4,90.000,97.182,7.182,1
1,medium,1.0,38,AODV,1001,n6,n10,18,135.000,140.765,5.765,1
1,medium,1.0,38,AODV,1001,n6,n5,4,150.000,159.437,9.437,1
1,medium,1.0,38,AODV,1001,n10,n14,22,225.000,232.182,7.182,1
1,medium,1.0,38,AODV,1001,n10,n9,7,240.000,246.834,6.834,1
1,medium,1.0,38,AODV,1001,n10,n14,22,285.000,291.156,6.156,1
1,medium,1.0,38,AODV,1001,n10,n9,7,300.000,305.510,5.510,1
1,medium,1.0,38,OLSR,1001,n6,n10,18,75.000,80.891,5.891,1
1,medium,1.0,38,OLSR,1001,n6,n10,18,135.000,142.182,7.182,1
1,medium,1.0,38,OLSR,1001,n6,n10,18,195.000,200.765,5.765,1
1,medium,1.0,38,OLSR,1001,n6,n10,18,255.000,264.437,9.437,1
1,medium,1.0,38,OLSR,1001,n10,n14,22,345.000,352.182,7.182,1
1,medium,1.0,38,OLSR,1001,n10,n14,22,405.000,411.834,6.834,1
1,medium,1.0,38,OLSR,1001,n10,n14,22,465.000,471.156,6.156,1
1,medium,1.0,38,OLSR,1001,n10,n14,22,525.000,530.510,5.510,1
1,medium,1.0,38,DSR,1001,n6,n10,18,75.000,80.891,5.891,1
1,medium,1.0,38,DSR,1001,n6,n5,4,90.000,97.182,7.182,1
1,medium,1.0,38,DSR,1001,n6,n5,4,150.000,155.765,5.765,1
1,medium,1.0,38,DSR,1001,n6,n10,18,195.000,204.437,9.437,1
1,medium,1.0,39,DSDV,1001,n6,n10,18,75.000,80.645,5.645,1
1,medium,1.0,39,DSDV,1001,n6,n5,4,90.000,95.378,5.378,1
1,medium,1.0,39,DSDV,1001,n10,n14,22,165.000,172.182,7.182,1
1,medium,1.0,39,DSDV,1001,n10,n9,7,180.000,185.645,5.645,1
1,medium,1.0,39,DSDV,1001,n10,n14,22,225.000,230.378,5.378,1
1,medium,1.0,39,DSDV,1001,n10,n9,7,240.000,245.510,5.510,1
1,medium,1.0,39,AODV,1001,n6,n10,18,75.000,80.645,5.645,1
1,medium,1.0,39,AODV,1001,n6,n5,4,90.000,95.378,5.378,1
1,medium,1.0,39,AODV,1001,n10,n14,22,165.000,172.182,7.182,1
1,medium,1.0,39,AODV,1001,n10,n9,7,180.000,185.645,5.645,1
1,medium,1.0,39,AODV,1001,n10,n14,22,225.000,230.378,5.378,1
1,medium,1.0,39,AODV,1001,n10,n9,7,240.000,245.510,5.510,1
1,medium,1.0,39,OLSR,1001,n6,n10,18,75.000,80.645,5.645,1
1,medium,1.0,39,OLSR,1001,n6,n10,18,135.000,140.378,5.378,1
1,medium,1.0,39,OLSR,1001,n10,n14,22,225.000,232.182,7.182,1
1,medium,1.0,39,OLSR,1001,n10,n14,22,285.000,290.645,5.645,1
1,medium,1.0,39,OLSR,1001,n10,n14,22,345.000,350.378,5.378,1
1,medium,1.0,39,OLSR,1001,n10,n14,22,405.000,410.510,5.510,1
1,medium,1.0,39,DSR,1001,n6,n10,18,75.000,80.645,5.645,1
1,medium,1.0,39,DSR,1001,n6,n5,4,90.000,95.378,5.378,1
1,medium,1.0,40,DSDV,1001,n6,n10,18,75.000,84.209,9.209,1
1,medium,1.0,40,DSDV,1001,n6,n5,4,90.000,97.422,7.422,1
1,medium,1.0,40,DSDV,1001,n10,n14,22,165.000,170.178,5.178,1
1,medium,1.0,40,DSDV,1001,n10,n9,7,180.000,189.209,9.209,1
1,medium,1.0,40,DSDV,1001,n10,n14,22,225.000,232.422,7.422,1
1,medium,1.0,40,DSDV,1001,n10,n9,7,240.000,246.323,6.323,1
1,medium,1.0,40,AODV,1001,n6,n10,18,75.000,84.209,9.209,1
1,medium,1.0,40,AODV,1001,n6,n5,4,90.000,97.422,7.422,1
1,medium,1.0,40,AODV,1001,n10,n14,22,165.000,170.178,5.178,1
1,medium,1.0,40,AODV,1001,n10,n9,7,180.000,189.209,9.209,1
1,medium,1.0,40,AODV,1001,n10,n14,22,225.000,232.422,7.422,1
1,medium,1.0,40,AODV,1001,n10,n9,7,240.000,246.323,6.323,1
1,medium,1.0,40,OLSR,1001,n6,n10,18,75.000,84.209,9.209,1
1,medium,1.0,40,OLSR,1001,n6,n10,18,135.000,142.422,7.422,1
1,medium,1.0,40,OLSR,1001,n10,n14,22,225.000,230.178,5.178,1
1,medium,1.0,40,OLSR,1001,n10,n14,22,285.000,294.209,9.209,1
1,medium,1.0,40,OLSR,1001,n10,n14,22,345.000,352.422,7.422,1
1,medium,1.0,40,OLSR,1001,n10,n14,22,405.000,411.323,6.323,1
1,medium,1.0,40,DSR,1001,n6,n10,18,75.000,84.209,9.209,1
1,medium,1.0,40,DSR,1001,n6,n5,4,90.000,97.422,7.422,1
1,medium,1.0,41,DSDV,1001,n6,n10,18,75.000,84.029,9.029,1
1,medium,1.0,41,DSDV,1001,n6,n5,4,90.000,95.178,5.178,1
1,medium,1.0,41,DSDV,1001,n6,n10,18,135.000,140.505,5.505,1
1,medium,1.0,41,DSDV,1001,n6,n5,4,150.000,158.969,8.969,1
1,medium,1.0,41,DSDV,1001,n10,n14,22,225.000,230.178,5.178,1
1,medium,1.0,41,AODV,1001,n6,n10,18,75.000,84.029,9.029,1
1,medium,1.0,41,AODV,1001,n6,n5,4,90.000,95.178,5.178,1
1,medium,1.0,41,AODV,1001,n6,n5,4,150.000,155.505,5.505,1
1,medium,1.0,41,AODV,1001,n6,n10,18,195.000,203.969,8.969,1
1,medium,1.0,41,OLSR,1001,n6,n10,18,75.000,84.029,9.029,1
1,medium,1.0,41,OLSR,1001,n6,n10,18,135.000,140.178,5.178,1
1,medium,1.0,41,OLSR,1001,n6,n10,18,195.000,200.505,5.505,1
1,medium,1.0,41,OLSR,1001,n6,n10,18,255.000,263.969,8.969,1
1,medium,1.0,41,OLSR,1001,n10,n14,22,345.000,350.178,5.178,1
1,medium,1.0,41,DSR,1001,n6,n10,18,75.000,84.029,9.029,1
1,medium,1.0,41,DSR,1001,n6,n5,4,90.000,95.178,5.178,1
1,medium,1.0,41,DSR,1001,n6,n5,4,150.000,155.505,5.505,1
1,medium,1.0,41,DSR,1001,n6,n10,18,195.000,203.969,8.969,1
1,medium,1.0,42,DSDV,1001,n6,n10,18,75.000,80.505,5.505,1
1,medium,1.0,42,DSDV,1001,n6,n5,4,90.000,98.969,8.969,1
1,medium,1.0,42,DSDV,1001,n6,n10,18,135.000,144.029,9.029,1
1,medium,1.0,42,DSDV,1001,n6,n5,4,150.000,155.178,5.178,1
1,medium,1.0,42,DSDV,1001,n6,n10,18,195.000,204.209,9.209,1
1,medium,1.0,42,DSDV,1001,n6,n5,4,210.000,217.422,7.422,1
1,medium,1.0,42,DSDV,1001,n6,n10,18,255.000,261.323,6.323,1
1,medium,1.0,42,AODV,1001,n6,n10,18,75.000,80.505,5.505,1
1,medium,1.0,42,AODV,1001,n6,n5,4,90.000,98.969,8.969,1
1,medium,1.0,42,AODV,1001,n6,n10,18,135.000,144.029,9.029,1
1,medium,1.0,42,AODV,1001,n6,n5,4,150.000,155.178,5.178,1
1,medium,1.0,42,AODV,1001,n6,n5,4,210.000,219.209,9.209,1
1,medium,1.0,42,AODV,1001,n6,n10,18,255.000,262.422,7.422,1
1,medium,1.0,42,AODV,1001,n6,n5,4,270.000,276.323,6.323,1
1,medium,1.0,42,OLSR,1001,n6,n10,18,75.000,80.505,5.505,1
1,medium,1.0,42,OLSR,1001,n6,n10,18,135.000,143.969,8.969,1
1,medium,1.0,42,OLSR,1001,n6,n10,18,195.000,204.029,9.029,1
1,medium,1.0,42,OLSR,1001,n6,n10,18,255.000,260.178,5.178,1
1,medium,1.0,42,OLSR,1001,n6,n10,18,315.000,324.209,9.209,1
1,medium,1.0,42,OLSR,1001,n6,n10,18,375.000,382.422,7.422,1
1,medium,1.0,42,OLSR,1001,n6,n10,18,435.000,441.323,6.323,1
1,medium,1.0,42,DSR,1001,n6,n10,18,75.000,80.505,5.505,1
1,medium,1.0,42,DSR,1001,n6,n5,4,90.000,98.969,8.969,1
1,medium,1.0,42,DSR,1001,n6,n10,18,135.000,144.029,9.029,1
1,medium,1.0,42,DSR,1001,n6,n5,4,150.000,155.178,5.178,1
1,medium,1.0,42,DSR,1001,n6,n5,4,210.000,219.209,9.209,1
1,medium,1.0,42,DSR,1001,n6,n10,18,255.000,262.422,7.422,1
1,medium,1.0,42,DSR,1001,n6,n5,4,270.000,276.323,6.323,1
1,medium,1.0,43,DSDV,1001,n10,n14,22,105.000,110.178,5.178,1
1,medium,1.0,43,DSDV,1001,n10,n9,7,120.000,125.505,5.505,1
1,medium,1.0,43,DSDV,1001,n10,n14,22,165.000,173.969,8.969,1
1,medium,1.0,43,AODV,1001,n10,n14,22,105.000,110.178,5.178,1
1,medium,1.0,43,AODV,1001,n10,n9,7,120.000,125.505,5.505,1
1,medium,1.0,43,AODV,1001,n10,n14,22,165.000,173.969,8.969,1
1,medium,1.0,43,OLSR,1001,n10,n14,22,105.000,110.178,5.178,1
1,medium,1.0,43,OLSR,1001,n10,n14,22,165.000,170.505,5.505,1
1,medium,1.0,43,OLSR,1001,n10,n14,22,225.000,233.969,8.969,1
1,medium,1.0,43,DSR,1001,n10,n14,22,105.000,110.178,5.178,1
1,medium,1.0,43,DSR,1001,n10,n9,7,120.000,125.505,5.505,1
1,medium,1.0,43,DSR,1001,n10,n9,7,180.000,188.969,8.969,1
1,medium,1.0,44,DSDV,1001,n6,n10,18,75.000,80.465,5.465,1
1,medium,1.0,44,AODV,1001,n6,n10,18,75.000,80.465,5.465,1
1,medium,1.0,44,OLSR,1001,n6,n10,18,75.000,80.465,5.465,1
1,medium,1.0,44,DSR,1001,n6,n10,18,75.000,80.465,5.465,1
1,medium,1.5,37,sim,1001,n6,n10,18,75.000,80.765,5.765,1
1,medium,1.5,37,sim,1001,n6,n5,4,90.000,99.437,9.437,1
1,medium,1.5,37,sim,1001,n6,n10,18,135.000,140.891,5.891,1
1,medium,1.5,37,sim,1001,n6,n5,4,150.000,157.182,7.182,1
1,medium,1.5,37,sim,1001,n6,n10,18,195.000,200.645,5.645,1
1,medium,1.5,37,sim,1001,n6,n5,4,210.000,215.378,5.378,1
1,medium,1.5,37,sim,1001,n6,n10,18,255.000,260.510,5.510,1
1,medium,1.5,37,AODV,1001,n6,n10,18,75.000,80.765,5.765,1
1,medium,1.5,37,AODV,1001,n6,n5,4,90.000,99.437,9.437,1
1,medium,1.5,37,AODV,1001,n6,n10,18,135.000,140.891,5.891,1
1,medium,1.5,37,AODV,1001,n6,n5,4,150.000,157.182,7.182,1
1,medium,1.5,37,AODV,1001,n6,n10,18,195.000,200.645,5.645,1
1,medium,1.5,37,AODV,1001,n6,n5,4,210.000,215.378,5.378,1
1,medium,1.5,37,AODV,1001,n6,n10,18,255.000,260.510,5.510,1
1,medium,1.5,37,OLSR,1001,n6,n10,18,75.000,80.765,5.765,1
1,medium,1.5,37,OLSR,1001,n6,n10,18,135.000,144.437,9.437,1
1,medium,1.5,37,OLSR,1001,n6,n10,18,195.000,200.891,5.891,1
1,medium,1.5,37,OLSR,1001,n6,n10,18,255.000,262.182,7.182,1
1,medium,1.5,37,OLSR,1001,n6,n10,18,315.000,320.645,5.645,1
1,medium,1.5,37,OLSR,1001,n6,n10,18,375.000,380.378,5.378,1
1,medium,1.5,37,OLSR,1001,n6,n10,18,435.000,440.510,5.510,1
1,medium,1.5,37,OLSR,1001,n10,n14,22,525.000,530.363,5.363,1
1,medium,1.5,37,OLSR,1001,n10,n14,22,585.000,590.532,5.532,1
1,medium,1.5,37,OLSR,1001,n10,n14,22,645.000,650.510,5.510,1
1,medium,1.5,37,DSR,1001,n6,n10,18,75.000,80.765,5.765,1
1,medium,1.5,37,DSR,1001,n6,n5,4,90.000,99.437,9.437,1
1,medium,1.5,37,DSR,1001,n6,n10,18,135.000,140.891,5.891,1
1,medium,1.5,37,DSR,1001,n6,n5,4,150.000,157.182,7.182,1
1,medium,1.5,37,DSR,1001,n6,n5,4,210.000,215.645,5.645,1
1,medium,1.5,37,DSR,1001,n6,n10,18,255.000,260.378,5.378,1
1,medium,1.5,37,DSR,1001,n6,n5,4,270.000,275.510,5.510,1
1,medium,1.5,38,DSDV,1001,n6,n10,18,75.000,80.891,5.891,1
1,medium,1.5,38,DSDV,1001,n6,n5,4,90.000,97.182,7.182,1
1,medium,1.5,38,DSDV,1001,n6,n10,18,135.000,140.765,5.765,1
1,medium,1.5,38,DSDV,1001,n6,n5,4,150.000,159.437,9.437,1
1,medium,1.5,38,DSDV,1001,n10,n14,22,225.000,232.182,7.182,1
1,medium,1.5,38,DSDV,1001,n10,n9,7,240.000,246.834,6.834,1
1,medium,1.5,38,DSDV,1001,n10,n14,22,285.000,291.156,6.156,1
1,medium,1.5,38,DSDV,1001,n10,n9,7,300.000,305.510,5.510,1
1,medium,1.5,38,AODV,1001,n6,n10,18,75.000,80.891,5.891,1
1,medium,1.5,38,AODV,1001,n6,n5,4,90.000,97.182,7.182,1
1,medium,1.5,38,AODV,1001,n6,n10,18,135.000,140.765,5.765,1
1,medium,1.5,38,AODV,1001,n6,n5,4,150.000,159.437,9.437,1
1,medium,1.5,38,AODV,1001,n10,n14,22,225.000,232.182,7.182,1
1,medium,1.5,38,AODV,1001,n10,n9,7,240.000,246.834,6.834,1
1,medium,1.5,38,AODV,1001,n10,n14,22,285.000,291.156,6.156,1
1,medium,1.5,38,AODV,1001,n10,n9,7,300.000,305.510,5.510,1
1,medium,1.5,38,OLSR,1001,n6,n10,18,75.000,80.891,5.891,1
1,medium,1.5,38,OLSR,1001,n6,n10,18,135.000,142.182,7.182,1
1,medium,1.5,38,OLSR,1001,n6,n10,18,195.000,200.765,5.765,1
1,medium,1.5,38,OLSR,1001,n6,n10,18,255.000,264.437,9.437,1
1,medium,1.5,38,OLSR,1001,n10,n14,22,345.000,352.182,7.182,1
1,medium,1.5,38,OLSR,1001,n10,n14,22,405.000,411.834,6.834,1
1,medium,1.5,38,OLSR,1001,n10,n14,22,465.000,471.156,6.156,1
1,medium,1.5,38,OLSR,1001,n10,n14,22,525.000,530.510,5.510,1
1,medium,1.5,38,DSR,1001,n6,n10,18,75.000,80.891,5.891,1
1,medium,1.5,38,DSR,1001,n6,n5,4,90.000,97.182,7.182,1
1,medium,1.5,38,DSR,1001,n6,n5,4,150.000,155.765,5.765,1
1,medium,1.5,38,DSR,1001,n6,n10,18,195.000,204.437,9.437,1
1,medium,1.5,39,DSDV,1001,n6,n10,18,75.000,80.645,5.645,1
1,medium,1.5,39,DSDV,1001,n6,n5,4,90.000,95.378,5.378,1
1,medium,1.5,39,DSDV,1001,n10,n14,22,165.000,172.182,7.182,1
1,medium,1.5,39,DSDV,1001,n10,n9,7,180.000,185.645,5.645,1
1,medium,1.5,39,DSDV,1001,n10,n14,22,225.000,230.378,5.378,1
1,medium,1.5,39,DSDV,1001,n10,n9,7,240.000,245.510,5.510,1
1,medium,1.5,39,AODV,1001,n6,n10,18,75.000,80.645,5.645,1
1,medium,1.5,39,AODV,1001,n6,n5,4,90.000,95.378,5.378,1
1,medium,1.5,39,AODV,1001,n10,n14,22,165.000,172.182,7.182,1
1,medium,1.5,39,AODV,1001,n10,n9,7,180.000,185.645,5.645,1
1,medium,1.5,39,AODV,1001,n10,n14,22,225.000,230.378,5.378,1
1,medium,1.5,39,AODV,1001,n10,n9,7,240.000,245.510,5.510,1
1,medium,1.5,39,OLSR,1001,n6,n10,18,75.000,80.645,5.645,1
1,medium,1.5,39,OLSR,1001,n6,n10,18,135.000,140.378,5.378,1
1,medium,1.5,39,OLSR,1001,n10,n14,22,225.000,232.182,7.182,1
1,medium,1.5,39,OLSR,1001,n10,n14,22,285.000,290.645,5.645,1
1,medium,1.5,39,OLSR,1001,n10,n14,22,345.000,350.378,5.378,1
1,medium,1.5,39,OLSR,1001,n10,n14,22,405.000,410.510,5.510,1
1,medium,1.5,39,DSR,1001,n6,n10,18,75.000,80.645,5.645,1
1,medium,1.5,39,DSR,1001,n6,n5,4,90.000,95.378,5.378,1
1,medium,1.5,40,DSDV,1001,n6,n10,18,75.000,84.209,9.209,1
1,medium,1.5,40,DSDV,1001,n6,n5,4,90.000,97.422,7.422,1
1,medium,1.5,40,DSDV,1001,n10,n14,22,165.000,170.178,5.178,1
1,medium,1.5,40,DSDV,1001,n10,n9,7,180.000,189.209,9.209,1
1,medium,1.5,40,DSDV,1001,n10,n14,22,225.000,232.422,7.422,1
1,medium,1.5,40,DSDV,1001,n10,n9,7,240.000,246.323,6.323,1
1,medium,1.5,40,AODV,1001,n6,n10,18,75.000,84.209,9.209,1
1,medium,1.5,40,AODV,1001,n6,n5,4,90.000,97.422,7.422,1
1,medium,1.5,40,AODV,1001,n10,n14,22,165.000,170.178,5.178,1
1,medium,1.5,40,AODV,1001,n10,n9,7,180.000,189.209,9.209,1
1,medium,1.5,40,AODV,1001,n10,n14,22,225.000,232.422,7.422,1
1,medium,1.5,40,AODV,1001,n10,n9,7,240.000,246.323,6.323,1
1,medium,1.5,40,OLSR,1001,n6,n10,18,75.000,84.209,9.209,1
1,medium,1.5,40,OLSR,1001,n6,n10,18,135.000,142.422,7.422,1
1,medium,1.5,40,OLSR,1001,n10,n14,22,225.000,230.178,5.178,1
1,medium,1.5,40,OLSR,1001,n10,n14,22,285.000,294.209,9.209,1
1,medium,1.5,40,OLSR,1001,n10,n14,22,345.000,352.422,7.422,1
1,medium,1.5,40,OLSR,1001,n10,n14,22,405.000,411.323,6.323,1
1,medium,1.5,40,DSR,1001,n6,n10,18,75.000,84.209,9.209,1
1,medium,1.5,40,DSR,1001,n6,n5,4,90.000,97.422,7.422,1
1,medium,1.5,41,DSDV,1001,n6,n10,18,75.000,84.029,9.029,1
1,medium,1.5,41,DSDV,1001,n6,n5,4,90.000,95.178,5.178,1
1,medium,1.5,41,DSDV,1001,n6,n10,18,135.000,140.505,5.505,1
1,medium,1.5,41,DSDV,1001,n6,n5,4,150.000,158.969,8.969,1
1,medium,1.5,41,DSDV,1001,n10,n14,22,225.000,230.178,5.178,1
1,medium,1.5,41,AODV,1001,n6,n10,18,75.000,84.029,9.029,1
1,medium,1.5,41,AODV,1001,n6,n5,4,90.000,95.178,5.178,1
1,medium,1.5,41,AODV,1001,n6,n5,4,150.000,155.505,5.505,1
1,medium,1.5,41,AODV,1001,n6,n10,18,195.000,203.969,8.969,1
1,medium,1.5,41,OLSR,1001,n6,n10,18,75.000,84.029,9.029,1
1,medium,1.5,41,OLSR,1001,n6,n10,18,135.000,140.178,5.178,1
1,medium,1.5,41,OLSR,1001,n6,n10,18,195.000,200.505,5.505,1
1,medium,1.5,41,OLSR,1001,n6,n10,18,255.000,263.969,8.969,1
1,medium,1.5,41,OLSR,1001,n10,n14,22,345.000,350.178,5.178,1
1,medium,1.5,41,DSR,1001,n6,n10,18,75.000,84.029,9.029,1
1,medium,1.5,41,DSR,1001,n6,n5,4,90.000,95.178,5.178,1
1,medium,1.5,41,DSR,1001,n6,n5,4,150.000,155.505,5.505,1
1,medium,1.5,41,DSR,1001,n6,n10,18,195.000,203.969,8.969,1
1,medium,1.5,42,DSDV,1001,n6,n10,18,75.000,80.505,5.505,1
1,medium,1.5,42,DSDV,1001,n6,n5,4,90.000,98.969,8.969,1
1,medium,1.5,42,DSDV,1001,n6,n10,18,135.000,144.029,9.029,1
1,medium,1.5,42,DSDV,1001,n6,n5,4,150.000,155.178,5.178,1
1,medium,1.5,42,DSDV,1001,n6,n10,18,195.000,204.209,9.209,1
1,medium,1.5,42,DSDV,1001,n6,n5,4,210.000,217.422,7.422,1
1,medium,1.5,42,DSDV,1001,n6,n10,18,255.000,261.323,6.323,1
1,medium,1.5,42,AODV,1001,n6,n10,18,75.000,80.505,5.505,1
1,medium,1.5,42,AODV,1001,n6,n5,4,90.000,98.969,8.969,1
1,medium,1.5,42,AODV,1001,n6,n10,18,135.000,144.029,9.029,1
1,medium,1.5,42,AODV,1001,n6,n5,4,150.000,155.178,5.178,1
1,medium,1.5,42,AODV,1001,n6,n5,4,210.000,219.209,9.209,1
1,medium,1.5,42,AODV,1001,n6,n10,18,255.000,262.422,7.422,1
1,medium,1.5,42,AODV,1001,n6,n5,4,270.000,276.323,6.323,1
1,medium,1.5,42,OLSR,1001,n6,n10,18,75.000,80.505,5.505,1
1,medium,1.5,42,OLSR,1001,n6,n10,18,135.000,143.969,8.969,1
1,medium,1.5,42,OLSR,1001,n6,n10,18,195.000,204.029,9.029,1
1,medium,1.5,42,OLSR,1001,n6,n10,18,255.000,260.178,5.178,1
1,medium,1.5,42,OLSR,1001,n6,n10,18,315.000,324.209,9.209,1
1,medium,1.5,42,OLSR,1001,n6,n10,18,375.000,382.422,7.422,1
1,medium,1.5,42,OLSR,1001,n6,n10,18,435.000,441.323,6.323,1
1,medium,1.5,42,DSR,1001,n6,n10,18,75.000,80.505,5.505,1
1,medium,1.5,42,DSR,1001,n6,n5,4,90.000,98.969,8.969,1
1,medium,1.5,42,DSR,1001,n6,n10,18,135.000,144.029,9.029,1
1,medium,1.5,42,DSR,1001,n6,n5,4,150.000,155.178,5.178,1
1,medium,1.5,42,DSR,1001,n6,n5,4,210.000,219.209,9.209,1
1,medium,1.5,42,DSR,1001,n6,n10,18,255.000,262.422,7.422,1
1,medium,1.5,42,DSR,1001,n6,n5,4,270.000,276.323,6.323,1
1,medium,1.5,43,DSDV,1001,n10,n14,22,105.000,110.178,5.178,1
1,medium,1.5,43,DSDV,1001,n10,n9,7,120.000,125.505,5.505,1
1,medium,1.5,43,DSDV,1001,n10,n14,22,165.000,173.969,8.969,1
1,medium,1.5,43,AODV,1001,n10,n14,22,105.000,110.178,5.178,1
1,medium,1.5,43,AODV,1001,n10,n9,7,120.000,125.505,5.505,1
1,medium,1.5,43,AODV,1001,n10,n14,22,165.000,173.969,8.969,1
1,medium,1.5,43,OLSR,1001,n10,n14,22,105.000,110.178,5.178,1
1,medium,1.5,43,OLSR,1001,n10,n14,22,165.000,170.505,5.505,1
1,medium,1.5,43,OLSR,1001,n10,n14,22,225.000,233.969,8.969,1
1,medium,1.5,43,DSR,1001,n10,n14,22,105.000,110.178,5.178,1
1,medium,1.5,43,DSR,1001,n10,n9,7,120.000,125.505,5.505,1
1,medium,1.5,43,DSR,1001,n10,n9,7,180.000,188.969,8.969,1
1,medium,1.5,44,DSDV,1001,n6,n10,18,75.000,80.465,5.465,1
1,medium,1.5,44,AODV,1001,n6,n10,18,75.000,80.465,5.465,1
1,medium,1.5,44,OLSR,1001,n6,n10,18,75.000,80.465,5.465,1
1,medium,1.5,44,DSR,1001,n6,n10,18,75.000,80.465,5.465,1
1,medium,2.0,37,sim,1001,n6,n10,18,75.000,80.765,5.765,1
1,medium,2.0,37,sim,1001,n6,n5,4,90.000,99.437,9.437,1
1,medium,2.0,37,sim,1001,n6,n10,18,135.000,140.891,5.891,1
1,medium,2.0,37,sim,1001,n6,n5,4,150.000,157.182,7.182,1
1,medium,2.0,37,sim,1001,n6,n10,18,195.000,200.645,5.645,1
1,medium,2.0,37,sim,1001,n6,n5,4,210.000,215.378,5.378,1
1,medium,2.0,37,sim,1001,n6,n10,18,255.000,260.510,5.510,1
1,medium,2.0,37,AODV,1001,n6,n10,18,75.000,80.765,5.765,1
1,medium,2.0,37,AODV,1001,n6,n5,4,90.000,99.437,9.437,1
1,medium,2.0,37,AODV,1001,n6,n10,18,135.000,140.891,5.891,1
1,medium,2.0,37,AODV,1001,n6,n5,4,150.000,157.182,7.182,1
1,medium,2.0,37,AODV,1001,n6,n10,18,195.000,200.645,5.645,1
1,medium,2.0,37,AODV,1001,n6,n5,4,210.000,215.378,5.378,1
1,medium,2.0,37,AODV,1001,n6,n10,18,255.000,260.510,5.510,1
1,medium,2.0,37,OLSR,1001,n6,n10,18,75.000,80.765,5.765,1
1,medium,2.0,37,OLSR,1001,n6,n10,18,135.000,144.437,9.437,1
1,medium,2.0,37,OLSR,1001,n6,n10,18,195.000,200.891,5.891,1
1,medium,2.0,37,OLSR,1001,n6,n10,18,255.000,262.182,7.182,1
1,medium,2.0,37,OLSR,1001,n6,n10,18,315.000,320.645,5.645,1
1,medium,2.0,37,OLSR,1001,n6,n10,18,375.000,380.378,5.378,1
1,medium,2.0,37,OLSR,1001,n6,n10,18,435.000,440.510,5.510,1
1,medium,2.0,37,OLSR,1001,n10,n14,22,525.000,530.363,5.363,1
1,medium,2.0,37,OLSR,1001,n10,n14,22,585.000,590.532,5.532,1
1,medium,2.0,37,OLSR,1001,n10,n14,22,645.000,650.510,5.510,1
1,medium,2.0,37,DSR,1001,n6,n10,18,75.000,80.765,5.765,1
1,medium,2.0,37,DSR,1001,n6,n5,4,90.000,99.437,9.437,1
1,medium,2.0,37,DSR,1001,n6,n10,18,135.000,140.891,5.891,1
1,medium,2.0,37,DSR,1001,n6,n5,4,150.000,157.182,7.182,1
1,medium,2.0,37,DSR,1001,n6,n5,4,210.000,215.645,5.645,1
1,medium,2.0,37,DSR,1001,n6,n10,18,255.000,260.378,5.378,1
1,medium,2.0,37,DSR,1001,n6,n5,4,270.000,275.510,5.510,1
1,medium,2.0,38,DSDV,1001,n6,n10,18,75.000,80.891,5.891,1
1,medium,2.0,38,DSDV,1001,n6,n5,4,90.000,97.182,7.182,1
1,medium,2.0,38,DSDV,1001,n6,n10,18,135.000,140.765,5.765,1
1,medium,2.0,38,DSDV,1001,n6,n5,4,150.000,159.437,9.437,1
1,medium,2.0,38,DSDV,1001,n10,n14,22,225.000,232.182,7.182,1
1,medium,2.0,38,DSDV,1001,n10,n9,7,240.000,246.834,6.834,1
1,medium,2.0,38,DSDV,1001,n10,n14,22,285.000,291.156,6.156,1
1,medium,2.0,38,DSDV,1001,n10,n9,7,300.000,305.510,5.510,1
1,medium,2.0,38,AODV,1001,n6,n10,18,75.000,80.891,5.891,1
1,medium,2.0,38,AODV,1001,n6,n5,4,90.000,97.182,7.182,1
1,medium,2.0,38,AODV,1001,n6,n10,18,135.000,140.765,5.765,1
1,medium,2.0,38,AODV,1001,n6,n5,4,150.000,159.437,9.437,1
1,medium,2.0,38,AODV,1001,n10,n14,22,225.000,232.182,7.182,1
1,medium,2.0,38,AODV,1001,n10,n9,7,240.000,246.834,6.834,1
1,medium,2.0,38,AODV,1001,n10,n14,22,285.000,291.156,6.156,1
1,medium,2.0,38,AODV,1001,n10,n9,7,300.000,305.510,5.510,1
1,medium,2.0,38,OLSR,1001,n6,n10,18,75.000,80.891,5.891,1
1,medium,2.0,38,OLSR,1001,n6,n10,18,135.000,142.182,7.182,1
1,medium,2.0,38,OLSR,1001,n6,n10,18,195.000,200.765,5.765,1
1,medium,2.0,38,OLSR,1001,n6,n10,18,255.000,264.437,9.437,1
1,medium,2.0,38,OLSR,1001,n10,n14,22,345.000,352.182,7.182,1
1,medium,2.0,38,OLSR,1001,n10,n14,22,405.000,411.834,6.834,1
1,medium,2.0,38,OLSR,1001,n10,n14,22,465.000,471.156,6.156,1
1,medium,2.0,38,OLSR,1001,n10,n14,22,525.000,530.510,5.510,1
1,medium,2.0,38,DSR,1001,n6,n10,18,75.000,80.891,5.891,1
1,medium,2.0,38,DSR,1001,n6,n5,4,90.000,97.182,7.182,1
1,medium,2.0,38,DSR,1001,n6,n5,4,150.000,155.765,5.765,1
1,medium,2.0,38,DSR,1001,n6,n10,18,195.000,204.437,9.437,1
1,medium,2.0,39,DSDV,1001,n6,n10,18,75.000,80.645,5.645,1
1,medium,2.0,39,DSDV,1001,n6,n5,4,90.000,95.378,5.378,1
1,medium,2.0,39,DSDV,1001,n10,n14,22,165.000,172.182,7.182,1
1,medium,2.0,39,DSDV,1001,n10,n9,7,180.000,185.645,5.645,1
1,medium,2.0,39,DSDV,1001,n10,n14,22,225.000,230.378,5.378,1
1,medium,2.0,39,DSDV,1001,n10,n9,7,240.000,245.510,5.510,1
1,medium,2.0,39,AODV,1001,n6,n10,18,75.000,80.645,5.645,1
1,medium,2.0,39,AODV,1001,n6,n5,4,90.000,95.378,5.378,1
1,medium,2.0,39,AODV,1001,n10,n14,22,165.000,172.182,7.182,1
1,medium,2.0,39,AODV,1001,n10,n9,7,180.000,185.645,5.645,1
1,medium,2.0,39,AODV,1001,n10,n14,22,225.000,230.378,5.378,1
1,medium,2.0,39,AODV,1001,n10,n9,7,240.000,245.510,5.510,1
1,medium,2.0,39,OLSR,1001,n6,n10,18,75.000,80.645,5.645,1
1,medium,2.0,39,OLSR,1001,n6,n10,18,135.000,140.378,5.378,1
1,medium,2.0,39,OLSR,1001,n10,n14,22,225.000,232.182,7.182,1
1,medium,2.0,39,OLSR,1001,n10,n14,22,285.000,290.645,5.645,1
1,medium,2.0,39,OLSR,1001,n10,n14,22,345.000,350.378,5.378,1
1,medium,2.0,39,OLSR,1001,n10,n14,22,405.000,410.510,5.510,1
1,medium,2.0,39,DSR,1001,n6,n10,18,75.000,80.645,5.645,1
1,medium,2.0,39,DSR,1001,n6,n5,4,90.000,95.378,5.378,1
1,medium,2.0,40,DSDV,1001,n6,n10,18,75.000,84.209,9.209,1
1,medium,2.0,40,DSDV,1001,n6,n5,4,90.000,97.422,7.422,1
1,medium,2.0,40,DSDV,1001,n10,n14,22,165.000,170.178,5.178,1
1,medium,2.0,40,DSDV,1001,n10,n9,7,180.000,189.209,9.209,1
1,medium,2.0,40,DSDV,1001,n10,n14,22,225.000,232.422,7.422,1
1,medium,2.0,40,DSDV,1001,n10,n9,7,240.000,246.323,6.323,1
1,medium,2.0,40,AODV,1001,n6,n10,18,75.000,84.209,9.209,1
1,medium,2.0,40,AODV,1001,n6,n5,4,90.000,97.422,7.422,1
1,medium,2.0,40,AODV,1001,n10,n14,22,165.000,170.178,5.178,1
1,medium,2.0,40,AODV,1001,n10,n9,7,180.000,189.209,9.209,1
1,medium,2.0,40,AODV,1001,n10,n14,22,225.000,232.422,7.422,1
1,medium,2.0,40,AODV,1001,n10,n9,7,240.000,246.323,6.323,1
1,medium,2.0,40,OLSR,1001,n6,n10,18,75.000,84.209,9.209,1
1,medium,2.0,40,OLSR,1001,n6,n10,18,135.000,142.422,7.422,1
1,medium,2.0,40,OLSR,1001,n10,n14,22,225.000,230.178,5.178,1
1,medium,2.0,40,OLSR,1001,n10,n14,22,285.000,294.209,9.209,1
1,medium,2.0,40,OLSR,1001,n10,n14,22,345.000,352.422,7.422,1
1,medium,2.0,40,OLSR,1001,n10,n14,22,405.000,411.323,6.323,1
1,medium,2.0,40,DSR,1001,n6,n10,18,75.000,84.209,9.209,1
1,medium,2.0,40,DSR,1001,n6,n5,4,90.000,97.422,7.422,1
1,medium,2.0,41,DSDV,1001,n6,n10,18,75.000,84.029,9.029,1
1,medium,2.0,41,DSDV,1001,n6,n5,4,90.000,95.178,5.178,1
1,medium,2.0,41,DSDV,1001,n6,n10,18,135.000,140.505,5.505,1
1,medium,2.0,41,DSDV,1001,n6,n5,4,150.000,158.969,8.969,1
1,medium,2.0,41,DSDV,1001,n10,n14,22,225.000,230.178,5.178,1
1,medium,2.0,41,AODV,1001,n6,n10,18,75.000,84.029,9.029,1
1,medium,2.0,41,AODV,1001,n6,n5,4,90.000,95.178,5.178,1
1,medium,2.0,41,AODV,1001,n6,n5,4,150.000,155.505,5.505,1
1,medium,2.0,41,AODV,1001,n6,n10,18,195.000,203.969,8.969,1
1,medium,2.0,41,OLSR,1001,n6,n10,18,75.000,84.029,9.029,1
1,medium,2.0,41,OLSR,1001,n6,n10,18,135.000,140.178,5.178,1
1,medium,2.0,41,OLSR,1001,n6,n10,18,195.000,200.505,5.505,1
1,medium,2.0,41,OLSR,1001,n6,n10,18,255.000,263.969,8.969,1
1,medium,2.0,41,OLSR,1001,n10,n14,22,345.000,350.178,5.178,1
1,medium,2.0,41,DSR,1001,n6,n10,18,75.000,84.029,9.029,1
1,medium,2.0,41,DSR,1001,n6,n5,4,90.000,95.178,5.178,1
1,medium,2.0,41,DSR,1001,n6,n5,4,150.000,155.505,5.505,1
1,medium,2.0,41,DSR,1001,n6,n10,18,195.000,203.969,8.969,1
1,medium,2.0,42,DSDV,1001,n6,n10,18,75.000,80.505,5.505,1
1,medium,2.0,42,DSDV,1001,n6,n5,4,90.000,98.969,8.969,1
1,medium,2.0,42,DSDV,1001,n6,n10,18,135.000,144.029,9.029,1
1,medium,2.0,42,DSDV,1001,n6,n5,4,150.000,155.178,5.178,1
1,medium,2.0,42,DSDV,1001,n6,n10,18,195.000,204.209,9.209,1
1,medium,2.0,42,DSDV,1001,n6,n5,4,210.000,217.422,7.422,1
1,medium,2.0,42,DSDV,1001,n6,n10,18,255.000,261.323,6.323,1
1,medium,2.0,42,AODV,1001,n6,n10,18,75.000,80.505,5.505,1
1,medium,2.0,42,AODV,1001,n6,n5,4,90.000,98.969,8.969,1
1,medium,2.0,42,AODV,1001,n6,n10,18,135.000,144.029,9.029,1
1,medium,2.0,42,AODV,1001,n6,n5,4,150.000,155.178,5.178,1
1,medium,2.0,42,AODV,1001,n6,n5,4,210.000,219.209,9.209,1
1,medium,2.0,42,AODV,1001,n6,n10,18,255.000,262.422,7.422,1
1,medium,2.0,42,AODV,1001,n6,n5,4,270.000,276.323,6.323,1
1,medium,2.0,42,OLSR,1001,n6,n10,18,75.000,80.505,5.505,1
1,medium,2.0,42,OLSR,1001,n6,n10,18,135.000,143.969,8.969,1
1,medium,2.0,42,OLSR,1001,n6,n10,18,195.000,204.029,9.029,1
1,medium,2.0,42,OLSR,1001,n6,n10,18,255.000,260.178,5.178,1
1,medium,2.0,42,OLSR,1001,n6,n10,18,315.000,324.209,9.209,1
1,medium,2.0,42,OLSR,1001,n6,n10,18,375.000,382.422,7.422,1
1,medium,2.0,42,OLSR,1001,n6,n10,18,435.000,441.323,6.323,1
1,medium,2.0,42,DSR,1001,n6,n10,18,75.000,80.505,5.505,1
1,medium,2.0,42,DSR,1001,n6,n5,4,90.000,98.969,8.969,1
1,medium,2.0,42,DSR,1001,n6,n10,18,135.000,144.029,9.029,1
1,medium,2.0,42,DSR,1001,n6,n5,4,150.000,155.178,5.178,1
1,medium,2.0,42,DSR,1001,n6,n5,4,210.000,219.209,9.209,1
1,medium,2.0,42,DSR,1001,n6,n10,18,255.000,262.422,7.422,1
1,medium,2.0,42,DSR,1001,n6,n5,4,270.000,276.323,6.323,1
1,medium,2.0,43,DSDV,1001,n10,n14,22,105.000,110.178,5.178,1
1,medium,2.0,43,DSDV,1001,n10,n9,7,120.000,125.505,5.505,1
1,medium,2.0,43,DSDV,1001,n10,n14,22,165.000,173.969,8.969,1
1,medium,2.0,43,AODV,1001,n10,n14,22,105.000,110.178,5.178,1
1,medium,2.0,43,AODV,1001,n10,n9,7,120.000,125.505,5.505,1
1,medium,2.0,43,AODV,1001,n10,n14,22,165.000,173.969,8.969,1
1,medium,2.0,43,OLSR,1001,n10,n14,22,105.000,110.178,5.178,1
1,medium,2.0,43,OLSR,1001,n10,n14,22,165.000,170.505,5.505,1
1,medium,2.0,43,OLSR,1001,n10,n14,22,225.000,233.969,8.969,1
1,medium,2.0,43,DSR,1001,n10,n14,22,105.000,110.178,5.178,1
1,medium,2.0,43,DSR,1001,n10,n9,7,120.000,125.505,5.505,1
1,medium,2.0,43,DSR,1001,n10,n9,7,180.000,188.969,8.969,1
1,medium,2.0,44,DSDV,1001,n6,n10,18,75.000,80.465,5.465,1
1,medium,2.0,44,AODV,1001,n6,n10,18,75.000,80.465,5.465,1
1,medium,2.0,44,OLSR,1001,n6,n10,18,75.000,80.465,5.465,1
1,medium,2.0,44,DSR,1001,n6,n10,18,75.000,80.465,5.465,1
1,medium,3.0,37,sim,1001,n6,n10,18,75.000,80.765,5.765,1
1,medium,3.0,37,sim,1001,n6,n5,4,90.000,99.437,9.437,1
1,medium,3.0,37,sim,1001,n6,n10,18,135.000,140.891,5.891,1
1,medium,3.0,37,sim,1001,n6,n5,4,150.000,157.182,7.182,1
1,medium,3.0,37,sim,1001,n6,n10,18,195.000,200.645,5.645,1
1,medium,3.0,37,sim,1001,n6,n5,4,210.000,215.378,5.378,1
1,medium,3.0,37,sim,1001,n6,n10,18,255.000,260.510,5.510,1
1,medium,3.0,37,AODV,1001,n6,n10,18,75.000,80.765,5.765,1
1,medium,3.0,37,AODV,1001,n6,n5,4,90.000,99.437,9.437,1
1,medium,3.0,37,AODV,1001,n6,n10,18,135.000,140.891,5.891,1
1,medium,3.0,37,AODV,1001,n6,n5,4,150.000,157.182,7.182,1
1,medium,3.0,37,AODV,1001,n6,n10,18,195.000,200.645,5.645,1
1,medium,3.0,37,AODV,1001,n6,n5,4,210.000,215.378,5.378,1
1,medium,3.0,37,AODV,1001,n6,n10,18,255.000,260.510,5.510,1
1,medium,3.0,37,OLSR,1001,n6,n10,18,75.000,80.765,5.765,1
1,medium,3.0,37,OLSR,1001,n6,n10,18,135.000,144.437,9.437,1
1,medium,3.0,37,OLSR,1001,n6,n10,18,195.000,200.891,5.891,1
1,medium,3.0,37,OLSR,1001,n6,n10,18,255.000,262.182,7.182,1
1,medium,3.0,37,OLSR,1001,n6,n10,18,315.000,320.645,5.645,1
1,medium,3.0,37,OLSR,1001,n6,n10,18,375.000,380.378,5.378,1
1,medium,3.0,37,OLSR,1001,n6,n10,18,435.000,440.510,5.510,1
1,medium,3.0,37,OLSR,1001,n10,n14,22,525.000,530.363,5.363,1
1,medium,3.0,37,OLSR,1001,n10,n14,22,585.000,590.532,5.532,1
1,medium,3.0,37,OLSR,1001,n10,n14,22,645.000,650.510,5.510,1
1,medium,3.0,37,DSR,1001,n6,n10,18,75.000,80.765,5.765,1
1,medium,3.0,37,DSR,1001,n6,n5,4,90.000,99.437,9.437,1
1,medium,3.0,37,DSR,1001,n6,n10,18,135.000,140.891,5.891,1
1,medium,3.0,37,DSR,1001,n6,n5,4,150.000,157.182,7.182,1
1,medium,3.0,37,DSR,1001,n6,n5,4,210.000,215.645,5.645,1
1,medium,3.0,37,DSR,1001,n6,n10,18,255.000,260.378,5.378,1
1,medium,3.0,37,DSR,1001,n6,n5,4,270.000,275.510,5.510,1
1,medium,3.0,38,DSDV,1001,n6,n10,18,75.000,80.891,5.891,1
1,medium,3.0,38,DSDV,1001,n6,n5,4,90.000,97.182,7.182,1
1,medium,3.0,38,DSDV,1001,n6,n10,18,135.000,140.765,5.765,1
1,medium,3.0,38,DSDV,1001,n6,n5,4,150.000,159.437,9.437,1
1,medium,3.0,38,DSDV,1001,n10,n14,22,225.000,232.182,7.182,1
1,medium,3.0,38,DSDV,1001,n10,n9,7,240.000,246.834,6.834,1
1,medium,3.0,38,DSDV,1001,n10,n14,22,285.000,291.156,6.156,1
1,medium,3.0,38,DSDV,1001,n10,n9,7,300.000,305.510,5.510,1
1,medium,3.0,38,AODV,1001,n6,n10,18,75.000,80.891,5.891,1
1,medium,3.0,38,AODV,1001,n6,n5,4,90.000,97.182,7.182,1
1,medium,3.0,38,AODV,1001,n6,n10,18,135.000,140.765,5.765,1
1,medium,3.0,38,AODV,1001,n6,n5,4,150.000,159.437,9.437,1
1,medium,3.0,38,AODV,1001,n10,n14,22,225.000,232.182,7.182,1
1,medium,3.0,38,AODV,1001,n10,n9,7,240.000,246.834,6.834,1
1,medium,3.0,38,AODV,1001,n10,n14,22,285.000,291.156,6.156,1
1,medium,3.0,38,AODV,1001,n10,n9,7,300.000,305.510,5.510,1
1,medium,3.0,38,OLSR,1001,n6,n10,18,75.000,80.891,5.891,1
1,medium,3.0,38,OLSR,1001,n6,n10,18,135.000,142.182,7.182,1
1,medium,3.0,38,OLSR,1001,n6,n10,18,195.000,200.765,5.765,1
1,medium,3.0,38,OLSR,1001,n6,n10,18,255.000,264.437,9.437,1
1,medium,3.0,38,OLSR,1001,n10,n14,22,345.000,352.182,7.182,1
1,medium,3.0,38,OLSR,1001,n10,n14,22,405.000,411.834,6.834,1
1,medium,3.0,38,OLSR,1001,n10,n14,22,465.000,471.156,6.156,1
1,medium,3.0,38,OLSR,1001,n10,n14,22,525.000,530.510,5.510,1
1,medium,3.0,38,DSR,1001,n6,n10,18,75.000,80.891,5.891,1
1,medium,3.0,38,DSR,1001,n6,n5,4,90.000,97.182,7.182,1
1,medium,3.0,38,DSR,1001,n6,n5,4,150.000,155.765,5.765,1
1,medium,3.0,38,DSR,1001,n6,n10,18,195.000,204.437,9.437,1
1,medium,3.0,39,DSDV,1001,n6,n10,18,75.000,80.645,5.645,1
1,medium,3.0,39,DSDV,1001,n6,n5,4,90.000,95.378,5.378,1
1,medium,3.0,39,DSDV,1001,n10,n14,22,165.000,172.182,7.182,1
1,medium,3.0,39,DSDV,1001,n10,n9,7,180.000,185.645,5.645,1
1,medium,3.0,39,DSDV,1001,n10,n14,22,225.000,230.378,5.378,1
1,medium,3.0,39,DSDV,1001,n10,n9,7,240.000,245.510,5.510,1
1,medium,3.0,39,AODV,1001,n6,n10,18,75.000,80.645,5.645,1
1,medium,3.0,39,AODV,1001,n6,n5,4,90.000,95.378,5.378,1
1,medium,3.0,39,AODV,1001,n10,n14,22,165.000,172.182,7.182,1
1,medium,3.0,39,AODV,1001,n10,n9,7,180.000,185.645,5.645,1
1,medium,3.0,39,AODV,1001,n10,n14,22,225.000,230.378,5.378,1
1,medium,3.0,39,AODV,1001,n10,n9,7,240.000,245.510,5.510,1
1,medium,3.0,39,OLSR,1001,n6,n10,18,75.000,80.645,5.645,1
1,medium,3.0,39,OLSR,1001,n6,n10,18,135.000,140.378,5.378,1
1,medium,3.0,39,OLSR,1001,n10,n14,22,225.000,232.182,7.182,1
1,medium,3.0,39,OLSR,1001,n10,n14,22,285.000,290.645,5.645,1
1,medium,3.0,39,OLSR,1001,n10,n14,22,345.000,350.378,5.378,1
1,medium,3.0,39,OLSR,1001,n10,n14,22,405.000,410.510,5.510,1
1,medium,3.0,39,DSR,1001,n6,n10,18,75.000,80.645,5.645,1
1,medium,3.0,39,DSR,1001,n6,n5,4,90.000,95.378,5.378,1
1,medium,3.0,40,DSDV,1001,n6,n10,18,75.000,84.209,9.209,1
1,medium,3.0,40,DSDV,1001,n6,n5,4,90.000,97.422,7.422,1
1,medium,3.0,40,DSDV,1001,n10,n14,22,165.000,170.178,5.178,1
1,medium,3.0,40,DSDV,1001,n10,n9,7,180.000,189.209,9.209,1
1,medium,3.0,40,DSDV,1001,n10,n14,22,225.000,232.422,7.422,1
1,medium,3.0,40,DSDV,1001,n10,n9,7,240.000,246.323,6.323,1
1,medium,3.0,40,AODV,1001,n6,n10,18,75.000,84.209,9.209,1
1,medium,3.0,40,AODV,1001,n6,n5,4,90.000,97.422,7.422,1
1,medium,3.0,40,AODV,1001,n10,n14,22,165.000,170.178,5.178,1
1,medium,3.0,40,AODV,1001,n10,n9,7,180.000,189.209,9.209,1
1,medium,3.0,40,AODV,1001,n10,n14,22,225.000,232.422,7.422,1
1,medium,3.0,40,AODV,1001,n10,n9,7,240.000,246.323,6.323,1
1,medium,3.0,40,OLSR,1001,n6,n10,18,75.000,84.209,9.209,1
1,medium,3.0,40,OLSR,1001,n6,n10,18,135.000,142.422,7.422,1
1,medium,3.0,40,OLSR,1001,n10,n14,22,225.000,230.178,5.178,1
1,medium,3.0,40,OLSR,1001,n10,n14,22,285.000,294.209,9.209,1
1,medium,3.0,40,OLSR,1001,n10,n14,22,345.000,352.422,7.422,1
1,medium,3.0,40,OLSR,1001,n10,n14,22,405.000,411.323,6.323,1
1,medium,3.0,40,DSR,1001,n6,n10,18,75.000,84.209,9.209,1
1,medium,3.0,40,DSR,1001,n6,n5,4,90.000,97.422,7.422,1
1,medium,3.0,41,DSDV,1001,n6,n10,18,75.000,84.029,9.029,1
1,medium,3.0,41,DSDV,1001,n6,n5,4,90.000,95.178,5.178,1
1,medium,3.0,41,DSDV,1001,n6,n10,18,135.000,140.505,5.505,1
1,medium,3.0,41,DSDV,1001,n6,n5,4,150.000,158.969,8.969,1
1,medium,3.0,41,DSDV,1001,n10,n14,22,225.000,230.178,5.178,1
1,medium,3.0,41,AODV,1001,n6,n10,18,75.000,84.029,9.029,1
1,medium,3.0,41,AODV,1001,n6,n5,4,90.000,95.178,5.178,1
1,medium,3.0,41,AODV,1001,n6,n5,4,150.000,155.505,5.505,1
1,medium,3.0,41,AODV,1001,n6,n10,18,195.000,203.969,8.969,1
1,medium,3.0,41,OLSR,1001,n6,n10,18,75.000,84.029,9.029,1
1,medium,3.0,41,OLSR,1001,n6,n10,18,135.000,140.178,5.178,1
1,medium,3.0,41,OLSR,1001,n6,n10,18,195.000,200.505,5.505,1
1,medium,3.0,41,OLSR,1001,n6,n10,18,255.000,263.969,8.969,1
1,medium,3.0,41,OLSR,1001,n10,n14,22,345.000,350.178,5.178,1
1,medium,3.0,41,DSR,1001,n6,n10,18,75.000,84.029,9.029,1
1,medium,3.0,41,DSR,1001,n6,n5,4,90.000,95.178,5.178,1
1,medium,3.0,41,DSR,1001,n6,n5,4,150.000,155.505,5.505,1
1,medium,3.0,41,DSR,1001,n6,n10,18,195.000,203.969,8.969,1
1,medium,3.0,42,DSDV,1001,n6,n10,18,75.000,80.505,5.505,1
1,medium,3.0,42,DSDV,1001,n6,n5,4,90.000,98.969,8.969,1
1,medium,3.0,42,DSDV,1001,n6,n10,18,135.000,144.029,9.029,1
1,medium,3.0,42,DSDV,1001,n6,n5,4,150.000,155.178,5.178,1
1,medium,3.0,42,DSDV,1001,n6,n10,18,195.000,204.209,9.209,1
1,medium,3.0,42,DSDV,1001,n6,n5,4,210.000,217.422,7.422,1
1,medium,3.0,42,DSDV,1001,n6,n10,18,255.000,261.323,6.323,1
1,medium,3.0,42,AODV,1001,n6,n10,18,75.000,80.505,5.505,1
1,medium,3.0,42,AODV,1001,n6,n5,4,90.000,98.969,8.969,1
1,medium,3.0,42,AODV,1001,n6,n10,18,135.000,144.029,9.029,1
1,medium,3.0,42,AODV,1001,n6,n5,4,150.000,155.178,5.178,1
1,medium,3.0,42,AODV,1001,n6,n5,4,210.000,219.209,9.209,1
1,medium,3.0,42,AODV,1001,n6,n10,18,255.000,262.422,7.422,1
1,medium,3.0,42,AODV,1001,n6,n5,4,270.000,276.323,6.323,1
1,medium,3.0,42,OLSR,1001,n6,n10,18,75.000,80.505,5.505,1
1,medium,3.0,42,OLSR,1001,n6,n10,18,135.000,143.969,8.969,1
1,medium,3.0,42,OLSR,1001,n6,n10,18,195.000,204.029,9.029,1
1,medium,3.0,42,OLSR,1001,n6,n10,18,255.000,260.178,5.178,1
1,medium,3.0,42,OLSR,1001,n6,n10,18,315.000,324.209,9.209,1
1,medium,3.0,42,OLSR,1001,n6,n10,18,375.000,382.422,7.422,1
1,medium,3.0,42,OLSR,1001,n6,n10,18,435.000,441.323,6.323,1
1,medium,3.0,42,DSR,1001,n6,n10,18,75.000,80.505,5.505,1
1,medium,3.0,42,DSR,1001,n6,n5,4,90.000,98.969,8.969,1
1,medium,3.0,42,DSR,1001,n6,n10,18,135.000,144.029,9.029,1
1,medium,3.0,42,DSR,1001,n6,n5,4,150.000,155.178,5.178,1
1,medium,3.0,42,DSR,1001,n6,n5,4,210.000,219.209,9.209,1
1,medium,3.0,42,DSR,1001,n6,n10,18,255.000,262.422,7.422,1
1,medium,3.0,42,DSR,1001,n6,n5,4,270.000,276.323,6.323,1
1,medium,3.0,43,DSDV,1001,n10,n14,22,105.000,110.178,5.178,1
1,medium,3.0,43,DSDV,1001,n10,n9,7,120.000,125.505,5.505,1
1,medium,3.0,43,DSDV,1001,n10,n14,22,165.000,173.969,8.969,1
1,medium,3.0,43,AODV,1001,n10,n14,22,105.000,110.178,5.178,1
1,medium,3.0,43,AODV,1001,n10,n9,7,120.000,125.505,5.505,1
1,medium,3.0,43,AODV,1001,n10,n14,22,165.000,173.969,8.969,1
1,medium,3.0,43,OLSR,1001,n10,n14,22,105.000,110.178,5.178,1
1,medium,3.0,43,OLSR,1001,n10,n14,22,165.000,170.505,5.505,1
1,medium,3.0,43,OLSR,1001,n10,n14,22,225.000,233.969,8.969,1
1,medium,3.0,43,DSR,1001,n10,n14,22,105.000,110.178,5.178,1
1,medium,3.0,43,DSR,1001,n10,n9,7,120.000,125.505,5.505,1
1,medium,3.0,43,DSR,1001,n10,n9,7,180.000,188.969,8.969,1
1,medium,3.0,44,DSDV,1001,n6,n10,18,75.000,80.465,5.465,1
1,medium,3.0,44,AODV,1001,n6,n10,18,75.000,80.465,5.465,1
1,medium,3.0,44,OLSR,1001,n6,n10,18,75.000,80.465,5.465,1
1,medium,3.0,44,DSR,1001,n6,n10,18,75.000,80.465,5.465,1
1,medium,4.0,37,sim,1001,n6,n10,18,75.000,80.765,5.765,1
1,medium,4.0,37,sim,1001,n6,n5,4,90.000,99.437,9.437,1
1,medium,4.0,37,sim,1001,n6,n10,18,135.000,140.891,5.891,1
1,medium,4.0,37,sim,1001,n6,n5,4,150.000,157.182,7.182,1
1,medium,4.0,37,sim,1001,n6,n10,18,195.000,200.645,5.645,1
1,medium,4.0,37,sim,1001,n6,n5,4,210.000,215.378,5.378,1
1,medium,4.0,37,sim,1001,n6,n10,18,255.000,260.510,5.510,1
1,medium,4.0,37,AODV,1001,n6,n10,18,75.000,80.765,5.765,1
1,medium,4.0,37,AODV,1001,n6,n5,4,90.000,99.437,9.437,1
1,medium,4.0,37,AODV,1001,n6,n10,18,135.000,140.891,5.891,1
1,medium,4.0,37,AODV,1001,n6,n5,4,150.000,157.182,7.182,1
1,medium,4.0,37,AODV,1001,n6,n10,18,195.000,200.645,5.645,1
1,medium,4.0,37,AODV,1001,n6,n5,4,210.000,215.378,5.378,1
1,medium,4.0,37,AODV,1001,n6,n10,18,255.000,260.510,5.510,1
1,medium,4.0,37,OLSR,1001,n6,n10,18,75.000,80.765,5.765,1
1,medium,4.0,37,OLSR,1001,n6,n10,18,135.000,144.437,9.437,1
1,medium,4.0,37,OLSR,1001,n6,n10,18,195.000,200.891,5.891,1
1,medium,4.0,37,OLSR,1001,n6,n10,18,255.000,262.182,7.182,1
1,medium,4.0,37,OLSR,1001,n6,n10,18,315.000,320.645,5.645,1
1,medium,4.0,37,OLSR,1001,n6,n10,18,375.000,380.378,5.378,1
1,medium,4.0,37,OLSR,1001,n6,n10,18,435.000,440.510,5.510,1
1,medium,4.0,37,OLSR,1001,n10,n14,22,525.000,530.363,5.363,1
1,medium,4.0,37,OLSR,1001,n10,n14,22,585.000,590.532,5.532,1
1,medium,4.0,37,OLSR,1001,n10,n14,22,645.000,650.510,5.510,1
1,medium,4.0,37,DSR,1001,n6,n10,18,75.000,80.765,5.765,1
1,medium,4.0,37,DSR,1001,n6,n5,4,90.000,99.437,9.437,1
1,medium,4.0,37,DSR,1001,n6,n10,18,135.000,140.891,5.891,1
1,medium,4.0,37,DSR,1001,n6,n5,4,150.000,157.182,7.182,1
1,medium,4.0,37,DSR,1001,n6,n5,4,210.000,215.645,5.645,1
1,medium,4.0,37,DSR,1001,n6,n10,18,255.000,260.378,5.378,1
1,medium,4.0,37,DSR,1001,n6,n5,4,270.000,275.510,5.510,1
1,medium,4.0,38,DSDV,1001,n6,n10,18,75.000,80.891,5.891,1
1,medium,4.0,38,DSDV,1001,n6,n5,4,90.000,97.182,7.182,1
1,medium,4.0,38,DSDV,1001,n6,n10,18,135.000,140.765,5.765,1
1,medium,4.0,38,DSDV,1001,n6,n5,4,150.000,159.437,9.437,1
1,medium,4.0,38,DSDV,1001,n10,n14,22,225.000,232.182,7.182,1
1,medium,4.0,38,DSDV,1001,n10,n9,7,240.000,246.834,6.834,1
1,medium,4.0,38,DSDV,1001,n10,n14,22,285.000,291.156,6.156,1
1,medium,4.0,38,DSDV,1001,n10,n9,7,300.000,305.510,5.510,1
1,medium,4.0,38,AODV,1001,n6,n10,18,75.000,80.891,5.891,1
1,medium,4.0,38,AODV,1001,n6,n5,4,90.000,97.182,7.182,1
1,medium,4.0,38,AODV,1001,n6,n10,18,135.000,140.765,5.765,1
1,medium,4.0,38,AODV,1001,n6,n5,4,150.000,159.437,9.437,1
1,medium,4.0,38,AODV,1001,n10,n14,22,225.000,232.182,7.182,1
1,medium,4.0,38,AODV,1001,n10,n9,7,240.000,246.834,6.834,1
1,medium,4.0,38,AODV,1001,n10,n14,22,285.000,291.156,6.156,1
1,medium,4.0,38,AODV,1001,n10,n9,7,300.000,305.510,5.510,1
1,medium,4.0,38,OLSR,1001,n6,n10,18,75.000,80.891,5.891,1
1,medium,4.0,38,OLSR,1001,n6,n10,18,135.000,142.182,7.182,1
1,medium,4.0,38,OLSR,1001,n6,n10,18,195.000,200.765,5.765,1
1,medium,4.0,38,OLSR,1001,n6,n10,18,255.000,264.437,9.437,1
1,medium,4.0,38,OLSR,1001,n10,n14,22,345.000,352.182,7.182,1
1,medium,4.0,38,OLSR,1001,n10,n14,22,405.000,411.834,6.834,1
1,medium,4.0,38,OLSR,1001,n10,n14,22,465.000,471.156,6.156,1
1,medium,4.0,38,OLSR,1001,n10,n14,22,525.000,530.510,5.510,1
1,medium,4.0,38,DSR,1001,n6,n10,18,75.000,80.891,5.891,1
1,medium,4.0,38,DSR,1001,n6,n5,4,90.000,97.182,7.182,1
1,medium,4.0,38,DSR,1001,n6,n5,4,150.000,155.765,5.765,1
1,medium,4.0,38,DSR,1001,n6,n10,18,195.000,204.437,9.437,1
1,medium,4.0,39,DSDV,1001,n6,n10,18,75.000,80.645,5.645,1
1,medium,4.0,39,DSDV,1001,n6,n5,4,90.000,95.378,5.378,1
1,medium,4.0,39,DSDV,1001,n10,n14,22,165.000,172.182,7.182,1
1,medium,4.0,39,DSDV,1001,n10,n9,7,180.000,185.645,5.645,1
1,medium,4.0,39,DSDV,1001,n10,n14,22,225.000,230.378,5.378,1
1,medium,4.0,39,DSDV,1001,n10,n9,7,240.000,245.510,5.510,1
1,medium,4.0,39,AODV,1001,n6,n10,18,75.000,80.645,5.645,1
1,medium,4.0,39,AODV,1001,n6,n5,4,90.000,95.378,5.378,1
1,medium,4.0,39,AODV,1001,n10,n14,22,165.000,172.182,7.182,1
1,medium,4.0,39,AODV,1001,n10,n9,7,180.000,185.645,5.645,1
1,medium,4.0,39,AODV,1001,n10,n14,22,225.000,230.378,5.378,1
1,medium,4.0,39,AODV,1001,n10,n9,7,240.000,245.510,5.510,1
1,medium,4.0,39,OLSR,1001,n6,n10,18,75.000,80.645,5.645,1
1,medium,4.0,39,OLSR,1001,n6,n10,18,135.000,140.378,5.378,1
1,medium,4.0,39,OLSR,1001,n10,n14,22,225.000,232.182,7.182,1
1,medium,4.0,39,OLSR,1001,n10,n14,22,285.000,290.645,5.645,1
1,medium,4.0,39,OLSR,1001,n10,n14,22,345.000,350.378,5.378,1
1,medium,4.0,39,OLSR,1001,n10,n14,22,405.000,410.510,5.510,1
1,medium,4.0,39,DSR,1001,n6,n10,18,75.000,80.645,5.645,1
1,medium,4.0,39,DSR,1001,n6,n5,4,90.000,95.378,5.378,1
1,medium,4.0,40,DSDV,1001,n6,n10,18,75.000,84.209,9.209,1
1,medium,4.0,40,DSDV,1001,n6,n5,4,90.000,97.422,7.422,1
1,medium,4.0,40,DSDV,1001,n10,n14,22,165.000,170.178,5.178,1
1,medium,4.0,40,DSDV,1001,n10,n9,7,180.000,189.209,9.209,1
1,medium,4.0,40,DSDV,1001,n10,n14,22,225.000,232.422,7.422,1
1,medium,4.0,40,DSDV,1001,n10,n9,7,240.000,246.323,6.323,1
1,medium,4.0,40,AODV,1001,n6,n10,18,75.000,84.209,9.209,1
1,medium,4.0,40,AODV,1001,n6,n5,4,90.000,97.422,7.422,1
1,medium,4.0,40,AODV,1001,n10,n14,22,165.000,170.178,5.178,1
1,medium,4.0,40,AODV,1001,n10,n9,7,180.000,189.209,9.209,1
1,medium,4.0,40,AODV,1001,n10,n14,22,225.000,232.422,7.422,1
1,medium,4.0,40,AODV,1001,n10,n9,7,240.000,246.323,6.323,1
1,medium,4.0,40,OLSR,1001,n6,n10,18,75.000,84.209,9.209,1
1,medium,4.0,40,OLSR,1001,n6,n10,18,135.000,142.422,7.422,1
1,medium,4.0,40,OLSR,1001,n10,n14,22,225.000,230.178,5.178,1
1,medium,4.0,40,OLSR,1001,n10,n14,22,285.000,294.209,9.209,1
1,medium,4.0,40,OLSR,1001,n10,n14,22,345.000,352.422,7.422,1
1,medium,4.0,40,OLSR,1001,n10,n14,22,405.000,411.323,6.323,1
1,medium,4.0,40,DSR,1001,n6,n10,18,75.000,84.209,9.209,1
1,medium,4.0,40,DSR,1001,n6,n5,4,90.000,97.422,7.422,1
1,medium,4.0,41,DSDV,1001,n6,n10,18,75.000,84.029,9.029,1
1,medium,4.0,41,DSDV,1001,n6,n5,4,90.000,95.178,5.178,1
1,medium,4.0,41,DSDV,1001,n6,n10,18,135.000,140.505,5.505,1
1,medium,4.0,41,DSDV,1001,n6,n5,4,150.000,158.969,8.969,1
1,medium,4.0,41,DSDV,1001,n10,n14,22,225.000,230.178,5.178,1
1,medium,4.0,41,AODV,1001,n6,n10,18,75.000,84.029,9.029,1
1,medium,4.0,41,AODV,1001,n6,n5,4,90.000,95.178,5.178,1
1,medium,4.0,41,AODV,1001,n6,n5,4,150.000,155.505,5.505,1
1,medium,4.0,41,AODV,1001,n6,n10,18,195.000,203.969,8.969,1
1,medium,4.0,41,OLSR,1001,n6,n10,18,75.000,84.029,9.029,1
1,medium,4.0,41,OLSR,1001,n6,n10,18,135.000,140.178,5.178,1
1,medium,4.0,41,OLSR,1001,n6,n10,18,195.000,200.505,5.505,1
1,medium,4.0,41,OLSR,1001,n6,n10,18,255.000,263.969,8.969,1
1,medium,4.0,41,OLSR,1001,n10,n14,22,345.000,350.178,5.178,1
1,medium,4.0,41,DSR,1001,n6,n10,18,75.000,84.029,9.029,1
1,medium,4.0,41,DSR,1001,n6,n5,4,90.000,95.178,5.178,1
1,medium,4.0,41,DSR,1001,n6,n5,4,150.000,155.505,5.505,1
1,medium,4.0,41,DSR,1001,n6,n10,18,195.000,203.969,8.969,1
1,medium,4.0,42,DSDV,1001,n6,n10,18,75.000,80.505,5.505,1
1,medium,4.0,42,DSDV,1001,n6,n5,4,90.000,98.969,8.969,1
1,medium,4.0,42,DSDV,1001,n6,n10,18,135.000,144.029,9.029,1
1,medium,4.0,42,DSDV,1001,n6,n5,4,150.000,155.178,5.178,1
1,medium,4.0,42,DSDV,1001,n6,n10,18,195.000,204.209,9.209,1
1,medium,4.0,42,DSDV,1001,n6,n5,4,210.000,217.422,7.422,1
1,medium,4.0,42,DSDV,1001,n6,n10,18,255.000,261.323,6.323,1
1,medium,4.0,42,AODV,1001,n6,n10,18,75.000,80.505,5.505,1
1,medium,4.0,42,AODV,1001,n6,n5,4,90.000,98.969,8.969,1
1,medium,4.0,42,AODV,1001,n6,n10,18,135.000,144.029,9.029,1
1,medium,4.0,42,AODV,1001,n6,n5,4,150.000,155.178,5.178,1
1,medium,4.0,42,AODV,1001,n6,n5,4,210.000,219.209,9.209,1
1,medium,4.0,42,AODV,1001,n6,n10,18,255.000,262.422,7.422,1
1,medium,4.0,42,AODV,1001,n6,n5,4,270.000,276.323,6.323,1
1,medium,4.0,42,OLSR,1001,n6,n10,18,75.000,80.505,5.505,1
1,medium,4.0,42,OLSR,1001,n6,n10,18,135.000,143.969,8.969,1
1,medium,4.0,42,OLSR,1001,n6,n10,18,195.000,204.029,9.029,1
1,medium,4.0,42,OLSR,1001,n6,n10,18,255.000,260.178,5.178,1
1,medium,4.0,42,OLSR,1001,n6,n10,18,315.000,324.209,9.209,1
1,medium,4.0,42,OLSR,1001,n6,n10,18,375.000,382.422,7.422,1
1,medium,4.0,42,OLSR,1001,n6,n10,18,435.000,441.323,6.323,1
1,medium,4.0,42,DSR,1001,n6,n10,18,75.000,80.505,5.505,1
1,medium,4.0,42,DSR,1001,n6,n5,4,90.000,98.969,8.969,1
1,medium,4.0,42,DSR,1001,n6,n10,18,135.000,144.029,9.029,1
1,medium,4.0,42,DSR,1001,n6,n5,4,150.000,155.178,5.178,1
1,medium,4.0,42,DSR,1001,n6,n5,4,210.000,219.209,9.209,1
1,medium,4.0,42,DSR,1001,n6,n10,18,255.000,262.422,7.422,1
1,medium,4.0,42,DSR,1001,n6,n5,4,270.000,276.323,6.323,1
1,medium,4.0,43,DSDV,1001,n10,n14,22,105.000,110.178,5.178,1
1,medium,4.0,43,DSDV,1001,n10,n9,7,120.000,125.505,5.505,1
1,medium,4.0,43,DSDV,1001,n10,n14,22,165.000,173.969,8.969,1
1,medium,4.0,43,AODV,1001,n10,n14,22,105.000,110.178,5.178,1
1,medium,4.0,43,AODV,1001,n10,n9,7,120.000,125.505,5.505,1
1,medium,4.0,43,AODV,1001,n10,n14,22,165.000,173.969,8.969,1
1,medium,4.0,43,OLSR,1001,n10,n14,22,105.000,110.178,5.178,1
1,medium,4.0,43,OLSR,1001,n10,n14,22,165.000,170.505,5.505,1
1,medium,4.0,43,OLSR,1001,n10,n14,22,225.000,233.969,8.969,1
1,medium,4.0,43,DSR,1001,n10,n14,22,105.000,110.178,5.178,1
1,medium,4.0,43,DSR,1001,n10,n9,7,120.000,125.505,5.505,1
1,medium,4.0,43,DSR,1001,n10,n9,7,180.000,188.969,8.969,1
1,medium,4.0,44,DSDV,1001,n6,n10,18,75.000,80.465,5.465,1
1,medium,4.0,44,AODV,1001,n6,n10,18,75.000,80.465,5.465,1
1,medium,4.0,44,OLSR,1001,n6,n10,18,75.000,80.465,5.465,1
1,medium,4.0,44,DSR,1001,n6,n10,18,75.000,80.465,5.465,1
1,medium,5.0,37,sim,1001,n6,n10,18,75.000,80.765,5.765,1
1,medium,5.0,37,sim,1001,n6,n5,4,90.000,99.437,9.437,1
1,medium,5.0,37,sim,1001,n6,n10,18,135.000,140.891,5.891,1
1,medium,5.0,37,sim,1001,n6,n5,4,150.000,157.182,7.182,1
1,medium,5.0,37,sim,1001,n6,n10,18,195.000,200.645,5.645,1
1,medium,5.0,37,sim,1001,n6,n5,4,210.000,215.378,5.378,1
1,medium,5.0,37,sim,1001,n6,n10,18,255.000,260.510,5.510,1
1,medium,5.0,37,AODV,1001,n6,n10,18,75.000,80.765,5.765,1
1,medium,5.0,37,AODV,1001,n6,n5,4,90.000,99.437,9.437,1
1,medium,5.0,37,AODV,1001,n6,n10,18,135.000,140.891,5.891,1
1,medium,5.0,37,AODV,1001,n6,n5,4,150.000,157.182,7.182,1
1,medium,5.0,37,AODV,1001,n6,n10,18,195.000,200.645,5.645,1
1,medium,5.0,37,AODV,1001,n6,n5,4,210.000,215.378,5.378,1
1,medium,5.0,37,AODV,1001,n6,n10,18,255.000,260.510,5.510,1
1,medium,5.0,37,OLSR,1001,n6,n10,18,75.000,80.765,5.765,1
1,medium,5.0,37,OLSR,1001,n6,n10,18,135.000,144.437,9.437,1
1,medium,5.0,37,OLSR,1001,n6,n10,18,195.000,200.891,5.891,1
1,medium,5.0,37,OLSR,1001,n6,n10,18,255.000,262.182,7.182,1
1,medium,5.0,37,OLSR,1001,n6,n10,18,315.000,320.645,5.645,1
1,medium,5.0,37,OLSR,1001,n6,n10,18,375.000,380.378,5.378,1
1,medium,5.0,37,OLSR,1001,n6,n10,18,435.000,440.510,5.510,1
1,medium,5.0,37,OLSR,1001,n10,n14,22,525.000,530.363,5.363,1
1,medium,5.0,37,OLSR,1001,n10,n14,22,585.000,590.532,5.532,1
1,medium,5.0,37,OLSR,1001,n10,n14,22,645.000,650.510,5.510,1
1,medium,5.0,37,DSR,1001,n6,n10,18,75.000,80.765,5.765,1
1,medium,5.0,37,DSR,1001,n6,n5,4,90.000,99.437,9.437,1
1,medium,5.0,37,DSR,1001,n6,n10,18,135.000,140.891,5.891,1
1,medium,5.0,37,DSR,1001,n6,n5,4,150.000,157.182,7.182,1
1,medium,5.0,37,DSR,1001,n6,n5,4,210.000,215.645,5.645,1
1,medium,5.0,37,DSR,1001,n6,n10,18,255.000,260.378,5.378,1
1,medium,5.0,37,DSR,1001,n6,n5,4,270.000,275.510,5.510,1
1,medium,5.0,38,DSDV,1001,n6,n10,18,75.000,80.891,5.891,1
1,medium,5.0,38,DSDV,1001,n6,n5,4,90.000,97.182,7.182,1
1,medium,5.0,38,DSDV,1001,n6,n10,18,135.000,140.765,5.765,1
1,medium,5.0,38,DSDV,1001,n6,n5,4,150.000,159.437,9.437,1
1,medium,5.0,38,DSDV,1001,n10,n14,22,225.000,232.182,7.182,1
1,medium,5.0,38,DSDV,1001,n10,n9,7,240.000,246.834,6.834,1
1,medium,5.0,38,DSDV,1001,n10,n14,22,285.000,291.156,6.156,1
1,medium,5.0,38,DSDV,1001,n10,n9,7,300.000,305.510,5.510,1
1,medium,5.0,38,AODV,1001,n6,n10,18,75.000,80.891,5.891,1
1,medium,5.0,38,AODV,1001,n6,n5,4,90.000,97.182,7.182,1
1,medium,5.0,38,AODV,1001,n6,n10,18,135.000,140.765,5.765,1
1,medium,5.0,38,AODV,1001,n6,n5,4,150.000,159.437,9.437,1
1,medium,5.0,38,AODV,1001,n10,n14,22,225.000,232.182,7.182,1
1,medium,5.0,38,AODV,1001,n10,n9,7,240.000,246.834,6.834,1
1,medium,5.0,38,AODV,1001,n10,n14,22,285.000,291.156,6.156,1
1,medium,5.0,38,AODV,1001,n10,n9,7,300.000,305.510,5.510,1
1,medium,5.0,38,OLSR,1001,n6,n10,18,75.000,80.891,5.891,1
1,medium,5.0,38,OLSR,1001,n6,n10,18,135.000,142.182,7.182,1
1,medium,5.0,38,OLSR,1001,n6,n10,18,195.000,200.765,5.765,1
1,medium,5.0,38,OLSR,1001,n6,n10,18,255.000,264.437,9.437,1
1,medium,5.0,38,OLSR,1001,n10,n14,22,345.000,352.182,7.182,1
1,medium,5.0,38,OLSR,1001,n10,n14,22,405.000,411.834,6.834,1
1,medium,5.0,38,OLSR,1001,n10,n14,22,465.000,471.156,6.156,1
1,medium,5.0,38,OLSR,1001,n10,n14,22,525.000,530.510,5.510,1
1,medium,5.0,38,DSR,1001,n6,n10,18,75.000,80.891,5.891,1
1,medium,5.0,38,DSR,1001,n6,n5,4,90.000,97.182,7.182,1
1,medium,5.0,38,DSR,1001,n6,n5,4,150.000,155.765,5.765,1
1,medium,5.0,38,DSR,1001,n6,n10,18,195.000,204.437,9.437,1
1,medium,5.0,39,DSDV,1001,n6,n10,18,75.000,80.645,5.645,1
1,medium,5.0,39,DSDV,1001,n6,n5,4,90.000,95.378,5.378,1
1,medium,5.0,39,DSDV,1001,n10,n14,22,165.000,172.182,7.182,1
1,medium,5.0,39,DSDV,1001,n10,n9,7,180.000,185.645,5.645,1
1,medium,5.0,39,DSDV,1001,n10,n14,22,225.000,230.378,5.378,1
1,medium,5.0,39,DSDV,1001,n10,n9,7,240.000,245.510,5.510,1
1,medium,5.0,39,AODV,1001,n6,n10,18,75.000,80.645,5.645,1
1,medium,5.0,39,AODV,1001,n6,n5,4,90.000,95.378,5.378,1
1,medium,5.0,39,AODV,1001,n10,n14,22,165.000,172.182,7.182,1
1,medium,5.0,39,AODV,1001,n10,n9,7,180.000,185.645,5.645,1
1,medium,5.0,39,AODV,1001,n10,n14,22,225.000,230.378,5.378,1
1,medium,5.0,39,AODV,1001,n10,n9,7,240.000,245.510,5.510,1
1,medium,5.0,39,OLSR,1001,n6,n10,18,75.000,80.645,5.645,1
1,medium,5.0,39,OLSR,1001,n6,n10,18,135.000,140.378,5.378,1
1,medium,5.0,39,OLSR,1001,n10,n14,22,225.000,232.182,7.182,1
1,medium,5.0,39,OLSR,1001,n10,n14,22,285.000,290.645,5.645,1
1,medium,5.0,39,OLSR,1001,n10,n14,22,345.000,350.378,5.378,1
1,medium,5.0,39,OLSR,1001,n10,n14,22,405.000,410.510,5.510,1
1,medium,5.0,39,DSR,1001,n6,n10,18,75.000,80.645,5.645,1
1,medium,5.0,39,DSR,1001,n6,n5,4,90.000,95.378,5.378,1
1,medium,5.0,40,DSDV,1001,n6,n10,18,75.000,84.209,9.209,1
1,medium,5.0,40,DSDV,1001,n6,n5,4,90.000,97.422,7.422,1
1,medium,5.0,40,DSDV,1001,n10,n14,22,165.000,170.178,5.178,1
1,medium,5.0,40,DSDV,1001,n10,n9,7,180.000,189.209,9.209,1
1,medium,5.0,40,DSDV,1001,n10,n14,22,225.000,232.422,7.422,1
1,medium,5.0,40,DSDV,1001,n10,n9,7,240.000,246.323,6.323,1
1,medium,5.0,40,AODV,1001,n6,n10,18,75.000,84.209,9.209,1
1,medium,5.0,40,AODV,1001,n6,n5,4,90.000,97.422,7.422,1
1,medium,5.0,40,AODV,1001,n10,n14,22,165.000,170.178,5.178,1
1,medium,5.0,40,AODV,1001,n10,n9,7,180.000,189.209,9.209,1
1,medium,5.0,40,AODV,1001,n10,n14,22,225.000,232.422,7.422,1
1,medium,5.0,40,AODV,1001,n10,n9,7,240.000,246.323,6.323,1
1,medium,5.0,40,OLSR,1001,n6,n10,18,75.000,84.209,9.209,1
1,medium,5.0,40,OLSR,1001,n6,n10,18,135.000,142.422,7.422,1
1,medium,5.0,40,OLSR,1001,n10,n14,22,225.000,230.178,5.178,1
1,medium,5.0,40,OLSR,1001,n10,n14,22,285.000,294.209,9.209,1
1,medium,5.0,40,OLSR,1001,n10,n14,22,345.000,352.422,7.422,1
1,medium,5.0,40,OLSR,1001,n10,n14,22,405.000,411.323,6.323,1
1,medium,5.0,40,DSR,1001,n6,n10,18,75.000,84.209,9.209,1
1,medium,5.0,40,DSR,1001,n6,n5,4,90.000,97.422,7.422,1
1,medium,5.0,41,DSDV,1001,n6,n10,18,75.000,84.029,9.029,1
1,medium,5.0,41,DSDV,1001,n6,n5,4,90.000,95.178,5.178,1
1,medium,5.0,41,DSDV,1001,n6,n10,18,135.000,140.505,5.505,1
1,medium,5.0,41,DSDV,1001,n6,n5,4,150.000,158.969,8.969,1
1,medium,5.0,41,DSDV,1001,n10,n14,22,225.000,230.178,5.178,1
1,medium,5.0,41,AODV,1001,n6,n10,18,75.000,84.029,9.029,1
1,medium,5.0,41,AODV,1001,n6,n5,4,90.000,95.178,5.178,1
1,medium,5.0,41,AODV,1001,n6,n5,4,150.000,155.505,5.505,1
1,medium,5.0,41,AODV,1001,n6,n10,18,195.000,203.969,8.969,1
1,medium,5.0,41,OLSR,1001,n6,n10,18,75.000,84.029,9.029,1
1,medium,5.0,41,OLSR,1001,n6,n10,18,135.000,140.178,5.178,1
1,medium,5.0,41,OLSR,1001,n6,n10,18,195.000,200.505,5.505,1
1,medium,5.0,41,OLSR,1001,n6,n10,18,255.000,263.969,8.969,1
1,medium,5.0,41,OLSR,1001,n10,n14,22,345.000,350.178,5.178,1
1,medium,5.0,41,DSR,1001,n6,n10,18,75.000,84.029,9.029,1
1,medium,5.0,41,DSR,1001,n6,n5,4,90.000,95.178,5.178,1
1,medium,5.0,41,DSR,1001,n6,n5,4,150.000,155.505,5.505,1
1,medium,5.0,41,DSR,1001,n6,n10,18,195.000,203.969,8.969,1
1,medium,5.0,42,DSDV,1001,n6,n10,18,75.000,80.505,5.505,1
1,medium,5.0,42,DSDV,1001,n6,n5,4,90.000,98.969,8.969,1
1,medium,5.0,42,DSDV,1001,n6,n10,18,135.000,144.029,9.029,1
1,medium,5.0,42,DSDV,1001,n6,n5,4,150.000,155.178,5.178,1
1,medium,5.0,42,DSDV,1001,n6,n10,18,195.000,204.209,9.209,1
1,medium,5.0,42,DSDV,1001,n6,n5,4,210.000,217.422,7.422,1
1,medium,5.0,42,DSDV,1001,n6,n10,18,255.000,261.323,6.323,1
1,medium,5.0,42,AODV,1001,n6,n10,18,75.000,80.505,5.505,1
1,medium,5.0,42,AODV,1001,n6,n5,4,90.000,98.969,8.969,1
1,medium,5.0,42,AODV,1001,n6,n10,18,135.000,144.029,9.029,1
1,medium,5.0,42,AODV,1001,n6,n5,4,150.000,155.178,5.178,1
1,medium,5.0,42,AODV,1001,n6,n5,4,210.000,219.209,9.209,1
1,medium,5.0,42,AODV,1001,n6,n10,18,255.000,262.422,7.422,1
1,medium,5.0,42,AODV,1001,n6,n5,4,270.000,276.323,6.323,1
1,medium,5.0,42,OLSR,1001,n6,n10,18,75.000,80.505,5.505,1
1,medium,5.0,42,OLSR,1001,n6,n10,18,135.000,143.969,8.969,1
1,medium,5.0,42,OLSR,1001,n6,n10,18,195.000,204.029,9.029,1
1,medium,5.0,42,OLSR,1001,n6,n10,18,255.000,260.178,5.178,1
1,medium,5.0,42,OLSR,1001,n6,n10,18,315.000,324.209,9.209,1
1,medium,5.0,42,OLSR,1001,n6,n10,18,375.000,382.422,7.422,1
1,medium,5.0,42,OLSR,1001,n6,n10,18,435.000,441.323,6.323,1
1,medium,5.0,42,DSR,1001,n6,n10,18,75.000,80.505,5.505,1
1,medium,5.0,42,DSR,1001,n6,n5,4,90.000,98.969,8.969,1
1,medium,5.0,42,DSR,1001,n6,n10,18,135.000,144.029,9.029,1
1,medium,5.0,42,DSR,1001,n6,n5,4,150.000,155.178,5.178,1
1,medium,5.0,42,DSR,1001,n6,n5,4,210.000,219.209,9.209,1
1,medium,5.0,42,DSR,1001,n6,n10,18,255.000,262.422,7.422,1
1,medium,5.0,42,DSR,1001,n6,n5,4,270.000,276.323,6.323,1
1,medium,5.0,43,DSDV,1001,n10,n14,22,105.000,110.178,5.178,1
1,medium,5.0,43,DSDV,1001,n10,n9,7,120.000,125.505,5.505,1
1,medium,5.0,43,DSDV,1001,n10,n14,22,165.000,173.969,8.969,1
1,medium,5.0,43,AODV,1001,n10,n14,22,105.000,110.178,5.178,1
1,medium,5.0,43,AODV,1001,n10,n9,7,120.000,125.505,5.505,1
1,medium,5.0,43,AODV,1001,n10,n14,22,165.000,173.969,8.969,1
1,medium,5.0,43,OLSR,1001,n10,n14,22,105.000,110.178,5.178,1
1,medium,5.0,43,OLSR,1001,n10,n14,22,165.000,170.505,5.505,1
1,medium,5.0,43,OLSR,1001,n10,n14,22,225.000,233.969,8.969,1
1,medium,5.0,43,DSR,1001,n10,n14,22,105.000,110.178,5.178,1
1,medium,5.0,43,DSR,1001,n10,n9,7,120.000,125.505,5.505,1
1,medium,5.0,43,DSR,1001,n10,n9,7,180.000,188.969,8.969,1
1,medium,5.0,44,DSDV,1001,n6,n10,18,75.000,80.465,5.465,1
1,medium,5.0,44,AODV,1001,n6,n10,18,75.000,80.465,5.465,1
1,medium,5.0,44,OLSR,1001,n6,n10,18,75.000,80.465,5.465,1
1,medium,5.0,44,DSR,1001,n6,n10,18,75.000,80.465,5.465,1
1,medium,6.0,37,sim,1001,n6,n10,18,75.000,80.765,5.765,1
1,medium,6.0,37,sim,1001,n6,n5,4,90.000,99.437,9.437,1
1,medium,6.0,37,sim,1001,n6,n10,18,135.000,140.891,5.891,1
1,medium,6.0,37,sim,1001,n6,n5,4,150.000,157.182,7.182,1
1,medium,6.0,37,sim,1001,n6,n10,18,195.000,200.645,5.645,1
1,medium,6.0,37,sim,1001,n6,n5,4,210.000,215.378,5.378,1
1,medium,6.0,37,sim,1001,n6,n10,18,255.000,260.510,5.510,1
1,medium,6.0,37,AODV,1001,n6,n10,18,75.000,80.765,5.765,1
1,medium,6.0,37,AODV,1001,n6,n5,4,90.000,99.437,9.437,1
1,medium,6.0,37,AODV,1001,n6,n10,18,135.000,140.891,5.891,1
1,medium,6.0,37,AODV,1001,n6,n5,4,150.000,157.182,7.182,1
1,medium,6.0,37,AODV,1001,n6,n10,18,195.000,200.645,5.645,1
1,medium,6.0,37,AODV,1001,n6,n5,4,210.000,215.378,5.378,1
1,medium,6.0,37,AODV,1001,n6,n10,18,255.000,260.510,5.510,1
1,medium,6.0,37,OLSR,1001,n6,n10,18,75.000,80.765,5.765,1
1,medium,6.0,37,OLSR,1001,n6,n10,18,135.000,144.437,9.437,1
1,medium,6.0,37,OLSR,1001,n6,n10,18,195.000,200.891,5.891,1
1,medium,6.0,37,OLSR,1001,n6,n10,18,255.000,262.182,7.182,1
1,medium,6.0,37,OLSR,1001,n6,n10,18,315.000,320.645,5.645,1
1,medium,6.0,37,OLSR,1001,n6,n10,18,375.000,380.378,5.378,1
1,medium,6.0,37,OLSR,1001,n6,n10,18,435.000,440.510,5.510,1
1,medium,6.0,37,OLSR,1001,n10,n14,22,525.000,530.363,5.363,1
1,medium,6.0,37,OLSR,1001,n10,n14,22,585.000,590.532,5.532,1
1,medium,6.0,37,OLSR,1001,n10,n14,22,645.000,650.510,5.510,1
1,medium,6.0,37,DSR,1001,n6,n10,18,75.000,80.765,5.765,1
1,medium,6.0,37,DSR,1001,n6,n5,4,90.000,99.437,9.437,1
1,medium,6.0,37,DSR,1001,n6,n10,18,135.000,140.891,5.891,1
1,medium,6.0,37,DSR,1001,n6,n5,4,150.000,157.182,7.182,1
1,medium,6.0,37,DSR,1001,n6,n5,4,210.000,215.645,5.645,1
1,medium,6.0,37,DSR,1001,n6,n10,18,255.000,260.378,5.378,1
1,medium,6.0,37,DSR,1001,n6,n5,4,270.000,275.510,5.510,1
1,medium,6.0,38,DSDV,1001,n6,n10,18,75.000,80.891,5.891,1
1,medium,6.0,38,DSDV,1001,n6,n5,4,90.000,97.182,7.182,1
1,medium,6.0,38,DSDV,1001,n6,n10,18,135.000,140.765,5.765,1
1,medium,6.0,38,DSDV,1001,n6,n5,4,150.000,159.437,9.437,1
1,medium,6.0,38,DSDV,1001,n10,n14,22,225.000,232.182,7.182,1
1,medium,6.0,38,DSDV,1001,n10,n9,7,240.000,246.834,6.834,1
1,medium,6.0,38,DSDV,1001,n10,n14,22,285.000,291.156,6.156,1
1,medium,6.0,38,DSDV,1001,n10,n9,7,300.000,305.510,5.510,1
1,medium,6.0,38,AODV,1001,n6,n10,18,75.000,80.891,5.891,1
1,medium,6.0,38,AODV,1001,n6,n5,4,90.000,97.182,7.182,1
1,medium,6.0,38,AODV,1001,n6,n10,18,135.000,140.765,5.765,1
1,medium,6.0,38,AODV,1001,n6,n5,4,150.000,159.437,9.437,1
1,medium,6.0,38,AODV,1001,n10,n14,22,225.000,232.182,7.182,1
1,medium,6.0,38,AODV,1001,n10,n9,7,240.000,246.834,6.834,1
1,medium,6.0,38,AODV,1001,n10,n14,22,285.000,291.156,6.156,1
1,medium,6.0,38,AODV,1001,n10,n9,7,300.000,305.510,5.510,1
1,medium,6.0,38,OLSR,1001,n6,n10,18,75.000,80.891,5.891,1
1,medium,6.0,38,OLSR,1001,n6,n10,18,135.000,142.182,7.182,1
1,medium,6.0,38,OLSR,1001,n6,n10,18,195.000,200.765,5.765,1
1,medium,6.0,38,OLSR,1001,n6,n10,18,255.000,264.437,9.437,1
1,medium,6.0,38,OLSR,1001,n10,n14,22,345.000,352.182,7.182,1
1,medium,6.0,38,OLSR,1001,n10,n14,22,405.000,411.834,6.834,1
1,medium,6.0,38,OLSR,1001,n10,n14,22,465.000,471.156,6.156,1
1,medium,6.0,38,OLSR,1001,n10,n14,22,525.000,530.510,5.510,1
1,medium,6.0,38,DSR,1001,n6,n10,18,75.000,80.891,5.891,1
1,medium,6.0,38,DSR,1001,n6,n5,4,90.000,97.182,7.182,1
1,medium,6.0,38,DSR,1001,n6,n5,4,150.000,155.765,5.765,1
1,medium,6.0,38,DSR,1001,n6,n10,18,195.000,204.437,9.437,1
1,medium,6.0,39,DSDV,1001,n6,n10,18,75.000,80.645,5.645,1
1,medium,6.0,39,DSDV,1001,n6,n5,4,90.000,95.378,5.378,1
1,medium,6.0,39,DSDV,1001,n10,n14,22,165.000,172.182,7.182,1
1,medium,6.0,39,DSDV,1001,n10,n9,7,180.000,185.645,5.645,1
1,medium,6.0,39,DSDV,1001,n10,n14,22,225.000,230.378,5.378,1
1,medium,6.0,39,DSDV,1001,n10,n9,7,240.000,245.510,5.510,1
1,medium,6.0,39,AODV,1001,n6,n10,18,75.000,80.645,5.645,1
1,medium,6.0,39,AODV,1001,n6,n5,4,90.000,95.378,5.378,1
1,medium,6.0,39,AODV,1001,n10,n14,22,165.000,172.182,7.182,1
1,medium,6.0,39,AODV,1001,n10,n9,7,180.000,185.645,5.645,1
1,medium,6.0,39,AODV,1001,n10,n14,22,225.000,230.378,5.378,1
1,medium,6.0,39,AODV,1001,n10,n9,7,240.000,245.510,5.510,1
1,medium,6.0,39,OLSR,1001,n6,n10,18,75.000,80.645,5.645,1
1,medium,6.0,39,OLSR,1001,n6,n10,18,135.000,140.378,5.378,1
1,medium,6.0,39,OLSR,1001,n10,n14,22,225.000,232.182,7.182,1
1,medium,6.0,39,OLSR,1001,n10,n14,22,285.000,290.645,5.645,1
1,medium,6.0,39,OLSR,1001,n10,n14,22,345.000,350.378,5.378,1
1,medium,6.0,39,OLSR,1001,n10,n14,22,405.000,410.510,5.510,1
1,medium,6.0,39,DSR,1001,n6,n10,18,75.000,80.645,5.645,1
1,medium,6.0,39,DSR,1001,n6,n5,4,90.000,95.378,5.378,1
1,medium,6.0,40,DSDV,1001,n6,n10,18,75.000,84.209,9.209,1
1,medium,6.0,40,DSDV,1001,n6,n5,4,90.000,97.422,7.422,1
1,medium,6.0,40,DSDV,1001,n10,n14,22,165.000,170.178,5.178,1
1,medium,6.0,40,DSDV,1001,n10,n9,7,180.000,189.209,9.209,1
1,medium,6.0,40,DSDV,1001,n10,n14,22,225.000,232.422,7.422,1
1,medium,6.0,40,DSDV,1001,n10,n9,7,240.000,246.323,6.323,1
1,medium,6.0,40,AODV,1001,n6,n10,18,75.000,84.209,9.209,1
1,medium,6.0,40,AODV,1001,n6,n5,4,90.000,97.422,7.422,1
1,medium,6.0,40,AODV,1001,n10,n14,22,165.000,170.178,5.178,1
1,medium,6.0,40,AODV,1001,n10,n9,7,180.000,189.209,9.209,1
1,medium,6.0,40,AODV,1001,n10,n14,22,225.000,232.422,7.422,1
1,medium,6.0,40,AODV,1001,n10,n9,7,240.000,246.323,6.323,1
1,medium,6.0,40,OLSR,1001,n6,n10,18,75.000,84.209,9.209,1
1,medium,6.0,40,OLSR,1001,n6,n10,18,135.000,142.422,7.422,1
1,medium,6.0,40,OLSR,1001,n10,n14,22,225.000,230.178,5.178,1
1,medium,6.0,40,OLSR,1001,n10,n14,22,285.000,294.209,9.209,1
1,medium,6.0,40,OLSR,1001,n10,n14,22,345.000,352.422,7.422,1
1,medium,6.0,40,OLSR,1001,n10,n14,22,405.000,411.323,6.323,1
1,medium,6.0,40,DSR,1001,n6,n10,18,75.000,84.209,9.209,1
1,medium,6.0,40,DSR,1001,n6,n5,4,90.000,97.422,7.422,1
1,medium,6.0,41,DSDV,1001,n6,n10,18,75.000,84.029,9.029,1
1,medium,6.0,41,DSDV,1001,n6,n5,4,90.000,95.178,5.178,1
1,medium,6.0,41,DSDV,1001,n6,n10,18,135.000,140.505,5.505,1
1,medium,6.0,41,DSDV,1001,n6,n5,4,150.000,158.969,8.969,1
1,medium,6.0,41,DSDV,1001,n10,n14,22,225.000,230.178,5.178,1
1,medium,6.0,41,AODV,1001,n6,n10,18,75.000,84.029,9.029,1
1,medium,6.0,41,AODV,1001,n6,n5,4,90.000,95.178,5.178,1
1,medium,6.0,41,AODV,1001,n6,n5,4,150.000,155.505,5.505,1
1,medium,6.0,41,AODV,1001,n6,n10,18,195.000,203.969,8.969,1
1,medium,6.0,41,OLSR,1001,n6,n10,18,75.000,84.029,9.029,1
1,medium,6.0,41,OLSR,1001,n6,n10,18,135.000,140.178,5.178,1
1,medium,6.0,41,OLSR,1001,n6,n10,18,195.000,200.505,5.505,1
1,medium,6.0,41,OLSR,1001,n6,n10,18,255.000,263.969,8.969,1
1,medium,6.0,41,OLSR,1001,n10,n14,22,345.000,350.178,5.178,1
1,medium,6.0,41,DSR,1001,n6,n10,18,75.000,84.029,9.029,1
1,medium,6.0,41,DSR,1001,n6,n5,4,90.000,95.178,5.178,1
1,medium,6.0,41,DSR,1001,n6,n5,4,150.000,155.505,5.505,1
1,medium,6.0,41,DSR,1001,n6,n10,18,195.000,203.969,8.969,1
1,medium,6.0,42,DSDV,1001,n6,n10,18,75.000,80.505,5.505,1
1,medium,6.0,42,DSDV,1001,n6,n5,4,90.000,98.969,8.969,1
1,medium,6.0,42,DSDV,1001,n6,n10,18,135.000,144.029,9.029,1
1,medium,6.0,42,DSDV,1001,n6,n5,4,150.000,155.178,5.178,1
1,medium,6.0,42,DSDV,1001,n6,n10,18,195.000,204.209,9.209,1
1,medium,6.0,42,DSDV,1001,n6,n5,4,210.000,217.422,7.422,1
1,medium,6.0,42,DSDV,1001,n6,n10,18,255.000,261.323,6.323,1
1,medium,6.0,42,AODV,1001,n6,n10,18,75.000,80.505,5.505,1
1,medium,6.0,42,AODV,1001,n6,n5,4,90.000,98.969,8.969,1
1,medium,6.0,42,AODV,1001,n6,n10,18,135.000,144.029,9.029,1
1,medium,6.0,42,AODV,1001,n6,n5,4,150.000,155.178,5.178,1
1,medium,6.0,42,AODV,1001,n6,n5,4,210.000,219.209,9.209,1
1,medium,6.0,42,AODV,1001,n6,n10,18,255.000,262.422,7.422,1
1,medium,6.0,42,AODV,1001,n6,n5,4,270.000,276.323,6.323,1
1,medium,6.0,42,OLSR,1001,n6,n10,18,75.000,80.505,5.505,1
1,medium,6.0,42,OLSR,1001,n6,n10,18,135.000,143.969,8.969,1
1,medium,6.0,42,OLSR,1001,n6,n10,18,195.000,204.029,9.029,1
1,medium,6.0,42,OLSR,1001,n6,n10,18,255.000,260.178,5.178,1
1,medium,6.0,42,OLSR,1001,n6,n10,18,315.000,324.209,9.209,1
1,medium,6.0,42,OLSR,1001,n6,n10,18,375.000,382.422,7.422,1
1,medium,6.0,42,OLSR,1001,n6,n10,18,435.000,441.323,6.323,1
1,medium,6.0,42,DSR,1001,n6,n10,18,75.000,80.505,5.505,1
1,medium,6.0,42,DSR,1001,n6,n5,4,90.000,98.969,8.969,1
1,medium,6.0,42,DSR,1001,n6,n10,18,135.000,144.029,9.029,1
1,medium,6.0,42,DSR,1001,n6,n5,4,150.000,155.178,5.178,1
1,medium,6.0,42,DSR,1001,n6,n5,4,210.000,219.209,9.209,1
1,medium,6.0,42,DSR,1001,n6,n10,18,255.000,262.422,7.422,1
1,medium,6.0,42,DSR,1001,n6,n5,4,270.000,276.323,6.323,1
1,medium,6.0,43,DSDV,1001,n10,n14,22,105.000,110.178,5.178,1
1,medium,6.0,43,DSDV,1001,n10,n9,7,120.000,125.505,5.505,1
1,medium,6.0,43,DSDV,1001,n10,n14,22,165.000,173.969,8.969,1
1,medium,6.0,43,AODV,1001,n10,n14,22,105.000,110.178,5.178,1
1,medium,6.0,43,AODV,1001,n10,n9,7,120.000,125.505,5.505,1
1,medium,6.0,43,AODV,1001,n10,n14,22,165.000,173.969,8.969,1
1,medium,6.0,43,OLSR,1001,n10,n14,22,105.000,110.178,5.178,1
1,medium,6.0,43,OLSR,1001,n10,n14,22,165.000,170.505,5.505,1
1,medium,6.0,43,OLSR,1001,n10,n14,22,225.000,233.969,8.969,1
1,medium,6.0,43,DSR,1001,n10,n14,22,105.000,110.178,5.178,1
1,medium,6.0,43,DSR,1001,n10,n9,7,120.000,125.505,5.505,1
1,medium,6.0,43,DSR,1001,n10,n9,7,180.000,188.969,8.969,1
1,medium,6.0,44,DSDV,1001,n6,n10,18,75.000,80.465,5.465,1
1,medium,6.0,44,AODV,1001,n6,n10,18,75.000,80.465,5.465,1
1,medium,6.0,44,OLSR,1001,n6,n10,18,75.000,80.465,5.465,1
1,medium,6.0,44,DSR,1001,n6,n10,18,75.000,80.465,5.465,1
1,medium,6.5,37,sim,1001,n6,n10,18,75.000,80.765,5.765,1
1,medium,6.5,37,sim,1001,n6,n5,4,90.000,99.437,9.437,1
1,medium,6.5,37,sim,1001,n6,n10,18,135.000,140.891,5.891,1
1,medium,6.5,37,sim,1001,n6,n5,4,150.000,157.182,7.182,1
1,medium,6.5,37,sim,1001,n6,n10,18,195.000,200.645,5.645,1
1,medium,6.5,37,sim,1001,n6,n5,4,210.000,215.378,5.378,1
1,medium,6.5,37,sim,1001,n6,n10,18,255.000,260.510,5.510,1
1,medium,6.5,37,AODV,1001,n6,n10,18,75.000,80.765,5.765,1
1,medium,6.5,37,AODV,1001,n6,n5,4,90.000,99.437,9.437,1
1,medium,6.5,37,AODV,1001,n6,n10,18,135.000,140.891,5.891,1
1,medium,6.5,37,AODV,1001,n6,n5,4,150.000,157.182,7.182,1
1,medium,6.5,37,AODV,1001,n6,n10,18,195.000,200.645,5.645,1
1,medium,6.5,37,AODV,1001,n6,n5,4,210.000,215.378,5.378,1
1,medium,6.5,37,AODV,1001,n6,n10,18,255.000,260.510,5.510,1
1,medium,6.5,37,OLSR,1001,n6,n10,18,75.000,80.765,5.765,1
1,medium,6.5,37,OLSR,1001,n6,n10,18,135.000,144.437,9.437,1
1,medium,6.5,37,OLSR,1001,n6,n10,18,195.000,200.891,5.891,1
1,medium,6.5,37,OLSR,1001,n6,n10,18,255.000,262.182,7.182,1
1,medium,6.5,37,OLSR,1001,n6,n10,18,315.000,320.645,5.645,1
1,medium,6.5,37,OLSR,1001,n6,n10,18,375.000,380.378,5.378,1
1,medium,6.5,37,OLSR,1001,n6,n10,18,435.000,440.510,5.510,1
1,medium,6.5,37,OLSR,1001,n10,n14,22,525.000,530.363,5.363,1
1,medium,6.5,37,OLSR,1001,n10,n14,22,585.000,590.532,5.532,1
1,medium,6.5,37,OLSR,1001,n10,n14,22,645.000,650.510,5.510,1
1,medium,6.5,37,DSR,1001,n6,n10,18,75.000,80.765,5.765,1
1,medium,6.5,37,DSR,1001,n6,n5,4,90.000,99.437,9.437,1
1,medium,6.5,37,DSR,1001,n6,n10,18,135.000,140.891,5.891,1
1,medium,6.5,37,DSR,1001,n6,n5,4,150.000,157.182,7.182,1
1,medium,6.5,37,DSR,1001,n6,n5,4,210.000,215.645,5.645,1
1,medium,6.5,37,DSR,1001,n6,n10,18,255.000,260.378,5.378,1
1,medium,6.5,37,DSR,1001,n6,n5,4,270.000,275.510,5.510,1
1,medium,6.5,38,DSDV,1001,n6,n10,18,75.000,80.891,5.891,1
1,medium,6.5,38,DSDV,1001,n6,n5,4,90.000,97.182,7.182,1
1,medium,6.5,38,DSDV,1001,n6,n10,18,135.000,140.765,5.765,1
1,medium,6.5,38,DSDV,1001,n6,n5,4,150.000,159.437,9.437,1
1,medium,6.5,38,DSDV,1001,n10,n14,22,225.000,232.182,7.182,1
1,medium,6.5,38,DSDV,1001,n10,n9,7,240.000,246.834,6.834,1
1,medium,6.5,38,DSDV,1001,n10,n14,22,285.000,291.156,6.156,1
1,medium,6.5,38,DSDV,1001,n10,n9,7,300.000,305.510,5.510,1
1,medium,6.5,38,AODV,1001,n6,n10,18,75.000,80.891,5.891,1
1,medium,6.5,38,AODV,1001,n6,n5,4,90.000,97.182,7.182,1
1,medium,6.5,38,AODV,1001,n6,n10,18,135.000,140.765,5.765,1
1,medium,6.5,38,AODV,1001,n6,n5,4,150.000,159.437,9.437,1
1,medium,6.5,38,AODV,1001,n10,n14,22,225.000,232.182,7.182,1
1,medium,6.5,38,AODV,1001,n10,n9,7,240.000,246.834,6.834,1
1,medium,6.5,38,AODV,1001,n10,n14,22,285.000,291.156,6.156,1
1,medium,6.5,38,AODV,1001,n10,n9,7,300.000,305.510,5.510,1
1,medium,6.5,38,OLSR,1001,n6,n10,18,75.000,80.891,5.891,1
1,medium,6.5,38,OLSR,1001,n6,n10,18,135.000,142.182,7.182,1
1,medium,6.5,38,OLSR,1001,n6,n10,18,195.000,200.765,5.765,1
1,medium,6.5,38,OLSR,1001,n6,n10,18,255.000,264.437,9.437,1
1,medium,6.5,38,OLSR,1001,n10,n14,22,345.000,352.182,7.182,1
1,medium,6.5,38,OLSR,1001,n10,n14,22,405.000,411.834,6.834,1
1,medium,6.5,38,OLSR,1001,n10,n14,22,465.000,471.156,6.156,1
1,medium,6.5,38,OLSR,1001,n10,n14,22,525.000,530.510,5.510,1
1,medium,6.5,38,DSR,1001,n6,n10,18,75.000,80.891,5.891,1
1,medium,6.5,38,DSR,1001,n6,n5,4,90.000,97.182,7.182,1
1,medium,6.5,38,DSR,1001,n6,n5,4,150.000,155.765,5.765,1
1,medium,6.5,38,DSR,1001,n6,n10,18,195.000,204.437,9.437,1
1,medium,6.5,39,DSDV,1001,n6,n10,18,75.000,80.645,5.645,1
1,medium,6.5,39,DSDV,1001,n6,n5,4,90.000,95.378,5.378,1
1,medium,6.5,39,DSDV,1001,n10,n14,22,165.000,172.182,7.182,1
1,medium,6.5,39,DSDV,1001,n10,n9,7,180.000,185.645,5.645,1
1,medium,6.5,39,DSDV,1001,n10,n14,22,225.000,230.378,5.378,1
1,medium,6.5,39,DSDV,1001,n10,n9,7,240.000,245.510,5.510,1
1,medium,6.5,39,AODV,1001,n6,n10,18,75.000,80.645,5.645,1
1,medium,6.5,39,AODV,1001,n6,n5,4,90.000,95.378,5.378,1
1,medium,6.5,39,AODV,1001,n10,n14,22,165.000,172.182,7.182,1
1,medium,6.5,39,AODV,1001,n10,n9,7,180.000,185.645,5.645,1
1,medium,6.5,39,AODV,1001,n10,n14,22,225.000,230.378,5.378,1
1,medium,6.5,39,AODV,1001,n10,n9,7,240.000,245.510,5.510,1
1,medium,6.5,39,OLSR,1001,n6,n10,18,75.000,80.645,5.645,1
1,medium,6.5,39,OLSR,1001,n6,n10,18,135.000,140.378,5.378,1
1,medium,6.5,39,OLSR,1001,n10,n14,22,225.000,232.182,7.182,1
1,medium,6.5,39,OLSR,1001,n10,n14,22,285.000,290.645,5.645,1
1,medium,6.5,39,OLSR,1001,n10,n14,22,345.000,350.378,5.378,1
1,medium,6.5,39,OLSR,1001,n10,n14,22,405.000,410.510,5.510,1
1,medium,6.5,39,DSR,1001,n6,n10,18,75.000,80.645,5.645,1
1,medium,6.5,39,DSR,1001,n6,n5,4,90.000,95.378,5.378,1
1,medium,6.5,40,DSDV,1001,n6,n10,18,75.000,84.209,9.209,1
1,medium,6.5,40,DSDV,1001,n6,n5,4,90.000,97.422,7.422,1
1,medium,6.5,40,DSDV,1001,n10,n14,22,165.000,170.178,5.178,1
1,medium,6.5,40,DSDV,1001,n10,n9,7,180.000,189.209,9.209,1
1,medium,6.5,40,DSDV,1001,n10,n14,22,225.000,232.422,7.422,1
1,medium,6.5,40,DSDV,1001,n10,n9,7,240.000,246.323,6.323,1
1,medium,6.5,40,AODV,1001,n6,n10,18,75.000,84.209,9.209,1
1,medium,6.5,40,AODV,1001,n6,n5,4,90.000,97.422,7.422,1
1,medium,6.5,40,AODV,1001,n10,n14,22,165.000,170.178,5.178,1
1,medium,6.5,40,AODV,1001,n10,n9,7,180.000,189.209,9.209,1
1,medium,6.5,40,AODV,1001,n10,n14,22,225.000,232.422,7.422,1
1,medium,6.5,40,AODV,1001,n10,n9,7,240.000,246.323,6.323,1
1,medium,6.5,40,OLSR,1001,n6,n10,18,75.000,84.209,9.209,1
1,medium,6.5,40,OLSR,1001,n6,n10,18,135.000,142.422,7.422,1
1,medium,6.5,40,OLSR,1001,n10,n14,22,225.000,230.178,5.178,1
1,medium,6.5,40,OLSR,1001,n10,n14,22,285.000,294.209,9.209,1
1,medium,6.5,40,OLSR,1001,n10,n14,22,345.000,352.422,7.422,1
1,medium,6.5,40,OLSR,1001,n10,n14,22,405.000,411.323,6.323,1
1,medium,6.5,40,DSR,1001,n6,n10,18,75.000,84.209,9.209,1
1,medium,6.5,40,DSR,1001,n6,n5,4,90.000,97.422,7.422,1
1,medium,6.5,41,DSDV,1001,n6,n10,18,75.000,84.029,9.029,1
1,medium,6.5,41,DSDV,1001,n6,n5,4,90.000,95.178,5.178,1
1,medium,6.5,41,DSDV,1001,n6,n10,18,135.000,140.505,5.505,1
1,medium,6.5,41,DSDV,1001,n6,n5,4,150.000,158.969,8.969,1
1,medium,6.5,41,DSDV,1001,n10,n14,22,225.000,230.178,5.178,1
1,medium,6.5,41,AODV,1001,n6,n10,18,75.000,84.029,9.029,1
1,medium,6.5,41,AODV,1001,n6,n5,4,90.000,95.178,5.178,1
1,medium,6.5,41,AODV,1001,n6,n5,4,150.000,155.505,5.505,1
1,medium,6.5,41,AODV,1001,n6,n10,18,195.000,203.969,8.969,1
1,medium,6.5,41,OLSR,1001,n6,n10,18,75.000,84.029,9.029,1
1,medium,6.5,41,OLSR,1001,n6,n10,18,135.000,140.178,5.178,1
1,medium,6.5,41,OLSR,1001,n6,n10,18,195.000,200.505,5.505,1
1,medium,6.5,41,OLSR,1001,n6,n10,18,255.000,263.969,8.969,1
1,medium,6.5,41,OLSR,1001,n10,n14,22,345.000,350.178,5.178,1
1,medium,6.5,41,DSR,1001,n6,n10,18,75.000,84.029,9.029,1
1,medium,6.5,41,DSR,1001,n6,n5,4,90.000,95.178,5.178,1
1,medium,6.5,41,DSR,1001,n6,n5,4,150.000,155.505,5.505,1
1,medium,6.5,41,DSR,1001,n6,n10,18,195.000,203.969,8.969,1
1,medium,6.5,42,DSDV,1001,n6,n10,18,75.000,80.505,5.505,1
1,medium,6.5,42,DSDV,1001,n6,n5,4,90.000,98.969,8.969,1
1,medium,6.5,42,DSDV,1001,n6,n10,18,135.000,144.029,9.029,1
1,medium,6.5,42,DSDV,1001,n6,n5,4,150.000,155.178,5.178,1
1,medium,6.5,42,DSDV,1001,n6,n10,18,195.000,204.209,9.209,1
1,medium,6.5,42,DSDV,1001,n6,n5,4,210.000,217.422,7.422,1
1,medium,6.5,42,DSDV,1001,n6,n10,18,255.000,261.323,6.323,1
1,medium,6.5,42,AODV,1001,n6,n10,18,75.000,80.505,5.505,1
1,medium,6.5,42,AODV,1001,n6,n5,4,90.000,98.969,8.969,1
1,medium,6.5,42,AODV,1001,n6,n10,18,135.000,144.029,9.029,1
1,medium,6.5,42,AODV,1001,n6,n5,4,150.000,155.178,5.178,1
1,medium,6.5,42,AODV,1001,n6,n5,4,210.000,219.209,9.209,1
1,medium,6.5,42,AODV,1001,n6,n10,18,255.000,262.422,7.422,1
1,medium,6.5,42,AODV,1001,n6,n5,4,270.000,276.323,6.323,1
1,medium,6.5,42,OLSR,1001,n6,n10,18,75.000,80.505,5.505,1
1,medium,6.5,42,OLSR,1001,n6,n10,18,135.000,143.969,8.969,1
1,medium,6.5,42,OLSR,1001,n6,n10,18,195.000,204.029,9.029,1
1,medium,6.5,42,OLSR,1001,n6,n10,18,255.000,260.178,5.178,1
1,medium,6.5,42,OLSR,1001,n6,n10,18,315.000,324.209,9.209,1
1,medium,6.5,42,OLSR,1001,n6,n10,18,375.000,382.422,7.422,1
1,medium,6.5,42,OLSR,1001,n6,n10,18,435.000,441.323,6.323,1
1,medium,6.5,42,DSR,1001,n6,n10,18,75.000,80.505,5.505,1
1,medium,6.5,42,DSR,1001,n6,n5,4,90.000,98.969,8.969,1
1,medium,6.5,42,DSR,1001,n6,n10,18,135.000,144.029,9.029,1
1,medium,6.5,42,DSR,1001,n6,n5,4,150.000,155.178,5.178,1
1,medium,6.5,42,DSR,1001,n6,n5,4,210.000,219.209,9.209,1
1,medium,6.5,42,DSR,1001,n6,n10,18,255.000,262.422,7.422,1
1,medium,6.5,42,DSR,1001,n6,n5,4,270.000,276.323,6.323,1
1,medium,6.5,43,DSDV,1001,n10,n14,22,105.000,110.178,5.178,1
1,medium,6.5,43,DSDV,1001,n10,n9,7,120.000,125.505,5.505,1
1,medium,6.5,43,DSDV,1001,n10,n14,22,165.000,173.969,8.969,1
1,medium,6.5,43,AODV,1001,n10,n14,22,105.000,110.178,5.178,1
1,medium,6.5,43,AODV,1001,n10,n9,7,120.000,125.505,5.505,1
1,medium,6.5,43,AODV,1001,n10,n14,22,165.000,173.969,8.969,1
1,medium,6.5,43,OLSR,1001,n10,n14,22,105.000,110.178,5.178,1
1,medium,6.5,43,OLSR,1001,n10,n14,22,165.000,170.505,5.505,1
1,medium,6.5,43,OLSR,1001,n10,n14,22,225.000,233.969,8.969,1
1,medium,6.5,43,DSR,1001,n10,n14,22,105.000,110.178,5.178,1
1,medium,6.5,43,DSR,1001,n10,n9,7,120.000,125.505,5.505,1
1,medium,6.5,43,DSR,1001,n10,n9,7,180.000,188.969,8.969,1
1,medium,6.5,44,DSDV,1001,n6,n10,18,75.000,80.465,5.465,1
1,medium,6.5,44,AODV,1001,n6,n10,18,75.000,80.465,5.465,1
1,medium,6.5,44,OLSR,1001,n6,n10,18,75.000,80.465,5.465,1
1,medium,6.5,44,DSR,1001,n6,n10,18,75.000,80.465,5.465,1
1,medium,7.0,37,sim,1001,n6,n10,18,75.000,80.765,5.765,1
1,medium,7.0,37,sim,1001,n6,n5,4,90.000,99.437,9.437,1
1,medium,7.0,37,sim,1001,n6,n10,18,135.000,140.891,5.891,1
1,medium,7.0,37,sim,1001,n6,n5,4,150.000,157.182,7.182,1
1,medium,7.0,37,sim,1001,n6,n10,18,195.000,200.645,5.645,1
1,medium,7.0,37,sim,1001,n6,n5,4,210.000,215.378,5.378,1
1,medium,7.0,37,sim,1001,n6,n10,18,255.000,260.510,5.510,1
1,medium,7.0,37,AODV,1001,n6,n10,18,75.000,80.765,5.765,1
1,medium,7.0,37,AODV,1001,n6,n5,4,90.000,99.437,9.437,1
1,medium,7.0,37,AODV,1001,n6,n10,18,135.000,140.891,5.891,1
1,medium,7.0,37,AODV,1001,n6,n5,4,150.000,157.182,7.182,1
1,medium,7.0,37,AODV,1001,n6,n10,18,195.000,200.645,5.645,1
1,medium,7.0,37,AODV,1001,n6,n5,4,210.000,215.378,5.378,1
1,medium,7.0,37,AODV,1001,n6,n10,18,255.000,260.510,5.510,1
1,medium,7.0,37,OLSR,1001,n6,n10,18,75.000,80.765,5.765,1
1,medium,7.0,37,OLSR,1001,n6,n10,18,135.000,144.437,9.437,1
1,medium,7.0,37,OLSR,1001,n6,n10,18,195.000,200.891,5.891,1
1,medium,7.0,37,OLSR,1001,n6,n10,18,255.000,262.182,7.182,1
1,medium,7.0,37,OLSR,1001,n6,n10,18,315.000,320.645,5.645,1
1,medium,7.0,37,OLSR,1001,n6,n10,18,375.000,380.378,5.378,1
1,medium,7.0,37,OLSR,1001,n6,n10,18,435.000,440.510,5.510,1
1,medium,7.0,37,OLSR,1001,n10,n14,22,525.000,530.363,5.363,1
1,medium,7.0,37,OLSR,1001,n10,n14,22,585.000,590.532,5.532,1
1,medium,7.0,37,OLSR,1001,n10,n14,22,645.000,650.510,5.510,1
1,medium,7.0,37,DSR,1001,n6,n10,18,75.000,80.765,5.765,1
1,medium,7.0,37,DSR,1001,n6,n5,4,90.000,99.437,9.437,1
1,medium,7.0,37,DSR,1001,n6,n10,18,135.000,140.891,5.891,1
1,medium,7.0,37,DSR,1001,n6,n5,4,150.000,157.182,7.182,1
1,medium,7.0,37,DSR,1001,n6,n5,4,210.000,215.645,5.645,1
1,medium,7.0,37,DSR,1001,n6,n10,18,255.000,260.378,5.378,1
1,medium,7.0,37,DSR,1001,n6,n5,4,270.000,275.510,5.510,1
1,medium,7.0,38,DSDV,1001,n6,n10,18,75.000,80.891,5.891,1
1,medium,7.0,38,DSDV,1001,n6,n5,4,90.000,97.182,7.182,1
1,medium,7.0,38,DSDV,1001,n6,n10,18,135.000,140.765,5.765,1
1,medium,7.0,38,DSDV,1001,n6,n5,4,150.000,159.437,9.437,1
1,medium,7.0,38,DSDV,1001,n10,n14,22,225.000,232.182,7.182,1
1,medium,7.0,38,DSDV,1001,n10,n9,7,240.000,246.834,6.834,1
1,medium,7.0,38,DSDV,1001,n10,n14,22,285.000,291.156,6.156,1
1,medium,7.0,38,DSDV,1001,n10,n9,7,300.000,305.510,5.510,1
1,medium,7.0,38,AODV,1001,n6,n10,18,75.000,80.891,5.891,1
1,medium,7.0,38,AODV,1001,n6,n5,4,90.000,97.182,7.182,1
1,medium,7.0,38,AODV,1001,n6,n10,18,135.000,140.765,5.765,1
1,medium,7.0,38,AODV,1001,n6,n5,4,150.000,159.437,9.437,1
1,medium,7.0,38,AODV,1001,n10,n14,22,225.000,232.182,7.182,1
1,medium,7.0,38,AODV,1001,n10,n9,7,240.000,246.834,6.834,1
1,medium,7.0,38,AODV,1001,n10,n14,22,285.000,291.156,6.156,1
1,medium,7.0,38,AODV,1001,n10,n9,7,300.000,305.510,5.510,1
1,medium,7.0,38,OLSR,1001,n6,n10,18,75.000,80.891,5.891,1
1,medium,7.0,38,OLSR,1001,n6,n10,18,135.000,142.182,7.182,1
1,medium,7.0,38,OLSR,1001,n6,n10,18,195.000,200.765,5.765,1
1,medium,7.0,38,OLSR,1001,n6,n10,18,255.000,264.437,9.437,1
1,medium,7.0,38,OLSR,1001,n10,n14,22,345.000,352.182,7.182,1
1,medium,7.0,38,OLSR,1001,n10,n14,22,405.000,411.834,6.834,1
1,medium,7.0,38,OLSR,1001,n10,n14,22,465.000,471.156,6.156,1
1,medium,7.0,38,OLSR,1001,n10,n14,22,525.000,530.510,5.510,1
1,medium,7.0,38,DSR,1001,n6,n10,18,75.000,80.891,5.891,1
1,medium,7.0,38,DSR,1001,n6,n5,4,90.000,97.182,7.182,1
1,medium,7.0,38,DSR,1001,n6,n5,4,150.000,155.765,5.765,1
1,medium,7.0,38,DSR,1001,n6,n10,18,195.000,204.437,9.437,1
1,medium,7.0,39,DSDV,1001,n6,n10,18,75.000,80.645,5.645,1
1,medium,7.0,39,DSDV,1001,n6,n5,4,90.000,95.378,5.378,1
1,medium,7.0,39,DSDV,1001,n10,n14,22,165.000,172.182,7.182,1
1,medium,7.0,39,DSDV,1001,n10,n9,7,180.000,185.645,5.645,1
1,medium,7.0,39,DSDV,1001,n10,n14,22,225.000,230.378,5.378,1
1,medium,7.0,39,DSDV,1001,n10,n9,7,240.000,245.510,5.510,1
1,medium,7.0,39,AODV,1001,n6,n10,18,75.000,80.645,5.645,1
1,medium,7.0,39,AODV,1001,n6,n5,4,90.000,95.378,5.378,1
1,medium,7.0,39,AODV,1001,n10,n14,22,165.000,172.182,7.182,1
1,medium,7.0,39,AODV,1001,n10,n9,7,180.000,185.645,5.645,1
1,medium,7.0,39,AODV,1001,n10,n14,22,225.000,230.378,5.378,1
1,medium,7.0,39,AODV,1001,n10,n9,7,240.000,245.510,5.510,1
1,medium,7.0,39,OLSR,1001,n6,n10,18,75.000,80.645,5.645,1
1,medium,7.0,39,OLSR,1001,n6,n10,18,135.000,140.378,5.378,1
1,medium,7.0,39,OLSR,1001,n10,n14,22,225.000,232.182,7.182,1
1,medium,7.0,39,OLSR,1001,n10,n14,22,285.000,290.645,5.645,1
1,medium,7.0,39,OLSR,1001,n10,n14,22,345.000,350.378,5.378,1
1,medium,7.0,39,OLSR,1001,n10,n14,22,405.000,410.510,5.510,1
1,medium,7.0,39,DSR,1001,n6,n10,18,75.000,80.645,5.645,1
1,medium,7.0,39,DSR,1001,n6,n5,4,90.000,95.378,5.378,1
1,medium,7.0,40,DSDV,1001,n6,n10,18,75.000,84.209,9.209,1
1,medium,7.0,40,DSDV,1001,n6,n5,4,90.000,97.422,7.422,1
1,medium,7.0,40,DSDV,1001,n10,n14,22,165.000,170.178,5.178,1
1,medium,7.0,40,DSDV,1001,n10,n9,7,180.000,189.209,9.209,1
1,medium,7.0,40,DSDV,1001,n10,n14,22,225.000,232.422,7.422,1
1,medium,7.0,40,DSDV,1001,n10,n9,7,240.000,246.323,6.323,1
1,medium,7.0,40,AODV,1001,n6,n10,18,75.000,84.209,9.209,1
1,medium,7.0,40,AODV,1001,n6,n5,4,90.000,97.422,7.422,1
1,medium,7.0,40,AODV,1001,n10,n14,22,165.000,170.178,5.178,1
1,medium,7.0,40,AODV,1001,n10,n9,7,180.000,189.209,9.209,1
1,medium,7.0,40,AODV,1001,n10,n14,22,225.000,232.422,7.422,1
1,medium,7.0,40,AODV,1001,n10,n9,7,240.000,246.323,6.323,1
1,medium,7.0,40,OLSR,1001,n6,n10,18,75.000,84.209,9.209,1
1,medium,7.0,40,OLSR,1001,n6,n10,18,135.000,142.422,7.422,1
1,medium,7.0,40,OLSR,1001,n10,n14,22,225.000,230.178,5.178,1
1,medium,7.0,40,OLSR,1001,n10,n14,22,285.000,294.209,9.209,1
1,medium,7.0,40,OLSR,1001,n10,n14,22,345.000,352.422,7.422,1
1,medium,7.0,40,OLSR,1001,n10,n14,22,405.000,411.323,6.323,1
1,medium,7.0,40,DSR,1001,n6,n10,18,75.000,84.209,9.209,1
1,medium,7.0,40,DSR,1001,n6,n5,4,90.000,97.422,7.422,1
1,medium,7.0,41,DSDV,1001,n6,n10,18,75.000,84.029,9.029,1
1,medium,7.0,41,DSDV,1001,n6,n5,4,90.000,95.178,5.178,1
1,medium,7.0,41,DSDV,1001,n6,n10,18,135.000,140.505,5.505,1
1,medium,7.0,41,DSDV,1001,n6,n5,4,150.000,158.969,8.969,1
1,medium,7.0,41,DSDV,1001,n10,n14,22,225.000,230.178,5.178,1
1,medium,7.0,41,AODV,1001,n6,n10,18,75.000,84.029,9.029,1
1,medium,7.0,41,AODV,1001,n6,n5,4,90.000,95.178,5.178,1
1,medium,7.0,41,AODV,1001,n6,n5,4,150.000,155.505,5.505,1
1,medium,7.0,41,AODV,1001,n6,n10,18,195.000,203.969,8.969,1
1,medium,7.0,41,OLSR,1001,n6,n10,18,75.000,84.029,9.029,1
1,medium,7.0,41,OLSR,1001,n6,n10,18,135.000,140.178,5.178,1
1,medium,7.0,41,OLSR,1001,n6,n10,18,195.000,200.505,5.505,1
1,medium,7.0,41,OLSR,1001,n6,n10,18,255.000,263.969,8.969,1
1,medium,7.0,41,OLSR,1001,n10,n14,22,345.000,350.178,5.178,1
1,medium,7.0,41,DSR,1001,n6,n10,18,75.000,84.029,9.029,1
1,medium,7.0,41,DSR,1001,n6,n5,4,90.000,95.178,5.178,1
1,medium,7.0,41,DSR,1001,n6,n5,4,150.000,155.505,5.505,1
1,medium,7.0,41,DSR,1001,n6,n10,18,195.000,203.969,8.969,1
1,medium,7.0,42,DSDV,1001,n6,n10,18,75.000,80.505,5.505,1
1,medium,7.0,42,DSDV,1001,n6,n5,4,90.000,98.969,8.969,1
1,medium,7.0,42,DSDV,1001,n6,n10,18,135.000,144.029,9.029,1
1,medium,7.0,42,DSDV,1001,n6,n5,4,150.000,155.178,5.178,1
1,medium,7.0,42,DSDV,1001,n6,n10,18,195.000,204.209,9.209,1
1,medium,7.0,42,DSDV,1001,n6,n5,4,210.000,217.422,7.422,1
1,medium,7.0,42,DSDV,1001,n6,n10,18,255.000,261.323,6.323,1
1,medium,7.0,42,AODV,1001,n6,n10,18,75.000,80.505,5.505,1
1,medium,7.0,42,AODV,1001,n6,n5,4,90.000,98.969,8.969,1
1,medium,7.0,42,AODV,1001,n6,n10,18,135.000,144.029,9.029,1
1,medium,7.0,42,AODV,1001,n6,n5,4,150.000,155.178,5.178,1
1,medium,7.0,42,AODV,1001,n6,n5,4,210.000,219.209,9.209,1
1,medium,7.0,42,AODV,1001,n6,n10,18,255.000,262.422,7.422,1
1,medium,7.0,42,AODV,1001,n6,n5,4,270.000,276.323,6.323,1
1,medium,7.0,42,OLSR,1001,n6,n10,18,75.000,80.505,5.505,1
1,medium,7.0,42,OLSR,1001,n6,n10,18,135.000,143.969,8.969,1
1,medium,7.0,42,OLSR,1001,n6,n10,18,195.000,204.029,9.029,1
1,medium,7.0,42,OLSR,1001,n6,n10,18,255.000,260.178,5.178,1
1,medium,7.0,42,OLSR,1001,n6,n10,18,315.000,324.209,9.209,1
1,medium,7.0,42,OLSR,1001,n6,n10,18,375.000,382.422,7.422,1
1,medium,7.0,42,OLSR,1001,n6,n10,18,435.000,441.323,6.323,1
1,medium,7.0,42,DSR,1001,n6,n10,18,75.000,80.505,5.505,1
1,medium,7.0,42,DSR,1001,n6,n5,4,90.000,98.969,8.969,1
1,medium,7.0,42,DSR,1001,n6,n10,18,135.000,144.029,9.029,1
1,medium,7.0,42,DSR,1001,n6,n5,4,150.000,155.178,5.178,1
1,medium,7.0,42,DSR,1001,n6,n5,4,210.000,219.209,9.209,1
1,medium,7.0,42,DSR,1001,n6,n10,18,255.000,262.422,7.422,1
1,medium,7.0,42,DSR,1001,n6,n5,4,270.000,276.323,6.323,1
1,medium,7.0,43,DSDV,1001,n10,n14,22,105.000,110.178,5.178,1
1,medium,7.0,43,DSDV,1001,n10,n9,7,120.000,125.505,5.505,1
1,medium,7.0,43,DSDV,1001,n10,n14,22,165.000,173.969,8.969,1
1,medium,7.0,43,AODV,1001,n10,n14,22,105.000,110.178,5.178,1
1,medium,7.0,43,AODV,1001,n10,n9,7,120.000,125.505,5.505,1
1,medium,7.0,43,AODV,1001,n10,n14,22,165.000,173.969,8.969,1
1,medium,7.0,43,OLSR,1001,n10,n14,22,105.000,110.178,5.178,1
1,medium,7.0,43,OLSR,1001,n10,n14,22,165.000,170.505,5.505,1
1,medium,7.0,43,OLSR,1001,n10,n14,22,225.000,233.969,8.969,1
1,medium,7.0,43,DSR,1001,n10,n14,22,105.000,110.178,5.178,1
1,medium,7.0,43,DSR,1001,n10,n9,7,120.000,125.505,5.505,1
1,medium,7.0,43,DSR,1001,n10,n9,7,180.000,188.969,8.969,1
1,medium,7.0,44,DSDV,1001,n6,n10,18,75.000,80.465,5.465,1
1,medium,7.0,44,AODV,1001,n6,n10,18,75.000,80.465,5.465,1
1,medium,7.0,44,OLSR,1001,n6,n10,18,75.000,80.465,5.465,1
1,medium,7.0,44,DSR,1001,n6,n10,18,75.000,80.465,5.465,1
1,medium,8.0,37,sim,1001,n6,n10,18,75.000,80.765,5.765,1
1,medium,8.0,37,sim,1001,n6,n5,4,90.000,99.437,9.437,1
1,medium,8.0,37,sim,1001,n6,n10,18,135.000,140.891,5.891,1
1,medium,8.0,37,sim,1001,n6,n5,4,150.000,157.182,7.182,1
1,medium,8.0,37,sim,1001,n6,n10,18,195.000,200.645,5.645,1
1,medium,8.0,37,sim,1001,n6,n5,4,210.000,215.378,5.378,1
1,medium,8.0,37,sim,1001,n6,n10,18,255.000,260.510,5.510,1
1,medium,8.0,37,AODV,1001,n6,n10,18,75.000,80.765,5.765,1
1,medium,8.0,37,AODV,1001,n6,n5,4,90.000,99.437,9.437,1
1,medium,8.0,37,AODV,1001,n6,n10,18,135.000,140.891,5.891,1
1,medium,8.0,37,AODV,1001,n6,n5,4,150.000,157.182,7.182,1
1,medium,8.0,37,AODV,1001,n6,n10,18,195.000,200.645,5.645,1
1,medium,8.0,37,AODV,1001,n6,n5,4,210.000,215.378,5.378,1
1,medium,8.0,37,AODV,1001,n6,n10,18,255.000,260.510,5.510,1
1,medium,8.0,37,OLSR,1001,n6,n10,18,75.000,80.765,5.765,1
1,medium,8.0,37,OLSR,1001,n6,n10,18,135.000,144.437,9.437,1
1,medium,8.0,37,OLSR,1001,n6,n10,18,195.000,200.891,5.891,1
1,medium,8.0,37,OLSR,1001,n6,n10,18,255.000,262.182,7.182,1
1,medium,8.0,37,OLSR,1001,n6,n10,18,315.000,320.645,5.645,1
1,medium,8.0,37,OLSR,1001,n6,n10,18,375.000,380.378,5.378,1
1,medium,8.0,37,OLSR,1001,n6,n10,18,435.000,440.510,5.510,1
1,medium,8.0,37,OLSR,1001,n10,n14,22,525.000,530.363,5.363,1
1,medium,8.0,37,OLSR,1001,n10,n14,22,585.000,590.532,5.532,1
1,medium,8.0,37,OLSR,1001,n10,n14,22,645.000,650.510,5.510,1
1,medium,8.0,37,DSR,1001,n6,n10,18,75.000,80.765,5.765,1
1,medium,8.0,37,DSR,1001,n6,n5,4,90.000,99.437,9.437,1
1,medium,8.0,37,DSR,1001,n6,n10,18,135.000,140.891,5.891,1
1,medium,8.0,37,DSR,1001,n6,n5,4,150.000,157.182,7.182,1
1,medium,8.0,37,DSR,1001,n6,n5,4,210.000,215.645,5.645,1
1,medium,8.0,37,DSR,1001,n6,n10,18,255.000,260.378,5.378,1
1,medium,8.0,37,DSR,1001,n6,n5,4,270.000,275.510,5.510,1
1,medium,8.0,38,DSDV,1001,n6,n10,18,75.000,80.891,5.891,1
1,medium,8.0,38,DSDV,1001,n6,n5,4,90.000,97.182,7.182,1
1,medium,8.0,38,DSDV,1001,n6,n10,18,135.000,140.765,5.765,1
1,medium,8.0,38,DSDV,1001,n6,n5,4,150.000,159.437,9.437,1
1,medium,8.0,38,DSDV,1001,n10,n14,22,225.000,232.182,7.182,1
1,medium,8.0,38,DSDV,1001,n10,n9,7,240.000,246.834,6.834,1
1,medium,8.0,38,DSDV,1001,n10,n14,22,285.000,291.156,6.156,1
1,medium,8.0,38,DSDV,1001,n10,n9,7,300.000,305.510,5.510,1
1,medium,8.0,38,AODV,1001,n6,n10,18,75.000,80.891,5.891,1
1,medium,8.0,38,AODV,1001,n6,n5,4,90.000,97.182,7.182,1
1,medium,8.0,38,AODV,1001,n6,n10,18,135.000,140.765,5.765,1
1,medium,8.0,38,AODV,1001,n6,n5,4,150.000,159.437,9.437,1
1,medium,8.0,38,AODV,1001,n10,n14,22,225.000,232.182,7.182,1
1,medium,8.0,38,AODV,1001,n10,n9,7,240.000,246.834,6.834,1
1,medium,8.0,38,AODV,1001,n10,n14,22,285.000,291.156,6.156,1
1,medium,8.0,38,AODV,1001,n10,n9,7,300.000,305.510,5.510,1
1,medium,8.0,38,OLSR,1001,n6,n10,18,75.000,80.891,5.891,1
1,medium,8.0,38,OLSR,1001,n6,n10,18,135.000,142.182,7.182,1
1,medium,8.0,38,OLSR,1001,n6,n10,18,195.000,200.765,5.765,1
1,medium,8.0,38,OLSR,1001,n6,n10,18,255.000,264.437,9.437,1
1,medium,8.0,38,OLSR,1001,n10,n14,22,345.000,352.182,7.182,1
1,medium,8.0,38,OLSR,1001,n10,n14,22,405.000,411.834,6.834,1
1,medium,8.0,38,OLSR,1001,n10,n14,22,465.000,471.156,6.156,1
1,medium,8.0,38,OLSR,1001,n10,n14,22,525.000,530.510,5.510,1
1,medium,8.0,38,DSR,1001,n6,n10,18,75.000,80.891,5.891,1
1,medium,8.0,38,DSR,1001,n6,n5,4,90.000,97.182,7.182,1
1,medium,8.0,38,DSR,1001,n6,n5,4,150.000,155.765,5.765,1
1,medium,8.0,38,DSR,1001,n6,n10,18,195.000,204.437,9.437,1
1,medium,8.0,39,DSDV,1001,n6,n10,18,75.000,80.645,5.645,1
1,medium,8.0,39,DSDV,1001,n6,n5,4,90.000,95.378,5.378,1
1,medium,8.0,39,DSDV,1001,n10,n14,22,165.000,172.182,7.182,1
1,medium,8.0,39,DSDV,1001,n10,n9,7,180.000,185.645,5.645,1
1,medium,8.0,39,DSDV,1001,n10,n14,22,225.000,230.378,5.378,1
1,medium,8.0,39,DSDV,1001,n10,n9,7,240.000,245.510,5.510,1
1,medium,8.0,39,AODV,1001,n6,n10,18,75.000,80.645,5.645,1
1,medium,8.0,39,AODV,1001,n6,n5,4,90.000,95.378,5.378,1
1,medium,8.0,39,AODV,1001,n10,n14,22,165.000,172.182,7.182,1
1,medium,8.0,39,AODV,1001,n10,n9,7,180.000,185.645,5.645,1
1,medium,8.0,39,AODV,1001,n10,n14,22,225.000,230.378,5.378,1
1,medium,8.0,39,AODV,1001,n10,n9,7,240.000,245.510,5.510,1
1,medium,8.0,39,OLSR,1001,n6,n10,18,75.000,80.645,5.645,1
1,medium,8.0,39,OLSR,1001,n6,n10,18,135.000,140.378,5.378,1
1,medium,8.0,39,OLSR,1001,n10,n14,22,225.000,232.182,7.182,1
1,medium,8.0,39,OLSR,1001,n10,n14,22,285.000,290.645,5.645,1
1,medium,8.0,39,OLSR,1001,n10,n14,22,345.000,350.378,5.378,1
1,medium,8.0,39,OLSR,1001,n10,n14,22,405.000,410.510,5.510,1
1,medium,8.0,39,DSR,1001,n6,n10,18,75.000,80.645,5.645,1
1,medium,8.0,39,DSR,1001,n6,n5,4,90.000,95.378,5.378,1
1,medium,8.0,40,DSDV,1001,n6,n10,18,75.000,84.209,9.209,1
1,medium,8.0,40,DSDV,1001,n6,n5,4,90.000,97.422,7.422,1
1,medium,8.0,40,DSDV,1001,n10,n14,22,165.000,170.178,5.178,1
1,medium,8.0,40,DSDV,1001,n10,n9,7,180.000,189.209,9.209,1
1,medium,8.0,40,DSDV,1001,n10,n14,22,225.000,232.422,7.422,1
1,medium,8.0,40,DSDV,1001,n10,n9,7,240.000,246.323,6.323,1
1,medium,8.0,40,AODV,1001,n6,n10,18,75.000,84.209,9.209,1
1,medium,8.0,40,AODV,1001,n6,n5,4,90.000,97.422,7.422,1
1,medium,8.0,40,AODV,1001,n10,n14,22,165.000,170.178,5.178,1
1,medium,8.0,40,AODV,1001,n10,n9,7,180.000,189.209,9.209,1
1,medium,8.0,40,AODV,1001,n10,n14,22,225.000,232.422,7.422,1
1,medium,8.0,40,AODV,1001,n10,n9,7,240.000,246.323,6.323,1
1,medium,8.0,40,OLSR,1001,n6,n10,18,75.000,84.209,9.209,1
1,medium,8.0,40,OLSR,1001,n6,n10,18,135.000,142.422,7.422,1
1,medium,8.0,40,OLSR,1001,n10,n14,22,225.000,230.178,5.178,1
1,medium,8.0,40,OLSR,1001,n10,n14,22,285.000,294.209,9.209,1
1,medium,8.0,40,OLSR,1001,n10,n14,22,345.000,352.422,7.422,1
1,medium,8.0,40,OLSR,1001,n10,n14,22,405.000,411.323,6.323,1
1,medium,8.0,40,DSR,1001,n6,n10,18,75.000,84.209,9.209,1
1,medium,8.0,40,DSR,1001,n6,n5,4,90.000,97.422,7.422,1
1,medium,8.0,41,DSDV,1001,n6,n10,18,75.000,84.029,9.029,1
1,medium,8.0,41,DSDV,1001,n6,n5,4,90.000,95.178,5.178,1
1,medium,8.0,41,DSDV,1001,n6,n10,18,135.000,140.505,5.505,1
1,medium,8.0,41,DSDV,1001,n6,n5,4,150.000,158.969,8.969,1
1,medium,8.0,41,DSDV,1001,n10,n14,22,225.000,230.178,5.178,1
1,medium,8.0,41,AODV,1001,n6,n10,18,75.000,84.029,9.029,1
1,medium,8.0,41,AODV,1001,n6,n5,4,90.000,95.178,5.178,1
1,medium,8.0,41,AODV,1001,n6,n5,4,150.000,155.505,5.505,1
1,medium,8.0,41,AODV,1001,n6,n10,18,195.000,203.969,8.969,1
1,medium,8.0,41,OLSR,1001,n6,n10,18,75.000,84.029,9.029,1
1,medium,8.0,41,OLSR,1001,n6,n10,18,135.000,140.178,5.178,1
1,medium,8.0,41,OLSR,1001,n6,n10,18,195.000,200.505,5.505,1
1,medium,8.0,41,OLSR,1001,n6,n10,18,255.000,263.969,8.969,1
1,medium,8.0,41,OLSR,1001,n10,n14,22,345.000,350.178,5.178,1
1,medium,8.0,41,DSR,1001,n6,n10,18,75.000,84.029,9.029,1
1,medium,8.0,41,DSR,1001,n6,n5,4,90.000,95.178,5.178,1
1,medium,8.0,41,DSR,1001,n6,n5,4,150.000,155.505,5.505,1
1,medium,8.0,41,DSR,1001,n6,n10,18,195.000,203.969,8.969,1
1,medium,8.0,42,DSDV,1001,n6,n10,18,75.000,80.505,5.505,1
1,medium,8.0,42,DSDV,1001,n6,n5,4,90.000,98.969,8.969,1
1,medium,8.0,42,DSDV,1001,n6,n10,18,135.000,144.029,9.029,1
1,medium,8.0,42,DSDV,1001,n6,n5,4,150.000,155.178,5.178,1
1,medium,8.0,42,DSDV,1001,n6,n10,18,195.000,204.209,9.209,1
1,medium,8.0,42,DSDV,1001,n6,n5,4,210.000,217.422,7.422,1
1,medium,8.0,42,DSDV,1001,n6,n10,18,255.000,261.323,6.323,1
1,medium,8.0,42,AODV,1001,n6,n10,18,75.000,80.505,5.505,1
1,medium,8.0,42,AODV,1001,n6,n5,4,90.000,98.969,8.969,1
1,medium,8.0,42,AODV,1001,n6,n10,18,135.000,144.029,9.029,1
1,medium,8.0,42,AODV,1001,n6,n5,4,150.000,155.178,5.178,1
1,medium,8.0,42,AODV,1001,n6,n5,4,210.000,219.209,9.209,1
1,medium,8.0,42,AODV,1001,n6,n10,18,255.000,262.422,7.422,1
1,medium,8.0,42,AODV,1001,n6,n5,4,270.000,276.323,6.323,1
1,medium,8.0,42,OLSR,1001,n6,n10,18,75.000,80.505,5.505,1
1,medium,8.0,42,OLSR,1001,n6,n10,18,135.000,143.969,8.969,1
1,medium,8.0,42,OLSR,1001,n6,n10,18,195.000,204.029,9.029,1
1,medium,8.0,42,OLSR,1001,n6,n10,18,255.000,260.178,5.178,1
1,medium,8.0,42,OLSR,1001,n6,n10,18,315.000,324.209,9.209,1
1,medium,8.0,42,OLSR,1001,n6,n10,18,375.000,382.422,7.422,1
1,medium,8.0,42,OLSR,1001,n6,n10,18,435.000,441.323,6.323,1
1,medium,8.0,42,DSR,1001,n6,n10,18,75.000,80.505,5.505,1
1,medium,8.0,42,DSR,1001,n6,n5,4,90.000,98.969,8.969,1
1,medium,8.0,42,DSR,1001,n6,n10,18,135.000,144.029,9.029,1
1,medium,8.0,42,DSR,1001,n6,n5,4,150.000,155.178,5.178,1
1,medium,8.0,42,DSR,1001,n6,n5,4,210.000,219.209,9.209,1
1,medium,8.0,42,DSR,1001,n6,n10,18,255.000,262.422,7.422,1
1,medium,8.0,42,DSR,1001,n6,n5,4,270.000,276.323,6.323,1
1,medium,8.0,43,DSDV,1001,n10,n14,22,105.000,110.178,5.178,1
1,medium,8.0,43,DSDV,1001,n10,n9,7,120.000,125.505,5.505,1
1,medium,8.0,43,DSDV,1001,n10,n14,22,165.000,173.969,8.969,1
1,medium,8.0,43,AODV,1001,n10,n14,22,105.000,110.178,5.178,1
1,medium,8.0,43,AODV,1001,n10,n9,7,120.000,125.505,5.505,1
1,medium,8.0,43,AODV,1001,n10,n14,22,165.000,173.969,8.969,1
1,medium,8.0,43,OLSR,1001,n10,n14,22,105.000,110.178,5.178,1
1,medium,8.0,43,OLSR,1001,n10,n14,22,165.000,170.505,5.505,1
1,medium,8.0,43,OLSR,1001,n10,n14,22,225.000,233.969,8.969,1
1,medium,8.0,43,DSR,1001,n10,n14,22,105.000,110.178,5.178,1
1,medium,8.0,43,DSR,1001,n10,n9,7,120.000,125.505,5.505,1
1,medium,8.0,43,DSR,1001,n10,n9,7,180.000,188.969,8.969,1
1,medium,8.0,44,DSDV,1001,n6,n10,18,75.000,80.465,5.465,1
1,medium,8.0,44,AODV,1001,n6,n10,18,75.000,80.465,5.465,1
1,medium,8.0,44,OLSR,1001,n6,n10,18,75.000,80.465,5.465,1
1,medium,8.0,44,DSR,1001,n6,n10,18,75.000,80.465,5.465,1
1,medium,10.0,37,sim,1001,n6,n10,18,75.000,80.765,5.765,1
1,medium,10.0,37,sim,1001,n6,n5,4,90.000,99.437,9.437,1
1,medium,10.0,37,sim,1001,n6,n10,18,135.000,140.891,5.891,1
1,medium,10.0,37,sim,1001,n6,n5,4,150.000,157.182,7.182,1
1,medium,10.0,37,sim,1001,n6,n10,18,195.000,200.645,5.645,1
1,medium,10.0,37,sim,1001,n6,n5,4,210.000,215.378,5.378,1
1,medium,10.0,37,sim,1001,n6,n10,18,255.000,260.510,5.510,1
1,medium,10.0,37,AODV,1001,n6,n10,18,75.000,80.765,5.765,1
1,medium,10.0,37,AODV,1001,n6,n5,4,90.000,99.437,9.437,1
1,medium,10.0,37,AODV,1001,n6,n10,18,135.000,140.891,5.891,1
1,medium,10.0,37,AODV,1001,n6,n5,4,150.000,157.182,7.182,1
1,medium,10.0,37,AODV,1001,n6,n10,18,195.000,200.645,5.645,1
1,medium,10.0,37,AODV,1001,n6,n5,4,210.000,215.378,5.378,1
1,medium,10.0,37,AODV,1001,n6,n10,18,255.000,260.510,5.510,1
1,medium,10.0,37,OLSR,1001,n6,n10,18,75.000,80.765,5.765,1
1,medium,10.0,37,OLSR,1001,n6,n10,18,135.000,144.437,9.437,1
1,medium,10.0,37,OLSR,1001,n6,n10,18,195.000,200.891,5.891,1
1,medium,10.0,37,OLSR,1001,n6,n10,18,255.000,262.182,7.182,1
1,medium,10.0,37,OLSR,1001,n6,n10,18,315.000,320.645,5.645,1
1,medium,10.0,37,OLSR,1001,n6,n10,18,375.000,380.378,5.378,1
1,medium,10.0,37,OLSR,1001,n6,n10,18,435.000,440.510,5.510,1
1,medium,10.0,37,OLSR,1001,n10,n14,22,525.000,530.363,5.363,1
1,medium,10.0,37,OLSR,1001,n10,n14,22,585.000,590.532,5.532,1
1,medium,10.0,37,OLSR,1001,n10,n14,22,645.000,650.510,5.510,1
1,medium,10.0,37,DSR,1001,n6,n10,18,75.000,80.765,5.765,1
1,medium,10.0,37,DSR,1001,n6,n5,4,90.000,99.437,9.437,1
1,medium,10.0,37,DSR,1001,n6,n10,18,135.000,140.891,5.891,1
1,medium,10.0,37,DSR,1001,n6,n5,4,150.000,157.182,7.182,1
1,medium,10.0,37,DSR,1001,n6,n5,4,210.000,215.645,5.645,1
1,medium,10.0,37,DSR,1001,n6,n10,18,255.000,260.378,5.378,1
1,medium,10.0,37,DSR,1001,n6,n5,4,270.000,275.510,5.510,1
1,medium,10.0,38,DSDV,1001,n6,n10,18,75.000,80.891,5.891,1
1,medium,10.0,38,DSDV,1001,n6,n5,4,90.000,97.182,7.182,1
1,medium,10.0,38,DSDV,1001,n6,n10,18,135.000,140.765,5.765,1
1,medium,10.0,38,DSDV,1001,n6,n5,4,150.000,159.437,9.437,1
1,medium,10.0,38,DSDV,1001,n10,n14,22,225.000,232.182,7.182,1
1,medium,10.0,38,DSDV,1001,n10,n9,7,240.000,246.834,6.834,1
1,medium,10.0,38,DSDV,1001,n10,n14,22,285.000,291.156,6.156,1
1,medium,10.0,38,DSDV,1001,n10,n9,7,300.000,305.510,5.510,1
1,medium,10.0,38,AODV,1001,n6,n10,18,75.000,80.891,5.891,1
1,medium,10.0,38,AODV,1001,n6,n5,4,90.000,97.182,7.182,1
1,medium,10.0,38,AODV,1001,n6,n10,18,135.000,140.765,5.765,1
1,medium,10.0,38,AODV,1001,n6,n5,4,150.000,159.437,9.437,1
1,medium,10.0,38,AODV,1001,n10,n14,22,225.000,232.182,7.182,1
1,medium,10.0,38,AODV,1001,n10,n9,7,240.000,246.834,6.834,1
1,medium,10.0,38,AODV,1001,n10,n14,22,285.000,291.156,6.156,1
1,medium,10.0,38,AODV,1001,n10,n9,7,300.000,305.510,5.510,1
1,medium,10.0,38,OLSR,1001,n6,n10,18,75.000,80.891,5.891,1
1,medium,10.0,38,OLSR,1001,n6,n10,18,135.000,142.182,7.182,1
1,medium,10.0,38,OLSR,1001,n6,n10,18,195.000,200.765,5.765,1
1,medium,10.0,38,OLSR,1001,n6,n10,18,255.000,264.437,9.437,1
1,medium,10.0,38,OLSR,1001,n10,n14,22,345.000,352.182,7.182,1
1,medium,10.0,38,OLSR,1001,n10,n14,22,405.000,411.834,6.834,1
1,medium,10.0,38,OLSR,1001,n10,n14,22,465.000,471.156,6.156,1
1,medium,10.0,38,OLSR,1001,n10,n14,22,525.000,530.510,5.510,1
1,medium,10.0,38,DSR,1001,n6,n10,18,75.000,80.891,5.891,1
1,medium,10.0,38,DSR,1001,n6,n5,4,90.000,97.182,7.182,1
1,medium,10.0,38,DSR,1001,n6,n5,4,150.000,155.765,5.765,1
1,medium,10.0,38,DSR,1001,n6,n10,18,195.000,204.437,9.437,1
1,medium,10.0,39,DSDV,1001,n6,n10,18,75.000,80.645,5.645,1
1,medium,10.0,39,DSDV,1001,n6,n5,4,90.000,95.378,5.378,1
1,medium,10.0,39,DSDV,1001,n10,n14,22,165.000,172.182,7.182,1
1,medium,10.0,39,DSDV,1001,n10,n9,7,180.000,185.645,5.645,1
1,medium,10.0,39,DSDV,1001,n10,n14,22,225.000,230.378,5.378,1
1,medium,10.0,39,DSDV,1001,n10,n9,7,240.000,245.510,5.510,1
1,medium,10.0,39,AODV,1001,n6,n10,18,75.000,80.645,5.645,1
1,medium,10.0,39,AODV,1001,n6,n5,4,90.000,95.378,5.378,1
1,medium,10.0,39,AODV,1001,n10,n14,22,165.000,172.182,7.182,1
1,medium,10.0,39,AODV,1001,n10,n9,7,180.000,185.645,5.645,1
1,medium,10.0,39,AODV,1001,n10,n14,22,225.000,230.378,5.378,1
1,medium,10.0,39,AODV,1001,n10,n9,7,240.000,245.510,5.510,1
1,medium,10.0,39,OLSR,1001,n6,n10,18,75.000,80.645,5.645,1
1,medium,10.0,39,OLSR,1001,n6,n10,18,135.000,140.378,5.378,1
1,medium,10.0,39,OLSR,1001,n10,n14,22,225.000,232.182,7.182,1
1,medium,10.0,39,OLSR,1001,n10,n14,22,285.000,290.645,5.645,1
1,medium,10.0,39,OLSR,1001,n10,n14,22,345.000,350.378,5.378,1
1,medium,10.0,39,OLSR,1001,n10,n14,22,405.000,410.510,5.510,1
1,medium,10.0,39,DSR,1001,n6,n10,18,75.000,80.645,5.645,1
1,medium,10.0,39,DSR,1001,n6,n5,4,90.000,95.378,5.378,1
1,medium,10.0,40,DSDV,1001,n6,n10,18,75.000,84.209,9.209,1
1,medium,10.0,40,DSDV,1001,n6,n5,4,90.000,97.422,7.422,1
1,medium,10.0,40,DSDV,1001,n10,n14,22,165.000,170.178,5.178,1
1,medium,10.0,40,DSDV,1001,n10,n9,7,180.000,189.209,9.209,1
1,medium,10.0,40,DSDV,1001,n10,n14,22,225.000,232.422,7.422,1
1,medium,10.0,40,DSDV,1001,n10,n9,7,240.000,246.323,6.323,1
1,medium,10.0,40,AODV,1001,n6,n10,18,75.000,84.209,9.209,1
1,medium,10.0,40,AODV,1001,n6,n5,4,90.000,97.422,7.422,1
1,medium,10.0,40,AODV,1001,n10,n14,22,165.000,170.178,5.178,1
1,medium,10.0,40,AODV,1001,n10,n9,7,180.000,189.209,9.209,1
1,medium,10.0,40,AODV,1001,n10,n14,22,225.000,232.422,7.422,1
1,medium,10.0,40,AODV,1001,n10,n9,7,240.000,246.323,6.323,1
1,medium,10.0,40,OLSR,1001,n6,n10,18,75.000,84.209,9.209,1
1,medium,10.0,40,OLSR,1001,n6,n10,18,135.000,142.422,7.422,1
1,medium,10.0,40,OLSR,1001,n10,n14,22,225.000,230.178,5.178,1
1,medium,10.0,40,OLSR,1001,n10,n14,22,285.000,294.209,9.209,1
1,medium,10.0,40,OLSR,1001,n10,n14,22,345.000,352.422,7.422,1
1,medium,10.0,40,OLSR,1001,n10,n14,22,405.000,411.323,6.323,1
1,medium,10.0,40,DSR,1001,n6,n10,18,75.000,84.209,9.209,1
1,medium,10.0,40,DSR,1001,n6,n5,4,90.000,97.422,7.422,1
1,medium,10.0,41,DSDV,1001,n6,n10,18,75.000,84.029,9.029,1
1,medium,10.0,41,DSDV,1001,n6,n5,4,90.000,95.178,5.178,1
1,medium,10.0,41,DSDV,1001,n6,n10,18,135.000,140.505,5.505,1
1,medium,10.0,41,DSDV,1001,n6,n5,4,150.000,158.969,8.969,1
1,medium,10.0,41,DSDV,1001,n10,n14,22,225.000,230.178,5.178,1
1,medium,10.0,41,AODV,1001,n6,n10,18,75.000,84.029,9.029,1
1,medium,10.0,41,AODV,1001,n6,n5,4,90.000,95.178,5.178,1
1,medium,10.0,41,AODV,1001,n6,n5,4,150.000,155.505,5.505,1
1,medium,10.0,41,AODV,1001,n6,n10,18,195.000,203.969,8.969,1
1,medium,10.0,41,OLSR,1001,n6,n10,18,75.000,84.029,9.029,1
1,medium,10.0,41,OLSR,1001,n6,n10,18,135.000,140.178,5.178,1
1,medium,10.0,41,OLSR,1001,n6,n10,18,195.000,200.505,5.505,1
1,medium,10.0,41,OLSR,1001,n6,n10,18,255.000,263.969,8.969,1
1,medium,10.0,41,OLSR,1001,n10,n14,22,345.000,350.178,5.178,1
1,medium,10.0,41,DSR,1001,n6,n10,18,75.000,84.029,9.029,1
1,medium,10.0,41,DSR,1001,n6,n5,4,90.000,95.178,5.178,1
1,medium,10.0,41,DSR,1001,n6,n5,4,150.000,155.505,5.505,1
1,medium,10.0,41,DSR,1001,n6,n10,18,195.000,203.969,8.969,1
1,medium,10.0,42,DSDV,1001,n6,n10,18,75.000,80.505,5.505,1
1,medium,10.0,42,DSDV,1001,n6,n5,4,90.000,98.969,8.969,1
1,medium,10.0,42,DSDV,1001,n6,n10,18,135.000,144.029,9.029,1
1,medium,10.0,42,DSDV,1001,n6,n5,4,150.000,155.178,5.178,1
1,medium,10.0,42,DSDV,1001,n6,n10,18,195.000,204.209,9.209,1
1,medium,10.0,42,DSDV,1001,n6,n5,4,210.000,217.422,7.422,1
1,medium,10.0,42,DSDV,1001,n6,n10,18,255.000,261.323,6.323,1
1,medium,10.0,42,AODV,1001,n6,n10,18,75.000,80.505,5.505,1
1,medium,10.0,42,AODV,1001,n6,n5,4,90.000,98.969,8.969,1
1,medium,10.0,42,AODV,1001,n6,n10,18,135.000,144.029,9.029,1
1,medium,10.0,42,AODV,1001,n6,n5,4,150.000,155.178,5.178,1
1,medium,10.0,42,AODV,1001,n6,n5,4,210.000,219.209,9.209,1
1,medium,10.0,42,AODV,1001,n6,n10,18,255.000,262.422,7.422,1
1,medium,10.0,42,AODV,1001,n6,n5,4,270.000,276.323,6.323,1
1,medium,10.0,42,OLSR,1001,n6,n10,18,75.000,80.505,5.505,1
1,medium,10.0,42,OLSR,1001,n6,n10,18,135.000,143.969,8.969,1
1,medium,10.0,42,OLSR,1001,n6,n10,18,195.000,204.029,9.029,1
1,medium,10.0,42,OLSR,1001,n6,n10,18,255.000,260.178,5.178,1
1,medium,10.0,42,OLSR,1001,n6,n10,18,315.000,324.209,9.209,1
1,medium,10.0,42,OLSR,1001,n6,n10,18,375.000,382.422,7.422,1
1,medium,10.0,42,OLSR,1001,n6,n10,18,435.000,441.323,6.323,1
1,medium,10.0,42,DSR,1001,n6,n10,18,75.000,80.505,5.505,1
1,medium,10.0,42,DSR,1001,n6,n5,4,90.000,98.969,8.969,1
1,medium,10.0,42,DSR,1001,n6,n10,18,135.000,144.029,9.029,1
1,medium,10.0,42,DSR,1001,n6,n5,4,150.000,155.178,5.178,1
1,medium,10.0,42,DSR,1001,n6,n5,4,210.000,219.209,9.209,1
1,medium,10.0,42,DSR,1001,n6,n10,18,255.000,262.422,7.422,1
1,medium,10.0,42,DSR,1001,n6,n5,4,270.000,276.323,6.323,1
1,medium,10.0,43,DSDV,1001,n10,n14,22,105.000,110.178,5.178,1
1,medium,10.0,43,DSDV,1001,n10,n9,7,120.000,125.505,5.505,1
1,medium,10.0,43,DSDV,1001,n10,n14,22,165.000,173.969,8.969,1
1,medium,10.0,43,AODV,1001,n10,n14,22,105.000,110.178,5.178,1
1,medium,10.0,43,AODV,1001,n10,n9,7,120.000,125.505,5.505,1
1,medium,10.0,43,AODV,1001,n10,n14,22,165.000,173.969,8.969,1
1,medium,10.0,43,OLSR,1001,n10,n14,22,105.000,110.178,5.178,1
1,medium,10.0,43,OLSR,1001,n10,n14,22,165.000,170.505,5.505,1
1,medium,10.0,43,OLSR,1001,n10,n14,22,225.000,233.969,8.969,1
1,medium,10.0,43,DSR,1001,n10,n14,22,105.000,110.178,5.178,1
1,medium,10.0,43,DSR,1001,n10,n9,7,120.000,125.505,5.505,1
1,medium,10.0,43,DSR,1001,n10,n9,7,180.000,188.969,8.969,1
1,medium,10.0,44,DSDV,1001,n6,n10,18,75.000,80.465,5.465,1
1,medium,10.0,44,AODV,1001,n6,n10,18,75.000,80.465,5.465,1
1,medium,10.0,44,OLSR,1001,n6,n10,18,75.000,80.465,5.465,1
1,medium,10.0,44,DSR,1001,n6,n10,18,75.000,80.465,5.465,1
2,low,0.25,40,DSDV,1001,n4,n3,4,90.000,96.372,6.372,1
2,low,0.25,40,AODV,1001,n4,n3,4,90.000,96.372,6.372,1
2,low,0.25,40,OLSR,1001,n4,n3,4,90.000,96.372,6.372,1
2,low,0.25,40,DSR,1001,n4,n3,4,90.000,96.372,6.372,1
2,low,0.25,41,DSDV,1001,n4,n3,4,90.000,96.515,6.515,1
2,low,0.25,41,DSDV,1001,n4,n3,4,150.000,155.324,5.324,1
2,low,0.25,41,AODV,1001,n4,n3,4,90.000,96.515,6.515,1
2,low,0.25,41,AODV,1001,n4,n3,4,150.000,155.324,5.324,1
2,low,0.25,41,OLSR,1001,n4,n3,4,90.000,96.515,6.515,1
2,low,0.25,41,OLSR,1001,n4,n3,4,150.000,155.324,5.324,1
2,low,0.25,41,DSR,1001,n4,n3,4,90.000,96.515,6.515,1
2,low,0.25,41,DSR,1001,n4,n3,4,150.000,155.324,5.324,1
2,low,0.5,40,DSDV,1001,n4,n3,4,90.000,96.372,6.372,1
2,low,0.5,40,AODV,1001,n4,n3,4,90.000,96.372,6.372,1
2,low,0.5,40,OLSR,1001,n4,n3,4,90.000,96.372,6.372,1
2,low,0.5,40,DSR,1001,n4,n3,4,90.000,96.372,6.372,1
2,low,0.5,41,DSDV,1001,n4,n3,4,90.000,96.515,6.515,1
2,low,0.5,41,DSDV,1001,n4,n3,4,150.000,155.324,5.324,1
2,low,0.5,41,AODV,1001,n4,n3,4,90.000,96.515,6.515,1
2,low,0.5,41,AODV,1001,n4,n3,4,150.000,155.324,5.324,1
2,low,0.5,41,OLSR,1001,n4,n3,4,90.000,96.515,6.515,1
2,low,0.5,41,OLSR,1001,n4,n3,4,150.000,155.324,5.324,1
2,low,0.5,41,DSR,1001,n4,n3,4,90.000,96.515,6.515,1
2,low,0.5,41,DSR,1001,n4,n3,4,150.000,155.324,5.324,1
2,low,1.0,40,DSDV,1001,n4,n3,4,90.000,96.372,6.372,1
2,low,1.0,40,AODV,1001,n4,n3,4,90.000,96.372,6.372,1
2,low,1.0,40,OLSR,1001,n4,n3,4,90.000,96.372,6.372,1
2,low,1.0,40,DSR,1001,n4,n3,4,90.000,96.372,6.372,1
2,low,1.0,41,DSDV,1001,n4,n3,4,90.000,96.515,6.515,1
2,low,1.0,41,DSDV,1001,n4,n3,4,150.000,155.324,5.324,1
2,low,1.0,41,AODV,1001,n4,n3,4,90.000,96.515,6.515,1
2,low,1.0,41,AODV,1001,n4,n3,4,150.000,155.324,5.324,1
2,low,1.0,41,OLSR,1001,n4,n3,4,90.000,96.515,6.515,1
2,low,1.0,41,OLSR,1001,n4,n3,4,150.000,155.324,5.324,1
2,low,1.0,41,DSR,1001,n4,n3,4,90.000,96.515,6.515,1
2,low,1.0,41,DSR,1001,n4,n3,4,150.000,155.324,5.324,1
2,low,1.5,40,DSDV,1001,n4,n3,4,90.000,96.372,6.372,1
2,low,1.5,40,AODV,1001,n4,n3,4,90.000,96.372,6.372,1
2,low,1.5,40,OLSR,1001,n4,n3,4,90.000,96.372,6.372,1
2,low,1.5,40,DSR,1001,n4,n3,4,90.000,96.372,6.372,1
2,low,1.5,41,DSDV,1001,n4,n3,4,90.000,96.515,6.515,1
2,low,1.5,41,DSDV,1001,n4,n3,4,150.000,155.324,5.324,1
2,low,1.5,41,AODV,1001,n4,n3,4,90.000,96.515,6.515,1
2,low,1.5,41,AODV,1001,n4,n3,4,150.000,155.324,5.324,1
2,low,1.5,41,OLSR,1001,n4,n3,4,90.000,96.515,6.515,1
2,low,1.5,41,OLSR,1001,n4,n3,4,150.000,155.324,5.324,1
2,low,1.5,41,DSR,1001,n4,n3,4,90.000,96.515,6.515,1
2,low,1.5,41,DSR,1001,n4,n3,4,150.000,155.324,5.324,1
2,low,2.0,40,DSDV,1001,n4,n3,4,90.000,96.372,6.372,1
2,low,2.0,40,AODV,1001,n4,n3,4,90.000,96.372,6.372,1
2,low,2.0,40,OLSR,1001,n4,n3,4,90.000,96.372,6.372,1
2,low,2.0,40,DSR,1001,n4,n3,4,90.000,96.372,6.372,1
2,low,2.0,41,DSDV,1001,n4,n3,4,90.000,96.515,6.515,1
2,low,2.0,41,DSDV,1001,n4,n3,4,150.000,155.324,5.324,1
2,low,2.0,41,AODV,1001,n4,n3,4,90.000,96.515,6.515,1
2,low,2.0,41,AODV,1001,n4,n3,4,150.000,155.324,5.324,1
2,low,2.0,41,OLSR,1001,n4,n3,4,90.000,96.515,6.515,1
2,low,2.0,41,OLSR,1001,n4,n3,4,150.000,155.324,5.324,1
2,low,2.0,41,DSR,1001,n4,n3,4,90.000,96.515,6.515,1
2,low,2.0,41,DSR,1001,n4,n3,4,150.000,155.324,5.324,1
2,low,3.0,40,DSDV,1001,n4,n3,4,90.000,96.372,6.372,1
2,low,3.0,40,AODV,1001,n4,n3,4,90.000,96.372,6.372,1
2,low,3.0,40,OLSR,1001,n4,n3,4,90.000,96.372,6.372,1
2,low,3.0,40,DSR,1001,n4,n3,4,90.000,96.372,6.372,1
2,low,3.0,41,DSDV,1001,n4,n3,4,90.000,96.515,6.515,1
2,low,3.0,41,DSDV,1001,n4,n3,4,150.000,155.324,5.324,1
2,low,3.0,41,AODV,1001,n4,n3,4,90.000,96.515,6.515,1
2,low,3.0,41,AODV,1001,n4,n3,4,150.000,155.324,5.324,1
2,low,3.0,41,OLSR,1001,n4,n3,4,90.000,96.515,6.515,1
2,low,3.0,41,OLSR,1001,n4,n3,4,150.000,155.324,5.324,1
2,low,3.0,41,DSR,1001,n4,n3,4,90.000,96.515,6.515,1
2,low,3.0,41,DSR,1001,n4,n3,4,150.000,155.324,5.324,1
2,low,4.0,40,DSDV,1001,n4,n3,4,90.000,96.372,6.372,1
2,low,4.0,40,AODV,1001,n4,n3,4,90.000,96.372,6.372,1
2,low,4.0,40,OLSR,1001,n4,n3,4,90.000,96.372,6.372,1
2,low,4.0,40,DSR,1001,n4,n3,4,90.000,96.372,6.372,1
2,low,4.0,41,DSDV,1001,n4,n3,4,90.000,96.515,6.515,1
2,low,4.0,41,DSDV,1001,n4,n3,4,150.000,155.324,5.324,1
2,low,4.0,41,AODV,1001,n4,n3,4,90.000,96.515,6.515,1
2,low,4.0,41,AODV,1001,n4,n3,4,150.000,155.324,5.324,1
2,low,4.0,41,OLSR,1001,n4,n3,4,90.000,96.515,6.515,1
2,low,4.0,41,OLSR,1001,n4,n3,4,150.000,155.324,5.324,1
2,low,4.0,41,DSR,1001,n4,n3,4,90.000,96.515,6.515,1
2,low,4.0,41,DSR,1001,n4,n3,4,150.000,155.324,5.324,1
2,low,5.0,40,DSDV,1001,n4,n3,4,90.000,96.372,6.372,1
2,low,5.0,40,AODV,1001,n4,n3,4,90.000,96.372,6.372,1
2,low,5.0,40,OLSR,1001,n4,n3,4,90.000,96.372,6.372,1
2,low,5.0,40,DSR,1001,n4,n3,4,90.000,96.372,6.372,1
2,low,5.0,41,DSDV,1001,n4,n3,4,90.000,96.515,6.515,1
2,low,5.0,41,DSDV,1001,n4,n3,4,150.000,155.324,5.324,1
2,low,5.0,41,AODV,1001,n4,n3,4,90.000,96.515,6.515,1
2,low,5.0,41,AODV,1001,n4,n3,4,150.000,155.324,5.324,1
2,low,5.0,41,OLSR,1001,n4,n3,4,90.000,96.515,6.515,1
2,low,5.0,41,OLSR,1001,n4,n3,4,150.000,155.324,5.324,1
2,low,5.0,41,DSR,1001,n4,n3,4,90.000,96.515,6.515,1
2,low,5.0,41,DSR,1001,n4,n3,4,150.000,155.324,5.324,1
2,low,6.0,40,DSDV,1001,n4,n3,4,90.000,96.372,6.372,1
2,low,6.0,40,AODV,1001,n4,n3,4,90.000,96.372,6.372,1
2,low,6.0,40,OLSR,1001,n4,n3,4,90.000,96.372,6.372,1
2,low,6.0,40,DSR,1001,n4,n3,4,90.000,96.372,6.372,1
2,low,6.0,41,DSDV,1001,n4,n3,4,90.000,96.515,6.515,1
2,low,6.0,41,DSDV,1001,n4,n3,4,150.000,155.324,5.324,1
2,low,6.0,41,AODV,1001,n4,n3,4,90.000,96.515,6.515,1
2,low,6.0,41,AODV,1001,n4,n3,4,150.000,155.324,5.324,1
2,low,6.0,41,OLSR,1001,n4,n3,4,90.000,96.515,6.515,1
2,low,6.0,41,OLSR,1001,n4,n3,4,150.000,155.324,5.324,1
2,low,6.0,41,DSR,1001,n4,n3,4,90.000,96.515,6.515,1
2,low,6.0,41,DSR,1001,n4,n3,4,150.000,155.324,5.324,1
2,low,6.5,40,DSDV,1001,n4,n3,4,90.000,96.372,6.372,1
2,low,6.5,40,AODV,1001,n4,n3,4,90.000,96.372,6.372,1
2,low,6.5,40,OLSR,1001,n4,n3,4,90.000,96.372,6.372,1
2,low,6.5,40,DSR,1001,n4,n3,4,90.000,96.372,6.372,1
2,low,6.5,41,DSDV,1001,n4,n3,4,90.000,96.515,6.515,1
2,low,6.5,41,DSDV,1001,n4,n3,4,150.000,155.324,5.324,1
2,low,6.5,41,AODV,1001,n4,n3,4,90.000,96.515,6.515,1
2,low,6.5,41,AODV,1001,n4,n3,4,150.000,155.324,5.324,1
2,low,6.5,41,OLSR,1001,n4,n3,4,90.000,96.515,6.515,1
2,low,6.5,41,OLSR,1001,n4,n3,4,150.000,155.324,5.324,1
2,low,6.5,41,DSR,1001,n4,n3,4,90.000,96.515,6.515,1
2,low,6.5,41,DSR,1001,n4,n3,4,150.000,155.324,5.324,1
2,low,7.0,40,DSDV,1001,n4,n3,4,90.000,96.372,6.372,1
2,low,7.0,40,AODV,1001,n4,n3,4,90.000,96.372,6.372,1
2,low,7.0,40,OLSR,1001,n4,n3,4,90.000,96.372,6.372,1
2,low,7.0,40,DSR,1001,n4,n3,4,90.000,96.372,6.372,1
2,low,7.0,41,DSDV,1001,n4,n3,4,90.000,96.515,6.515,1
2,low,7.0,41,DSDV,1001,n4,n3,4,150.000,155.324,5.324,1
2,low,7.0,41,AODV,1001,n4,n3,4,90.000,96.515,6.515,1
2,low,7.0,41,AODV,1001,n4,n3,4,150.000,155.324,5.324,1
2,low,7.0,41,OLSR,1001,n4,n3,4,90.000,96.515,6.515,1
2,low,7.0,41,OLSR,1001,n4,n3,4,150.000,155.324,5.324,1
2,low,7.0,41,DSR,1001,n4,n3,4,90.000,96.515,6.515,1
2,low,7.0,41,DSR,1001,n4,n3,4,150.000,155.324,5.324,1
2,low,8.0,40,DSDV,1001,n4,n3,4,90.000,96.372,6.372,1
2,low,8.0,40,AODV,1001,n4,n3,4,90.000,96.372,6.372,1
2,low,8.0,40,OLSR,1001,n4,n3,4,90.000,96.372,6.372,1
2,low,8.0,40,DSR,1001,n4,n3,4,90.000,96.372,6.372,1
2,low,8.0,41,DSDV,1001,n4,n3,4,90.000,96.515,6.515,1
2,low,8.0,41,DSDV,1001,n4,n3,4,150.000,155.324,5.324,1
2,low,8.0,41,AODV,1001,n4,n3,4,90.000,96.515,6.515,1
2,low,8.0,41,AODV,1001,n4,n3,4,150.000,155.324,5.324,1
2,low,8.0,41,OLSR,1001,n4,n3,4,90.000,96.515,6.515,1
2,low,8.0,41,OLSR,1001,n4,n3,4,150.000,155.324,5.324,1
2,low,8.0,41,DSR,1001,n4,n3,4,90.000,96.515,6.515,1
2,low,8.0,41,DSR,1001,n4,n3,4,150.000,155.324,5.324,1
2,low,10.0,40,DSDV,1001,n4,n3,4,90.000,96.372,6.372,1
2,low,10.0,40,AODV,1001,n4,n3,4,90.000,96.372,6.372,1
2,low,10.0,40,OLSR,1001,n4,n3,4,90.000,96.372,6.372,1
2,low,10.0,40,DSR,1001,n4,n3,4,90.000,96.372,6.372,1
2,low,10.0,41,DSDV,1001,n4,n3,4,90.000,96.515,6.515,1
2,low,10.0,41,DSDV,1001,n4,n3,4,150.000,155.324,5.324,1
2,low,10.0,41,AODV,1001,n4,n3,4,90.000,96.515,6.515,1
2,low,10.0,41,AODV,1001,n4,n3,4,150.000,155.324,5.324,1
2,low,10.0,41,OLSR,1001,n4,n3,4,90.000,96.515,6.515,1
2,low,10.0,41,OLSR,1001,n4,n3,4,150.000,155.324,5.324,1
2,low,10.0,41,DSR,1001,n4,n3,4,90.000,96.515,6.515,1
2,low,10.0,41,DSR,1001,n4,n3,4,150.000,155.324,5.324,1
2,medium,0.25,38,DSDV,1001,n4,n3,4,90.000,95.645,5.645,1
2,medium,0.25,38,DSDV,1001,n4,n3,4,150.000,155.378,5.378,1
2,medium,0.25,38,AODV,1001,n4,n3,4,90.000,95.645,5.645,1
2,medium,0.25,38,AODV,1001,n4,n3,4,150.000,155.378,5.378,1
2,medium,0.25,38,OLSR,1001,n4,n3,4,90.000,95.645,5.645,1
2,medium,0.25,38,OLSR,1001,n4,n3,4,150.000,155.378,5.378,1
2,medium,0.25,38,DSR,1001,n4,n3,4,90.000,95.645,5.645,1
2,medium,0.25,38,DSR,1001,n4,n3,4,150.000,155.378,5.378,1
2,medium,0.25,39,DSDV,1001,n4,n3,4,90.000,95.891,5.891,1
2,medium,0.25,39,DSDV,1001,n4,n3,4,150.000,157.182,7.182,1
2,medium,0.25,39,DSDV,1001,n4,n3,4,210.000,215.765,5.765,1
2,medium,0.25,39,DSDV,1001,n4,n3,4,270.000,279.437,9.437,1
2,medium,0.25,39,AODV,1001,n4,n3,4,90.000,95.891,5.891,1
2,medium,0.25,39,AODV,1001,n4,n3,4,150.000,157.182,7.182,1
2,medium,0.25,39,AODV,1001,n4,n3,4,210.000,215.765,5.765,1
2,medium,0.25,39,AODV,1001,n4,n3,4,270.000,279.437,9.437,1
2,medium,0.25,39,OLSR,1001,n4,n3,4,90.000,95.891,5.891,1
2,medium,0.25,39,OLSR,1001,n4,n3,4,150.000,157.182,7.182,1
2,medium,0.25,39,OLSR,1001,n4,n3,4,210.000,215.765,5.765,1
2,medium,0.25,39,OLSR,1001,n4,n3,4,270.000,279.437,9.437,1
2,medium,0.25,39,DSR,1001,n4,n3,4,90.000,95.891,5.891,1
2,medium,0.25,39,DSR,1001,n4,n3,4,150.000,157.182,7.182,1
2,medium,0.25,39,DSR,1001,n4,n3,4,210.000,215.765,5.765,1
2,medium,0.25,39,DSR,1001,n4,n3,4,270.000,279.437,9.437,1
2,medium,0.25,40,DSDV,1001,n4,n3,4,90.000,99.029,9.029,1
2,medium,0.25,40,DSDV,1001,n4,n3,4,150.000,155.178,5.178,1
2,medium,0.25,40,DSDV,1001,n4,n3,4,210.000,215.505,5.505,1
2,medium,0.25,40,DSDV,1001,n4,n3,4,270.000,278.969,8.969,1
2,medium,0.25,40,DSDV,1001,n3,n2,3,360.000,365.465,5.465,1
2,medium,0.25,40,DSDV,1001,n3,n2,3,420.000,430.056,10.056,1
2,medium,0.25,40,DSDV,1001,n3,n2,3,480.000,485.096,5.096,1
2,medium,0.25,40,DSDV,1001,n3,n2,3,540.000,548.325,8.325,1
2,medium,0.25,40,AODV,1001,n4,n3,4,90.000,99.029,9.029,1
2,medium,0.25,40,AODV,1001,n4,n3,4,150.000,155.178,5.178,1
2,medium,0.25,40,AODV,1001,n4,n3,4,210.000,215.505,5.505,1
2,medium,0.25,40,AODV,1001,n4,n3,4,270.000,278.969,8.969,1
2,medium,0.25,40,AODV,1001,n3,n2,3,360.000,365.465,5.465,1
2,medium,0.25,40,AODV,1001,n3,n2,3,420.000,430.056,10.056,1
2,medium,0.25,40,AODV,1001,n3,n2,3,480.000,485.096,5.096,1
2,medium,0.25,40,AODV,1001,n3,n2,3,540.000,548.325,8.325,1
2,medium,0.25,40,OLSR,1001,n4,n3,4,90.000,99.029,9.029,1
2,medium,0.25,40,OLSR,1001,n4,n3,4,150.000,155.178,5.178,1
2,medium,0.25,40,OLSR,1001,n4,n3,4,210.000,215.505,5.505,1
2,medium,0.25,40,OLSR,1001,n4,n3,4,270.000,278.969,8.969,1
2,medium,0.25,40,OLSR,1001,n3,n2,3,360.000,365.465,5.465,1
2,medium,0.25,40,OLSR,1001,n3,n2,3,420.000,430.056,10.056,1
2,medium,0.25,40,OLSR,1001,n3,n2,3,480.000,485.096,5.096,1
2,medium,0.25,40,OLSR,1001,n3,n2,3,540.000,548.325,8.325,1
2,medium,0.25,40,DSR,1001,n4,n3,4,90.000,99.029,9.029,1
2,medium,0.25,40,DSR,1001,n4,n3,4,150.000,155.178,5.178,1
2,medium,0.25,40,DSR,1001,n4,n3,4,210.000,215.505,5.505,1
2,medium,0.25,40,DSR,1001,n4,n3,4,270.000,278.969,8.969,1
2,medium,0.25,40,DSR,1001,n3,n2,3,360.000,365.465,5.465,1
2,medium,0.25,40,DSR,1001,n3,n2,3,420.000,430.056,10.056,1
2,medium,0.25,40,DSR,1001,n3,n2,3,480.000,485.096,5.096,1
2,medium,0.25,40,DSR,1001,n3,n2,3,540.000,548.325,8.325,1
2,medium,0.25,41,DSDV,1001,n4,n3,4,90.000,99.209,9.209,1
2,medium,0.25,41,DSDV,1001,n4,n3,4,150.000,157.422,7.422,1
2,medium,0.25,41,DSDV,1001,n3,n2,3,240.000,245.465,5.465,1
2,medium,0.25,41,AODV,1001,n4,n3,4,90.000,99.209,9.209,1
2,medium,0.25,41,AODV,1001,n4,n3,4,150.000,157.422,7.422,1
2,medium,0.25,41,AODV,1001,n3,n2,3,240.000,245.465,5.465,1
2,medium,0.25,41,OLSR,1001,n4,n3,4,90.000,99.209,9.209,1
2,medium,0.25,41,OLSR,1001,n4,n3,4,150.000,157.422,7.422,1
2,medium,0.25,41,OLSR,1001,n3,n2,3,240.000,245.465,5.465,1
2,medium,0.25,41,DSR,1001,n4,n3,4,90.000,99.209,9.209,1
2,medium,0.25,41,DSR,1001,n4,n3,4,150.000,157.422,7.422,1
2,medium,0.25,41,DSR,1001,n3,n2,3,240.000,245.465,5.465,1
2,medium,0.25,42,DSDV,1001,n3,n2,3,120.000,125.465,5.465,1
2,medium,0.25,42,AODV,1001,n3,n2,3,120.000,125.465,5.465,1
2,medium,0.25,42,OLSR,1001,n3,n2,3,120.000,125.465,5.465,1
2,medium,0.25,42,DSR,1001,n3,n2,3,120.000,125.465,5.465,1
2,medium,0.25,43,DSDV,1001,n4,n3,4,90.000,95.505,5.505,1
2,medium,0.25,43,DSDV,1001,n4,n3,4,150.000,158.969,8.969,1
2,medium,0.25,43,DSDV,1001,n4,n3,4,210.000,219.029,9.029,1
2,medium,0.25,43,DSDV,1001,n4,n3,4,270.000,275.178,5.178,1
2,medium,0.25,43,DSDV,1001,n4,n3,4,330.000,339.209,9.209,1
2,medium,0.25,43,DSDV,1001,n4,n3,4,390.000,397.422,7.422,1
2,medium,0.25,43,DSDV,1001,n4,n3,4,450.000,456.323,6.323,1
2,medium,0.25,43,DSDV,1001,n3,n2,3,540.000,549.675,9.675,1
2,medium,0.25,43,AODV,1001,n4,n3,4,90.000,95.505,5.505,1
2,medium,0.25,43,AODV,1001,n4,n3,4,150.000,158.969,8.969,1
2,medium,0.25,43,AODV,1001,n4,n3,4,210.000,219.029,9.029,1
2,medium,0.25,43,AODV,1001,n4,n3,4,270.000,275.178,5.178,1
2,medium,0.25,43,AODV,1001,n4,n3,4,330.000,339.209,9.209,1
2,medium,0.25,43,AODV,1001,n4,n3,4,390.000,397.422,7.422,1
2,medium,0.25,43,AODV,1001,n4,n3,4,450.000,456.323,6.323,1
2,medium,0.25,43,AODV,1001,n3,n2,3,540.000,549.675,9.675,1
2,medium,0.25,43,OLSR,1001,n4,n3,4,90.000,95.505,5.505,1
2,medium,0.25,43,OLSR,1001,n4,n3,4,150.000,158.969,8.969,1
2,medium,0.25,43,OLSR,1001,n4,n3,4,210.000,219.029,9.029,1
2,medium,0.25,43,OLSR,1001,n4,n3,4,270.000,275.178,5.178,1
2,medium,0.25,43,OLSR,1001,n4,n3,4,330.000,339.209,9.209,1
2,medium,0.25,43,OLSR,1001,n4,n3,4,390.000,397.422,7.422,1
2,medium,0.25,43,OLSR,1001,n4,n3,4,450.000,456.323,6.323,1
2,medium,0.25,43,OLSR,1001,n3,n2,3,540.000,549.675,9.675,1
2,medium,0.25,43,DSR,1001,n4,n3,4,90.000,95.505,5.505,1
2,medium,0.25,43,DSR,1001,n4,n3,4,150.000,158.969,8.969,1
2,medium,0.25,43,DSR,1001,n4,n3,4,210.000,219.029,9.029,1
2,medium,0.25,43,DSR,1001,n4,n3,4,270.000,275.178,5.178,1
2,medium,0.25,43,DSR,1001,n4,n3,4,330.000,339.209,9.209,1
2,medium,0.25,43,DSR,1001,n4,n3,4,390.000,397.422,7.422,1
2,medium,0.25,43,DSR,1001,n4,n3,4,450.000,456.323,6.323,1
2,medium,0.25,43,DSR,1001,n3,n2,3,540.000,549.675,9.675,1
2,medium,0.25,44,DSDV,1001,n3,n2,3,120.000,125.505,5.505,1
2,medium,0.25,44,DSDV,1001,n3,n2,3,180.000,185.178,5.178,1
2,medium,0.25,44,DSDV,1001,n3,n2,3,240.000,249.029,9.029,1
2,medium,0.25,44,DSDV,1001,n3,n2,3,300.000,307.422,7.422,1
2,medium,0.25,44,DSDV,1001,n3,n2,3,360.000,369.209,9.209,1
2,medium,0.25,44,AODV,1001,n3,n2,3,120.000,125.505,5.505,1
2,medium,0.25,44,AODV,1001,n3,n2,3,180.000,185.178,5.178,1
2,medium,0.25,44,AODV,1001,n3,n2,3,240.000,249.029,9.029,1
2,medium,0.25,44,AODV,1001,n3,n2,3,300.000,307.422,7.422,1
2,medium,0.25,44,AODV,1001,n3,n2,3,360.000,369.209,9.209,1
2,medium,0.25,44,OLSR,1001,n3,n2,3,120.000,125.505,5.505,1
2,medium,0.25,44,OLSR,1001,n3,n2,3,180.000,185.178,5.178,1
2,medium,0.25,44,OLSR,1001,n3,n2,3,240.000,249.029,9.029,1
2,medium,0.25,44,OLSR,1001,n3,n2,3,300.000,307.422,7.422,1
2,medium,0.25,44,OLSR,1001,n3,n2,3,360.000,369.209,9.209,1
2,medium,0.25,44,DSR,1001,n3,n2,3,120.000,125.505,5.505,1
2,medium,0.25,44,DSR,1001,n3,n2,3,180.000,185.178,5.178,1
2,medium,0.25,44,DSR,1001,n3,n2,3,240.000,249.029,9.029,1
2,medium,0.25,44,DSR,1001,n3,n2,3,300.000,307.422,7.422,1
2,medium,0.25,44,DSR,1001,n3,n2,3,360.000,369.209,9.209,1
2,medium,0.5,38,DSDV,1001,n4,n3,4,90.000,95.645,5.645,1
2,medium,0.5,38,DSDV,1001,n4,n3,4,150.000,155.378,5.378,1
2,medium,0.5,38,AODV,1001,n4,n3,4,90.000,95.645,5.645,1
2,medium,0.5,38,AODV,1001,n4,n3,4,150.000,155.378,5.378,1
2,medium,0.5,38,OLSR,1001,n4,n3,4,90.000,95.645,5.645,1
2,medium,0.5,38,OLSR,1001,n4,n3,4,150.000,155.378,5.378,1
2,medium,0.5,38,DSR,1001,n4,n3,4,90.000,95.645,5.645,1
2,medium,0.5,38,DSR,1001,n4,n3,4,150.000,155.378,5.378,1
2,medium,0.5,39,DSDV,1001,n4,n3,4,90.000,95.891,5.891,1
2,medium,0.5,39,DSDV,1001,n4,n3,4,150.000,157.182,7.182,1
2,medium,0.5,39,DSDV,1001,n4,n3,4,210.000,215.765,5.765,1
2,medium,0.5,39,DSDV,1001,n4,n3,4,270.000,279.437,9.437,1
2,medium,0.5,39,AODV,1001,n4,n3,4,90.000,95.891,5.891,1
2,medium,0.5,39,AODV,1001,n4,n3,4,150.000,157.182,7.182,1
2,medium,0.5,39,AODV,1001,n4,n3,4,210.000,215.765,5.765,1
2,medium,0.5,39,AODV,1001,n4,n3,4,270.000,279.437,9.437,1
2,medium,0.5,39,OLSR,1001,n4,n3,4,90.000,95.891,5.891,1
2,medium,0.5,39,OLSR,1001,n4,n3,4,150.000,157.182,7.182,1
2,medium,0.5,39,OLSR,1001,n4,n3,4,210.000,215.765,5.765,1
2,medium,0.5,39,OLSR,1001,n4,n3,4,270.000,279.437,9.437,1
2,medium,0.5,39,DSR,1001,n4,n3,4,90.000,95.891,5.891,1
2,medium,0.5,39,DSR,1001,n4,n3,4,150.000,157.182,7.182,1
2,medium,0.5,39,DSR,1001,n4,n3,4,210.000,215.765,5.765,1
2,medium,0.5,39,DSR,1001,n4,n3,4,270.000,279.437,9.437,1
2,medium,0.5,40,DSDV,1001,n4,n3,4,90.000,99.029,9.029,1
2,medium,0.5,40,DSDV,1001,n4,n3,4,150.000,155.178,5.178,1
2,medium,0.5,40,DSDV,1001,n4,n3,4,210.000,215.505,5.505,1
2,medium,0.5,40,DSDV,1001,n4,n3,4,270.000,278.969,8.969,1
2,medium,0.5,40,DSDV,1001,n3,n2,3,360.000,365.465,5.465,1
2,medium,0.5,40,DSDV,1001,n3,n2,3,420.000,430.056,10.056,1
2,medium,0.5,40,DSDV,1001,n3,n2,3,480.000,485.096,5.096,1
2,medium,0.5,40,DSDV,1001,n3,n2,3,540.000,548.325,8.325,1
2,medium,0.5,40,AODV,1001,n4,n3,4,90.000,99.029,9.029,1
2,medium,0.5,40,AODV,1001,n4,n3,4,150.000,155.178,5.178,1
2,medium,0.5,40,AODV,1001,n4,n3,4,210.000,215.505,5.505,1
2,medium,0.5,40,AODV,1001,n4,n3,4,270.000,278.969,8.969,1
2,medium,0.5,40,AODV,1001,n3,n2,3,360.000,365.465,5.465,1
2,medium,0.5,40,AODV,1001,n3,n2,3,420.000,430.056,10.056,1
2,medium,0.5,40,AODV,1001,n3,n2,3,480.000,485.096,5.096,1
2,medium,0.5,40,AODV,1001,n3,n2,3,540.000,548.325,8.325,1
2,medium,0.5,40,OLSR,1001,n4,n3,4,90.000,99.029,9.029,1
2,medium,0.5,40,OLSR,1001,n4,n3,4,150.000,155.178,5.178,1
2,medium,0.5,40,OLSR,1001,n4,n3,4,210.000,215.505,5.505,1
2,medium,0.5,40,OLSR,1001,n4,n3,4,270.000,278.969,8.969,1
2,medium,0.5,40,OLSR,1001,n3,n2,3,360.000,365.465,5.465,1
2,medium,0.5,40,OLSR,1001,n3,n2,3,420.000,430.056,10.056,1
2,medium,0.5,40,OLSR,1001,n3,n2,3,480.000,485.096,5.096,1
2,medium,0.5,40,OLSR,1001,n3,n2,3,540.000,548.325,8.325,1
2,medium,0.5,40,DSR,1001,n4,n3,4,90.000,99.029,9.029,1
2,medium,0.5,40,DSR,1001,n4,n3,4,150.000,155.178,5.178,1
2,medium,0.5,40,DSR,1001,n4,n3,4,210.000,215.505,5.505,1
2,medium,0.5,40,DSR,1001,n4,n3,4,270.000,278.969,8.969,1
2,medium,0.5,40,DSR,1001,n3,n2,3,360.000,365.465,5.465,1
2,medium,0.5,40,DSR,1001,n3,n2,3,420.000,430.056,10.056,1
2,medium,0.5,40,DSR,1001,n3,n2,3,480.000,485.096,5.096,1
2,medium,0.5,40,DSR,1001,n3,n2,3,540.000,548.325,8.325,1
2,medium,0.5,41,DSDV,1001,n4,n3,4,90.000,99.209,9.209,1
2,medium,0.5,41,DSDV,1001,n4,n3,4,150.000,157.422,7.422,1
2,medium,0.5,41,DSDV,1001,n3,n2,3,240.000,245.465,5.465,1
2,medium,0.5,41,AODV,1001,n4,n3,4,90.000,99.209,9.209,1
2,medium,0.5,41,AODV,1001,n4,n3,4,150.000,157.422,7.422,1
2,medium,0.5,41,AODV,1001,n3,n2,3,240.000,245.465,5.465,1
2,medium,0.5,41,OLSR,1001,n4,n3,4,90.000,99.209,9.209,1
2,medium,0.5,41,OLSR,1001,n4,n3,4,150.000,157.422,7.422,1
2,medium,0.5,41,OLSR,1001,n3,n2,3,240.000,245.465,5.465,1
2,medium,0.5,41,DSR,1001,n4,n3,4,90.000,99.209,9.209,1
2,medium,0.5,41,DSR,1001,n4,n3,4,150.000,157.422,7.422,1
2,medium,0.5,41,DSR,1001,n3,n2,3,240.000,245.465,5.465,1
2,medium,0.5,42,DSDV,1001,n3,n2,3,120.000,125.465,5.465,1
2,medium,0.5,42,AODV,1001,n3,n2,3,120.000,125.465,5.465,1
2,medium,0.5,42,OLSR,1001,n3,n2,3,120.000,125.465,5.465,1
2,medium,0.5,42,DSR,1001,n3,n2,3,120.000,125.465,5.465,1
2,medium,0.5,43,DSDV,1001,n4,n3,4,90.000,95.505,5.505,1
2,medium,0.5,43,DSDV,1001,n4,n3,4,150.000,158.969,8.969,1
2,medium,0.5,43,DSDV,1001,n4,n3,4,210.000,219.029,9.029,1
2,medium,0.5,43,DSDV,1001,n4,n3,4,270.000,275.178,5.178,1
2,medium,0.5,43,DSDV,1001,n4,n3,4,330.000,339.209,9.209,1
2,medium,0.5,43,DSDV,1001,n4,n3,4,390.000,397.422,7.422,1
2,medium,0.5,43,DSDV,1001,n4,n3,4,450.000,456.323,6.323,1
2,medium,0.5,43,DSDV,1001,n3,n2,3,540.000,549.675,9.675,1
2,medium,0.5,43,AODV,1001,n4,n3,4,90.000,95.505,5.505,1
2,medium,0.5,43,AODV,1001,n4,n3,4,150.000,158.969,8.969,1
2,medium,0.5,43,AODV,1001,n4,n3,4,210.000,219.029,9.029,1
2,medium,0.5,43,AODV,1001,n4,n3,4,270.000,275.178,5.178,1
2,medium,0.5,43,AODV,1001,n4,n3,4,330.000,339.209,9.209,1
2,medium,0.5,43,AODV,1001,n4,n3,4,390.000,397.422,7.422,1
2,medium,0.5,43,AODV,1001,n4,n3,4,450.000,456.323,6.323,1
2,medium,0.5,43,AODV,1001,n3,n2,3,540.000,549.675,9.675,1
2,medium,0.5,43,OLSR,1001,n4,n3,4,90.000,95.505,5.505,1
2,medium,0.5,43,OLSR,1001,n4,n3,4,150.000,158.969,8.969,1
2,medium,0.5,43,OLSR,1001,n4,n3,4,210.000,219.029,9.029,1
2,medium,0.5,43,OLSR,1001,n4,n3,4,270.000,275.178,5.178,1
2,medium,0.5,43,OLSR,1001,n4,n3,4,330.000,339.209,9.209,1
2,medium,0.5,43,OLSR,1001,n4,n3,4,390.000,397.422,7.422,1
2,medium,0.5,43,OLSR,1001,n4,n3,4,450.000,456.323,6.323,1
2,medium,0.5,43,OLSR,1001,n3,n2,3,540.000,549.675,9.675,1
2,medium,0.5,43,DSR,1001,n4,n3,4,90.000,95.505,5.505,1
2,medium,0.5,43,DSR,1001,n4,n3,4,150.000,158.969,8.969,1
2,medium,0.5,43,DSR,1001,n4,n3,4,210.000,219.029,9.029,1
2,medium,0.5,43,DSR,1001,n4,n3,4,270.000,275.178,5.178,1
2,medium,0.5,43,DSR,1001,n4,n3,4,330.000,339.209,9.209,1
2,medium,0.5,43,DSR,1001,n4,n3,4,390.000,397.422,7.422,1
2,medium,0.5,43,DSR,1001,n4,n3,4,450.000,456.323,6.323,1
2,medium,0.5,43,DSR,1001,n3,n2,3,540.000,549.675,9.675,1
2,medium,0.5,44,DSDV,1001,n3,n2,3,120.000,125.505,5.505,1
2,medium,0.5,44,DSDV,1001,n3,n2,3,180.000,185.178,5.178,1
2,medium,0.5,44,DSDV,1001,n3,n2,3,240.000,249.029,9.029,1
2,medium,0.5,44,DSDV,1001,n3,n2,3,300.000,307.422,7.422,1
2,medium,0.5,44,DSDV,1001,n3,n2,3,360.000,369.209,9.209,1
2,medium,0.5,44,AODV,1001,n3,n2,3,120.000,125.505,5.505,1
2,medium,0.5,44,AODV,1001,n3,n2,3,180.000,185.178,5.178,1
2,medium,0.5,44,AODV,1001,n3,n2,3,240.000,249.029,9.029,1
2,medium,0.5,44,AODV,1001,n3,n2,3,300.000,307.422,7.422,1
2,medium,0.5,44,AODV,1001,n3,n2,3,360.000,369.209,9.209,1
2,medium,0.5,44,OLSR,1001,n3,n2,3,120.000,125.505,5.505,1
2,medium,0.5,44,OLSR,1001,n3,n2,3,180.000,185.178,5.178,1
2,medium,0.5,44,OLSR,1001,n3,n2,3,240.000,249.029,9.029,1
2,medium,0.5,44,OLSR,1001,n3,n2,3,300.000,307.422,7.422,1
2,medium,0.5,44,OLSR,1001,n3,n2,3,360.000,369.209,9.209,1
2,medium,0.5,44,DSR,1001,n3,n2,3,120.000,125.505,5.505,1
2,medium,0.5,44,DSR,1001,n3,n2,3,180.000,185.178,5.178,1
2,medium,0.5,44,DSR,1001,n3,n2,3,240.000,249.029,9.029,1
2,medium,0.5,44,DSR,1001,n3,n2,3,300.000,307.422,7.422,1
2,medium,0.5,44,DSR,1001,n3,n2,3,360.000,369.209,9.209,1
2,medium,1.0,38,DSDV,1001,n4,n3,4,90.000,95.645,5.645,1
2,medium,1.0,38,DSDV,1001,n4,n3,4,150.000,155.378,5.378,1
2,medium,1.0,38,AODV,1001,n4,n3,4,90.000,95.645,5.645,1
2,medium,1.0,38,AODV,1001,n4,n3,4,150.000,155.378,5.378,1
2,medium,1.0,38,OLSR,1001,n4,n3,4,90.000,95.645,5.645,1
2,medium,1.0,38,OLSR,1001,n4,n3,4,150.000,155.378,5.378,1
2,medium,1.0,38,DSR,1001,n4,n3,4,90.000,95.645,5.645,1
2,medium,1.0,38,DSR,1001,n4,n3,4,150.000,155.378,5.378,1
2,medium,1.0,39,DSDV,1001,n4,n3,4,90.000,95.891,5.891,1
2,medium,1.0,39,DSDV,1001,n4,n3,4,150.000,157.182,7.182,1
2,medium,1.0,39,DSDV,1001,n4,n3,4,210.000,215.765,5.765,1
2,medium,1.0,39,DSDV,1001,n4,n3,4,270.000,279.437,9.437,1
2,medium,1.0,39,AODV,1001,n4,n3,4,90.000,95.891,5.891,1
2,medium,1.0,39,AODV,1001,n4,n3,4,150.000,157.182,7.182,1
2,medium,1.0,39,AODV,1001,n4,n3,4,210.000,215.765,5.765,1
2,medium,1.0,39,AODV,1001,n4,n3,4,270.000,279.437,9.437,1
2,medium,1.0,39,OLSR,1001,n4,n3,4,90.000,95.891,5.891,1
2,medium,1.0,39,OLSR,1001,n4,n3,4,150.000,157.182,7.182,1
2,medium,1.0,39,OLSR,1001,n4,n3,4,210.000,215.765,5.765,1
2,medium,1.0,39,OLSR,1001,n4,n3,4,270.000,279.437,9.437,1
2,medium,1.0,39,DSR,1001,n4,n3,4,90.000,95.891,5.891,1
2,medium,1.0,39,DSR,1001,n4,n3,4,150.000,157.182,7.182,1
2,medium,1.0,39,DSR,1001,n4,n3,4,210.000,215.765,5.765,1
2,medium,1.0,39,DSR,1001,n4,n3,4,270.000,279.437,9.437,1
2,medium,1.0,40,DSDV,1001,n4,n3,4,90.000,99.029,9.029,1
2,medium,1.0,40,DSDV,1001,n4,n3,4,150.000,155.178,5.178,1
2,medium,1.0,40,DSDV,1001,n4,n3,4,210.000,215.505,5.505,1
2,medium,1.0,40,DSDV,1001,n4,n3,4,270.000,278.969,8.969,1
2,medium,1.0,40,DSDV,1001,n3,n2,3,360.000,365.465,5.465,1
2,medium,1.0,40,DSDV,1001,n3,n2,3,420.000,430.056,10.056,1
2,medium,1.0,40,DSDV,1001,n3,n2,3,480.000,485.096,5.096,1
2,medium,1.0,40,DSDV,1001,n3,n2,3,540.000,548.325,8.325,1
2,medium,1.0,40,AODV,1001,n4,n3,4,90.000,99.029,9.029,1
2,medium,1.0,40,AODV,1001,n4,n3,4,150.000,155.178,5.178,1
2,medium,1.0,40,AODV,1001,n4,n3,4,210.000,215.505,5.505,1
2,medium,1.0,40,AODV,1001,n4,n3,4,270.000,278.969,8.969,1
2,medium,1.0,40,AODV,1001,n3,n2,3,360.000,365.465,5.465,1
2,medium,1.0,40,AODV,1001,n3,n2,3,420.000,430.056,10.056,1
2,medium,1.0,40,AODV,1001,n3,n2,3,480.000,485.096,5.096,1
2,medium,1.0,40,AODV,1001,n3,n2,3,540.000,548.325,8.325,1
2,medium,1.0,40,OLSR,1001,n4,n3,4,90.000,99.029,9.029,1
2,medium,1.0,40,OLSR,1001,n4,n3,4,150.000,155.178,5.178,1
2,medium,1.0,40,OLSR,1001,n4,n3,4,210.000,215.505,5.505,1
2,medium,1.0,40,OLSR,1001,n4,n3,4,270.000,278.969,8.969,1
2,medium,1.0,40,OLSR,1001,n3,n2,3,360.000,365.465,5.465,1
2,medium,1.0,40,OLSR,1001,n3,n2,3,420.000,430.056,10.056,1
2,medium,1.0,40,OLSR,1001,n3,n2,3,480.000,485.096,5.096,1
2,medium,1.0,40,OLSR,1001,n3,n2,3,540.000,548.325,8.325,1
2,medium,1.0,40,DSR,1001,n4,n3,4,90.000,99.029,9.029,1
2,medium,1.0,40,DSR,1001,n4,n3,4,150.000,155.178,5.178,1
2,medium,1.0,40,DSR,1001,n4,n3,4,210.000,215.505,5.505,1
2,medium,1.0,40,DSR,1001,n4,n3,4,270.000,278.969,8.969,1
2,medium,1.0,40,DSR,1001,n3,n2,3,360.000,365.465,5.465,1
2,medium,1.0,40,DSR,1001,n3,n2,3,420.000,430.056,10.056,1
2,medium,1.0,40,DSR,1001,n3,n2,3,480.000,485.096,5.096,1
2,medium,1.0,40,DSR,1001,n3,n2,3,540.000,548.325,8.325,1
2,medium,1.0,41,DSDV,1001,n4,n3,4,90.000,99.209,9.209,1
2,medium,1.0,41,DSDV,1001,n4,n3,4,150.000,157.422,7.422,1
2,medium,1.0,41,DSDV,1001,n3,n2,3,240.000,245.465,5.465,1
2,medium,1.0,41,AODV,1001,n4,n3,4,90.000,99.209,9.209,1
2,medium,1.0,41,AODV,1001,n4,n3,4,150.000,157.422,7.422,1
2,medium,1.0,41,AODV,1001,n3,n2,3,240.000,245.465,5.465,1
2,medium,1.0,41,OLSR,1001,n4,n3,4,90.000,99.209,9.209,1
2,medium,1.0,41,OLSR,1001,n4,n3,4,150.000,157.422,7.422,1
2,medium,1.0,41,OLSR,1001,n3,n2,3,240.000,245.465,5.465,1
2,medium,1.0,41,DSR,1001,n4,n3,4,90.000,99.209,9.209,1
2,medium,1.0,41,DSR,1001,n4,n3,4,150.000,157.422,7.422,1
2,medium,1.0,41,DSR,1001,n3,n2,3,240.000,245.465,5.465,1
2,medium,1.0,42,DSDV,1001,n3,n2,3,120.000,125.465,5.465,1
2,medium,1.0,42,AODV,1001,n3,n2,3,120.000,125.465,5.465,1
2,medium,1.0,42,OLSR,1001,n3,n2,3,120.000,125.465,5.465,1
2,medium,1.0,42,DSR,1001,n3,n2,3,120.000,125.465,5.465,1
2,medium,1.0,43,DSDV,1001,n4,n3,4,90.000,95.505,5.505,1
2,medium,1.0,43,DSDV,1001,n4,n3,4,150.000,158.969,8.969,1
2,medium,1.0,43,DSDV,1001,n4,n3,4,210.000,219.029,9.029,1
2,medium,1.0,43,DSDV,1001,n4,n3,4,270.000,275.178,5.178,1
2,medium,1.0,43,DSDV,1001,n4,n3,4,330.000,339.209,9.209,1
2,medium,1.0,43,DSDV,1001,n4,n3,4,390.000,397.422,7.422,1
2,medium,1.0,43,DSDV,1001,n4,n3,4,450.000,456.323,6.323,1
2,medium,1.0,43,DSDV,1001,n3,n2,3,540.000,549.675,9.675,1
2,medium,1.0,43,AODV,1001,n4,n3,4,90.000,95.505,5.505,1
2,medium,1.0,43,AODV,1001,n4,n3,4,150.000,158.969,8.969,1
2,medium,1.0,43,AODV,1001,n4,n3,4,210.000,219.029,9.029,1
2,medium,1.0,43,AODV,1001,n4,n3,4,270.000,275.178,5.178,1
2,medium,1.0,43,AODV,1001,n4,n3,4,330.000,339.209,9.209,1
2,medium,1.0,43,AODV,1001,n4,n3,4,390.000,397.422,7.422,1
2,medium,1.0,43,AODV,1001,n4,n3,4,450.000,456.323,6.323,1
2,medium,1.0,43,AODV,1001,n3,n2,3,540.000,549.675,9.675,1
2,medium,1.0,43,OLSR,1001,n4,n3,4,90.000,95.505,5.505,1
2,medium,1.0,43,OLSR,1001,n4,n3,4,150.000,158.969,8.969,1
2,medium,1.0,43,OLSR,1001,n4,n3,4,210.000,219.029,9.029,1
2,medium,1.0,43,OLSR,1001,n4,n3,4,270.000,275.178,5.178,1
2,medium,1.0,43,OLSR,1001,n4,n3,4,330.000,339.209,9.209,1
2,medium,1.0,43,OLSR,1001,n4,n3,4,390.000,397.422,7.422,1
2,medium,1.0,43,OLSR,1001,n4,n3,4,450.000,456.323,6.323,1
2,medium,1.0,43,OLSR,1001,n3,n2,3,540.000,549.675,9.675,1
2,medium,1.0,43,DSR,1001,n4,n3,4,90.000,95.505,5.505,1
2,medium,1.0,43,DSR,1001,n4,n3,4,150.000,158.969,8.969,1
2,medium,1.0,43,DSR,1001,n4,n3,4,210.000,219.029,9.029,1
2,medium,1.0,43,DSR,1001,n4,n3,4,270.000,275.178,5.178,1
2,medium,1.0,43,DSR,1001,n4,n3,4,330.000,339.209,9.209,1
2,medium,1.0,43,DSR,1001,n4,n3,4,390.000,397.422,7.422,1
2,medium,1.0,43,DSR,1001,n4,n3,4,450.000,456.323,6.323,1
2,medium,1.0,43,DSR,1001,n3,n2,3,540.000,549.675,9.675,1
2,medium,1.0,44,DSDV,1001,n3,n2,3,120.000,125.505,5.505,1
2,medium,1.0,44,DSDV,1001,n3,n2,3,180.000,185.178,5.178,1
2,medium,1.0,44,DSDV,1001,n3,n2,3,240.000,249.029,9.029,1
2,medium,1.0,44,DSDV,1001,n3,n2,3,300.000,307.422,7.422,1
2,medium,1.0,44,DSDV,1001,n3,n2,3,360.000,369.209,9.209,1
2,medium,1.0,44,AODV,1001,n3,n2,3,120.000,125.505,5.505,1
2,medium,1.0,44,AODV,1001,n3,n2,3,180.000,185.178,5.178,1
2,medium,1.0,44,AODV,1001,n3,n2,3,240.000,249.029,9.029,1
2,medium,1.0,44,AODV,1001,n3,n2,3,300.000,307.422,7.422,1
2,medium,1.0,44,AODV,1001,n3,n2,3,360.000,369.209,9.209,1
2,medium,1.0,44,OLSR,1001,n3,n2,3,120.000,125.505,5.505,1
2,medium,1.0,44,OLSR,1001,n3,n2,3,180.000,185.178,5.178,1
2,medium,1.0,44,OLSR,1001,n3,n2,3,240.000,249.029,9.029,1
2,medium,1.0,44,OLSR,1001,n3,n2,3,300.000,307.422,7.422,1
2,medium,1.0,44,OLSR,1001,n3,n2,3,360.000,369.209,9.209,1
2,medium,1.0,44,DSR,1001,n3,n2,3,120.000,125.505,5.505,1
2,medium,1.0,44,DSR,1001,n3,n2,3,180.000,185.178,5.178,1
2,medium,1.0,44,DSR,1001,n3,n2,3,240.000,249.029,9.029,1
2,medium,1.0,44,DSR,1001,n3,n2,3,300.000,307.422,7.422,1
2,medium,1.0,44,DSR,1001,n3,n2,3,360.000,369.209,9.209,1
2,medium,1.5,38,DSDV,1001,n4,n3,4,90.000,95.645,5.645,1
2,medium,1.5,38,DSDV,1001,n4,n3,4,150.000,155.378,5.378,1
2,medium,1.5,38,AODV,1001,n4,n3,4,90.000,95.645,5.645,1
2,medium,1.5,38,AODV,1001,n4,n3,4,150.000,155.378,5.378,1
2,medium,1.5,38,OLSR,1001,n4,n3,4,90.000,95.645,5.645,1
2,medium,1.5,38,OLSR,1001,n4,n3,4,150.000,155.378,5.378,1
2,medium,1.5,38,DSR,1001,n4,n3,4,90.000,95.645,5.645,1
2,medium,1.5,38,DSR,1001,n4,n3,4,150.000,155.378,5.378,1
2,medium,1.5,39,DSDV,1001,n4,n3,4,90.000,95.891,5.891,1
2,medium,1.5,39,DSDV,1001,n4,n3,4,150.000,157.182,7.182,1
2,medium,1.5,39,DSDV,1001,n4,n3,4,210.000,215.765,5.765,1
2,medium,1.5,39,DSDV,1001,n4,n3,4,270.000,279.437,9.437,1
2,medium,1.5,39,AODV,1001,n4,n3,4,90.000,95.891,5.891,1
2,medium,1.5,39,AODV,1001,n4,n3,4,150.000,157.182,7.182,1
2,medium,1.5,39,AODV,1001,n4,n3,4,210.000,215.765,5.765,1
2,medium,1.5,39,AODV,1001,n4,n3,4,270.000,279.437,9.437,1
2,medium,1.5,39,OLSR,1001,n4,n3,4,90.000,95.891,5.891,1
2,medium,1.5,39,OLSR,1001,n4,n3,4,150.000,157.182,7.182,1
2,medium,1.5,39,OLSR,1001,n4,n3,4,210.000,215.765,5.765,1
2,medium,1.5,39,OLSR,1001,n4,n3,4,270.000,279.437,9.437,1
2,medium,1.5,39,DSR,1001,n4,n3,4,90.000,95.891,5.891,1
2,medium,1.5,39,DSR,1001,n4,n3,4,150.000,157.182,7.182,1
2,medium,1.5,39,DSR,1001,n4,n3,4,210.000,215.765,5.765,1
2,medium,1.5,39,DSR,1001,n4,n3,4,270.000,279.437,9.437,1
2,medium,1.5,40,DSDV,1001,n4,n3,4,90.000,99.029,9.029,1
2,medium,1.5,40,DSDV,1001,n4,n3,4,150.000,155.178,5.178,1
2,medium,1.5,40,DSDV,1001,n4,n3,4,210.000,215.505,5.505,1
2,medium,1.5,40,DSDV,1001,n4,n3,4,270.000,278.969,8.969,1
2,medium,1.5,40,DSDV,1001,n3,n2,3,360.000,365.465,5.465,1
2,medium,1.5,40,DSDV,1001,n3,n2,3,420.000,430.056,10.056,1
2,medium,1.5,40,DSDV,1001,n3,n2,3,480.000,485.096,5.096,1
2,medium,1.5,40,DSDV,1001,n3,n2,3,540.000,548.325,8.325,1
2,medium,1.5,40,AODV,1001,n4,n3,4,90.000,99.029,9.029,1
2,medium,1.5,40,AODV,1001,n4,n3,4,150.000,155.178,5.178,1
2,medium,1.5,40,AODV,1001,n4,n3,4,210.000,215.505,5.505,1
2,medium,1.5,40,AODV,1001,n4,n3,4,270.000,278.969,8.969,1
2,medium,1.5,40,AODV,1001,n3,n2,3,360.000,365.465,5.465,1
2,medium,1.5,40,AODV,1001,n3,n2,3,420.000,430.056,10.056,1
2,medium,1.5,40,AODV,1001,n3,n2,3,480.000,485.096,5.096,1
2,medium,1.5,40,AODV,1001,n3,n2,3,540.000,548.325,8.325,1
2,medium,1.5,40,OLSR,1001,n4,n3,4,90.000,99.029,9.029,1
2,medium,1.5,40,OLSR,1001,n4,n3,4,150.000,155.178,5.178,1
2,medium,1.5,40,OLSR,1001,n4,n3,4,210.000,215.505,5.505,1
2,medium,1.5,40,OLSR,1001,n4,n3,4,270.000,278.969,8.969,1
2,medium,1.5,40,OLSR,1001,n3,n2,3,360.000,365.465,5.465,1
2,medium,1.5,40,OLSR,1001,n3,n2,3,420.000,430.056,10.056,1
2,medium,1.5,40,OLSR,1001,n3,n2,3,480.000,485.096,5.096,1
2,medium,1.5,40,OLSR,1001,n3,n2,3,540.000,548.325,8.325,1
2,medium,1.5,40,DSR,1001,n4,n3,4,90.000,99.029,9.029,1
2,medium,1.5,40,DSR,1001,n4,n3,4,150.000,155.178,5.178,1
2,medium,1.5,40,DSR,1001,n4,n3,4,210.000,215.505,5.505,1
2,medium,1.5,40,DSR,1001,n4,n3,4,270.000,278.969,8.969,1
2,medium,1.5,40,DSR,1001,n3,n2,3,360.000,365.465,5.465,1
2,medium,1.5,40,DSR,1001,n3,n2,3,420.000,430.056,10.056,1
2,medium,1.5,40,DSR,1001,n3,n2,3,480.000,485.096,5.096,1
2,medium,1.5,40,DSR,1001,n3,n2,3,540.000,548.325,8.325,1
2,medium,1.5,41,DSDV,1001,n4,n3,4,90.000,99.209,9.209,1
2,medium,1.5,41,DSDV,1001,n4,n3,4,150.000,157.422,7.422,1
2,medium,1.5,41,DSDV,1001,n3,n2,3,240.000,245.465,5.465,1
2,medium,1.5,41,AODV,1001,n4,n3,4,90.000,99.209,9.209,1
2,medium,1.5,41,AODV,1001,n4,n3,4,150.000,157.422,7.422,1
2,medium,1.5,41,AODV,1001,n3,n2,3,240.000,245.465,5.465,1
2,medium,1.5,41,OLSR,1001,n4,n3,4,90.000,99.209,9.209,1
2,medium,1.5,41,OLSR,1001,n4,n3,4,150.000,157.422,7.422,1
2,medium,1.5,41,OLSR,1001,n3,n2,3,240.000,245.465,5.465,1
2,medium,1.5,41,DSR,1001,n4,n3,4,90.000,99.209,9.209,1
2,medium,1.5,41,DSR,1001,n4,n3,4,150.000,157.422,7.422,1
2,medium,1.5,41,DSR,1001,n3,n2,3,240.000,245.465,5.465,1
2,medium,1.5,42,DSDV,1001,n3,n2,3,120.000,125.465,5.465,1
2,medium,1.5,42,AODV,1001,n3,n2,3,120.000,125.465,5.465,1
2,medium,1.5,42,OLSR,1001,n3,n2,3,120.000,125.465,5.465,1
2,medium,1.5,42,DSR,1001,n3,n2,3,120.000,125.465,5.465,1
2,medium,1.5,43,DSDV,1001,n4,n3,4,90.000,95.505,5.505,1
2,medium,1.5,43,DSDV,1001,n4,n3,4,150.000,158.969,8.969,1
2,medium,1.5,43,DSDV,1001,n4,n3,4,210.000,219.029,9.029,1
2,medium,1.5,43,DSDV,1001,n4,n3,4,270.000,275.178,5.178,1
2,medium,1.5,43,DSDV,1001,n4,n3,4,330.000,339.209,9.209,1
2,medium,1.5,43,DSDV,1001,n4,n3,4,390.000,397.422,7.422,1
2,medium,1.5,43,DSDV,1001,n4,n3,4,450.000,456.323,6.323,1
2,medium,1.5,43,DSDV,1001,n3,n2,3,540.000,549.675,9.675,1
2,medium,1.5,43,AODV,1001,n4,n3,4,90.000,95.505,5.505,1
2,medium,1.5,43,AODV,1001,n4,n3,4,150.000,158.969,8.969,1
2,medium,1.5,43,AODV,1001,n4,n3,4,210.000,219.029,9.029,1
2,medium,1.5,43,AODV,1001,n4,n3,4,270.000,275.178,5.178,1
2,medium,1.5,43,AODV,1001,n4,n3,4,330.000,339.209,9.209,1
2,medium,1.5,43,AODV,1001,n4,n3,4,390.000,397.422,7.422,1
2,medium,1.5,43,AODV,1001,n4,n3,4,450.000,456.323,6.323,1
2,medium,1.5,43,AODV,1001,n3,n2,3,540.000,549.675,9.675,1
2,medium,1.5,43,OLSR,1001,n4,n3,4,90.000,95.505,5.505,1
2,medium,1.5,43,OLSR,1001,n4,n3,4,150.000,158.969,8.969,1
2,medium,1.5,43,OLSR,1001,n4,n3,4,210.000,219.029,9.029,1
2,medium,1.5,43,OLSR,1001,n4,n3,4,270.000,275.178,5.178,1
2,medium,1.5,43,OLSR,1001,n4,n3,4,330.000,339.209,9.209,1
2,medium,1.5,43,OLSR,1001,n4,n3,4,390.000,397.422,7.422,1
2,medium,1.5,43,OLSR,1001,n4,n3,4,450.000,456.323,6.323,1
2,medium,1.5,43,OLSR,1001,n3,n2,3,540.000,549.675,9.675,1
2,medium,1.5,43,DSR,1001,n4,n3,4,90.000,95.505,5.505,1
2,medium,1.5,43,DSR,1001,n4,n3,4,150.000,158.969,8.969,1
2,medium,1.5,43,DSR,1001,n4,n3,4,210.000,219.029,9.029,1
2,medium,1.5,43,DSR,1001,n4,n3,4,270.000,275.178,5.178,1
2,medium,1.5,43,DSR,1001,n4,n3,4,330.000,339.209,9.209,1
2,medium,1.5,43,DSR,1001,n4,n3,4,390.000,397.422,7.422,1
2,medium,1.5,43,DSR,1001,n4,n3,4,450.000,456.323,6.323,1
2,medium,1.5,43,DSR,1001,n3,n2,3,540.000,549.675,9.675,1
2,medium,1.5,44,DSDV,1001,n3,n2,3,120.000,125.505,5.505,1
2,medium,1.5,44,DSDV,1001,n3,n2,3,180.000,185.178,5.178,1
2,medium,1.5,44,DSDV,1001,n3,n2,3,240.000,249.029,9.029,1
2,medium,1.5,44,DSDV,1001,n3,n2,3,300.000,307.422,7.422,1
2,medium,1.5,44,DSDV,1001,n3,n2,3,360.000,369.209,9.209,1
2,medium,1.5,44,AODV,1001,n3,n2,3,120.000,125.505,5.505,1
2,medium,1.5,44,AODV,1001,n3,n2,3,180.000,185.178,5.178,1
2,medium,1.5,44,AODV,1001,n3,n2,3,240.000,249.029,9.029,1
2,medium,1.5,44,AODV,1001,n3,n2,3,300.000,307.422,7.422,1
2,medium,1.5,44,AODV,1001,n3,n2,3,360.000,369.209,9.209,1
2,medium,1.5,44,OLSR,1001,n3,n2,3,120.000,125.505,5.505,1
2,medium,1.5,44,OLSR,1001,n3,n2,3,180.000,185.178,5.178,1
2,medium,1.5,44,OLSR,1001,n3,n2,3,240.000,249.029,9.029,1
2,medium,1.5,44,OLSR,1001,n3,n2,3,300.000,307.422,7.422,1
2,medium,1.5,44,OLSR,1001,n3,n2,3,360.000,369.209,9.209,1
2,medium,1.5,44,DSR,1001,n3,n2,3,120.000,125.505,5.505,1
2,medium,1.5,44,DSR,1001,n3,n2,3,180.000,185.178,5.178,1
2,medium,1.5,44,DSR,1001,n3,n2,3,240.000,249.029,9.029,1
2,medium,1.5,44,DSR,1001,n3,n2,3,300.000,307.422,7.422,1
2,medium,1.5,44,DSR,1001,n3,n2,3,360.000,369.209,9.209,1
2,medium,2.0,38,DSDV,1001,n4,n3,4,90.000,95.645,5.645,1
2,medium,2.0,38,DSDV,1001,n4,n3,4,150.000,155.378,5.378,1
2,medium,2.0,38,AODV,1001,n4,n3,4,90.000,95.645,5.645,1
2,medium,2.0,38,AODV,1001,n4,n3,4,150.000,155.378,5.378,1
2,medium,2.0,38,OLSR,1001,n4,n3,4,90.000,95.645,5.645,1
2,medium,2.0,38,OLSR,1001,n4,n3,4,150.000,155.378,5.378,1
2,medium,2.0,38,DSR,1001,n4,n3,4,90.000,95.645,5.645,1
2,medium,2.0,38,DSR,1001,n4,n3,4,150.000,155.378,5.378,1
2,medium,2.0,39,DSDV,1001,n4,n3,4,90.000,95.891,5.891,1
2,medium,2.0,39,DSDV,1001,n4,n3,4,150.000,157.182,7.182,1
2,medium,2.0,39,DSDV,1001,n4,n3,4,210.000,215.765,5.765,1
2,medium,2.0,39,DSDV,1001,n4,n3,4,270.000,279.437,9.437,1
2,medium,2.0,39,AODV,1001,n4,n3,4,90.000,95.891,5.891,1
2,medium,2.0,39,AODV,1001,n4,n3,4,150.000,157.182,7.182,1
2,medium,2.0,39,AODV,1001,n4,n3,4,210.000,215.765,5.765,1
2,medium,2.0,39,AODV,1001,n4,n3,4,270.000,279.437,9.437,1
2,medium,2.0,39,OLSR,1001,n4,n3,4,90.000,95.891,5.891,1
2,medium,2.0,39,OLSR,1001,n4,n3,4,150.000,157.182,7.182,1
2,medium,2.0,39,OLSR,1001,n4,n3,4,210.000,215.765,5.765,1
2,medium,2.0,39,OLSR,1001,n4,n3,4,270.000,279.437,9.437,1
2,medium,2.0,39,DSR,1001,n4,n3,4,90.000,95.891,5.891,1
2,medium,2.0,39,DSR,1001,n4,n3,4,150.000,157.182,7.182,1
2,medium,2.0,39,DSR,1001,n4,n3,4,210.000,215.765,5.765,1
2,medium,2.0,39,DSR,1001,n4,n3,4,270.000,279.437,9.437,1
2,medium,2.0,40,DSDV,1001,n4,n3,4,90.000,99.029,9.029,1
2,medium,2.0,40,DSDV,1001,n4,n3,4,150.000,155.178,5.178,1
2,medium,2.0,40,DSDV,1001,n4,n3,4,210.000,215.505,5.505,1
2,medium,2.0,40,DSDV,1001,n4,n3,4,270.000,278.969,8.969,1
2,medium,2.0,40,DSDV,1001,n3,n2,3,360.000,365.465,5.465,1
2,medium,2.0,40,DSDV,1001,n3,n2,3,420.000,430.056,10.056,1
2,medium,2.0,40,DSDV,1001,n3,n2,3,480.000,485.096,5.096,1
2,medium,2.0,40,DSDV,1001,n3,n2,3,540.000,548.325,8.325,1
2,medium,2.0,40,AODV,1001,n4,n3,4,90.000,99.029,9.029,1
2,medium,2.0,40,AODV,1001,n4,n3,4,150.000,155.178,5.178,1
2,medium,2.0,40,AODV,1001,n4,n3,4,210.000,215.505,5.505,1
2,medium,2.0,40,AODV,1001,n4,n3,4,270.000,278.969,8.969,1
2,medium,2.0,40,AODV,1001,n3,n2,3,360.000,365.465,5.465,1
2,medium,2.0,40,AODV,1001,n3,n2,3,420.000,430.056,10.056,1
2,medium,2.0,40,AODV,1001,n3,n2,3,480.000,485.096,5.096,1
2,medium,2.0,40,AODV,1001,n3,n2,3,540.000,548.325,8.325,1
2,medium,2.0,40,OLSR,1001,n4,n3,4,90.000,99.029,9.029,1
2,medium,2.0,40,OLSR,1001,n4,n3,4,150.000,155.178,5.178,1
2,medium,2.0,40,OLSR,1001,n4,n3,4,210.000,215.505,5.505,1
2,medium,2.0,40,OLSR,1001,n4,n3,4,270.000,278.969,8.969,1
2,medium,2.0,40,OLSR,1001,n3,n2,3,360.000,365.465,5.465,1
2,medium,2.0,40,OLSR,1001,n3,n2,3,420.000,430.056,10.056,1
2,medium,2.0,40,OLSR,1001,n3,n2,3,480.000,485.096,5.096,1
2,medium,2.0,40,OLSR,1001,n3,n2,3,540.000,548.325,8.325,1
2,medium,2.0,40,DSR,1001,n4,n3,4,90.000,99.029,9.029,1
2,medium,2.0,40,DSR,1001,n4,n3,4,150.000,155.178,5.178,1
2,medium,2.0,40,DSR,1001,n4,n3,4,210.000,215.505,5.505,1
2,medium,2.0,40,DSR,1001,n4,n3,4,270.000,278.969,8.969,1
2,medium,2.0,40,DSR,1001,n3,n2,3,360.000,365.465,5.465,1
2,medium,2.0,40,DSR,1001,n3,n2,3,420.000,430.056,10.056,1
2,medium,2.0,40,DSR,1001,n3,n2,3,480.000,485.096,5.096,1
2,medium,2.0,40,DSR,1001,n3,n2,3,540.000,548.325,8.325,1
2,medium,2.0,41,DSDV,1001,n4,n3,4,90.000,99.209,9.209,1
2,medium,2.0,41,DSDV,1001,n4,n3,4,150.000,157.422,7.422,1
2,medium,2.0,41,DSDV,1001,n3,n2,3,240.000,245.465,5.465,1
2,medium,2.0,41,AODV,1001,n4,n3,4,90.000,99.209,9.209,1
2,medium,2.0,41,AODV,1001,n4,n3,4,150.000,157.422,7.422,1
2,medium,2.0,41,AODV,1001,n3,n2,3,240.000,245.465,5.465,1
2,medium,2.0,41,OLSR,1001,n4,n3,4,90.000,99.209,9.209,1
2,medium,2.0,41,OLSR,1001,n4,n3,4,150.000,157.422,7.422,1
2,medium,2.0,41,OLSR,1001,n3,n2,3,240.000,245.465,5.465,1
2,medium,2.0,41,DSR,1001,n4,n3,4,90.000,99.209,9.209,1
2,medium,2.0,41,DSR,1001,n4,n3,4,150.000,157.422,7.422,1
2,medium,2.0,41,DSR,1001,n3,n2,3,240.000,245.465,5.465,1
2,medium,2.0,42,DSDV,1001,n3,n2,3,120.000,125.465,5.465,1
2,medium,2.0,42,AODV,1001,n3,n2,3,120.000,125.465,5.465,1
2,medium,2.0,42,OLSR,1001,n3,n2,3,120.000,125.465,5.465,1
2,medium,2.0,42,DSR,1001,n3,n2,3,120.000,125.465,5.465,1
2,medium,2.0,43,DSDV,1001,n4,n3,4,90.000,95.505,5.505,1
2,medium,2.0,43,DSDV,1001,n4,n3,4,150.000,158.969,8.969,1
2,medium,2.0,43,DSDV,1001,n4,n3,4,210.000,219.029,9.029,1
2,medium,2.0,43,DSDV,1001,n4,n3,4,270.000,275.178,5.178,1
2,medium,2.0,43,DSDV,1001,n4,n3,4,330.000,339.209,9.209,1
2,medium,2.0,43,DSDV,1001,n4,n3,4,390.000,397.422,7.422,1
2,medium,2.0,43,DSDV,1001,n4,n3,4,450.000,456.323,6.323,1
2,medium,2.0,43,DSDV,1001,n3,n2,3,540.000,549.675,9.675,1
2,medium,2.0,43,AODV,1001,n4,n3,4,90.000,95.505,5.505,1
2,medium,2.0,43,AODV,1001,n4,n3,4,150.000,158.969,8.969,1
2,medium,2.0,43,AODV,1001,n4,n3,4,210.000,219.029,9.029,1
2,medium,2.0,43,AODV,1001,n4,n3,4,270.000,275.178,5.178,1
2,medium,2.0,43,AODV,1001,n4,n3,4,330.000,339.209,9.209,1
2,medium,2.0,43,AODV,1001,n4,n3,4,390.000,397.422,7.422,1
2,medium,2.0,43,AODV,1001,n4,n3,4,450.000,456.323,6.323,1
2,medium,2.0,43,AODV,1001,n3,n2,3,540.000,549.675,9.675,1
2,medium,2.0,43,OLSR,1001,n4,n3,4,90.000,95.505,5.505,1
2,medium,2.0,43,OLSR,1001,n4,n3,4,150.000,158.969,8.969,1
2,medium,2.0,43,OLSR,1001,n4,n3,4,210.000,219.029,9.029,1
2,medium,2.0,43,OLSR,1001,n4,n3,4,270.000,275.178,5.178,1
2,medium,2.0,43,OLSR,1001,n4,n3,4,330.000,339.209,9.209,1
2,medium,2.0,43,OLSR,1001,n4,n3,4,390.000,397.422,7.422,1
2,medium,2.0,43,OLSR,1001,n4,n3,4,450.000,456.323,6.323,1
2,medium,2.0,43,OLSR,1001,n3,n2,3,540.000,549.675,9.675,1
2,medium,2.0,43,DSR,1001,n4,n3,4,90.000,95.505,5.505,1
2,medium,2.0,43,DSR,1001,n4,n3,4,150.000,158.969,8.969,1
2,medium,2.0,43,DSR,1001,n4,n3,4,210.000,219.029,9.029,1
2,medium,2.0,43,DSR,1001,n4,n3,4,270.000,275.178,5.178,1
2,medium,2.0,43,DSR,1001,n4,n3,4,330.000,339.209,9.209,1
2,medium,2.0,43,DSR,1001,n4,n3,4,390.000,397.422,7.422,1
2,medium,2.0,43,DSR,1001,n4,n3,4,450.000,456.323,6.323,1
2,medium,2.0,43,DSR,1001,n3,n2,3,540.000,549.675,9.675,1
2,medium,2.0,44,DSDV,1001,n3,n2,3,120.000,125.505,5.505,1
2,medium,2.0,44,DSDV,1001,n3,n2,3,180.000,185.178,5.178,1
2,medium,2.0,44,DSDV,1001,n3,n2,3,240.000,249.029,9.029,1
2,medium,2.0,44,DSDV,1001,n3,n2,3,300.000,307.422,7.422,1
2,medium,2.0,44,DSDV,1001,n3,n2,3,360.000,369.209,9.209,1
2,medium,2.0,44,AODV,1001,n3,n2,3,120.000,125.505,5.505,1
2,medium,2.0,44,AODV,1001,n3,n2,3,180.000,185.178,5.178,1
2,medium,2.0,44,AODV,1001,n3,n2,3,240.000,249.029,9.029,1
2,medium,2.0,44,AODV,1001,n3,n2,3,300.000,307.422,7.422,1
2,medium,2.0,44,AODV,1001,n3,n2,3,360.000,369.209,9.209,1
2,medium,2.0,44,OLSR,1001,n3,n2,3,120.000,125.505,5.505,1
2,medium,2.0,44,OLSR,1001,n3,n2,3,180.000,185.178,5.178,1
2,medium,2.0,44,OLSR,1001,n3,n2,3,240.000,249.029,9.029,1
2,medium,2.0,44,OLSR,1001,n3,n2,3,300.000,307.422,7.422,1
2,medium,2.0,44,OLSR,1001,n3,n2,3,360.000,369.209,9.209,1
2,medium,2.0,44,DSR,1001,n3,n2,3,120.000,125.505,5.505,1
2,medium,2.0,44,DSR,1001,n3,n2,3,180.000,185.178,5.178,1
2,medium,2.0,44,DSR,1001,n3,n2,3,240.000,249.029,9.029,1
2,medium,2.0,44,DSR,1001,n3,n2,3,300.000,307.422,7.422,1
2,medium,2.0,44,DSR,1001,n3,n2,3,360.000,369.209,9.209,1
2,medium,3.0,38,DSDV,1001,n4,n3,4,90.000,95.645,5.645,1
2,medium,3.0,38,DSDV,1001,n4,n3,4,150.000,155.378,5.378,1
2,medium,3.0,38,AODV,1001,n4,n3,4,90.000,95.645,5.645,1
2,medium,3.0,38,AODV,1001,n4,n3,4,150.000,155.378,5.378,1
2,medium,3.0,38,OLSR,1001,n4,n3,4,90.000,95.645,5.645,1
2,medium,3.0,38,OLSR,1001,n4,n3,4,150.000,155.378,5.378,1
2,medium,3.0,38,DSR,1001,n4,n3,4,90.000,95.645,5.645,1
2,medium,3.0,38,DSR,1001,n4,n3,4,150.000,155.378,5.378,1
2,medium,3.0,39,DSDV,1001,n4,n3,4,90.000,95.891,5.891,1
2,medium,3.0,39,DSDV,1001,n4,n3,4,150.000,157.182,7.182,1
2,medium,3.0,39,DSDV,1001,n4,n3,4,210.000,215.765,5.765,1
2,medium,3.0,39,DSDV,1001,n4,n3,4,270.000,279.437,9.437,1
2,medium,3.0,39,AODV,1001,n4,n3,4,90.000,95.891,5.891,1
2,medium,3.0,39,AODV,1001,n4,n3,4,150.000,157.182,7.182,1
2,medium,3.0,39,AODV,1001,n4,n3,4,210.000,215.765,5.765,1
2,medium,3.0,39,AODV,1001,n4,n3,4,270.000,279.437,9.437,1
2,medium,3.0,39,OLSR,1001,n4,n3,4,90.000,95.891,5.891,1
2,medium,3.0,39,OLSR,1001,n4,n3,4,150.000,157.182,7.182,1
2,medium,3.0,39,OLSR,1001,n4,n3,4,210.000,215.765,5.765,1
2,medium,3.0,39,OLSR,1001,n4,n3,4,270.000,279.437,9.437,1
2,medium,3.0,39,DSR,1001,n4,n3,4,90.000,95.891,5.891,1
2,medium,3.0,39,DSR,1001,n4,n3,4,150.000,157.182,7.182,1
2,medium,3.0,39,DSR,1001,n4,n3,4,210.000,215.765,5.765,1
2,medium,3.0,39,DSR,1001,n4,n3,4,270.000,279.437,9.437,1
2,medium,3.0,40,DSDV,1001,n4,n3,4,90.000,99.029,9.029,1
2,medium,3.0,40,DSDV,1001,n4,n3,4,150.000,155.178,5.178,1
2,medium,3.0,40,DSDV,1001,n4,n3,4,210.000,215.505,5.505,1
2,medium,3.0,40,DSDV,1001,n4,n3,4,270.000,278.969,8.969,1
2,medium,3.0,40,DSDV,1001,n3,n2,3,360.000,365.465,5.465,1
2,medium,3.0,40,DSDV,1001,n3,n2,3,420.000,430.056,10.056,1
2,medium,3.0,40,DSDV,1001,n3,n2,3,480.000,485.096,5.096,1
2,medium,3.0,40,DSDV,1001,n3,n2,3,540.000,548.325,8.325,1
2,medium,3.0,40,AODV,1001,n4,n3,4,90.000,99.029,9.029,1
2,medium,3.0,40,AODV,1001,n4,n3,4,150.000,155.178,5.178,1
2,medium,3.0,40,AODV,1001,n4,n3,4,210.000,215.505,5.505,1
2,medium,3.0,40,AODV,1001,n4,n3,4,270.000,278.969,8.969,1
2,medium,3.0,40,AODV,1001,n3,n2,3,360.000,365.465,5.465,1
2,medium,3.0,40,AODV,1001,n3,n2,3,420.000,430.056,10.056,1
2,medium,3.0,40,AODV,1001,n3,n2,3,480.000,485.096,5.096,1
2,medium,3.0,40,AODV,1001,n3,n2,3,540.000,548.325,8.325,1
2,medium,3.0,40,OLSR,1001,n4,n3,4,90.000,99.029,9.029,1
2,medium,3.0,40,OLSR,1001,n4,n3,4,150.000,155.178,5.178,1
2,medium,3.0,40,OLSR,1001,n4,n3,4,210.000,215.505,5.505,1
2,medium,3.0,40,OLSR,1001,n4,n3,4,270.000,278.969,8.969,1
2,medium,3.0,40,OLSR,1001,n3,n2,3,360.000,365.465,5.465,1
2,medium,3.0,40,OLSR,1001,n3,n2,3,420.000,430.056,10.056,1
2,medium,3.0,40,OLSR,1001,n3,n2,3,480.000,485.096,5.096,1
2,medium,3.0,40,OLSR,1001,n3,n2,3,540.000,548.325,8.325,1
2,medium,3.0,40,DSR,1001,n4,n3,4,90.000,99.029,9.029,1
2,medium,3.0,40,DSR,1001,n4,n3,4,150.000,155.178,5.178,1
2,medium,3.0,40,DSR,1001,n4,n3,4,210.000,215.505,5.505,1
2,medium,3.0,40,DSR,1001,n4,n3,4,270.000,278.969,8.969,1
2,medium,3.0,40,DSR,1001,n3,n2,3,360.000,365.465,5.465,1
2,medium,3.0,40,DSR,1001,n3,n2,3,420.000,430.056,10.056,1
2,medium,3.0,40,DSR,1001,n3,n2,3,480.000,485.096,5.096,1
2,medium,3.0,40,DSR,1001,n3,n2,3,540.000,548.325,8.325,1
2,medium,3.0,41,DSDV,1001,n4,n3,4,90.000,99.209,9.209,1
2,medium,3.0,41,DSDV,1001,n4,n3,4,150.000,157.422,7.422,1
2,medium,3.0,41,DSDV,1001,n3,n2,3,240.000,245.465,5.465,1
2,medium,3.0,41,AODV,1001,n4,n3,4,90.000,99.209,9.209,1
2,medium,3.0,41,AODV,1001,n4,n3,4,150.000,157.422,7.422,1
2,medium,3.0,41,AODV,1001,n3,n2,3,240.000,245.465,5.465,1
2,medium,3.0,41,OLSR,1001,n4,n3,4,90.000,99.209,9.209,1
2,medium,3.0,41,OLSR,1001,n4,n3,4,150.000,157.422,7.422,1
2,medium,3.0,41,OLSR,1001,n3,n2,3,240.000,245.465,5.465,1
2,medium,3.0,41,DSR,1001,n4,n3,4,90.000,99.209,9.209,1
2,medium,3.0,41,DSR,1001,n4,n3,4,150.000,157.422,7.422,1
2,medium,3.0,41,DSR,1001,n3,n2,3,240.000,245.465,5.465,1
2,medium,3.0,42,DSDV,1001,n3,n2,3,120.000,125.465,5.465,1
2,medium,3.0,42,AODV,1001,n3,n2,3,120.000,125.465,5.465,1
2,medium,3.0,42,OLSR,1001,n3,n2,3,120.000,125.465,5.465,1
2,medium,3.0,42,DSR,1001,n3,n2,3,120.000,125.465,5.465,1
2,medium,3.0,43,DSDV,1001,n4,n3,4,90.000,95.505,5.505,1
2,medium,3.0,43,DSDV,1001,n4,n3,4,150.000,158.969,8.969,1
2,medium,3.0,43,DSDV,1001,n4,n3,4,210.000,219.029,9.029,1
2,medium,3.0,43,DSDV,1001,n4,n3,4,270.000,275.178,5.178,1
2,medium,3.0,43,DSDV,1001,n4,n3,4,330.000,339.209,9.209,1
2,medium,3.0,43,DSDV,1001,n4,n3,4,390.000,397.422,7.422,1
2,medium,3.0,43,DSDV,1001,n4,n3,4,450.000,456.323,6.323,1
2,medium,3.0,43,DSDV,1001,n3,n2,3,540.000,549.675,9.675,1
2,medium,3.0,43,AODV,1001,n4,n3,4,90.000,95.505,5.505,1
2,medium,3.0,43,AODV,1001,n4,n3,4,150.000,158.969,8.969,1
2,medium,3.0,43,AODV,1001,n4,n3,4,210.000,219.029,9.029,1
2,medium,3.0,43,AODV,1001,n4,n3,4,270.000,275.178,5.178,1
2,medium,3.0,43,AODV,1001,n4,n3,4,330.000,339.209,9.209,1
2,medium,3.0,43,AODV,1001,n4,n3,4,390.000,397.422,7.422,1
2,medium,3.0,43,AODV,1001,n4,n3,4,450.000,456.323,6.323,1
2,medium,3.0,43,AODV,1001,n3,n2,3,540.000,549.675,9.675,1
2,medium,3.0,43,OLSR,1001,n4,n3,4,90.000,95.505,5.505,1
2,medium,3.0,43,OLSR,1001,n4,n3,4,150.000,158.969,8.969,1
2,medium,3.0,43,OLSR,1001,n4,n3,4,210.000,219.029,9.029,1
2,medium,3.0,43,OLSR,1001,n4,n3,4,270.000,275.178,5.178,1
2,medium,3.0,43,OLSR,1001,n4,n3,4,330.000,339.209,9.209,1
2,medium,3.0,43,OLSR,1001,n4,n3,4,390.000,397.422,7.422,1
2,medium,3.0,43,OLSR,1001,n4,n3,4,450.000,456.323,6.323,1
2,medium,3.0,43,OLSR,1001,n3,n2,3,540.000,549.675,9.675,1
2,medium,3.0,43,DSR,1001,n4,n3,4,90.000,95.505,5.505,1
2,medium,3.0,43,DSR,1001,n4,n3,4,150.000,158.969,8.969,1
2,medium,3.0,43,DSR,1001,n4,n3,4,210.000,219.029,9.029,1
2,medium,3.0,43,DSR,1001,n4,n3,4,270.000,275.178,5.178,1
2,medium,3.0,43,DSR,1001,n4,n3,4,330.000,339.209,9.209,1
2,medium,3.0,43,DSR,1001,n4,n3,4,390.000,397.422,7.422,1
2,medium,3.0,43,DSR,1001,n4,n3,4,450.000,456.323,6.323,1
2,medium,3.0,43,DSR,1001,n3,n2,3,540.000,549.675,9.675,1
2,medium,3.0,44,DSDV,1001,n3,n2,3,120.000,125.505,5.505,1
2,medium,3.0,44,DSDV,1001,n3,n2,3,180.000,185.178,5.178,1
2,medium,3.0,44,DSDV,1001,n3,n2,3,240.000,249.029,9.029,1
2,medium,3.0,44,DSDV,1001,n3,n2,3,300.000,307.422,7.422,1
2,medium,3.0,44,DSDV,1001,n3,n2,3,360.000,369.209,9.209,1
2,medium,3.0,44,AODV,1001,n3,n2,3,120.000,125.505,5.505,1
2,medium,3.0,44,AODV,1001,n3,n2,3,180.000,185.178,5.178,1
2,medium,3.0,44,AODV,1001,n3,n2,3,240.000,249.029,9.029,1
2,medium,3.0,44,AODV,1001,n3,n2,3,300.000,307.422,7.422,1
2,medium,3.0,44,AODV,1001,n3,n2,3,360.000,369.209,9.209,1
2,medium,3.0,44,OLSR,1001,n3,n2,3,120.000,125.505,5.505,1
2,medium,3.0,44,OLSR,1001,n3,n2,3,180.000,185.178,5.178,1
2,medium,3.0,44,OLSR,1001,n3,n2,3,240.000,249.029,9.029,1
2,medium,3.0,44,OLSR,1001,n3,n2,3,300.000,307.422,7.422,1
2,medium,3.0,44,OLSR,1001,n3,n2,3,360.000,369.209,9.209,1
2,medium,3.0,44,DSR,1001,n3,n2,3,120.000,125.505,5.505,1
2,medium,3.0,44,DSR,1001,n3,n2,3,180.000,185.178,5.178,1
2,medium,3.0,44,DSR,1001,n3,n2,3,240.000,249.029,9.029,1
2,medium,3.0,44,DSR,1001,n3,n2,3,300.000,307.422,7.422,1
2,medium,3.0,44,DSR,1001,n3,n2,3,360.000,369.209,9.209,1
2,medium,4.0,38,DSDV,1001,n4,n3,4,90.000,95.645,5.645,1
2,medium,4.0,38,DSDV,1001,n4,n3,4,150.000,155.378,5.378,1
2,medium,4.0,38,AODV,1001,n4,n3,4,90.000,95.645,5.645,1
2,medium,4.0,38,AODV,1001,n4,n3,4,150.000,155.378,5.378,1
2,medium,4.0,38,OLSR,1001,n4,n3,4,90.000,95.645,5.645,1
2,medium,4.0,38,OLSR,1001,n4,n3,4,150.000,155.378,5.378,1
2,medium,4.0,38,DSR,1001,n4,n3,4,90.000,95.645,5.645,1
2,medium,4.0,38,DSR,1001,n4,n3,4,150.000,155.378,5.378,1
2,medium,4.0,39,DSDV,1001,n4,n3,4,90.000,95.891,5.891,1
2,medium,4.0,39,DSDV,1001,n4,n3,4,150.000,157.182,7.182,1
2,medium,4.0,39,DSDV,1001,n4,n3,4,210.000,215.765,5.765,1
2,medium,4.0,39,DSDV,1001,n4,n3,4,270.000,279.437,9.437,1
2,medium,4.0,39,AODV,1001,n4,n3,4,90.000,95.891,5.891,1
2,medium,4.0,39,AODV,1001,n4,n3,4,150.000,157.182,7.182,1
2,medium,4.0,39,AODV,1001,n4,n3,4,210.000,215.765,5.765,1
2,medium,4.0,39,AODV,1001,n4,n3,4,270.000,279.437,9.437,1
2,medium,4.0,39,OLSR,1001,n4,n3,4,90.000,95.891,5.891,1
2,medium,4.0,39,OLSR,1001,n4,n3,4,150.000,157.182,7.182,1
2,medium,4.0,39,OLSR,1001,n4,n3,4,210.000,215.765,5.765,1
2,medium,4.0,39,OLSR,1001,n4,n3,4,270.000,279.437,9.437,1
2,medium,4.0,39,DSR,1001,n4,n3,4,90.000,95.891,5.891,1
2,medium,4.0,39,DSR,1001,n4,n3,4,150.000,157.182,7.182,1
2,medium,4.0,39,DSR,1001,n4,n3,4,210.000,215.765,5.765,1
2,medium,4.0,39,DSR,1001,n4,n3,4,270.000,279.437,9.437,1
2,medium,4.0,40,DSDV,1001,n4,n3,4,90.000,99.029,9.029,1
2,medium,4.0,40,DSDV,1001,n4,n3,4,150.000,155.178,5.178,1
2,medium,4.0,40,DSDV,1001,n4,n3,4,210.000,215.505,5.505,1
2,medium,4.0,40,DSDV,1001,n4,n3,4,270.000,278.969,8.969,1
2,medium,4.0,40,DSDV,1001,n3,n2,3,360.000,365.465,5.465,1
2,medium,4.0,40,DSDV,1001,n3,n2,3,420.000,430.056,10.056,1
2,medium,4.0,40,DSDV,1001,n3,n2,3,480.000,485.096,5.096,1
2,medium,4.0,40,DSDV,1001,n3,n2,3,540.000,548.325,8.325,1
2,medium,4.0,40,AODV,1001,n4,n3,4,90.000,99.029,9.029,1
2,medium,4.0,40,AODV,1001,n4,n3,4,150.000,155.178,5.178,1
2,medium,4.0,40,AODV,1001,n4,n3,4,210.000,215.505,5.505,1
2,medium,4.0,40,AODV,1001,n4,n3,4,270.000,278.969,8.969,1
2,medium,4.0,40,AODV,1001,n3,n2,3,360.000,365.465,5.465,1
2,medium,4.0,40,AODV,1001,n3,n2,3,420.000,430.056,10.056,1
2,medium,4.0,40,AODV,1001,n3,n2,3,480.000,485.096,5.096,1
2,medium,4.0,40,AODV,1001,n3,n2,3,540.000,548.325,8.325,1
2,medium,4.0,40,OLSR,1001,n4,n3,4,90.000,99.029,9.029,1
2,medium,4.0,40,OLSR,1001,n4,n3,4,150.000,155.178,5.178,1
2,medium,4.0,40,OLSR,1001,n4,n3,4,210.000,215.505,5.505,1
2,medium,4.0,40,OLSR,1001,n4,n3,4,270.000,278.969,8.969,1
2,medium,4.0,40,OLSR,1001,n3,n2,3,360.000,365.465,5.465,1
2,medium,4.0,40,OLSR,1001,n3,n2,3,420.000,430.056,10.056,1
2,medium,4.0,40,OLSR,1001,n3,n2,3,480.000,485.096,5.096,1
2,medium,4.0,40,OLSR,1001,n3,n2,3,540.000,548.325,8.325,1
2,medium,4.0,40,DSR,1001,n4,n3,4,90.000,99.029,9.029,1
2,medium,4.0,40,DSR,1001,n4,n3,4,150.000,155.178,5.178,1
2,medium,4.0,40,DSR,1001,n4,n3,4,210.000,215.505,5.505,1
2,medium,4.0,40,DSR,1001,n4,n3,4,270.000,278.969,8.969,1
2,medium,4.0,40,DSR,1001,n3,n2,3,360.000,365.465,5.465,1
2,medium,4.0,40,DSR,1001,n3,n2,3,420.000,430.056,10.056,1
2,medium,4.0,40,DSR,1001,n3,n2,3,480.000,485.096,5.096,1
2,medium,4.0,40,DSR,1001,n3,n2,3,540.000,548.325,8.325,1
2,medium,4.0,41,DSDV,1001,n4,n3,4,90.000,99.209,9.209,1
2,medium,4.0,41,DSDV,1001,n4,n3,4,150.000,157.422,7.422,1
2,medium,4.0,41,DSDV,1001,n3,n2,3,240.000,245.465,5.465,1
2,medium,4.0,41,AODV,1001,n4,n3,4,90.000,99.209,9.209,1
2,medium,4.0,41,AODV,1001,n4,n3,4,150.000,157.422,7.422,1
2,medium,4.0,41,AODV,1001,n3,n2,3,240.000,245.465,5.465,1
2,medium,4.0,41,OLSR,1001,n4,n3,4,90.000,99.209,9.209,1
2,medium,4.0,41,OLSR,1001,n4,n3,4,150.000,157.422,7.422,1
2,medium,4.0,41,OLSR,1001,n3,n2,3,240.000,245.465,5.465,1
2,medium,4.0,41,DSR,1001,n4,n3,4,90.000,99.209,9.209,1
2,medium,4.0,41,DSR,1001,n4,n3,4,150.000,157.422,7.422,1
2,medium,4.0,41,DSR,1001,n3,n2,3,240.000,245.465,5.465,1
2,medium,4.0,42,DSDV,1001,n3,n2,3,120.000,125.465,5.465,1
2,medium,4.0,42,AODV,1001,n3,n2,3,120.000,125.465,5.465,1
2,medium,4.0,42,OLSR,1001,n3,n2,3,120.000,125.465,5.465,1
2,medium,4.0,42,DSR,1001,n3,n2,3,120.000,125.465,5.465,1
2,medium,4.0,43,DSDV,1001,n4,n3,4,90.000,95.505,5.505,1
2,medium,4.0,43,DSDV,1001,n4,n3,4,150.000,158.969,8.969,1
2,medium,4.0,43,DSDV,1001,n4,n3,4,210.000,219.029,9.029,1
2,medium,4.0,43,DSDV,1001,n4,n3,4,270.000,275.178,5.178,1
2,medium,4.0,43,DSDV,1001,n4,n3,4,330.000,339.209,9.209,1
2,medium,4.0,43,DSDV,1001,n4,n3,4,390.000,397.422,7.422,1
2,medium,4.0,43,DSDV,1001,n4,n3,4,450.000,456.323,6.323,1
2,medium,4.0,43,DSDV,1001,n3,n2,3,540.000,549.675,9.675,1
2,medium,4.0,43,AODV,1001,n4,n3,4,90.000,95.505,5.505,1
2,medium,4.0,43,AODV,1001,n4,n3,4,150.000,158.969,8.969,1
2,medium,4.0,43,AODV,1001,n4,n3,4,210.000,219.029,9.029,1
2,medium,4.0,43,AODV,1001,n4,n3,4,270.000,275.178,5.178,1
2,medium,4.0,43,AODV,1001,n4,n3,4,330.000,339.209,9.209,1
2,medium,4.0,43,AODV,1001,n4,n3,4,390.000,397.422,7.422,1
2,medium,4.0,43,AODV,1001,n4,n3,4,450.000,456.323,6.323,1
2,medium,4.0,43,AODV,1001,n3,n2,3,540.000,549.675,9.675,1
2,medium,4.0,43,OLSR,1001,n4,n3,4,90.000,95.505,5.505,1
2,medium,4.0,43,OLSR,1001,n4,n3,4,150.000,158.969,8.969,1
2,medium,4.0,43,OLSR,1001,n4,n3,4,210.000,219.029,9.029,1
2,medium,4.0,43,OLSR,1001,n4,n3,4,270.000,275.178,5.178,1
2,medium,4.0,43,OLSR,1001,n4,n3,4,330.000,339.209,9.209,1
2,medium,4.0,43,OLSR,1001,n4,n3,4,390.000,397.422,7.422,1
2,medium,4.0,43,OLSR,1001,n4,n3,4,450.000,456.323,6.323,1
2,medium,4.0,43,OLSR,1001,n3,n2,3,540.000,549.675,9.675,1
2,medium,4.0,43,DSR,1001,n4,n3,4,90.000,95.505,5.505,1
2,medium,4.0,43,DSR,1001,n4,n3,4,150.000,158.969,8.969,1
2,medium,4.0,43,DSR,1001,n4,n3,4,210.000,219.029,9.029,1
2,medium,4.0,43,DSR,1001,n4,n3,4,270.000,275.178,5.178,1
2,medium,4.0,43,DSR,1001,n4,n3,4,330.000,339.209,9.209,1
2,medium,4.0,43,DSR,1001,n4,n3,4,390.000,397.422,7.422,1
2,medium,4.0,43,DSR,1001,n4,n3,4,450.000,456.323,6.323,1
2,medium,4.0,43,DSR,1001,n3,n2,3,540.000,549.675,9.675,1
2,medium,4.0,44,DSDV,1001,n3,n2,3,120.000,125.505,5.505,1
2,medium,4.0,44,DSDV,1001,n3,n2,3,180.000,185.178,5.178,1
2,medium,4.0,44,DSDV,1001,n3,n2,3,240.000,249.029,9.029,1
2,medium,4.0,44,DSDV,1001,n3,n2,3,300.000,307.422,7.422,1
2,medium,4.0,44,DSDV,1001,n3,n2,3,360.000,369.209,9.209,1
2,medium,4.0,44,AODV,1001,n3,n2,3,120.000,125.505,5.505,1
2,medium,4.0,44,AODV,1001,n3,n2,3,180.000,185.178,5.178,1
2,medium,4.0,44,AODV,1001,n3,n2,3,240.000,249.029,9.029,1
2,medium,4.0,44,AODV,1001,n3,n2,3,300.000,307.422,7.422,1
2,medium,4.0,44,AODV,1001,n3,n2,3,360.000,369.209,9.209,1
2,medium,4.0,44,OLSR,1001,n3,n2,3,120.000,125.505,5.505,1
2,medium,4.0,44,OLSR,1001,n3,n2,3,180.000,185.178,5.178,1
2,medium,4.0,44,OLSR,1001,n3,n2,3,240.000,249.029,9.029,1
2,medium,4.0,44,OLSR,1001,n3,n2,3,300.000,307.422,7.422,1
2,medium,4.0,44,OLSR,1001,n3,n2,3,360.000,369.209,9.209,1
2,medium,4.0,44,DSR,1001,n3,n2,3,120.000,125.505,5.505,1
2,medium,4.0,44,DSR,1001,n3,n2,3,180.000,185.178,5.178,1
2,medium,4.0,44,DSR,1001,n3,n2,3,240.000,249.029,9.029,1
2,medium,4.0,44,DSR,1001,n3,n2,3,300.000,307.422,7.422,1
2,medium,4.0,44,DSR,1001,n3,n2,3,360.000,369.209,9.209,1
2,medium,5.0,38,DSDV,1001,n4,n3,4,90.000,95.645,5.645,1
2,medium,5.0,38,DSDV,1001,n4,n3,4,150.000,155.378,5.378,1
2,medium,5.0,38,AODV,1001,n4,n3,4,90.000,95.645,5.645,1
2,medium,5.0,38,AODV,1001,n4,n3,4,150.000,155.378,5.378,1
2,medium,5.0,38,OLSR,1001,n4,n3,4,90.000,95.645,5.645,1
2,medium,5.0,38,OLSR,1001,n4,n3,4,150.000,155.378,5.378,1
2,medium,5.0,38,DSR,1001,n4,n3,4,90.000,95.645,5.645,1
2,medium,5.0,38,DSR,1001,n4,n3,4,150.000,155.378,5.378,1
2,medium,5.0,39,DSDV,1001,n4,n3,4,90.000,95.891,5.891,1
2,medium,5.0,39,DSDV,1001,n4,n3,4,150.000,157.182,7.182,1
2,medium,5.0,39,DSDV,1001,n4,n3,4,210.000,215.765,5.765,1
2,medium,5.0,39,DSDV,1001,n4,n3,4,270.000,279.437,9.437,1
2,medium,5.0,39,AODV,1001,n4,n3,4,90.000,95.891,5.891,1
2,medium,5.0,39,AODV,1001,n4,n3,4,150.000,157.182,7.182,1
2,medium,5.0,39,AODV,1001,n4,n3,4,210.000,215.765,5.765,1
2,medium,5.0,39,AODV,1001,n4,n3,4,270.000,279.437,9.437,1
2,medium,5.0,39,OLSR,1001,n4,n3,4,90.000,95.891,5.891,1
2,medium,5.0,39,OLSR,1001,n4,n3,4,150.000,157.182,7.182,1
2,medium,5.0,39,OLSR,1001,n4,n3,4,210.000,215.765,5.765,1
2,medium,5.0,39,OLSR,1001,n4,n3,4,270.000,279.437,9.437,1
2,medium,5.0,39,DSR,1001,n4,n3,4,90.000,95.891,5.891,1
2,medium,5.0,39,DSR,1001,n4,n3,4,150.000,157.182,7.182,1
2,medium,5.0,39,DSR,1001,n4,n3,4,210.000,215.765,5.765,1
2,medium,5.0,39,DSR,1001,n4,n3,4,270.000,279.437,9.437,1
2,medium,5.0,40,DSDV,1001,n4,n3,4,90.000,99.029,9.029,1
2,medium,5.0,40,DSDV,1001,n4,n3,4,150.000,155.178,5.178,1
2,medium,5.0,40,DSDV,1001,n4,n3,4,210.000,215.505,5.505,1
2,medium,5.0,40,DSDV,1001,n4,n3,4,270.000,278.969,8.969,1
2,medium,5.0,40,DSDV,1001,n3,n2,3,360.000,365.465,5.465,1
2,medium,5.0,40,DSDV,1001,n3,n2,3,420.000,430.056,10.056,1
2,medium,5.0,40,DSDV,1001,n3,n2,3,480.000,485.096,5.096,1
2,medium,5.0,40,DSDV,1001,n3,n2,3,540.000,548.325,8.325,1
2,medium,5.0,40,AODV,1001,n4,n3,4,90.000,99.029,9.029,1
2,medium,5.0,40,AODV,1001,n4,n3,4,150.000,155.178,5.178,1
2,medium,5.0,40,AODV,1001,n4,n3,4,210.000,215.505,5.505,1
2,medium,5.0,40,AODV,1001,n4,n3,4,270.000,278.969,8.969,1
2,medium,5.0,40,AODV,1001,n3,n2,3,360.000,365.465,5.465,1
2,medium,5.0,40,AODV,1001,n3,n2,3,420.000,430.056,10.056,1
2,medium,5.0,40,AODV,1001,n3,n2,3,480.000,485.096,5.096,1
2,medium,5.0,40,AODV,1001,n3,n2,3,540.000,548.325,8.325,1
2,medium,5.0,40,OLSR,1001,n4,n3,4,90.000,99.029,9.029,1
2,medium,5.0,40,OLSR,1001,n4,n3,4,150.000,155.178,5.178,1
2,medium,5.0,40,OLSR,1001,n4,n3,4,210.000,215.505,5.505,1
2,medium,5.0,40,OLSR,1001,n4,n3,4,270.000,278.969,8.969,1
2,medium,5.0,40,OLSR,1001,n3,n2,3,360.000,365.465,5.465,1
2,medium,5.0,40,OLSR,1001,n3,n2,3,420.000,430.056,10.056,1
2,medium,5.0,40,OLSR,1001,n3,n2,3,480.000,485.096,5.096,1
2,medium,5.0,40,OLSR,1001,n3,n2,3,540.000,548.325,8.325,1
2,medium,5.0,40,DSR,1001,n4,n3,4,90.000,99.029,9.029,1
2,medium,5.0,40,DSR,1001,n4,n3,4,150.000,155.178,5.178,1
2,medium,5.0,40,DSR,1001,n4,n3,4,210.000,215.505,5.505,1
2,medium,5.0,40,DSR,1001,n4,n3,4,270.000,278.969,8.969,1
2,medium,5.0,40,DSR,1001,n3,n2,3,360.000,365.465,5.465,1
2,medium,5.0,40,DSR,1001,n3,n2,3,420.000,430.056,10.056,1
2,medium,5.0,40,DSR,1001,n3,n2,3,480.000,485.096,5.096,1
2,medium,5.0,40,DSR,1001,n3,n2,3,540.000,548.325,8.325,1
2,medium,5.0,41,DSDV,1001,n4,n3,4,90.000,99.209,9.209,1
2,medium,5.0,41,DSDV,1001,n4,n3,4,150.000,157.422,7.422,1
2,medium,5.0,41,DSDV,1001,n3,n2,3,240.000,245.465,5.465,1
2,medium,5.0,41,AODV,1001,n4,n3,4,90.000,99.209,9.209,1
2,medium,5.0,41,AODV,1001,n4,n3,4,150.000,157.422,7.422,1
2,medium,5.0,41,AODV,1001,n3,n2,3,240.000,245.465,5.465,1
2,medium,5.0,41,OLSR,1001,n4,n3,4,90.000,99.209,9.209,1
2,medium,5.0,41,OLSR,1001,n4,n3,4,150.000,157.422,7.422,1
2,medium,5.0,41,OLSR,1001,n3,n2,3,240.000,245.465,5.465,1
2,medium,5.0,41,DSR,1001,n4,n3,4,90.000,99.209,9.209,1
2,medium,5.0,41,DSR,1001,n4,n3,4,150.000,157.422,7.422,1
2,medium,5.0,41,DSR,1001,n3,n2,3,240.000,245.465,5.465,1
2,medium,5.0,42,DSDV,1001,n3,n2,3,120.000,125.465,5.465,1
2,medium,5.0,42,AODV,1001,n3,n2,3,120.000,125.465,5.465,1
2,medium,5.0,42,OLSR,1001,n3,n2,3,120.000,125.465,5.465,1
2,medium,5.0,42,DSR,1001,n3,n2,3,120.000,125.465,5.465,1
2,medium,5.0,43,DSDV,1001,n4,n3,4,90.000,95.505,5.505,1
2,medium,5.0,43,DSDV,1001,n4,n3,4,150.000,158.969,8.969,1
2,medium,5.0,43,DSDV,1001,n4,n3,4,210.000,219.029,9.029,1
2,medium,5.0,43,DSDV,1001,n4,n3,4,270.000,275.178,5.178,1
2,medium,5.0,43,DSDV,1001,n4,n3,4,330.000,339.209,9.209,1
2,medium,5.0,43,DSDV,1001,n4,n3,4,390.000,397.422,7.422,1
2,medium,5.0,43,DSDV,1001,n4,n3,4,450.000,456.323,6.323,1
2,medium,5.0,43,DSDV,1001,n3,n2,3,540.000,549.675,9.675,1
2,medium,5.0,43,AODV,1001,n4,n3,4,90.000,95.505,5.505,1
2,medium,5.0,43,AODV,1001,n4,n3,4,150.000,158.969,8.969,1
2,medium,5.0,43,AODV,1001,n4,n3,4,210.000,219.029,9.029,1
2,medium,5.0,43,AODV,1001,n4,n3,4,270.000,275.178,5.178,1
2,medium,5.0,43,AODV,1001,n4,n3,4,330.000,339.209,9.209,1
2,medium,5.0,43,AODV,1001,n4,n3,4,390.000,397.422,7.422,1
2,medium,5.0,43,AODV,1001,n4,n3,4,450.000,456.323,6.323,1
2,medium,5.0,43,AODV,1001,n3,n2,3,540.000,549.675,9.675,1
2,medium,5.0,43,OLSR,1001,n4,n3,4,90.000,95.505,5.505,1
2,medium,5.0,43,OLSR,1001,n4,n3,4,150.000,158.969,8.969,1
2,medium,5.0,43,OLSR,1001,n4,n3,4,210.000,219.029,9.029,1
2,medium,5.0,43,OLSR,1001,n4,n3,4,270.000,275.178,5.178,1
2,medium,5.0,43,OLSR,1001,n4,n3,4,330.000,339.209,9.209,1
2,medium,5.0,43,OLSR,1001,n4,n3,4,390.000,397.422,7.422,1
2,medium,5.0,43,OLSR,1001,n4,n3,4,450.000,456.323,6.323,1
2,medium,5.0,43,OLSR,1001,n3,n2,3,540.000,549.675,9.675,1
2,medium,5.0,43,DSR,1001,n4,n3,4,90.000,95.505,5.505,1
2,medium,5.0,43,DSR,1001,n4,n3,4,150.000,158.969,8.969,1
2,medium,5.0,43,DSR,1001,n4,n3,4,210.000,219.029,9.029,1
2,medium,5.0,43,DSR,1001,n4,n3,4,270.000,275.178,5.178,1
2,medium,5.0,43,DSR,1001,n4,n3,4,330.000,339.209,9.209,1
2,medium,5.0,43,DSR,1001,n4,n3,4,390.000,397.422,7.422,1
2,medium,5.0,43,DSR,1001,n4,n3,4,450.000,456.323,6.323,1
2,medium,5.0,43,DSR,1001,n3,n2,3,540.000,549.675,9.675,1
2,medium,5.0,44,DSDV,1001,n3,n2,3,120.000,125.505,5.505,1
2,medium,5.0,44,DSDV,1001,n3,n2,3,180.000,185.178,5.178,1
2,medium,5.0,44,DSDV,1001,n3,n2,3,240.000,249.029,9.029,1
2,medium,5.0,44,DSDV,1001,n3,n2,3,300.000,307.422,7.422,1
2,medium,5.0,44,DSDV,1001,n3,n2,3,360.000,369.209,9.209,1
2,medium,5.0,44,AODV,1001,n3,n2,3,120.000,125.505,5.505,1
2,medium,5.0,44,AODV,1001,n3,n2,3,180.000,185.178,5.178,1
2,medium,5.0,44,AODV,1001,n3,n2,3,240.000,249.029,9.029,1
2,medium,5.0,44,AODV,1001,n3,n2,3,300.000,307.422,7.422,1
2,medium,5.0,44,AODV,1001,n3,n2,3,360.000,369.209,9.209,1
2,medium,5.0,44,OLSR,1001,n3,n2,3,120.000,125.505,5.505,1
2,medium,5.0,44,OLSR,1001,n3,n2,3,180.000,185.178,5.178,1
2,medium,5.0,44,OLSR,1001,n3,n2,3,240.000,249.029,9.029,1
2,medium,5.0,44,OLSR,1001,n3,n2,3,300.000,307.422,7.422,1
2,medium,5.0,44,OLSR,1001,n3,n2,3,360.000,369.209,9.209,1
2,medium,5.0,44,DSR,1001,n3,n2,3,120.000,125.505,5.505,1
2,medium,5.0,44,DSR,1001,n3,n2,3,180.000,185.178,5.178,1
2,medium,5.0,44,DSR,1001,n3,n2,3,240.000,249.029,9.029,1
2,medium,5.0,44,DSR,1001,n3,n2,3,300.000,307.422,7.422,1
2,medium,5.0,44,DSR,1001,n3,n2,3,360.000,369.209,9.209,1
2,medium,6.0,38,DSDV,1001,n4,n3,4,90.000,95.645,5.645,1
2,medium,6.0,38,DSDV,1001,n4,n3,4,150.000,155.378,5.378,1
2,medium,6.0,38,AODV,1001,n4,n3,4,90.000,95.645,5.645,1
2,medium,6.0,38,AODV,1001,n4,n3,4,150.000,155.378,5.378,1
2,medium,6.0,38,OLSR,1001,n4,n3,4,90.000,95.645,5.645,1
2,medium,6.0,38,OLSR,1001,n4,n3,4,150.000,155.378,5.378,1
2,medium,6.0,38,DSR,1001,n4,n3,4,90.000,95.645,5.645,1
2,medium,6.0,38,DSR,1001,n4,n3,4,150.000,155.378,5.378,1
2,medium,6.0,39,DSDV,1001,n4,n3,4,90.000,95.891,5.891,1
2,medium,6.0,39,DSDV,1001,n4,n3,4,150.000,157.182,7.182,1
2,medium,6.0,39,DSDV,1001,n4,n3,4,210.000,215.765,5.765,1
2,medium,6.0,39,DSDV,1001,n4,n3,4,270.000,279.437,9.437,1
2,medium,6.0,39,AODV,1001,n4,n3,4,90.000,95.891,5.891,1
2,medium,6.0,39,AODV,1001,n4,n3,4,150.000,157.182,7.182,1
2,medium,6.0,39,AODV,1001,n4,n3,4,210.000,215.765,5.765,1
2,medium,6.0,39,AODV,1001,n4,n3,4,270.000,279.437,9.437,1
2,medium,6.0,39,OLSR,1001,n4,n3,4,90.000,95.891,5.891,1
2,medium,6.0,39,OLSR,1001,n4,n3,4,150.000,157.182,7.182,1
2,medium,6.0,39,OLSR,1001,n4,n3,4,210.000,215.765,5.765,1
2,medium,6.0,39,OLSR,1001,n4,n3,4,270.000,279.437,9.437,1
2,medium,6.0,39,DSR,1001,n4,n3,4,90.000,95.891,5.891,1
2,medium,6.0,39,DSR,1001,n4,n3,4,150.000,157.182,7.182,1
2,medium,6.0,39,DSR,1001,n4,n3,4,210.000,215.765,5.765,1
2,medium,6.0,39,DSR,1001,n4,n3,4,270.000,279.437,9.437,1
2,medium,6.0,40,DSDV,1001,n4,n3,4,90.000,99.029,9.029,1
2,medium,6.0,40,DSDV,1001,n4,n3,4,150.000,155.178,5.178,1
2,medium,6.0,40,DSDV,1001,n4,n3,4,210.000,215.505,5.505,1
2,medium,6.0,40,DSDV,1001,n4,n3,4,270.000,278.969,8.969,1
2,medium,6.0,40,DSDV,1001,n3,n2,3,360.000,365.465,5.465,1
2,medium,6.0,40,DSDV,1001,n3,n2,3,420.000,430.056,10.056,1
2,medium,6.0,40,DSDV,1001,n3,n2,3,480.000,485.096,5.096,1
2,medium,6.0,40,DSDV,1001,n3,n2,3,540.000,548.325,8.325,1
2,medium,6.0,40,AODV,1001,n4,n3,4,90.000,99.029,9.029,1
2,medium,6.0,40,AODV,1001,n4,n3,4,150.000,155.178,5.178,1
2,medium,6.0,40,AODV,1001,n4,n3,4,210.000,215.505,5.505,1
2,medium,6.0,40,AODV,1001,n4,n3,4,270.000,278.969,8.969,1
2,medium,6.0,40,AODV,1001,n3,n2,3,360.000,365.465,5.465,1
2,medium,6.0,40,AODV,1001,n3,n2,3,420.000,430.056,10.056,1
2,medium,6.0,40,AODV,1001,n3,n2,3,480.000,485.096,5.096,1
2,medium,6.0,40,AODV,1001,n3,n2,3,540.000,548.325,8.325,1
2,medium,6.0,40,OLSR,1001,n4,n3,4,90.000,99.029,9.029,1
2,medium,6.0,40,OLSR,1001,n4,n3,4,150.000,155.178,5.178,1
2,medium,6.0,40,OLSR,1001,n4,n3,4,210.000,215.505,5.505,1
2,medium,6.0,40,OLSR,1001,n4,n3,4,270.000,278.969,8.969,1
2,medium,6.0,40,OLSR,1001,n3,n2,3,360.000,365.465,5.465,1
2,medium,6.0,40,OLSR,1001,n3,n2,3,420.000,430.056,10.056,1
2,medium,6.0,40,OLSR,1001,n3,n2,3,480.000,485.096,5.096,1
2,medium,6.0,40,OLSR,1001,n3,n2,3,540.000,548.325,8.325,1
2,medium,6.0,40,DSR,1001,n4,n3,4,90.000,99.029,9.029,1
2,medium,6.0,40,DSR,1001,n4,n3,4,150.000,155.178,5.178,1
2,medium,6.0,40,DSR,1001,n4,n3,4,210.000,215.505,5.505,1
2,medium,6.0,40,DSR,1001,n4,n3,4,270.000,278.969,8.969,1
2,medium,6.0,40,DSR,1001,n3,n2,3,360.000,365.465,5.465,1
2,medium,6.0,40,DSR,1001,n3,n2,3,420.000,430.056,10.056,1
2,medium,6.0,40,DSR,1001,n3,n2,3,480.000,485.096,5.096,1
2,medium,6.0,40,DSR,1001,n3,n2,3,540.000,548.325,8.325,1
2,medium,6.0,41,DSDV,1001,n4,n3,4,90.000,99.209,9.209,1
2,medium,6.0,41,DSDV,1001,n4,n3,4,150.000,157.422,7.422,1
2,medium,6.0,41,DSDV,1001,n3,n2,3,240.000,245.465,5.465,1
2,medium,6.0,41,AODV,1001,n4,n3,4,90.000,99.209,9.209,1
2,medium,6.0,41,AODV,1001,n4,n3,4,150.000,157.422,7.422,1
2,medium,6.0,41,AODV,1001,n3,n2,3,240.000,245.465,5.465,1
2,medium,6.0,41,OLSR,1001,n4,n3,4,90.000,99.209,9.209,1
2,medium,6.0,41,OLSR,1001,n4,n3,4,150.000,157.422,7.422,1
2,medium,6.0,41,OLSR,1001,n3,n2,3,240.000,245.465,5.465,1
2,medium,6.0,41,DSR,1001,n4,n3,4,90.000,99.209,9.209,1
2,medium,6.0,41,DSR,1001,n4,n3,4,150.000,157.422,7.422,1
2,medium,6.0,41,DSR,1001,n3,n2,3,240.000,245.465,5.465,1
2,medium,6.0,42,DSDV,1001,n3,n2,3,120.000,125.465,5.465,1
2,medium,6.0,42,AODV,1001,n3,n2,3,120.000,125.465,5.465,1
2,medium,6.0,42,OLSR,1001,n3,n2,3,120.000,125.465,5.465,1
2,medium,6.0,42,DSR,1001,n3,n2,3,120.000,125.465,5.465,1
2,medium,6.0,43,DSDV,1001,n4,n3,4,90.000,95.505,5.505,1
2,medium,6.0,43,DSDV,1001,n4,n3,4,150.000,158.969,8.969,1
2,medium,6.0,43,DSDV,1001,n4,n3,4,210.000,219.029,9.029,1
2,medium,6.0,43,DSDV,1001,n4,n3,4,270.000,275.178,5.178,1
2,medium,6.0,43,DSDV,1001,n4,n3,4,330.000,339.209,9.209,1
2,medium,6.0,43,DSDV,1001,n4,n3,4,390.000,397.422,7.422,1
2,medium,6.0,43,DSDV,1001,n4,n3,4,450.000,456.323,6.323,1
2,medium,6.0,43,DSDV,1001,n3,n2,3,540.000,549.675,9.675,1
2,medium,6.0,43,AODV,1001,n4,n3,4,90.000,95.505,5.505,1
2,medium,6.0,43,AODV,1001,n4,n3,4,150.000,158.969,8.969,1
2,medium,6.0,43,AODV,1001,n4,n3,4,210.000,219.029,9.029,1
2,medium,6.0,43,AODV,1001,n4,n3,4,270.000,275.178,5.178,1
2,medium,6.0,43,AODV,1001,n4,n3,4,330.000,339.209,9.209,1
2,medium,6.0,43,AODV,1001,n4,n3,4,390.000,397.422,7.422,1
2,medium,6.0,43,AODV,1001,n4,n3,4,450.000,456.323,6.323,1
2,medium,6.0,43,AODV,1001,n3,n2,3,540.000,549.675,9.675,1
2,medium,6.0,43,OLSR,1001,n4,n3,4,90.000,95.505,5.505,1
2,medium,6.0,43,OLSR,1001,n4,n3,4,150.000,158.969,8.969,1
2,medium,6.0,43,OLSR,1001,n4,n3,4,210.000,219.029,9.029,1
2,medium,6.0,43,OLSR,1001,n4,n3,4,270.000,275.178,5.178,1
2,medium,6.0,43,OLSR,1001,n4,n3,4,330.000,339.209,9.209,1
2,medium,6.0,43,OLSR,1001,n4,n3,4,390.000,397.422,7.422,1
2,medium,6.0,43,OLSR,1001,n4,n3,4,450.000,456.323,6.323,1
2,medium,6.0,43,OLSR,1001,n3,n2,3,540.000,549.675,9.675,1
2,medium,6.0,43,DSR,1001,n4,n3,4,90.000,95.505,5.505,1
2,medium,6.0,43,DSR,1001,n4,n3,4,150.000,158.969,8.969,1
2,medium,6.0,43,DSR,1001,n4,n3,4,210.000,219.029,9.029,1
2,medium,6.0,43,DSR,1001,n4,n3,4,270.000,275.178,5.178,1
2,medium,6.0,43,DSR,1001,n4,n3,4,330.000,339.209,9.209,1
2,medium,6.0,43,DSR,1001,n4,n3,4,390.000,397.422,7.422,1
2,medium,6.0,43,DSR,1001,n4,n3,4,450.000,456.323,6.323,1
2,medium,6.0,43,DSR,1001,n3,n2,3,540.000,549.675,9.675,1
2,medium,6.0,44,DSDV,1001,n3,n2,3,120.000,125.505,5.505,1
2,medium,6.0,44,DSDV,1001,n3,n2,3,180.000,185.178,5.178,1
2,medium,6.0,44,DSDV,1001,n3,n2,3,240.000,249.029,9.029,1
2,medium,6.0,44,DSDV,1001,n3,n2,3,300.000,307.422,7.422,1
2,medium,6.0,44,DSDV,1001,n3,n2,3,360.000,369.209,9.209,1
2,medium,6.0,44,AODV,1001,n3,n2,3,120.000,125.505,5.505,1
2,medium,6.0,44,AODV,1001,n3,n2,3,180.000,185.178,5.178,1
2,medium,6.0,44,AODV,1001,n3,n2,3,240.000,249.029,9.029,1
2,medium,6.0,44,AODV,1001,n3,n2,3,300.000,307.422,7.422,1
2,medium,6.0,44,AODV,1001,n3,n2,3,360.000,369.209,9.209,1
2,medium,6.0,44,OLSR,1001,n3,n2,3,120.000,125.505,5.505,1
2,medium,6.0,44,OLSR,1001,n3,n2,3,180.000,185.178,5.178,1
2,medium,6.0,44,OLSR,1001,n3,n2,3,240.000,249.029,9.029,1
2,medium,6.0,44,OLSR,1001,n3,n2,3,300.000,307.422,7.422,1
2,medium,6.0,44,OLSR,1001,n3,n2,3,360.000,369.209,9.209,1
2,medium,6.0,44,DSR,1001,n3,n2,3,120.000,125.505,5.505,1
2,medium,6.0,44,DSR,1001,n3,n2,3,180.000,185.178,5.178,1
2,medium,6.0,44,DSR,1001,n3,n2,3,240.000,249.029,9.029,1
2,medium,6.0,44,DSR,1001,n3,n2,3,300.000,307.422,7.422,1
2,medium,6.0,44,DSR,1001,n3,n2,3,360.000,369.209,9.209,1
2,medium,6.5,38,DSDV,1001,n4,n3,4,90.000,95.645,5.645,1
2,medium,6.5,38,DSDV,1001,n4,n3,4,150.000,155.378,5.378,1
2,medium,6.5,38,AODV,1001,n4,n3,4,90.000,95.645,5.645,1
2,medium,6.5,38,AODV,1001,n4,n3,4,150.000,155.378,5.378,1
2,medium,6.5,38,OLSR,1001,n4,n3,4,90.000,95.645,5.645,1
2,medium,6.5,38,OLSR,1001,n4,n3,4,150.000,155.378,5.378,1
2,medium,6.5,38,DSR,1001,n4,n3,4,90.000,95.645,5.645,1
2,medium,6.5,38,DSR,1001,n4,n3,4,150.000,155.378,5.378,1
2,medium,6.5,39,DSDV,1001,n4,n3,4,90.000,95.891,5.891,1
2,medium,6.5,39,DSDV,1001,n4,n3,4,150.000,157.182,7.182,1
2,medium,6.5,39,DSDV,1001,n4,n3,4,210.000,215.765,5.765,1
2,medium,6.5,39,DSDV,1001,n4,n3,4,270.000,279.437,9.437,1
2,medium,6.5,39,AODV,1001,n4,n3,4,90.000,95.891,5.891,1
2,medium,6.5,39,AODV,1001,n4,n3,4,150.000,157.182,7.182,1
2,medium,6.5,39,AODV,1001,n4,n3,4,210.000,215.765,5.765,1
2,medium,6.5,39,AODV,1001,n4,n3,4,270.000,279.437,9.437,1
2,medium,6.5,39,OLSR,1001,n4,n3,4,90.000,95.891,5.891,1
2,medium,6.5,39,OLSR,1001,n4,n3,4,150.000,157.182,7.182,1
2,medium,6.5,39,OLSR,1001,n4,n3,4,210.000,215.765,5.765,1
2,medium,6.5,39,OLSR,1001,n4,n3,4,270.000,279.437,9.437,1
2,medium,6.5,39,DSR,1001,n4,n3,4,90.000,95.891,5.891,1
2,medium,6.5,39,DSR,1001,n4,n3,4,150.000,157.182,7.182,1
2,medium,6.5,39,DSR,1001,n4,n3,4,210.000,215.765,5.765,1
2,medium,6.5,39,DSR,1001,n4,n3,4,270.000,279.437,9.437,1
2,medium,6.5,40,DSDV,1001,n4,n3,4,90.000,99.029,9.029,1
2,medium,6.5,40,DSDV,1001,n4,n3,4,150.000,155.178,5.178,1
2,medium,6.5,40,DSDV,1001,n4,n3,4,210.000,215.505,5.505,1
2,medium,6.5,40,DSDV,1001,n4,n3,4,270.000,278.969,8.969,1
2,medium,6.5,40,DSDV,1001,n3,n2,3,360.000,365.465,5.465,1
2,medium,6.5,40,DSDV,1001,n3,n2,3,420.000,430.056,10.056,1
2,medium,6.5,40,DSDV,1001,n3,n2,3,480.000,485.096,5.096,1
2,medium,6.5,40,DSDV,1001,n3,n2,3,540.000,548.325,8.325,1
2,medium,6.5,40,AODV,1001,n4,n3,4,90.000,99.029,9.029,1
2,medium,6.5,40,AODV,1001,n4,n3,4,150.000,155.178,5.178,1
2,medium,6.5,40,AODV,1001,n4,n3,4,210.000,215.505,5.505,1
2,medium,6.5,40,AODV,1001,n4,n3,4,270.000,278.969,8.969,1
2,medium,6.5,40,AODV,1001,n3,n2,3,360.000,365.465,5.465,1
2,medium,6.5,40,AODV,1001,n3,n2,3,420.000,430.056,10.056,1
2,medium,6.5,40,AODV,1001,n3,n2,3,480.000,485.096,5.096,1
2,medium,6.5,40,AODV,1001,n3,n2,3,540.000,548.325,8.325,1
2,medium,6.5,40,OLSR,1001,n4,n3,4,90.000,99.029,9.029,1
2,medium,6.5,40,OLSR,1001,n4,n3,4,150.000,155.178,5.178,1
2,medium,6.5,40,OLSR,1001,n4,n3,4,210.000,215.505,5.505,1
2,medium,6.5,40,OLSR,1001,n4,n3,4,270.000,278.969,8.969,1
2,medium,6.5,40,OLSR,1001,n3,n2,3,360.000,365.465,5.465,1
2,medium,6.5,40,OLSR,1001,n3,n2,3,420.000,430.056,10.056,1
2,medium,6.5,40,OLSR,1001,n3,n2,3,480.000,485.096,5.096,1
2,medium,6.5,40,OLSR,1001,n3,n2,3,540.000,548.325,8.325,1
2,medium,6.5,40,DSR,1001,n4,n3,4,90.000,99.029,9.029,1
2,medium,6.5,40,DSR,1001,n4,n3,4,150.000,155.178,5.178,1
2,medium,6.5,40,DSR,1001,n4,n3,4,210.000,215.505,5.505,1
2,medium,6.5,40,DSR,1001,n4,n3,4,270.000,278.969,8.969,1
2,medium,6.5,40,DSR,1001,n3,n2,3,360.000,365.465,5.465,1
2,medium,6.5,40,DSR,1001,n3,n2,3,420.000,430.056,10.056,1
2,medium,6.5,40,DSR,1001,n3,n2,3,480.000,485.096,5.096,1
2,medium,6.5,40,DSR,1001,n3,n2,3,540.000,548.325,8.325,1
2,medium,6.5,41,DSDV,1001,n4,n3,4,90.000,99.209,9.209,1
2,medium,6.5,41,DSDV,1001,n4,n3,4,150.000,157.422,7.422,1
2,medium,6.5,41,DSDV,1001,n3,n2,3,240.000,245.465,5.465,1
2,medium,6.5,41,AODV,1001,n4,n3,4,90.000,99.209,9.209,1
2,medium,6.5,41,AODV,1001,n4,n3,4,150.000,157.422,7.422,1
2,medium,6.5,41,AODV,1001,n3,n2,3,240.000,245.465,5.465,1
2,medium,6.5,41,OLSR,1001,n4,n3,4,90.000,99.209,9.209,1
2,medium,6.5,41,OLSR,1001,n4,n3,4,150.000,157.422,7.422,1
2,medium,6.5,41,OLSR,1001,n3,n2,3,240.000,245.465,5.465,1
2,medium,6.5,41,DSR,1001,n4,n3,4,90.000,99.209,9.209,1
2,medium,6.5,41,DSR,1001,n4,n3,4,150.000,157.422,7.422,1
2,medium,6.5,41,DSR,1001,n3,n2,3,240.000,245.465,5.465,1
2,medium,6.5,42,DSDV,1001,n3,n2,3,120.000,125.465,5.465,1
2,medium,6.5,42,AODV,1001,n3,n2,3,120.000,125.465,5.465,1
2,medium,6.5,42,OLSR,1001,n3,n2,3,120.000,125.465,5.465,1
2,medium,6.5,42,DSR,1001,n3,n2,3,120.000,125.465,5.465,1
2,medium,6.5,43,DSDV,1001,n4,n3,4,90.000,95.505,5.505,1
2,medium,6.5,43,DSDV,1001,n4,n3,4,150.000,158.969,8.969,1
2,medium,6.5,43,DSDV,1001,n4,n3,4,210.000,219.029,9.029,1
2,medium,6.5,43,DSDV,1001,n4,n3,4,270.000,275.178,5.178,1
2,medium,6.5,43,DSDV,1001,n4,n3,4,330.000,339.209,9.209,1
2,medium,6.5,43,DSDV,1001,n4,n3,4,390.000,397.422,7.422,1
2,medium,6.5,43,DSDV,1001,n4,n3,4,450.000,456.323,6.323,1
2,medium,6.5,43,DSDV,1001,n3,n2,3,540.000,549.675,9.675,1
2,medium,6.5,43,AODV,1001,n4,n3,4,90.000,95.505,5.505,1
2,medium,6.5,43,AODV,1001,n4,n3,4,150.000,158.969,8.969,1
2,medium,6.5,43,AODV,1001,n4,n3,4,210.000,219.029,9.029,1
2,medium,6.5,43,AODV,1001,n4,n3,4,270.000,275.178,5.178,1
2,medium,6.5,43,AODV,1001,n4,n3,4,330.000,339.209,9.209,1
2,medium,6.5,43,AODV,1001,n4,n3,4,390.000,397.422,7.422,1
2,medium,6.5,43,AODV,1001,n4,n3,4,450.000,456.323,6.323,1
2,medium,6.5,43,AODV,1001,n3,n2,3,540.000,549.675,9.675,1
2,medium,6.5,43,OLSR,1001,n4,n3,4,90.000,95.505,5.505,1
2,medium,6.5,43,OLSR,1001,n4,n3,4,150.000,158.969,8.969,1
2,medium,6.5,43,OLSR,1001,n4,n3,4,210.000,219.029,9.029,1
2,medium,6.5,43,OLSR,1001,n4,n3,4,270.000,275.178,5.178,1
2,medium,6.5,43,OLSR,1001,n4,n3,4,330.000,339.209,9.209,1
2,medium,6.5,43,OLSR,1001,n4,n3,4,390.000,397.422,7.422,1
2,medium,6.5,43,OLSR,1001,n4,n3,4,450.000,456.323,6.323,1
2,medium,6.5,43,OLSR,1001,n3,n2,3,540.000,549.675,9.675,1
2,medium,6.5,43,DSR,1001,n4,n3,4,90.000,95.505,5.505,1
2,medium,6.5,43,DSR,1001,n4,n3,4,150.000,158.969,8.969,1
2,medium,6.5,43,DSR,1001,n4,n3,4,210.000,219.029,9.029,1
2,medium,6.5,43,DSR,1001,n4,n3,4,270.000,275.178,5.178,1
2,medium,6.5,43,DSR,1001,n4,n3,4,330.000,339.209,9.209,1
2,medium,6.5,43,DSR,1001,n4,n3,4,390.000,397.422,7.422,1
2,medium,6.5,43,DSR,1001,n4,n3,4,450.000,456.323,6.323,1
2,medium,6.5,43,DSR,1001,n3,n2,3,540.000,549.675,9.675,1
2,medium,6.5,44,DSDV,1001,n3,n2,3,120.000,125.505,5.505,1
2,medium,6.5,44,DSDV,1001,n3,n2,3,180.000,185.178,5.178,1
2,medium,6.5,44,DSDV,1001,n3,n2,3,240.000,249.029,9.029,1
2,medium,6.5,44,DSDV,1001,n3,n2,3,300.000,307.422,7.422,1
2,medium,6.5,44,DSDV,1001,n3,n2,3,360.000,369.209,9.209,1
2,medium,6.5,44,AODV,1001,n3,n2,3,120.000,125.505,5.505,1
2,medium,6.5,44,AODV,1001,n3,n2,3,180.000,185.178,5.178,1
2,medium,6.5,44,AODV,1001,n3,n2,3,240.000,249.029,9.029,1
2,medium,6.5,44,AODV,1001,n3,n2,3,300.000,307.422,7.422,1
2,medium,6.5,44,AODV,1001,n3,n2,3,360.000,369.209,9.209,1
2,medium,6.5,44,OLSR,1001,n3,n2,3,120.000,125.505,5.505,1
2,medium,6.5,44,OLSR,1001,n3,n2,3,180.000,185.178,5.178,1
2,medium,6.5,44,OLSR,1001,n3,n2,3,240.000,249.029,9.029,1
2,medium,6.5,44,OLSR,1001,n3,n2,3,300.000,307.422,7.422,1
2,medium,6.5,44,OLSR,1001,n3,n2,3,360.000,369.209,9.209,1
2,medium,6.5,44,DSR,1001,n3,n2,3,120.000,125.505,5.505,1
2,medium,6.5,44,DSR,1001,n3,n2,3,180.000,185.178,5.178,1
2,medium,6.5,44,DSR,1001,n3,n2,3,240.000,249.029,9.029,1
2,medium,6.5,44,DSR,1001,n3,n2,3,300.000,307.422,7.422,1
2,medium,6.5,44,DSR,1001,n3,n2,3,360.000,369.209,9.209,1
2,medium,7.0,38,DSDV,1001,n4,n3,4,90.000,95.645,5.645,1
2,medium,7.0,38,DSDV,1001,n4,n3,4,150.000,155.378,5.378,1
2,medium,7.0,38,AODV,1001,n4,n3,4,90.000,95.645,5.645,1
2,medium,7.0,38,AODV,1001,n4,n3,4,150.000,155.378,5.378,1
2,medium,7.0,38,OLSR,1001,n4,n3,4,90.000,95.645,5.645,1
2,medium,7.0,38,OLSR,1001,n4,n3,4,150.000,155.378,5.378,1
2,medium,7.0,38,DSR,1001,n4,n3,4,90.000,95.645,5.645,1
2,medium,7.0,38,DSR,1001,n4,n3,4,150.000,155.378,5.378,1
2,medium,7.0,39,DSDV,1001,n4,n3,4,90.000,95.891,5.891,1
2,medium,7.0,39,DSDV,1001,n4,n3,4,150.000,157.182,7.182,1
2,medium,7.0,39,DSDV,1001,n4,n3,4,210.000,215.765,5.765,1
2,medium,7.0,39,DSDV,1001,n4,n3,4,270.000,279.437,9.437,1
2,medium,7.0,39,AODV,1001,n4,n3,4,90.000,95.891,5.891,1
2,medium,7.0,39,AODV,1001,n4,n3,4,150.000,157.182,7.182,1
2,medium,7.0,39,AODV,1001,n4,n3,4,210.000,215.765,5.765,1
2,medium,7.0,39,AODV,1001,n4,n3,4,270.000,279.437,9.437,1
2,medium,7.0,39,OLSR,1001,n4,n3,4,90.000,95.891,5.891,1
2,medium,7.0,39,OLSR,1001,n4,n3,4,150.000,157.182,7.182,1
2,medium,7.0,39,OLSR,1001,n4,n3,4,210.000,215.765,5.765,1
2,medium,7.0,39,OLSR,1001,n4,n3,4,270.000,279.437,9.437,1
2,medium,7.0,39,DSR,1001,n4,n3,4,90.000,95.891,5.891,1
2,medium,7.0,39,DSR,1001,n4,n3,4,150.000,157.182,7.182,1
2,medium,7.0,39,DSR,1001,n4,n3,4,210.000,215.765,5.765,1
2,medium,7.0,39,DSR,1001,n4,n3,4,270.000,279.437,9.437,1
2,medium,7.0,40,DSDV,1001,n4,n3,4,90.000,99.029,9.029,1
2,medium,7.0,40,DSDV,1001,n4,n3,4,150.000,155.178,5.178,1
2,medium,7.0,40,DSDV,1001,n4,n3,4,210.000,215.505,5.505,1
2,medium,7.0,40,DSDV,1001,n4,n3,4,270.000,278.969,8.969,1
2,medium,7.0,40,DSDV,1001,n3,n2,3,360.000,365.465,5.465,1
2,medium,7.0,40,DSDV,1001,n3,n2,3,420.000,430.056,10.056,1
2,medium,7.0,40,DSDV,1001,n3,n2,3,480.000,485.096,5.096,1
2,medium,7.0,40,DSDV,1001,n3,n2,3,540.000,548.325,8.325,1
2,medium,7.0,40,AODV,1001,n4,n3,4,90.000,99.029,9.029,1
2,medium,7.0,40,AODV,1001,n4,n3,4,150.000,155.178,5.178,1
2,medium,7.0,40,AODV,1001,n4,n3,4,210.000,215.505,5.505,1
2,medium,7.0,40,AODV,1001,n4,n3,4,270.000,278.969,8.969,1
2,medium,7.0,40,AODV,1001,n3,n2,3,360.000,365.465,5.465,1
2,medium,7.0,40,AODV,1001,n3,n2,3,420.000,430.056,10.056,1
2,medium,7.0,40,AODV,1001,n3,n2,3,480.000,485.096,5.096,1
2,medium,7.0,40,AODV,1001,n3,n2,3,540.000,548.325,8.325,1
2,medium,7.0,40,OLSR,1001,n4,n3,4,90.000,99.029,9.029,1
2,medium,7.0,40,OLSR,1001,n4,n3,4,150.000,155.178,5.178,1
2,medium,7.0,40,OLSR,1001,n4,n3,4,210.000,215.505,5.505,1
2,medium,7.0,40,OLSR,1001,n4,n3,4,270.000,278.969,8.969,1
2,medium,7.0,40,OLSR,1001,n3,n2,3,360.000,365.465,5.465,1
2,medium,7.0,40,OLSR,1001,n3,n2,3,420.000,430.056,10.056,1
2,medium,7.0,40,OLSR,1001,n3,n2,3,480.000,485.096,5.096,1
2,medium,7.0,40,OLSR,1001,n3,n2,3,540.000,548.325,8.325,1
2,medium,7.0,40,DSR,1001,n4,n3,4,90.000,99.029,9.029,1
2,medium,7.0,40,DSR,1001,n4,n3,4,150.000,155.178,5.178,1
2,medium,7.0,40,DSR,1001,n4,n3,4,210.000,215.505,5.505,1
2,medium,7.0,40,DSR,1001,n4,n3,4,270.000,278.969,8.969,1
2,medium,7.0,40,DSR,1001,n3,n2,3,360.000,365.465,5.465,1
2,medium,7.0,40,DSR,1001,n3,n2,3,420.000,430.056,10.056,1
2,medium,7.0,40,DSR,1001,n3,n2,3,480.000,485.096,5.096,1
2,medium,7.0,40,DSR,1001,n3,n2,3,540.000,548.325,8.325,1
2,medium,7.0,41,DSDV,1001,n4,n3,4,90.000,99.209,9.209,1
2,medium,7.0,41,DSDV,1001,n4,n3,4,150.000,157.422,7.422,1
2,medium,7.0,41,DSDV,1001,n3,n2,3,240.000,245.465,5.465,1
2,medium,7.0,41,AODV,1001,n4,n3,4,90.000,99.209,9.209,1
2,medium,7.0,41,AODV,1001,n4,n3,4,150.000,157.422,7.422,1
2,medium,7.0,41,AODV,1001,n3,n2,3,240.000,245.465,5.465,1
2,medium,7.0,41,OLSR,1001,n4,n3,4,90.000,99.209,9.209,1
2,medium,7.0,41,OLSR,1001,n4,n3,4,150.000,157.422,7.422,1
2,medium,7.0,41,OLSR,1001,n3,n2,3,240.000,245.465,5.465,1
2,medium,7.0,41,DSR,1001,n4,n3,4,90.000,99.209,9.209,1
2,medium,7.0,41,DSR,1001,n4,n3,4,150.000,157.422,7.422,1
2,medium,7.0,41,DSR,1001,n3,n2,3,240.000,245.465,5.465,1
2,medium,7.0,42,DSDV,1001,n3,n2,3,120.000,125.465,5.465,1
2,medium,7.0,42,AODV,1001,n3,n2,3,120.000,125.465,5.465,1
2,medium,7.0,42,OLSR,1001,n3,n2,3,120.000,125.465,5.465,1
2,medium,7.0,42,DSR,1001,n3,n2,3,120.000,125.465,5.465,1
2,medium,7.0,43,DSDV,1001,n4,n3,4,90.000,95.505,5.505,1
2,medium,7.0,43,DSDV,1001,n4,n3,4,150.000,158.969,8.969,1
2,medium,7.0,43,DSDV,1001,n4,n3,4,210.000,219.029,9.029,1
2,medium,7.0,43,DSDV,1001,n4,n3,4,270.000,275.178,5.178,1
2,medium,7.0,43,DSDV,1001,n4,n3,4,330.000,339.209,9.209,1
2,medium,7.0,43,DSDV,1001,n4,n3,4,390.000,397.422,7.422,1
2,medium,7.0,43,DSDV,1001,n4,n3,4,450.000,456.323,6.323,1
2,medium,7.0,43,DSDV,1001,n3,n2,3,540.000,549.675,9.675,1
2,medium,7.0,43,AODV,1001,n4,n3,4,90.000,95.505,5.505,1
2,medium,7.0,43,AODV,1001,n4,n3,4,150.000,158.969,8.969,1
2,medium,7.0,43,AODV,1001,n4,n3,4,210.000,219.029,9.029,1
2,medium,7.0,43,AODV,1001,n4,n3,4,270.000,275.178,5.178,1
2,medium,7.0,43,AODV,1001,n4,n3,4,330.000,339.209,9.209,1
2,medium,7.0,43,AODV,1001,n4,n3,4,390.000,397.422,7.422,1
2,medium,7.0,43,AODV,1001,n4,n3,4,450.000,456.323,6.323,1
2,medium,7.0,43,AODV,1001,n3,n2,3,540.000,549.675,9.675,1
2,medium,7.0,43,OLSR,1001,n4,n3,4,90.000,95.505,5.505,1
2,medium,7.0,43,OLSR,1001,n4,n3,4,150.000,158.969,8.969,1
2,medium,7.0,43,OLSR,1001,n4,n3,4,210.000,219.029,9.029,1
2,medium,7.0,43,OLSR,1001,n4,n3,4,270.000,275.178,5.178,1
2,medium,7.0,43,OLSR,1001,n4,n3,4,330.000,339.209,9.209,1
2,medium,7.0,43,OLSR,1001,n4,n3,4,390.000,397.422,7.422,1
2,medium,7.0,43,OLSR,1001,n4,n3,4,450.000,456.323,6.323,1
2,medium,7.0,43,OLSR,1001,n3,n2,3,540.000,549.675,9.675,1
2,medium,7.0,43,DSR,1001,n4,n3,4,90.000,95.505,5.505,1
2,medium,7.0,43,DSR,1001,n4,n3,4,150.000,158.969,8.969,1
2,medium,7.0,43,DSR,1001,n4,n3,4,210.000,219.029,9.029,1
2,medium,7.0,43,DSR,1001,n4,n3,4,270.000,275.178,5.178,1
2,medium,7.0,43,DSR,1001,n4,n3,4,330.000,339.209,9.209,1
2,medium,7.0,43,DSR,1001,n4,n3,4,390.000,397.422,7.422,1
2,medium,7.0,43,DSR,1001,n4,n3,4,450.000,456.323,6.323,1
2,medium,7.0,43,DSR,1001,n3,n2,3,540.000,549.675,9.675,1
2,medium,7.0,44,DSDV,1001,n3,n2,3,120.000,125.505,5.505,1
2,medium,7.0,44,DSDV,1001,n3,n2,3,180.000,185.178,5.178,1
2,medium,7.0,44,DSDV,1001,n3,n2,3,240.000,249.029,9.029,1
2,medium,7.0,44,DSDV,1001,n3,n2,3,300.000,307.422,7.422,1
2,medium,7.0,44,DSDV,1001,n3,n2,3,360.000,369.209,9.209,1
2,medium,7.0,44,AODV,1001,n3,n2,3,120.000,125.505,5.505,1
2,medium,7.0,44,AODV,1001,n3,n2,3,180.000,185.178,5.178,1
2,medium,7.0,44,AODV,1001,n3,n2,3,240.000,249.029,9.029,1
2,medium,7.0,44,AODV,1001,n3,n2,3,300.000,307.422,7.422,1
2,medium,7.0,44,AODV,1001,n3,n2,3,360.000,369.209,9.209,1
2,medium,7.0,44,OLSR,1001,n3,n2,3,120.000,125.505,5.505,1
2,medium,7.0,44,OLSR,1001,n3,n2,3,180.000,185.178,5.178,1
2,medium,7.0,44,OLSR,1001,n3,n2,3,240.000,249.029,9.029,1
2,medium,7.0,44,OLSR,1001,n3,n2,3,300.000,307.422,7.422,1
2,medium,7.0,44,OLSR,1001,n3,n2,3,360.000,369.209,9.209,1
2,medium,7.0,44,DSR,1001,n3,n2,3,120.000,125.505,5.505,1
2,medium,7.0,44,DSR,1001,n3,n2,3,180.000,185.178,5.178,1
2,medium,7.0,44,DSR,1001,n3,n2,3,240.000,249.029,9.029,1
2,medium,7.0,44,DSR,1001,n3,n2,3,300.000,307.422,7.422,1
2,medium,7.0,44,DSR,1001,n3,n2,3,360.000,369.209,9.209,1
2,medium,8.0,38,DSDV,1001,n4,n3,4,90.000,95.645,5.645,1
2,medium,8.0,38,DSDV,1001,n4,n3,4,150.000,155.378,5.378,1
2,medium,8.0,38,AODV,1001,n4,n3,4,90.000,95.645,5.645,1
2,medium,8.0,38,AODV,1001,n4,n3,4,150.000,155.378,5.378,1
2,medium,8.0,38,OLSR,1001,n4,n3,4,90.000,95.645,5.645,1
2,medium,8.0,38,OLSR,1001,n4,n3,4,150.000,155.378,5.378,1
2,medium,8.0,38,DSR,1001,n4,n3,4,90.000,95.645,5.645,1
2,medium,8.0,38,DSR,1001,n4,n3,4,150.000,155.378,5.378,1
2,medium,8.0,39,DSDV,1001,n4,n3,4,90.000,95.891,5.891,1
2,medium,8.0,39,DSDV,1001,n4,n3,4,150.000,157.182,7.182,1
2,medium,8.0,39,DSDV,1001,n4,n3,4,210.000,215.765,5.765,1
2,medium,8.0,39,DSDV,1001,n4,n3,4,270.000,279.437,9.437,1
2,medium,8.0,39,AODV,1001,n4,n3,4,90.000,95.891,5.891,1
2,medium,8.0,39,AODV,1001,n4,n3,4,150.000,157.182,7.182,1
2,medium,8.0,39,AODV,1001,n4,n3,4,210.000,215.765,5.765,1
2,medium,8.0,39,AODV,1001,n4,n3,4,270.000,279.437,9.437,1
2,medium,8.0,39,OLSR,1001,n4,n3,4,90.000,95.891,5.891,1
2,medium,8.0,39,OLSR,1001,n4,n3,4,150.000,157.182,7.182,1
2,medium,8.0,39,OLSR,1001,n4,n3,4,210.000,215.765,5.765,1
2,medium,8.0,39,OLSR,1001,n4,n3,4,270.000,279.437,9.437,1
2,medium,8.0,39,DSR,1001,n4,n3,4,90.000,95.891,5.891,1
2,medium,8.0,39,DSR,1001,n4,n3,4,150.000,157.182,7.182,1
2,medium,8.0,39,DSR,1001,n4,n3,4,210.000,215.765,5.765,1
2,medium,8.0,39,DSR,1001,n4,n3,4,270.000,279.437,9.437,1
2,medium,8.0,40,DSDV,1001,n4,n3,4,90.000,99.029,9.029,1
2,medium,8.0,40,DSDV,1001,n4,n3,4,150.000,155.178,5.178,1
2,medium,8.0,40,DSDV,1001,n4,n3,4,210.000,215.505,5.505,1
2,medium,8.0,40,DSDV,1001,n4,n3,4,270.000,278.969,8.969,1
2,medium,8.0,40,DSDV,1001,n3,n2,3,360.000,365.465,5.465,1
2,medium,8.0,40,DSDV,1001,n3,n2,3,420.000,430.056,10.056,1
2,medium,8.0,40,DSDV,1001,n3,n2,3,480.000,485.096,5.096,1
2,medium,8.0,40,DSDV,1001,n3,n2,3,540.000,548.325,8.325,1
2,medium,8.0,40,AODV,1001,n4,n3,4,90.000,99.029,9.029,1
2,medium,8.0,40,AODV,1001,n4,n3,4,150.000,155.178,5.178,1
2,medium,8.0,40,AODV,1001,n4,n3,4,210.000,215.505,5.505,1
2,medium,8.0,40,AODV,1001,n4,n3,4,270.000,278.969,8.969,1
2,medium,8.0,40,AODV,1001,n3,n2,3,360.000,365.465,5.465,1
2,medium,8.0,40,AODV,1001,n3,n2,3,420.000,430.056,10.056,1
2,medium,8.0,40,AODV,1001,n3,n2,3,480.000,485.096,5.096,1
2,medium,8.0,40,AODV,1001,n3,n2,3,540.000,548.325,8.325,1
2,medium,8.0,40,OLSR,1001,n4,n3,4,90.000,99.029,9.029,1
2,medium,8.0,40,OLSR,1001,n4,n3,4,150.000,155.178,5.178,1
2,medium,8.0,40,OLSR,1001,n4,n3,4,210.000,215.505,5.505,1
2,medium,8.0,40,OLSR,1001,n4,n3,4,270.000,278.969,8.969,1
2,medium,8.0,40,OLSR,1001,n3,n2,3,360.000,365.465,5.465,1
2,medium,8.0,40,OLSR,1001,n3,n2,3,420.000,430.056,10.056,1
2,medium,8.0,40,OLSR,1001,n3,n2,3,480.000,485.096,5.096,1
2,medium,8.0,40,OLSR,1001,n3,n2,3,540.000,548.325,8.325,1
2,medium,8.0,40,DSR,1001,n4,n3,4,90.000,99.029,9.029,1
2,medium,8.0,40,DSR,1001,n4,n3,4,150.000,155.178,5.178,1
2,medium,8.0,40,DSR,1001,n4,n3,4,210.000,215.505,5.505,1
2,medium,8.0,40,DSR,1001,n4,n3,4,270.000,278.969,8.969,1
2,medium,8.0,40,DSR,1001,n3,n2,3,360.000,365.465,5.465,1
2,medium,8.0,40,DSR,1001,n3,n2,3,420.000,430.056,10.056,1
2,medium,8.0,40,DSR,1001,n3,n2,3,480.000,485.096,5.096,1
2,medium,8.0,40,DSR,1001,n3,n2,3,540.000,548.325,8.325,1
2,medium,8.0,41,DSDV,1001,n4,n3,4,90.000,99.209,9.209,1
2,medium,8.0,41,DSDV,1001,n4,n3,4,150.000,157.422,7.422,1
2,medium,8.0,41,DSDV,1001,n3,n2,3,240.000,245.465,5.465,1
2,medium,8.0,41,AODV,1001,n4,n3,4,90.000,99.209,9.209,1
2,medium,8.0,41,AODV,1001,n4,n3,4,150.000,157.422,7.422,1
2,medium,8.0,41,AODV,1001,n3,n2,3,240.000,245.465,5.465,1
2,medium,8.0,41,OLSR,1001,n4,n3,4,90.000,99.209,9.209,1
2,medium,8.0,41,OLSR,1001,n4,n3,4,150.000,157.422,7.422,1
2,medium,8.0,41,OLSR,1001,n3,n2,3,240.000,245.465,5.465,1
2,medium,8.0,41,DSR,1001,n4,n3,4,90.000,99.209,9.209,1
2,medium,8.0,41,DSR,1001,n4,n3,4,150.000,157.422,7.422,1
2,medium,8.0,41,DSR,1001,n3,n2,3,240.000,245.465,5.465,1
2,medium,8.0,42,DSDV,1001,n3,n2,3,120.000,125.465,5.465,1
2,medium,8.0,42,AODV,1001,n3,n2,3,120.000,125.465,5.465,1
2,medium,8.0,42,OLSR,1001,n3,n2,3,120.000,125.465,5.465,1
2,medium,8.0,42,DSR,1001,n3,n2,3,120.000,125.465,5.465,1
2,medium,8.0,43,DSDV,1001,n4,n3,4,90.000,95.505,5.505,1
2,medium,8.0,43,DSDV,1001,n4,n3,4,150.000,158.969,8.969,1
2,medium,8.0,43,DSDV,1001,n4,n3,4,210.000,219.029,9.029,1
2,medium,8.0,43,DSDV,1001,n4,n3,4,270.000,275.178,5.178,1
2,medium,8.0,43,DSDV,1001,n4,n3,4,330.000,339.209,9.209,1
2,medium,8.0,43,DSDV,1001,n4,n3,4,390.000,397.422,7.422,1
2,medium,8.0,43,DSDV,1001,n4,n3,4,450.000,456.323,6.323,1
2,medium,8.0,43,DSDV,1001,n3,n2,3,540.000,549.675,9.675,1
2,medium,8.0,43,AODV,1001,n4,n3,4,90.000,95.505,5.505,1
2,medium,8.0,43,AODV,1001,n4,n3,4,150.000,158.969,8.969,1
2,medium,8.0,43,AODV,1001,n4,n3,4,210.000,219.029,9.029,1
2,medium,8.0,43,AODV,1001,n4,n3,4,270.000,275.178,5.178,1
2,medium,8.0,43,AODV,1001,n4,n3,4,330.000,339.209,9.209,1
2,medium,8.0,43,AODV,1001,n4,n3,4,390.000,397.422,7.422,1
2,medium,8.0,43,AODV,1001,n4,n3,4,450.000,456.323,6.323,1
2,medium,8.0,43,AODV,1001,n3,n2,3,540.000,549.675,9.675,1
2,medium,8.0,43,OLSR,1001,n4,n3,4,90.000,95.505,5.505,1
2,medium,8.0,43,OLSR,1001,n4,n3,4,150.000,158.969,8.969,1
2,medium,8.0,43,OLSR,1001,n4,n3,4,210.000,219.029,9.029,1
2,medium,8.0,43,OLSR,1001,n4,n3,4,270.000,275.178,5.178,1
2,medium,8.0,43,OLSR,1001,n4,n3,4,330.000,339.209,9.209,1
2,medium,8.0,43,OLSR,1001,n4,n3,4,390.000,397.422,7.422,1
2,medium,8.0,43,OLSR,1001,n4,n3,4,450.000,456.323,6.323,1
2,medium,8.0,43,OLSR,1001,n3,n2,3,540.000,549.675,9.675,1
2,medium,8.0,43,DSR,1001,n4,n3,4,90.000,95.505,5.505,1
2,medium,8.0,43,DSR,1001,n4,n3,4,150.000,158.969,8.969,1
2,medium,8.0,43,DSR,1001,n4,n3,4,210.000,219.029,9.029,1
2,medium,8.0,43,DSR,1001,n4,n3,4,270.000,275.178,5.178,1
2,medium,8.0,43,DSR,1001,n4,n3,4,330.000,339.209,9.209,1
2,medium,8.0,43,DSR,1001,n4,n3,4,390.000,397.422,7.422,1
2,medium,8.0,43,DSR,1001,n4,n3,4,450.000,456.323,6.323,1
2,medium,8.0,43,DSR,1001,n3,n2,3,540.000,549.675,9.675,1
2,medium,8.0,44,DSDV,1001,n3,n2,3,120.000,125.505,5.505,1
2,medium,8.0,44,DSDV,1001,n3,n2,3,180.000,185.178,5.178,1
2,medium,8.0,44,DSDV,1001,n3,n2,3,240.000,249.029,9.029,1
2,medium,8.0,44,DSDV,1001,n3,n2,3,300.000,307.422,7.422,1
2,medium,8.0,44,DSDV,1001,n3,n2,3,360.000,369.209,9.209,1
2,medium,8.0,44,AODV,1001,n3,n2,3,120.000,125.505,5.505,1
2,medium,8.0,44,AODV,1001,n3,n2,3,180.000,185.178,5.178,1
2,medium,8.0,44,AODV,1001,n3,n2,3,240.000,249.029,9.029,1
2,medium,8.0,44,AODV,1001,n3,n2,3,300.000,307.422,7.422,1
2,medium,8.0,44,AODV,1001,n3,n2,3,360.000,369.209,9.209,1
2,medium,8.0,44,OLSR,1001,n3,n2,3,120.000,125.505,5.505,1
2,medium,8.0,44,OLSR,1001,n3,n2,3,180.000,185.178,5.178,1
2,medium,8.0,44,OLSR,1001,n3,n2,3,240.000,249.029,9.029,1
2,medium,8.0,44,OLSR,1001,n3,n2,3,300.000,307.422,7.422,1
2,medium,8.0,44,OLSR,1001,n3,n2,3,360.000,369.209,9.209,1
2,medium,8.0,44,DSR,1001,n3,n2,3,120.000,125.505,5.505,1
2,medium,8.0,44,DSR,1001,n3,n2,3,180.000,185.178,5.178,1
2,medium,8.0,44,DSR,1001,n3,n2,3,240.000,249.029,9.029,1
2,medium,8.0,44,DSR,1001,n3,n2,3,300.000,307.422,7.422,1
2,medium,8.0,44,DSR,1001,n3,n2,3,360.000,369.209,9.209,1
2,medium,10.0,38,DSDV,1001,n4,n3,4,90.000,95.645,5.645,1
2,medium,10.0,38,DSDV,1001,n4,n3,4,150.000,155.378,5.378,1
2,medium,10.0,38,AODV,1001,n4,n3,4,90.000,95.645,5.645,1
2,medium,10.0,38,AODV,1001,n4,n3,4,150.000,155.378,5.378,1
2,medium,10.0,38,OLSR,1001,n4,n3,4,90.000,95.645,5.645,1
2,medium,10.0,38,OLSR,1001,n4,n3,4,150.000,155.378,5.378,1
2,medium,10.0,38,DSR,1001,n4,n3,4,90.000,95.645,5.645,1
2,medium,10.0,38,DSR,1001,n4,n3,4,150.000,155.378,5.378,1
2,medium,10.0,39,DSDV,1001,n4,n3,4,90.000,95.891,5.891,1
2,medium,10.0,39,DSDV,1001,n4,n3,4,150.000,157.182,7.182,1
2,medium,10.0,39,DSDV,1001,n4,n3,4,210.000,215.765,5.765,1
2,medium,10.0,39,DSDV,1001,n4,n3,4,270.000,279.437,9.437,1
2,medium,10.0,39,AODV,1001,n4,n3,4,90.000,95.891,5.891,1
2,medium,10.0,39,AODV,1001,n4,n3,4,150.000,157.182,7.182,1
2,medium,10.0,39,AODV,1001,n4,n3,4,210.000,215.765,5.765,1
2,medium,10.0,39,AODV,1001,n4,n3,4,270.000,279.437,9.437,1
2,medium,10.0,39,OLSR,1001,n4,n3,4,90.000,95.891,5.891,1
2,medium,10.0,39,OLSR,1001,n4,n3,4,150.000,157.182,7.182,1
2,medium,10.0,39,OLSR,1001,n4,n3,4,210.000,215.765,5.765,1
2,medium,10.0,39,OLSR,1001,n4,n3,4,270.000,279.437,9.437,1
2,medium,10.0,39,DSR,1001,n4,n3,4,90.000,95.891,5.891,1
2,medium,10.0,39,DSR,1001,n4,n3,4,150.000,157.182,7.182,1
2,medium,10.0,39,DSR,1001,n4,n3,4,210.000,215.765,5.765,1
2,medium,10.0,39,DSR,1001,n4,n3,4,270.000,279.437,9.437,1
2,medium,10.0,40,DSDV,1001,n4,n3,4,90.000,99.029,9.029,1
2,medium,10.0,40,DSDV,1001,n4,n3,4,150.000,155.178,5.178,1
2,medium,10.0,40,DSDV,1001,n4,n3,4,210.000,215.505,5.505,1
2,medium,10.0,40,DSDV,1001,n4,n3,4,270.000,278.969,8.969,1
2,medium,10.0,40,DSDV,1001,n3,n2,3,360.000,365.465,5.465,1
2,medium,10.0,40,DSDV,1001,n3,n2,3,420.000,430.056,10.056,1
2,medium,10.0,40,DSDV,1001,n3,n2,3,480.000,485.096,5.096,1
2,medium,10.0,40,DSDV,1001,n3,n2,3,540.000,548.325,8.325,1
2,medium,10.0,40,AODV,1001,n4,n3,4,90.000,99.029,9.029,1
2,medium,10.0,40,AODV,1001,n4,n3,4,150.000,155.178,5.178,1
2,medium,10.0,40,AODV,1001,n4,n3,4,210.000,215.505,5.505,1
2,medium,10.0,40,AODV,1001,n4,n3,4,270.000,278.969,8.969,1
2,medium,10.0,40,AODV,1001,n3,n2,3,360.000,365.465,5.465,1
2,medium,10.0,40,AODV,1001,n3,n2,3,420.000,430.056,10.056,1
2,medium,10.0,40,AODV,1001,n3,n2,3,480.000,485.096,5.096,1
2,medium,10.0,40,AODV,1001,n3,n2,3,540.000,548.325,8.325,1
2,medium,10.0,40,OLSR,1001,n4,n3,4,90.000,99.029,9.029,1
2,medium,10.0,40,OLSR,1001,n4,n3,4,150.000,155.178,5.178,1
2,medium,10.0,40,OLSR,1001,n4,n3,4,210.000,215.505,5.505,1
2,medium,10.0,40,OLSR,1001,n4,n3,4,270.000,278.969,8.969,1
2,medium,10.0,40,OLSR,1001,n3,n2,3,360.000,365.465,5.465,1
2,medium,10.0,40,OLSR,1001,n3,n2,3,420.000,430.056,10.056,1
2,medium,10.0,40,OLSR,1001,n3,n2,3,480.000,485.096,5.096,1
2,medium,10.0,40,OLSR,1001,n3,n2,3,540.000,548.325,8.325,1
2,medium,10.0,40,DSR,1001,n4,n3,4,90.000,99.029,9.029,1
2,medium,10.0,40,DSR,1001,n4,n3,4,150.000,155.178,5.178,1
2,medium,10.0,40,DSR,1001,n4,n3,4,210.000,215.505,5.505,1
2,medium,10.0,40,DSR,1001,n4,n3,4,270.000,278.969,8.969,1
2,medium,10.0,40,DSR,1001,n3,n2,3,360.000,365.465,5.465,1
2,medium,10.0,40,DSR,1001,n3,n2,3,420.000,430.056,10.056,1
2,medium,10.0,40,DSR,1001,n3,n2,3,480.000,485.096,5.096,1
2,medium,10.0,40,DSR,1001,n3,n2,3,540.000,548.325,8.325,1
2,medium,10.0,41,DSDV,1001,n4,n3,4,90.000,99.209,9.209,1
2,medium,10.0,41,DSDV,1001,n4,n3,4,150.000,157.422,7.422,1
2,medium,10.0,41,DSDV,1001,n3,n2,3,240.000,245.465,5.465,1
2,medium,10.0,41,AODV,1001,n4,n3,4,90.000,99.209,9.209,1
2,medium,10.0,41,AODV,1001,n4,n3,4,150.000,157.422,7.422,1
2,medium,10.0,41,AODV,1001,n3,n2,3,240.000,245.465,5.465,1
2,medium,10.0,41,OLSR,1001,n4,n3,4,90.000,99.209,9.209,1
2,medium,10.0,41,OLSR,1001,n4,n3,4,150.000,157.422,7.422,1
2,medium,10.0,41,OLSR,1001,n3,n2,3,240.000,245.465,5.465,1
2,medium,10.0,41,DSR,1001,n4,n3,4,90.000,99.209,9.209,1
2,medium,10.0,41,DSR,1001,n4,n3,4,150.000,157.422,7.422,1
2,medium,10.0,41,DSR,1001,n3,n2,3,240.000,245.465,5.465,1
2,medium,10.0,42,DSDV,1001,n3,n2,3,120.000,125.465,5.465,1
2,medium,10.0,42,AODV,1001,n3,n2,3,120.000,125.465,5.465,1
2,medium,10.0,42,OLSR,1001,n3,n2,3,120.000,125.465,5.465,1
2,medium,10.0,42,DSR,1001,n3,n2,3,120.000,125.465,5.465,1
2,medium,10.0,43,DSDV,1001,n4,n3,4,90.000,95.505,5.505,1
2,medium,10.0,43,DSDV,1001,n4,n3,4,150.000,158.969,8.969,1
2,medium,10.0,43,DSDV,1001,n4,n3,4,210.000,219.029,9.029,1
2,medium,10.0,43,DSDV,1001,n4,n3,4,270.000,275.178,5.178,1
2,medium,10.0,43,DSDV,1001,n4,n3,4,330.000,339.209,9.209,1
2,medium,10.0,43,DSDV,1001,n4,n3,4,390.000,397.422,7.422,1
2,medium,10.0,43,DSDV,1001,n4,n3,4,450.000,456.323,6.323,1
2,medium,10.0,43,DSDV,1001,n3,n2,3,540.000,549.675,9.675,1
2,medium,10.0,43,AODV,1001,n4,n3,4,90.000,95.505,5.505,1
2,medium,10.0,43,AODV,1001,n4,n3,4,150.000,158.969,8.969,1
2,medium,10.0,43,AODV,1001,n4,n3,4,210.000,219.029,9.029,1
2,medium,10.0,43,AODV,1001,n4,n3,4,270.000,275.178,5.178,1
2,medium,10.0,43,AODV,1001,n4,n3,4,330.000,339.209,9.209,1
2,medium,10.0,43,AODV,1001,n4,n3,4,390.000,397.422,7.422,1
2,medium,10.0,43,AODV,1001,n4,n3,4,450.000,456.323,6.323,1
2,medium,10.0,43,AODV,1001,n3,n2,3,540.000,549.675,9.675,1
2,medium,10.0,43,OLSR,1001,n4,n3,4,90.000,95.505,5.505,1
2,medium,10.0,43,OLSR,1001,n4,n3,4,150.000,158.969,8.969,1
2,medium,10.0,43,OLSR,1001,n4,n3,4,210.000,219.029,9.029,1
2,medium,10.0,43,OLSR,1001,n4,n3,4,270.000,275.178,5.178,1
2,medium,10.0,43,OLSR,1001,n4,n3,4,330.000,339.209,9.209,1
2,medium,10.0,43,OLSR,1001,n4,n3,4,390.000,397.422,7.422,1
2,medium,10.0,43,OLSR,1001,n4,n3,4,450.000,456.323,6.323,1
2,medium,10.0,43,OLSR,1001,n3,n2,3,540.000,549.675,9.675,1
2,medium,10.0,43,DSR,1001,n4,n3,4,90.000,95.505,5.505,1
2,medium,10.0,43,DSR,1001,n4,n3,4,150.000,158.969,8.969,1
2,medium,10.0,43,DSR,1001,n4,n3,4,210.000,219.029,9.029,1
2,medium,10.0,43,DSR,1001,n4,n3,4,270.000,275.178,5.178,1
2,medium,10.0,43,DSR,1001,n4,n3,4,330.000,339.209,9.209,1
2,medium,10.0,43,DSR,1001,n4,n3,4,390.000,397.422,7.422,1
2,medium,10.0,43,DSR,1001,n4,n3,4,450.000,456.323,6.323,1
2,medium,10.0,43,DSR,1001,n3,n2,3,540.000,549.675,9.675,1
2,medium,10.0,44,DSDV,1001,n3,n2,3,120.000,125.505,5.505,1
2,medium,10.0,44,DSDV,1001,n3,n2,3,180.000,185.178,5.178,1
2,medium,10.0,44,DSDV,1001,n3,n2,3,240.000,249.029,9.029,1
2,medium,10.0,44,DSDV,1001,n3,n2,3,300.000,307.422,7.422,1
2,medium,10.0,44,DSDV,1001,n3,n2,3,360.000,369.209,9.209,1
2,medium,10.0,44,AODV,1001,n3,n2,3,120.000,125.505,5.505,1
2,medium,10.0,44,AODV,1001,n3,n2,3,180.000,185.178,5.178,1
2,medium,10.0,44,AODV,1001,n3,n2,3,240.000,249.029,9.029,1
2,medium,10.0,44,AODV,1001,n3,n2,3,300.000,307.422,7.422,1
2,medium,10.0,44,AODV,1001,n3,n2,3,360.000,369.209,9.209,1
2,medium,10.0,44,OLSR,1001,n3,n2,3,120.000,125.505,5.505,1
2,medium,10.0,44,OLSR,1001,n3,n2,3,180.000,185.178,5.178,1
2,medium,10.0,44,OLSR,1001,n3,n2,3,240.000,249.029,9.029,1
2,medium,10.0,44,OLSR,1001,n3,n2,3,300.000,307.422,7.422,1
2,medium,10.0,44,OLSR,1001,n3,n2,3,360.000,369.209,9.209,1
2,medium,10.0,44,DSR,1001,n3,n2,3,120.000,125.505,5.505,1
2,medium,10.0,44,DSR,1001,n3,n2,3,180.000,185.178,5.178,1
2,medium,10.0,44,DSR,1001,n3,n2,3,240.000,249.029,9.029,1
2,medium,10.0,44,DSR,1001,n3,n2,3,300.000,307.422,7.422,1
2,medium,10.0,44,DSR,1001,n3,n2,3,360.000,369.209,9.209,1
3,low,0.25,37,sim,1001,n3,n5,6,43.000,48.234,5.234,1
3,low,0.25,37,AODV,1001,n3,n5,6,43.000,48.234,5.234,1
3,low,0.25,37,OLSR,1001,n3,n5,6,43.000,48.234,5.234,1
3,low,0.25,37,DSR,1001,n3,n5,6,43.000,48.234,5.234,1
3,low,0.25,40,DSDV,1001,n3,n5,6,43.000,48.556,5.556,1
3,low,0.25,40,DSDV,1001,n3,n5,6,103.000,109.164,6.164,1
3,low,0.25,40,AODV,1001,n3,n5,6,43.000,48.556,5.556,1
3,low,0.25,40,AODV,1001,n3,n5,6,103.000,109.164,6.164,1
3,low,0.25,40,OLSR,1001,n3,n5,6,43.000,48.556,5.556,1
3,low,0.25,40,OLSR,1001,n3,n5,6,103.000,109.164,6.164,1
3,low,0.25,40,DSR,1001,n3,n5,6,43.000,48.556,5.556,1
3,low,0.25,40,DSR,1001,n3,n5,6,103.000,109.164,6.164,1
3,low,0.25,41,DSDV,1001,n5,n7,7,73.000,79.515,6.515,1
3,low,0.25,41,AODV,1001,n5,n7,7,73.000,79.515,6.515,1
3,low,0.25,41,OLSR,1001,n5,n7,7,73.000,79.515,6.515,1
3,low,0.25,41,DSR,1001,n5,n7,7,73.000,79.515,6.515,1
3,low,0.25,44,DSDV,1001,n3,n5,6,43.000,49.354,6.354,1
3,low,0.25,44,DSDV,1001,n5,n7,7,133.000,138.556,5.556,1
3,low,0.25,44,DSDV,1001,n5,n7,7,193.000,199.164,6.164,1
3,low,0.25,44,AODV,1001,n3,n5,6,43.000,49.354,6.354,1
3,low,0.25,44,AODV,1001,n5,n7,7,133.000,138.556,5.556,1
3,low,0.25,44,AODV,1001,n5,n7,7,193.000,199.164,6.164,1
3,low,0.25,44,OLSR,1001,n3,n5,6,43.000,49.354,6.354,1
3,low,0.25,44,OLSR,1001,n5,n7,7,133.000,138.556,5.556,1
3,low,0.25,44,OLSR,1001,n5,n7,7,193.000,199.164,6.164,1
3,low,0.25,44,DSR,1001,n3,n5,6,43.000,49.354,6.354,1
3,low,0.25,44,DSR,1001,n5,n7,7,133.000,138.556,5.556,1
3,low,0.25,44,DSR,1001,n5,n7,7,193.000,199.164,6.164,1
3,low,0.5,37,sim,1001,n3,n5,6,43.000,48.234,5.234,1
3,low,0.5,37,AODV,1001,n3,n5,6,43.000,48.234,5.234,1
3,low,0.5,37,OLSR,1001,n3,n5,6,43.000,48.234,5.234,1
3,low,0.5,37,DSR,1001,n3,n5,6,43.000,48.234,5.234,1
3,low,0.5,40,DSDV,1001,n3,n5,6,43.000,48.556,5.556,1
3,low,0.5,40,DSDV,1001,n3,n5,6,103.000,109.164,6.164,1
3,low,0.5,40,AODV,1001,n3,n5,6,43.000,48.556,5.556,1
3,low,0.5,40,AODV,1001,n3,n5,6,103.000,109.164,6.164,1
3,low,0.5,40,OLSR,1001,n3,n5,6,43.000,48.556,5.556,1
3,low,0.5,40,OLSR,1001,n3,n5,6,103.000,109.164,6.164,1
3,low,0.5,40,DSR,1001,n3,n5,6,43.000,48.556,5.556,1
3,low,0.5,40,DSR,1001,n3,n5,6,103.000,109.164,6.164,1
3,low,0.5,41,DSDV,1001,n5,n7,7,73.000,79.515,6.515,1
3,low,0.5,41,AODV,1001,n5,n7,7,73.000,79.515,6.515,1
3,low,0.5,41,OLSR,1001,n5,n7,7,73.000,79.515,6.515,1
3,low,0.5,41,DSR,1001,n5,n7,7,73.000,79.515,6.515,1
3,low,0.5,44,DSDV,1001,n3,n5,6,43.000,49.354,6.354,1
3,low,0.5,44,DSDV,1001,n5,n7,7,133.000,138.556,5.556,1
3,low,0.5,44,DSDV,1001,n5,n7,7,193.000,199.164,6.164,1
3,low,0.5,44,AODV,1001,n3,n5,6,43.000,49.354,6.354,1
3,low,0.5,44,AODV,1001,n5,n7,7,133.000,138.556,5.556,1
3,low,0.5,44,AODV,1001,n5,n7,7,193.000,199.164,6.164,1
3,low,0.5,44,OLSR,1001,n3,n5,6,43.000,49.354,6.354,1
3,low,0.5,44,OLSR,1001,n5,n7,7,133.000,138.556,5.556,1
3,low,0.5,44,OLSR,1001,n5,n7,7,193.000,199.164,6.164,1
3,low,0.5,44,DSR,1001,n3,n5,6,43.000,49.354,6.354,1
3,low,0.5,44,DSR,1001,n5,n7,7,133.000,138.556,5.556,1
3,low,0.5,44,DSR,1001,n5,n7,7,193.000,199.164,6.164,1
3,low,1.0,37,sim,1001,n3,n5,6,43.000,48.234,5.234,1
3,low,1.0,37,AODV,1001,n3,n5,6,43.000,48.234,5.234,1
3,low,1.0,37,OLSR,1001,n3,n5,6,43.000,48.234,5.234,1
3,low,1.0,37,DSR,1001,n3,n5,6,43.000,48.234,5.234,1
3,low,1.0,40,DSDV,1001,n3,n5,6,43.000,48.556,5.556,1
3,low,1.0,40,DSDV,1001,n3,n5,6,103.000,109.164,6.164,1
3,low,1.0,40,AODV,1001,n3,n5,6,43.000,48.556,5.556,1
3,low,1.0,40,AODV,1001,n3,n5,6,103.000,109.164,6.164,1
3,low,1.0,40,OLSR,1001,n3,n5,6,43.000,48.556,5.556,1
3,low,1.0,40,OLSR,1001,n3,n5,6,103.000,109.164,6.164,1
3,low,1.0,40,DSR,1001,n3,n5,6,43.000,48.556,5.556,1
3,low,1.0,40,DSR,1001,n3,n5,6,103.000,109.164,6.164,1
3,low,1.0,41,DSDV,1001,n5,n7,7,73.000,79.515,6.515,1
3,low,1.0,41,AODV,1001,n5,n7,7,73.000,79.515,6.515,1
3,low,1.0,41,OLSR,1001,n5,n7,7,73.000,79.515,6.515,1
3,low,1.0,41,DSR,1001,n5,n7,7,73.000,79.515,6.515,1
3,low,1.0,44,DSDV,1001,n3,n5,6,43.000,49.354,6.354,1
3,low,1.0,44,DSDV,1001,n5,n7,7,133.000,138.556,5.556,1
3,low,1.0,44,DSDV,1001,n5,n7,7,193.000,199.164,6.164,1
3,low,1.0,44,AODV,1001,n3,n5,6,43.000,49.354,6.354,1
3,low,1.0,44,AODV,1001,n5,n7,7,133.000,138.556,5.556,1
3,low,1.0,44,AODV,1001,n5,n7,7,193.000,199.164,6.164,1
3,low,1.0,44,OLSR,1001,n3,n5,6,43.000,49.354,6.354,1
3,low,1.0,44,OLSR,1001,n5,n7,7,133.000,138.556,5.556,1
3,low,1.0,44,OLSR,1001,n5,n7,7,193.000,199.164,6.164,1
3,low,1.0,44,DSR,1001,n3,n5,6,43.000,49.354,6.354,1
3,low,1.0,44,DSR,1001,n5,n7,7,133.000,138.556,5.556,1
3,low,1.0,44,DSR,1001,n5,n7,7,193.000,199.164,6.164,1
3,low,1.5,37,sim,1001,n3,n5,6,43.000,48.234,5.234,1
3,low,1.5,37,AODV,1001,n3,n5,6,43.000,48.234,5.234,1
3,low,1.5,37,OLSR,1001,n3,n5,6,43.000,48.234,5.234,1
3,low,1.5,37,DSR,1001,n3,n5,6,43.000,48.234,5.234,1
3,low,1.5,40,DSDV,1001,n3,n5,6,43.000,48.556,5.556,1
3,low,1.5,40,DSDV,1001,n3,n5,6,103.000,109.164,6.164,1
3,low,1.5,40,AODV,1001,n3,n5,6,43.000,48.556,5.556,1
3,low,1.5,40,AODV,1001,n3,n5,6,103.000,109.164,6.164,1
3,low,1.5,40,OLSR,1001,n3,n5,6,43.000,48.556,5.556,1
3,low,1.5,40,OLSR,1001,n3,n5,6,103.000,109.164,6.164,1
3,low,1.5,40,DSR,1001,n3,n5,6,43.000,48.556,5.556,1
3,low,1.5,40,DSR,1001,n3,n5,6,103.000,109.164,6.164,1
3,low,1.5,41,DSDV,1001,n5,n7,7,73.000,79.515,6.515,1
3,low,1.5,41,AODV,1001,n5,n7,7,73.000,79.515,6.515,1
3,low,1.5,41,OLSR,1001,n5,n7,7,73.000,79.515,6.515,1
3,low,1.5,41,DSR,1001,n5,n7,7,73.000,79.515,6.515,1
3,low,1.5,44,DSDV,1001,n3,n5,6,43.000,49.354,6.354,1
3,low,1.5,44,DSDV,1001,n5,n7,7,133.000,138.556,5.556,1
3,low,1.5,44,DSDV,1001,n5,n7,7,193.000,199.164,6.164,1
3,low,1.5,44,AODV,1001,n3,n5,6,43.000,49.354,6.354,1
3,low,1.5,44,AODV,1001,n5,n7,7,133.000,138.556,5.556,1
3,low,1.5,44,AODV,1001,n5,n7,7,193.000,199.164,6.164,1
3,low,1.5,44,OLSR,1001,n3,n5,6,43.000,49.354,6.354,1
3,low,1.5,44,OLSR,1001,n5,n7,7,133.000,138.556,5.556,1
3,low,1.5,44,OLSR,1001,n5,n7,7,193.000,199.164,6.164,1
3,low,1.5,44,DSR,1001,n3,n5,6,43.000,49.354,6.354,1
3,low,1.5,44,DSR,1001,n5,n7,7,133.000,138.556,5.556,1
3,low,1.5,44,DSR,1001,n5,n7,7,193.000,199.164,6.164,1
3,low,2.0,37,sim,1001,n3,n5,6,43.000,48.234,5.234,1
3,low,2.0,37,AODV,1001,n3,n5,6,43.000,48.234,5.234,1
3,low,2.0,37,OLSR,1001,n3,n5,6,43.000,48.234,5.234,1
3,low,2.0,37,DSR,1001,n3,n5,6,43.000,48.234,5.234,1
3,low,2.0,40,DSDV,1001,n3,n5,6,43.000,48.556,5.556,1
3,low,2.0,40,DSDV,1001,n3,n5,6,103.000,109.164,6.164,1
3,low,2.0,40,AODV,1001,n3,n5,6,43.000,48.556,5.556,1
3,low,2.0,40,AODV,1001,n3,n5,6,103.000,109.164,6.164,1
3,low,2.0,40,OLSR,1001,n3,n5,6,43.000,48.556,5.556,1
3,low,2.0,40,OLSR,1001,n3,n5,6,103.000,109.164,6.164,1
3,low,2.0,40,DSR,1001,n3,n5,6,43.000,48.556,5.556,1
3,low,2.0,40,DSR,1001,n3,n5,6,103.000,109.164,6.164,1
3,low,2.0,41,DSDV,1001,n5,n7,7,73.000,79.515,6.515,1
3,low,2.0,41,AODV,1001,n5,n7,7,73.000,79.515,6.515,1
3,low,2.0,41,OLSR,1001,n5,n7,7,73.000,79.515,6.515,1
3,low,2.0,41,DSR,1001,n5,n7,7,73.000,79.515,6.515,1
3,low,2.0,44,DSDV,1001,n3,n5,6,43.000,49.354,6.354,1
3,low,2.0,44,DSDV,1001,n5,n7,7,133.000,138.556,5.556,1
3,low,2.0,44,DSDV,1001,n5,n7,7,193.000,199.164,6.164,1
3,low,2.0,44,AODV,1001,n3,n5,6,43.000,49.354,6.354,1
3,low,2.0,44,AODV,1001,n5,n7,7,133.000,138.556,5.556,1
3,low,2.0,44,AODV,1001,n5,n7,7,193.000,199.164,6.164,1
3,low,2.0,44,OLSR,1001,n3,n5,6,43.000,49.354,6.354,1
3,low,2.0,44,OLSR,1001,n5,n7,7,133.000,138.556,5.556,1
3,low,2.0,44,OLSR,1001,n5,n7,7,193.000,199.164,6.164,1
3,low,2.0,44,DSR,1001,n3,n5,6,43.000,49.354,6.354,1
3,low,2.0,44,DSR,1001,n5,n7,7,133.000,138.556,5.556,1
3,low,2.0,44,DSR,1001,n5,n7,7,193.000,199.164,6.164,1
3,low,3.0,37,sim,1001,n3,n5,6,43.000,48.234,5.234,1
3,low,3.0,37,AODV,1001,n3,n5,6,43.000,48.234,5.234,1
3,low,3.0,37,OLSR,1001,n3,n5,6,43.000,48.234,5.234,1
3,low,3.0,37,DSR,1001,n3,n5,6,43.000,48.234,5.234,1
3,low,3.0,40,DSDV,1001,n3,n5,6,43.000,48.556,5.556,1
3,low,3.0,40,DSDV,1001,n3,n5,6,103.000,109.164,6.164,1
3,low,3.0,40,AODV,1001,n3,n5,6,43.000,48.556,5.556,1
3,low,3.0,40,AODV,1001,n3,n5,6,103.000,109.164,6.164,1
3,low,3.0,40,OLSR,1001,n3,n5,6,43.000,48.556,5.556,1
3,low,3.0,40,OLSR,1001,n3,n5,6,103.000,109.164,6.164,1
3,low,3.0,40,DSR,1001,n3,n5,6,43.000,48.556,5.556,1
3,low,3.0,40,DSR,1001,n3,n5,6,103.000,109.164,6.164,1
3,low,3.0,41,DSDV,1001,n5,n7,7,73.000,79.515,6.515,1
3,low,3.0,41,AODV,1001,n5,n7,7,73.000,79.515,6.515,1
3,low,3.0,41,OLSR,1001,n5,n7,7,73.000,79.515,6.515,1
3,low,3.0,41,DSR,1001,n5,n7,7,73.000,79.515,6.515,1
3,low,3.0,44,DSDV,1001,n3,n5,6,43.000,49.354,6.354,1
3,low,3.0,44,DSDV,1001,n5,n7,7,133.000,138.556,5.556,1
3,low,3.0,44,DSDV,1001,n5,n7,7,193.000,199.164,6.164,1
3,low,3.0,44,AODV,1001,n3,n5,6,43.000,49.354,6.354,1
3,low,3.0,44,AODV,1001,n5,n7,7,133.000,138.556,5.556,1
3,low,3.0,44,AODV,1001,n5,n7,7,193.000,199.164,6.164,1
3,low,3.0,44,OLSR,1001,n3,n5,6,43.000,49.354,6.354,1
3,low,3.0,44,OLSR,1001,n5,n7,7,133.000,138.556,5.556,1
3,low,3.0,44,OLSR,1001,n5,n7,7,193.000,199.164,6.164,1
3,low,3.0,44,DSR,1001,n3,n5,6,43.000,49.354,6.354,1
3,low,3.0,44,DSR,1001,n5,n7,7,133.000,138.556,5.556,1
3,low,3.0,44,DSR,1001,n5,n7,7,193.000,199.164,6.164,1
3,low,4.0,37,sim,1001,n3,n5,6,43.000,48.234,5.234,1
3,low,4.0,37,AODV,1001,n3,n5,6,43.000,48.234,5.234,1
3,low,4.0,37,OLSR,1001,n3,n5,6,43.000,48.234,5.234,1
3,low,4.0,37,DSR,1001,n3,n5,6,43.000,48.234,5.234,1
3,low,4.0,40,DSDV,1001,n3,n5,6,43.000,48.556,5.556,1
3,low,4.0,40,DSDV,1001,n3,n5,6,103.000,109.164,6.164,1
3,low,4.0,40,AODV,1001,n3,n5,6,43.000,48.556,5.556,1
3,low,4.0,40,AODV,1001,n3,n5,6,103.000,109.164,6.164,1
3,low,4.0,40,OLSR,1001,n3,n5,6,43.000,48.556,5.556,1
3,low,4.0,40,OLSR,1001,n3,n5,6,103.000,109.164,6.164,1
3,low,4.0,40,DSR,1001,n3,n5,6,43.000,48.556,5.556,1
3,low,4.0,40,DSR,1001,n3,n5,6,103.000,109.164,6.164,1
3,low,4.0,41,DSDV,1001,n5,n7,7,73.000,79.515,6.515,1
3,low,4.0,41,AODV,1001,n5,n7,7,73.000,79.515,6.515,1
3,low,4.0,41,OLSR,1001,n5,n7,7,73.000,79.515,6.515,1
3,low,4.0,41,DSR,1001,n5,n7,7,73.000,79.515,6.515,1
3,low,4.0,44,DSDV,1001,n3,n5,6,43.000,49.354,6.354,1
3,low,4.0,44,DSDV,1001,n5,n7,7,133.000,138.556,5.556,1
3,low,4.0,44,DSDV,1001,n5,n7,7,193.000,199.164,6.164,1
3,low,4.0,44,AODV,1001,n3,n5,6,43.000,49.354,6.354,1
3,low,4.0,44,AODV,1001,n5,n7,7,133.000,138.556,5.556,1
3,low,4.0,44,AODV,1001,n5,n7,7,193.000,199.164,6.164,1
3,low,4.0,44,OLSR,1001,n3,n5,6,43.000,49.354,6.354,1
3,low,4.0,44,OLSR,1001,n5,n7,7,133.000,138.556,5.556,1
3,low,4.0,44,OLSR,1001,n5,n7,7,193.000,199.164,6.164,1
3,low,4.0,44,DSR,1001,n3,n5,6,43.000,49.354,6.354,1
3,low,4.0,44,DSR,1001,n5,n7,7,133.000,138.556,5.556,1
3,low,4.0,44,DSR,1001,n5,n7,7,193.000,199.164,6.164,1
3,low,5.0,37,sim,1001,n3,n5,6,43.000,48.234,5.234,1
3,low,5.0,37,AODV,1001,n3,n5,6,43.000,48.234,5.234,1
3,low,5.0,37,OLSR,1001,n3,n5,6,43.000,48.234,5.234,1
3,low,5.0,37,DSR,1001,n3,n5,6,43.000,48.234,5.234,1
3,low,5.0,40,DSDV,1001,n3,n5,6,43.000,48.556,5.556,1
3,low,5.0,40,DSDV,1001,n3,n5,6,103.000,109.164,6.164,1
3,low,5.0,40,AODV,1001,n3,n5,6,43.000,48.556,5.556,1
3,low,5.0,40,AODV,1001,n3,n5,6,103.000,109.164,6.164,1
3,low,5.0,40,OLSR,1001,n3,n5,6,43.000,48.556,5.556,1
3,low,5.0,40,OLSR,1001,n3,n5,6,103.000,109.164,6.164,1
3,low,5.0,40,DSR,1001,n3,n5,6,43.000,48.556,5.556,1
3,low,5.0,40,DSR,1001,n3,n5,6,103.000,109.164,6.164,1
3,low,5.0,41,DSDV,1001,n5,n7,7,73.000,79.515,6.515,1
3,low,5.0,41,AODV,1001,n5,n7,7,73.000,79.515,6.515,1
3,low,5.0,41,OLSR,1001,n5,n7,7,73.000,79.515,6.515,1
3,low,5.0,41,DSR,1001,n5,n7,7,73.000,79.515,6.515,1
3,low,5.0,44,DSDV,1001,n3,n5,6,43.000,49.354,6.354,1
3,low,5.0,44,DSDV,1001,n5,n7,7,133.000,138.556,5.556,1
3,low,5.0,44,DSDV,1001,n5,n7,7,193.000,199.164,6.164,1
3,low,5.0,44,AODV,1001,n3,n5,6,43.000,49.354,6.354,1
3,low,5.0,44,AODV,1001,n5,n7,7,133.000,138.556,5.556,1
3,low,5.0,44,AODV,1001,n5,n7,7,193.000,199.164,6.164,1
3,low,5.0,44,OLSR,1001,n3,n5,6,43.000,49.354,6.354,1
3,low,5.0,44,OLSR,1001,n5,n7,7,133.000,138.556,5.556,1
3,low,5.0,44,OLSR,1001,n5,n7,7,193.000,199.164,6.164,1
3,low,5.0,44,DSR,1001,n3,n5,6,43.000,49.354,6.354,1
3,low,5.0,44,DSR,1001,n5,n7,7,133.000,138.556,5.556,1
3,low,5.0,44,DSR,1001,n5,n7,7,193.000,199.164,6.164,1
3,low,6.0,37,sim,1001,n3,n5,6,43.000,48.234,5.234,1
3,low,6.0,37,AODV,1001,n3,n5,6,43.000,48.234,5.234,1
3,low,6.0,37,OLSR,1001,n3,n5,6,43.000,48.234,5.234,1
3,low,6.0,37,DSR,1001,n3,n5,6,43.000,48.234,5.234,1
3,low,6.0,40,DSDV,1001,n3,n5,6,43.000,48.556,5.556,1
3,low,6.0,40,DSDV,1001,n3,n5,6,103.000,109.164,6.164,1
3,low,6.0,40,AODV,1001,n3,n5,6,43.000,48.556,5.556,1
3,low,6.0,40,AODV,1001,n3,n5,6,103.000,109.164,6.164,1
3,low,6.0,40,OLSR,1001,n3,n5,6,43.000,48.556,5.556,1
3,low,6.0,40,OLSR,1001,n3,n5,6,103.000,109.164,6.164,1
3,low,6.0,40,DSR,1001,n3,n5,6,43.000,48.556,5.556,1
3,low,6.0,40,DSR,1001,n3,n5,6,103.000,109.164,6.164,1
3,low,6.0,41,DSDV,1001,n5,n7,7,73.000,79.515,6.515,1
3,low,6.0,41,AODV,1001,n5,n7,7,73.000,79.515,6.515,1
3,low,6.0,41,OLSR,1001,n5,n7,7,73.000,79.515,6.515,1
3,low,6.0,41,DSR,1001,n5,n7,7,73.000,79.515,6.515,1
3,low,6.0,44,DSDV,1001,n3,n5,6,43.000,49.354,6.354,1
3,low,6.0,44,DSDV,1001,n5,n7,7,133.000,138.556,5.556,1
3,low,6.0,44,DSDV,1001,n5,n7,7,193.000,199.164,6.164,1
3,low,6.0,44,AODV,1001,n3,n5,6,43.000,49.354,6.354,1
3,low,6.0,44,AODV,1001,n5,n7,7,133.000,138.556,5.556,1
3,low,6.0,44,AODV,1001,n5,n7,7,193.000,199.164,6.164,1
3,low,6.0,44,OLSR,1001,n3,n5,6,43.000,49.354,6.354,1
3,low,6.0,44,OLSR,1001,n5,n7,7,133.000,138.556,5.556,1
3,low,6.0,44,OLSR,1001,n5,n7,7,193.000,199.164,6.164,1
3,low,6.0,44,DSR,1001,n3,n5,6,43.000,49.354,6.354,1
3,low,6.0,44,DSR,1001,n5,n7,7,133.000,138.556,5.556,1
3,low,6.0,44,DSR,1001,n5,n7,7,193.000,199.164,6.164,1
3,low,6.5,37,sim,1001,n3,n5,6,43.000,48.234,5.234,1
3,low,6.5,37,AODV,1001,n3,n5,6,43.000,48.234,5.234,1
3,low,6.5,37,OLSR,1001,n3,n5,6,43.000,48.234,5.234,1
3,low,6.5,37,DSR,1001,n3,n5,6,43.000,48.234,5.234,1
3,low,6.5,40,DSDV,1001,n3,n5,6,43.000,48.556,5.556,1
3,low,6.5,40,DSDV,1001,n3,n5,6,103.000,109.164,6.164,1
3,low,6.5,40,AODV,1001,n3,n5,6,43.000,48.556,5.556,1
3,low,6.5,40,AODV,1001,n3,n5,6,103.000,109.164,6.164,1
3,low,6.5,40,OLSR,1001,n3,n5,6,43.000,48.556,5.556,1
3,low,6.5,40,OLSR,1001,n3,n5,6,103.000,109.164,6.164,1
3,low,6.5,40,DSR,1001,n3,n5,6,43.000,48.556,5.556,1
3,low,6.5,40,DSR,1001,n3,n5,6,103.000,109.164,6.164,1
3,low,6.5,41,DSDV,1001,n5,n7,7,73.000,79.515,6.515,1
3,low,6.5,41,AODV,1001,n5,n7,7,73.000,79.515,6.515,1
3,low,6.5,41,OLSR,1001,n5,n7,7,73.000,79.515,6.515,1
3,low,6.5,41,DSR,1001,n5,n7,7,73.000,79.515,6.515,1
3,low,6.5,44,DSDV,1001,n3,n5,6,43.000,49.354,6.354,1
3,low,6.5,44,DSDV,1001,n5,n7,7,133.000,138.556,5.556,1
3,low,6.5,44,DSDV,1001,n5,n7,7,193.000,199.164,6.164,1
3,low,6.5,44,AODV,1001,n3,n5,6,43.000,49.354,6.354,1
3,low,6.5,44,AODV,1001,n5,n7,7,133.000,138.556,5.556,1
3,low,6.5,44,AODV,1001,n5,n7,7,193.000,199.164,6.164,1
3,low,6.5,44,OLSR,1001,n3,n5,6,43.000,49.354,6.354,1
3,low,6.5,44,OLSR,1001,n5,n7,7,133.000,138.556,5.556,1
3,low,6.5,44,OLSR,1001,n5,n7,7,193.000,199.164,6.164,1
3,low,6.5,44,DSR,1001,n3,n5,6,43.000,49.354,6.354,1
3,low,6.5,44,DSR,1001,n5,n7,7,133.000,138.556,5.556,1
3,low,6.5,44,DSR,1001,n5,n7,7,193.000,199.164,6.164,1
3,low,7.0,37,sim,1001,n3,n5,6,43.000,48.234,5.234,1
3,low,7.0,37,AODV,1001,n3,n5,6,43.000,48.234,5.234,1
3,low,7.0,37,OLSR,1001,n3,n5,6,43.000,48.234,5.234,1
3,low,7.0,37,DSR,1001,n3,n5,6,43.000,48.234,5.234,1
3,low,7.0,40,DSDV,1001,n3,n5,6,43.000,48.556,5.556,1
3,low,7.0,40,DSDV,1001,n3,n5,6,103.000,109.164,6.164,1
3,low,7.0,40,AODV,1001,n3,n5,6,43.000,48.556,5.556,1
3,low,7.0,40,AODV,1001,n3,n5,6,103.000,109.164,6.164,1
3,low,7.0,40,OLSR,1001,n3,n5,6,43.000,48.556,5.556,1
3,low,7.0,40,OLSR,1001,n3,n5,6,103.000,109.164,6.164,1
3,low,7.0,40,DSR,1001,n3,n5,6,43.000,48.556,5.556,1
3,low,7.0,40,DSR,1001,n3,n5,6,103.000,109.164,6.164,1
3,low,7.0,41,DSDV,1001,n5,n7,7,73.000,79.515,6.515,1
3,low,7.0,41,AODV,1001,n5,n7,7,73.000,79.515,6.515,1
3,low,7.0,41,OLSR,1001,n5,n7,7,73.000,79.515,6.515,1
3,low,7.0,41,DSR,1001,n5,n7,7,73.000,79.515,6.515,1
3,low,7.0,44,DSDV,1001,n3,n5,6,43.000,49.354,6.354,1
3,low,7.0,44,DSDV,1001,n5,n7,7,133.000,138.556,5.556,1
3,low,7.0,44,DSDV,1001,n5,n7,7,193.000,199.164,6.164,1
3,low,7.0,44,AODV,1001,n3,n5,6,43.000,49.354,6.354,1
3,low,7.0,44,AODV,1001,n5,n7,7,133.000,138.556,5.556,1
3,low,7.0,44,AODV,1001,n5,n7,7,193.000,199.164,6.164,1
3,low,7.0,44,OLSR,1001,n3,n5,6,43.000,49.354,6.354,1
3,low,7.0,44,OLSR,1001,n5,n7,7,133.000,138.556,5.556,1
3,low,7.0,44,OLSR,1001,n5,n7,7,193.000,199.164,6.164,1
3,low,7.0,44,DSR,1001,n3,n5,6,43.000,49.354,6.354,1
3,low,7.0,44,DSR,1001,n5,n7,7,133.000,138.556,5.556,1
3,low,7.0,44,DSR,1001,n5,n7,7,193.000,199.164,6.164,1
3,low,8.0,37,sim,1001,n3,n5,6,43.000,48.234,5.234,1
3,low,8.0,37,AODV,1001,n3,n5,6,43.000,48.234,5.234,1
3,low,8.0,37,OLSR,1001,n3,n5,6,43.000,48.234,5.234,1
3,low,8.0,37,DSR,1001,n3,n5,6,43.000,48.234,5.234,1
3,low,8.0,40,DSDV,1001,n3,n5,6,43.000,48.556,5.556,1
3,low,8.0,40,DSDV,1001,n3,n5,6,103.000,109.164,6.164,1
3,low,8.0,40,AODV,1001,n3,n5,6,43.000,48.556,5.556,1
3,low,8.0,40,AODV,1001,n3,n5,6,103.000,109.164,6.164,1
3,low,8.0,40,OLSR,1001,n3,n5,6,43.000,48.556,5.556,1
3,low,8.0,40,OLSR,1001,n3,n5,6,103.000,109.164,6.164,1
3,low,8.0,40,DSR,1001,n3,n5,6,43.000,48.556,5.556,1
3,low,8.0,40,DSR,1001,n3,n5,6,103.000,109.164,6.164,1
3,low,8.0,41,DSDV,1001,n5,n7,7,73.000,79.515,6.515,1
3,low,8.0,41,AODV,1001,n5,n7,7,73.000,79.515,6.515,1
3,low,8.0,41,OLSR,1001,n5,n7,7,73.000,79.515,6.515,1
3,low,8.0,41,DSR,1001,n5,n7,7,73.000,79.515,6.515,1
3,low,8.0,44,DSDV,1001,n3,n5,6,43.000,49.354,6.354,1
3,low,8.0,44,DSDV,1001,n5,n7,7,133.000,138.556,5.556,1
3,low,8.0,44,DSDV,1001,n5,n7,7,193.000,199.164,6.164,1
3,low,8.0,44,AODV,1001,n3,n5,6,43.000,49.354,6.354,1
3,low,8.0,44,AODV,1001,n5,n7,7,133.000,138.556,5.556,1
3,low,8.0,44,AODV,1001,n5,n7,7,193.000,199.164,6.164,1
3,low,8.0,44,OLSR,1001,n3,n5,6,43.000,49.354,6.354,1
3,low,8.0,44,OLSR,1001,n5,n7,7,133.000,138.556,5.556,1
3,low,8.0,44,OLSR,1001,n5,n7,7,193.000,199.164,6.164,1
3,low,8.0,44,DSR,1001,n3,n5,6,43.000,49.354,6.354,1
3,low,8.0,44,DSR,1001,n5,n7,7,133.000,138.556,5.556,1
3,low,8.0,44,DSR,1001,n5,n7,7,193.000,199.164,6.164,1
3,low,10.0,37,sim,1001,n3,n5,6,43.000,48.234,5.234,1
3,low,10.0,37,AODV,1001,n3,n5,6,43.000,48.234,5.234,1
3,low,10.0,37,OLSR,1001,n3,n5,6,43.000,48.234,5.234,1
3,low,10.0,37,DSR,1001,n3,n5,6,43.000,48.234,5.234,1
3,low,10.0,40,DSDV,1001,n3,n5,6,43.000,48.556,5.556,1
3,low,10.0,40,DSDV,1001,n3,n5,6,103.000,109.164,6.164,1
3,low,10.0,40,AODV,1001,n3,n5,6,43.000,48.556,5.556,1
3,low,10.0,40,AODV,1001,n3,n5,6,103.000,109.164,6.164,1
3,low,10.0,40,OLSR,1001,n3,n5,6,43.000,48.556,5.556,1
3,low,10.0,40,OLSR,1001,n3,n5,6,103.000,109.164,6.164,1
3,low,10.0,40,DSR,1001,n3,n5,6,43.000,48.556,5.556,1
3,low,10.0,40,DSR,1001,n3,n5,6,103.000,109.164,6.164,1
3,low,10.0,41,DSDV,1001,n5,n7,7,73.000,79.515,6.515,1
3,low,10.0,41,AODV,1001,n5,n7,7,73.000,79.515,6.515,1
3,low,10.0,41,OLSR,1001,n5,n7,7,73.000,79.515,6.515,1
3,low,10.0,41,DSR,1001,n5,n7,7,73.000,79.515,6.515,1
3,low,10.0,44,DSDV,1001,n3,n5,6,43.000,49.354,6.354,1
3,low,10.0,44,DSDV,1001,n5,n7,7,133.000,138.556,5.556,1
3,low,10.0,44,DSDV,1001,n5,n7,7,193.000,199.164,6.164,1
3,low,10.0,44,AODV,1001,n3,n5,6,43.000,49.354,6.354,1
3,low,10.0,44,AODV,1001,n5,n7,7,133.000,138.556,5.556,1
3,low,10.0,44,AODV,1001,n5,n7,7,193.000,199.164,6.164,1
3,low,10.0,44,OLSR,1001,n3,n5,6,43.000,49.354,6.354,1
3,low,10.0,44,OLSR,1001,n5,n7,7,133.000,138.556,5.556,1
3,low,10.0,44,OLSR,1001,n5,n7,7,193.000,199.164,6.164,1
3,low,10.0,44,DSR,1001,n3,n5,6,43.000,49.354,6.354,1
3,low,10.0,44,DSR,1001,n5,n7,7,133.000,138.556,5.556,1
3,low,10.0,44,DSR,1001,n5,n7,7,193.000,199.164,6.164,1
3,medium,0.25,37,sim,1001,n3,n5,6,43.000,50.323,7.323,1
3,medium,0.25,37,sim,1001,n5,n7,7,133.000,138.378,5.378,1
3,medium,0.25,37,sim,1001,n5,n7,7,193.000,198.645,5.645,1
3,medium,0.25,37,sim,1001,n5,n7,7,253.000,260.182,7.182,1
3,medium,0.25,37,sim,1001,n5,n7,7,313.000,318.891,5.891,1
3,medium,0.25,37,sim,1001,n5,n7,7,373.000,379.156,6.156,1
3,medium,0.25,37,sim,1001,n5,n7,7,433.000,439.834,6.834,1
3,medium,0.25,37,AODV,1001,n3,n5,6,43.000,50.323,7.323,1
3,medium,0.25,37,AODV,1001,n5,n7,7,133.000,138.378,5.378,1
3,medium,0.25,37,AODV,1001,n5,n7,7,193.000,198.645,5.645,1
3,medium,0.25,37,AODV,1001,n5,n7,7,253.000,260.182,7.182,1
3,medium,0.25,37,AODV,1001,n5,n7,7,313.000,318.891,5.891,1
3,medium,0.25,37,AODV,1001,n5,n7,7,373.000,379.156,6.156,1
3,medium,0.25,37,AODV,1001,n5,n7,7,433.000,439.834,6.834,1
3,medium,0.25,37,OLSR,1001,n3,n5,6,43.000,50.323,7.323,1
3,medium,0.25,37,OLSR,1001,n5,n7,7,133.000,138.378,5.378,1
3,medium,0.25,37,OLSR,1001,n5,n7,7,193.000,198.645,5.645,1
3,medium,0.25,37,OLSR,1001,n5,n7,7,253.000,260.182,7.182,1
3,medium,0.25,37,OLSR,1001,n5,n7,7,313.000,318.891,5.891,1
3,medium,0.25,37,OLSR,1001,n5,n7,7,373.000,379.156,6.156,1
3,medium,0.25,37,OLSR,1001,n5,n7,7,433.000,439.834,6.834,1
3,medium,0.25,37,DSR,1001,n3,n5,6,43.000,50.323,7.323,1
3,medium,0.25,37,DSR,1001,n5,n7,7,133.000,138.378,5.378,1
3,medium,0.25,37,DSR,1001,n5,n7,7,193.000,198.645,5.645,1
3,medium,0.25,37,DSR,1001,n5,n7,7,253.000,260.182,7.182,1
3,medium,0.25,37,DSR,1001,n5,n7,7,313.000,318.891,5.891,1
3,medium,0.25,37,DSR,1001,n5,n7,7,373.000,379.156,6.156,1
3,medium,0.25,37,DSR,1001,n5,n7,7,433.000,439.834,6.834,1
3,medium,0.25,38,DSDV,1001,n5,n7,7,73.000,78.645,5.645,1
3,medium,0.25,38,DSDV,1001,n5,n7,7,133.000,139.976,6.976,1
3,medium,0.25,38,AODV,1001,n5,n7,7,73.000,78.645,5.645,1
3,medium,0.25,38,AODV,1001,n5,n7,7,133.000,139.976,6.976,1
3,medium,0.25,38,OLSR,1001,n5,n7,7,73.000,78.645,5.645,1
3,medium,0.25,38,OLSR,1001,n5,n7,7,133.000,139.976,6.976,1
3,medium,0.25,38,DSR,1001,n5,n7,7,73.000,78.645,5.645,1
3,medium,0.25,38,DSR,1001,n5,n7,7,133.000,139.976,6.976,1
3,medium,0.25,39,DSDV,1001,n5,n7,7,73.000,78.891,5.891,1
3,medium,0.25,39,DSDV,1001,n5,n7,7,133.000,142.437,9.437,1
3,medium,0.25,39,DSDV,1001,n5,n7,7,193.000,198.765,5.765,1
3,medium,0.25,39,DSDV,1001,n5,n7,7,253.000,259.976,6.976,1
3,medium,0.25,39,AODV,1001,n5,n7,7,73.000,78.891,5.891,1
3,medium,0.25,39,AODV,1001,n5,n7,7,133.000,142.437,9.437,1
3,medium,0.25,39,AODV,1001,n5,n7,7,193.000,198.765,5.765,1
3,medium,0.25,39,AODV,1001,n5,n7,7,253.000,259.976,6.976,1
3,medium,0.25,39,OLSR,1001,n5,n7,7,73.000,78.891,5.891,1
3,medium,0.25,39,OLSR,1001,n5,n7,7,133.000,142.437,9.437,1
3,medium,0.25,39,OLSR,1001,n5,n7,7,193.000,198.765,5.765,1
3,medium,0.25,39,OLSR,1001,n5,n7,7,253.000,259.976,6.976,1
3,medium,0.25,39,DSR,1001,n5,n7,7,73.000,78.891,5.891,1
3,medium,0.25,39,DSR,1001,n5,n7,7,133.000,142.437,9.437,1
3,medium,0.25,39,DSR,1001,n5,n7,7,193.000,198.765,5.765,1
3,medium,0.25,39,DSR,1001,n5,n7,7,253.000,259.976,6.976,1
3,medium,0.25,40,DSDV,1001,n3,n5,6,43.000,50.787,7.787,1
3,medium,0.25,40,DSDV,1001,n3,n5,6,103.000,111.689,8.689,1
3,medium,0.25,40,DSDV,1001,n5,n7,7,193.000,198.505,5.505,1
3,medium,0.25,40,DSDV,1001,n5,n7,7,253.000,258.098,5.098,1
3,medium,0.25,40,AODV,1001,n3,n5,6,43.000,50.787,7.787,1
3,medium,0.25,40,AODV,1001,n3,n5,6,103.000,111.689,8.689,1
3,medium,0.25,40,AODV,1001,n5,n7,7,193.000,198.505,5.505,1
3,medium,0.25,40,AODV,1001,n5,n7,7,253.000,258.098,5.098,1
3,medium,0.25,40,OLSR,1001,n3,n5,6,43.000,50.787,7.787,1
3,medium,0.25,40,OLSR,1001,n3,n5,6,103.000,111.689,8.689,1
3,medium,0.25,40,OLSR,1001,n5,n7,7,193.000,198.505,5.505,1
3,medium,0.25,40,OLSR,1001,n5,n7,7,253.000,258.098,5.098,1
3,medium,0.25,40,DSR,1001,n3,n5,6,43.000,50.787,7.787,1
3,medium,0.25,40,DSR,1001,n3,n5,6,103.000,111.689,8.689,1
3,medium,0.25,40,DSR,1001,n5,n7,7,193.000,198.505,5.505,1
3,medium,0.25,40,DSR,1001,n5,n7,7,253.000,258.098,5.098,1
3,medium,0.25,41,DSDV,1001,n5,n7,7,73.000,82.209,9.209,1
3,medium,0.25,41,DSDV,1001,n5,n7,7,133.000,138.098,5.098,1
3,medium,0.25,41,AODV,1001,n5,n7,7,73.000,82.209,9.209,1
3,medium,0.25,41,AODV,1001,n5,n7,7,133.000,138.098,5.098,1
3,medium,0.25,41,OLSR,1001,n5,n7,7,73.000,82.209,9.209,1
3,medium,0.25,41,OLSR,1001,n5,n7,7,133.000,138.098,5.098,1
3,medium,0.25,41,DSR,1001,n5,n7,7,73.000,82.209,9.209,1
3,medium,0.25,41,DSR,1001,n5,n7,7,133.000,138.098,5.098,1
3,medium,0.25,43,DSDV,1001,n5,n7,7,73.000,78.505,5.505,1
3,medium,0.25,43,DSDV,1001,n5,n7,7,133.000,138.178,5.178,1
3,medium,0.25,43,DSDV,1001,n5,n7,7,193.000,202.029,9.029,1
3,medium,0.25,43,DSDV,1001,n5,n7,7,253.000,260.422,7.422,1
3,medium,0.25,43,DSDV,1001,n5,n7,7,313.000,322.209,9.209,1
3,medium,0.25,43,AODV,1001,n5,n7,7,73.000,78.505,5.505,1
3,medium,0.25,43,AODV,1001,n5,n7,7,133.000,138.178,5.178,1
3,medium,0.25,43,AODV,1001,n5,n7,7,193.000,202.029,9.029,1
3,medium,0.25,43,AODV,1001,n5,n7,7,253.000,260.422,7.422,1
3,medium,0.25,43,AODV,1001,n5,n7,7,313.000,322.209,9.209,1
3,medium,0.25,43,OLSR,1001,n5,n7,7,73.000,78.505,5.505,1
3,medium,0.25,43,OLSR,1001,n5,n7,7,133.000,138.178,5.178,1
3,medium,0.25,43,OLSR,1001,n5,n7,7,193.000,202.029,9.029,1
3,medium,0.25,43,OLSR,1001,n5,n7,7,253.000,260.422,7.422,1
3,medium,0.25,43,OLSR,1001,n5,n7,7,313.000,322.209,9.209,1
3,medium,0.25,43,DSR,1001,n5,n7,7,73.000,78.505,5.505,1
3,medium,0.25,43,DSR,1001,n5,n7,7,133.000,138.178,5.178,1
3,medium,0.25,43,DSR,1001,n5,n7,7,193.000,202.029,9.029,1
3,medium,0.25,43,DSR,1001,n5,n7,7,253.000,260.422,7.422,1
3,medium,0.25,43,DSR,1001,n5,n7,7,313.000,322.209,9.209,1
3,medium,0.25,44,DSDV,1001,n3,n5,6,43.000,51.969,8.969,1
3,medium,0.25,44,DSDV,1001,n3,n5,6,103.000,108.505,5.505,1
3,medium,0.25,44,DSDV,1001,n3,n5,6,163.000,168.178,5.178,1
3,medium,0.25,44,DSDV,1001,n3,n5,6,223.000,232.029,9.029,1
3,medium,0.25,44,DSDV,1001,n3,n5,6,283.000,290.422,7.422,1
3,medium,0.25,44,DSDV,1001,n3,n5,6,343.000,352.209,9.209,1
3,medium,0.25,44,DSDV,1001,n5,n7,7,433.000,438.956,5.956,1
3,medium,0.25,44,DSDV,1001,n5,n7,7,493.000,502.675,9.675,1
3,medium,0.25,44,AODV,1001,n3,n5,6,43.000,51.969,8.969,1
3,medium,0.25,44,AODV,1001,n3,n5,6,103.000,108.505,5.505,1
3,medium,0.25,44,AODV,1001,n3,n5,6,163.000,168.178,5.178,1
3,medium,0.25,44,AODV,1001,n3,n5,6,223.000,232.029,9.029,1
3,medium,0.25,44,AODV,1001,n3,n5,6,283.000,290.422,7.422,1
3,medium,0.25,44,AODV,1001,n3,n5,6,343.000,352.209,9.209,1
3,medium,0.25,44,AODV,1001,n5,n7,7,433.000,438.956,5.956,1
3,medium,0.25,44,AODV,1001,n5,n7,7,493.000,502.675,9.675,1
3,medium,0.25,44,OLSR,1001,n3,n5,6,43.000,51.969,8.969,1
3,medium,0.25,44,OLSR,1001,n3,n5,6,103.000,108.505,5.505,1
3,medium,0.25,44,OLSR,1001,n3,n5,6,163.000,168.178,5.178,1
3,medium,0.25,44,OLSR,1001,n3,n5,6,223.000,232.029,9.029,1
3,medium,0.25,44,OLSR,1001,n3,n5,6,283.000,290.422,7.422,1
3,medium,0.25,44,OLSR,1001,n3,n5,6,343.000,352.209,9.209,1
3,medium,0.25,44,OLSR,1001,n5,n7,7,433.000,438.956,5.956,1
3,medium,0.25,44,OLSR,1001,n5,n7,7,493.000,502.675,9.675,1
3,medium,0.25,44,DSR,1001,n3,n5,6,43.000,51.969,8.969,1
3,medium,0.25,44,DSR,1001,n3,n5,6,103.000,108.505,5.505,1
3,medium,0.25,44,DSR,1001,n3,n5,6,163.000,168.178,5.178,1
3,medium,0.25,44,DSR,1001,n3,n5,6,223.000,232.029,9.029,1
3,medium,0.25,44,DSR,1001,n3,n5,6,283.000,290.422,7.422,1
3,medium,0.25,44,DSR,1001,n3,n5,6,343.000,352.209,9.209,1
3,medium,0.25,44,DSR,1001,n5,n7,7,433.000,438.956,5.956,1
3,medium,0.25,44,DSR,1001,n5,n7,7,493.000,502.675,9.675,1
3,medium,0.5,37,sim,1001,n3,n5,6,43.000,50.323,7.323,1
3,medium,0.5,37,sim,1001,n5,n7,7,133.000,138.378,5.378,1
3,medium,0.5,37,sim,1001,n5,n7,7,193.000,198.645,5.645,1
3,medium,0.5,37,sim,1001,n5,n7,7,253.000,260.182,7.182,1
3,medium,0.5,37,sim,1001,n5,n7,7,313.000,318.891,5.891,1
3,medium,0.5,37,sim,1001,n5,n7,7,373.000,379.156,6.156,1
3,medium,0.5,37,sim,1001,n5,n7,7,433.000,439.834,6.834,1
3,medium,0.5,37,AODV,1001,n3,n5,6,43.000,50.323,7.323,1
3,medium,0.5,37,AODV,1001,n5,n7,7,133.000,138.378,5.378,1
3,medium,0.5,37,AODV,1001,n5,n7,7,193.000,198.645,5.645,1
3,medium,0.5,37,AODV,1001,n5,n7,7,253.000,260.182,7.182,1
3,medium,0.5,37,AODV,1001,n5,n7,7,313.000,318.891,5.891,1
3,medium,0.5,37,AODV,1001,n5,n7,7,373.000,379.156,6.156,1
3,medium,0.5,37,AODV,1001,n5,n7,7,433.000,439.834,6.834,1
3,medium,0.5,37,OLSR,1001,n3,n5,6,43.000,50.323,7.323,1
3,medium,0.5,37,OLSR,1001,n5,n7,7,133.000,138.378,5.378,1
3,medium,0.5,37,OLSR,1001,n5,n7,7,193.000,198.645,5.645,1
3,medium,0.5,37,OLSR,1001,n5,n7,7,253.000,260.182,7.182,1
3,medium,0.5,37,OLSR,1001,n5,n7,7,313.000,318.891,5.891,1
3,medium,0.5,37,OLSR,1001,n5,n7,7,373.000,379.156,6.156,1
3,medium,0.5,37,OLSR,1001,n5,n7,7,433.000,439.834,6.834,1
3,medium,0.5,37,DSR,1001,n3,n5,6,43.000,50.323,7.323,1
3,medium,0.5,37,DSR,1001,n5,n7,7,133.000,138.378,5.378,1
3,medium,0.5,37,DSR,1001,n5,n7,7,193.000,198.645,5.645,1
3,medium,0.5,37,DSR,1001,n5,n7,7,253.000,260.182,7.182,1
3,medium,0.5,37,DSR,1001,n5,n7,7,313.000,318.891,5.891,1
3,medium,0.5,37,DSR,1001,n5,n7,7,373.000,379.156,6.156,1
3,medium,0.5,37,DSR,1001,n5,n7,7,433.000,439.834,6.834,1
3,medium,0.5,38,DSDV,1001,n5,n7,7,73.000,78.645,5.645,1
3,medium,0.5,38,DSDV,1001,n5,n7,7,133.000,139.976,6.976,1
3,medium,0.5,38,AODV,1001,n5,n7,7,73.000,78.645,5.645,1
3,medium,0.5,38,AODV,1001,n5,n7,7,133.000,139.976,6.976,1
3,medium,0.5,38,OLSR,1001,n5,n7,7,73.000,78.645,5.645,1
3,medium,0.5,38,OLSR,1001,n5,n7,7,133.000,139.976,6.976,1
3,medium,0.5,38,DSR,1001,n5,n7,7,73.000,78.645,5.645,1
3,medium,0.5,38,DSR,1001,n5,n7,7,133.000,139.976,6.976,1
3,medium,0.5,39,DSDV,1001,n5,n7,7,73.000,78.891,5.891,1
3,medium,0.5,39,DSDV,1001,n5,n7,7,133.000,142.437,9.437,1
3,medium,0.5,39,DSDV,1001,n5,n7,7,193.000,198.765,5.765,1
3,medium,0.5,39,DSDV,1001,n5,n7,7,253.000,259.976,6.976,1
3,medium,0.5,39,AODV,1001,n5,n7,7,73.000,78.891,5.891,1
3,medium,0.5,39,AODV,1001,n5,n7,7,133.000,142.437,9.437,1
3,medium,0.5,39,AODV,1001,n5,n7,7,193.000,198.765,5.765,1
3,medium,0.5,39,AODV,1001,n5,n7,7,253.000,259.976,6.976,1
3,medium,0.5,39,OLSR,1001,n5,n7,7,73.000,78.891,5.891,1
3,medium,0.5,39,OLSR,1001,n5,n7,7,133.000,142.437,9.437,1
3,medium,0.5,39,OLSR,1001,n5,n7,7,193.000,198.765,5.765,1
3,medium,0.5,39,OLSR,1001,n5,n7,7,253.000,259.976,6.976,1
3,medium,0.5,39,DSR,1001,n5,n7,7,73.000,78.891,5.891,1
3,medium,0.5,39,DSR,1001,n5,n7,7,133.000,142.437,9.437,1
3,medium,0.5,39,DSR,1001,n5,n7,7,193.000,198.765,5.765,1
3,medium,0.5,39,DSR,1001,n5,n7,7,253.000,259.976,6.976,1
3,medium,0.5,40,DSDV,1001,n3,n5,6,43.000,50.787,7.787,1
3,medium,0.5,40,DSDV,1001,n3,n5,6,103.000,111.689,8.689,1
3,medium,0.5,40,DSDV,1001,n5,n7,7,193.000,198.505,5.505,1
3,medium,0.5,40,DSDV,1001,n5,n7,7,253.000,258.098,5.098,1
3,medium,0.5,40,AODV,1001,n3,n5,6,43.000,50.787,7.787,1
3,medium,0.5,40,AODV,1001,n3,n5,6,103.000,111.689,8.689,1
3,medium,0.5,40,AODV,1001,n5,n7,7,193.000,198.505,5.505,1
3,medium,0.5,40,AODV,1001,n5,n7,7,253.000,258.098,5.098,1
3,medium,0.5,40,OLSR,1001,n3,n5,6,43.000,50.787,7.787,1
3,medium,0.5,40,OLSR,1001,n3,n5,6,103.000,111.689,8.689,1
3,medium,0.5,40,OLSR,1001,n5,n7,7,193.000,198.505,5.505,1
3,medium,0.5,40,OLSR,1001,n5,n7,7,253.000,258.098,5.098,1
3,medium,0.5,40,DSR,1001,n3,n5,6,43.000,50.787,7.787,1
3,medium,0.5,40,DSR,1001,n3,n5,6,103.000,111.689,8.689,1
3,medium,0.5,40,DSR,1001,n5,n7,7,193.000,198.505,5.505,1
3,medium,0.5,40,DSR,1001,n5,n7,7,253.000,258.098,5.098,1
3,medium,0.5,41,DSDV,1001,n5,n7,7,73.000,82.209,9.209,1
3,medium,0.5,41,DSDV,1001,n5,n7,7,133.000,138.098,5.098,1
3,medium,0.5,41,AODV,1001,n5,n7,7,73.000,82.209,9.209,1
3,medium,0.5,41,AODV,1001,n5,n7,7,133.000,138.098,5.098,1
3,medium,0.5,41,OLSR,1001,n5,n7,7,73.000,82.209,9.209,1
3,medium,0.5,41,OLSR,1001,n5,n7,7,133.000,138.098,5.098,1
3,medium,0.5,41,DSR,1001,n5,n7,7,73.000,82.209,9.209,1
3,medium,0.5,41,DSR,1001,n5,n7,7,133.000,138.098,5.098,1
3,medium,0.5,43,DSDV,1001,n5,n7,7,73.000,78.505,5.505,1
3,medium,0.5,43,DSDV,1001,n5,n7,7,133.000,138.178,5.178,1
3,medium,0.5,43,DSDV,1001,n5,n7,7,193.000,202.029,9.029,1
3,medium,0.5,43,DSDV,1001,n5,n7,7,253.000,260.422,7.422,1
3,medium,0.5,43,DSDV,1001,n5,n7,7,313.000,322.209,9.209,1
3,medium,0.5,43,AODV,1001,n5,n7,7,73.000,78.505,5.505,1
3,medium,0.5,43,AODV,1001,n5,n7,7,133.000,138.178,5.178,1
3,medium,0.5,43,AODV,1001,n5,n7,7,193.000,202.029,9.029,1
3,medium,0.5,43,AODV,1001,n5,n7,7,253.000,260.422,7.422,1
3,medium,0.5,43,AODV,1001,n5,n7,7,313.000,322.209,9.209,1
3,medium,0.5,43,OLSR,1001,n5,n7,7,73.000,78.505,5.505,1
3,medium,0.5,43,OLSR,1001,n5,n7,7,133.000,138.178,5.178,1
3,medium,0.5,43,OLSR,1001,n5,n7,7,193.000,202.029,9.029,1
3,medium,0.5,43,OLSR,1001,n5,n7,7,253.000,260.422,7.422,1
3,medium,0.5,43,OLSR,1001,n5,n7,7,313.000,322.209,9.209,1
3,medium,0.5,43,DSR,1001,n5,n7,7,73.000,78.505,5.505,1
3,medium,0.5,43,DSR,1001,n5,n7,7,133.000,138.178,5.178,1
3,medium,0.5,43,DSR,1001,n5,n7,7,193.000,202.029,9.029,1
3,medium,0.5,43,DSR,1001,n5,n7,7,253.000,260.422,7.422,1
3,medium,0.5,43,DSR,1001,n5,n7,7,313.000,322.209,9.209,1
3,medium,0.5,44,DSDV,1001,n3,n5,6,43.000,51.969,8.969,1
3,medium,0.5,44,DSDV,1001,n3,n5,6,103.000,108.505,5.505,1
3,medium,0.5,44,DSDV,1001,n3,n5,6,163.000,168.178,5.178,1
3,medium,0.5,44,DSDV,1001,n3,n5,6,223.000,232.029,9.029,1
3,medium,0.5,44,DSDV,1001,n3,n5,6,283.000,290.422,7.422,1
3,medium,0.5,44,DSDV,1001,n3,n5,6,343.000,352.209,9.209,1
3,medium,0.5,44,DSDV,1001,n5,n7,7,433.000,438.956,5.956,1
3,medium,0.5,44,DSDV,1001,n5,n7,7,493.000,502.675,9.675,1
3,medium,0.5,44,AODV,1001,n3,n5,6,43.000,51.969,8.969,1
3,medium,0.5,44,AODV,1001,n3,n5,6,103.000,108.505,5.505,1
3,medium,0.5,44,AODV,1001,n3,n5,6,163.000,168.178,5.178,1
3,medium,0.5,44,AODV,1001,n3,n5,6,223.000,232.029,9.029,1
3,medium,0.5,44,AODV,1001,n3,n5,6,283.000,290.422,7.422,1
3,medium,0.5,44,AODV,1001,n3,n5,6,343.000,352.209,9.209,1
3,medium,0.5,44,AODV,1001,n5,n7,7,433.000,438.956,5.956,1
3,medium,0.5,44,AODV,1001,n5,n7,7,493.000,502.675,9.675,1
3,medium,0.5,44,OLSR,1001,n3,n5,6,43.000,51.969,8.969,1
3,medium,0.5,44,OLSR,1001,n3,n5,6,103.000,108.505,5.505,1
3,medium,0.5,44,OLSR,1001,n3,n5,6,163.000,168.178,5.178,1
3,medium,0.5,44,OLSR,1001,n3,n5,6,223.000,232.029,9.029,1
3,medium,0.5,44,OLSR,1001,n3,n5,6,283.000,290.422,7.422,1
3,medium,0.5,44,OLSR,1001,n3,n5,6,343.000,352.209,9.209,1
3,medium,0.5,44,OLSR,1001,n5,n7,7,433.000,438.956,5.956,1
3,medium,0.5,44,OLSR,1001,n5,n7,7,493.000,502.675,9.675,1
3,medium,0.5,44,DSR,1001,n3,n5,6,43.000,51.969,8.969,1
3,medium,0.5,44,DSR,1001,n3,n5,6,103.000,108.505,5.505,1
3,medium,0.5,44,DSR,1001,n3,n5,6,163.000,168.178,5.178,1
3,medium,0.5,44,DSR,1001,n3,n5,6,223.000,232.029,9.029,1
3,medium,0.5,44,DSR,1001,n3,n5,6,283.000,290.422,7.422,1
3,medium,0.5,44,DSR,1001,n3,n5,6,343.000,352.209,9.209,1
3,medium,0.5,44,DSR,1001,n5,n7,7,433.000,438.956,5.956,1
3,medium,0.5,44,DSR,1001,n5,n7,7,493.000,502.675,9.675,1
3,medium,1.0,37,sim,1001,n3,n5,6,43.000,50.323,7.323,1
3,medium,1.0,37,sim,1001,n5,n7,7,133.000,138.378,5.378,1
3,medium,1.0,37,sim,1001,n5,n7,7,193.000,198.645,5.645,1
3,medium,1.0,37,sim,1001,n5,n7,7,253.000,260.182,7.182,1
3,medium,1.0,37,sim,1001,n5,n7,7,313.000,318.891,5.891,1
3,medium,1.0,37,sim,1001,n5,n7,7,373.000,379.156,6.156,1
3,medium,1.0,37,sim,1001,n5,n7,7,433.000,439.834,6.834,1
3,medium,1.0,37,AODV,1001,n3,n5,6,43.000,50.323,7.323,1
3,medium,1.0,37,AODV,1001,n5,n7,7,133.000,138.378,5.378,1
3,medium,1.0,37,AODV,1001,n5,n7,7,193.000,198.645,5.645,1
3,medium,1.0,37,AODV,1001,n5,n7,7,253.000,260.182,7.182,1
3,medium,1.0,37,AODV,1001,n5,n7,7,313.000,318.891,5.891,1
3,medium,1.0,37,AODV,1001,n5,n7,7,373.000,379.156,6.156,1
3,medium,1.0,37,AODV,1001,n5,n7,7,433.000,439.834,6.834,1
3,medium,1.0,37,OLSR,1001,n3,n5,6,43.000,50.323,7.323,1
3,medium,1.0,37,OLSR,1001,n5,n7,7,133.000,138.378,5.378,1
3,medium,1.0,37,OLSR,1001,n5,n7,7,193.000,198.645,5.645,1
3,medium,1.0,37,OLSR,1001,n5,n7,7,253.000,260.182,7.182,1
3,medium,1.0,37,OLSR,1001,n5,n7,7,313.000,318.891,5.891,1
3,medium,1.0,37,OLSR,1001,n5,n7,7,373.000,379.156,6.156,1
3,medium,1.0,37,OLSR,1001,n5,n7,7,433.000,439.834,6.834,1
3,medium,1.0,37,DSR,1001,n3,n5,6,43.000,50.323,7.323,1
3,medium,1.0,37,DSR,1001,n5,n7,7,133.000,138.378,5.378,1
3,medium,1.0,37,DSR,1001,n5,n7,7,193.000,198.645,5.645,1
3,medium,1.0,37,DSR,1001,n5,n7,7,253.000,260.182,7.182,1
3,medium,1.0,37,DSR,1001,n5,n7,7,313.000,318.891,5.891,1
3,medium,1.0,37,DSR,1001,n5,n7,7,373.000,379.156,6.156,1
3,medium,1.0,37,DSR,1001,n5,n7,7,433.000,439.834,6.834,1
3,medium,1.0,38,DSDV,1001,n5,n7,7,73.000,78.645,5.645,1
3,medium,1.0,38,DSDV,1001,n5,n7,7,133.000,139.976,6.976,1
3,medium,1.0,38,AODV,1001,n5,n7,7,73.000,78.645,5.645,1
3,medium,1.0,38,AODV,1001,n5,n7,7,133.000,139.976,6.976,1
3,medium,1.0,38,OLSR,1001,n5,n7,7,73.000,78.645,5.645,1
3,medium,1.0,38,OLSR,1001,n5,n7,7,133.000,139.976,6.976,1
3,medium,1.0,38,DSR,1001,n5,n7,7,73.000,78.645,5.645,1
3,medium,1.0,38,DSR,1001,n5,n7,7,133.000,139.976,6.976,1
3,medium,1.0,39,DSDV,1001,n5,n7,7,73.000,78.891,5.891,1
3,medium,1.0,39,DSDV,1001,n5,n7,7,133.000,142.437,9.437,1
3,medium,1.0,39,DSDV,1001,n5,n7,7,193.000,198.765,5.765,1
3,medium,1.0,39,DSDV,1001,n5,n7,7,253.000,259.976,6.976,1
3,medium,1.0,39,AODV,1001,n5,n7,7,73.000,78.891,5.891,1
3,medium,1.0,39,AODV,1001,n5,n7,7,133.000,142.437,9.437,1
3,medium,1.0,39,AODV,1001,n5,n7,7,193.000,198.765,5.765,1
3,medium,1.0,39,AODV,1001,n5,n7,7,253.000,259.976,6.976,1
3,medium,1.0,39,OLSR,1001,n5,n7,7,73.000,78.891,5.891,1
3,medium,1.0,39,OLSR,1001,n5,n7,7,133.000,142.437,9.437,1
3,medium,1.0,39,OLSR,1001,n5,n7,7,193.000,198.765,5.765,1
3,medium,1.0,39,OLSR,1001,n5,n7,7,253.000,259.976,6.976,1
3,medium,1.0,39,DSR,1001,n5,n7,7,73.000,78.891,5.891,1
3,medium,1.0,39,DSR,1001,n5,n7,7,133.000,142.437,9.437,1
3,medium,1.0,39,DSR,1001,n5,n7,7,193.000,198.765,5.765,1
3,medium,1.0,39,DSR,1001,n5,n7,7,253.000,259.976,6.976,1
3,medium,1.0,40,DSDV,1001,n3,n5,6,43.000,50.787,7.787,1
3,medium,1.0,40,DSDV,1001,n3,n5,6,103.000,111.689,8.689,1
3,medium,1.0,40,DSDV,1001,n5,n7,7,193.000,198.505,5.505,1
3,medium,1.0,40,DSDV,1001,n5,n7,7,253.000,258.098,5.098,1
3,medium,1.0,40,AODV,1001,n3,n5,6,43.000,50.787,7.787,1
3,medium,1.0,40,AODV,1001,n3,n5,6,103.000,111.689,8.689,1
3,medium,1.0,40,AODV,1001,n5,n7,7,193.000,198.505,5.505,1
3,medium,1.0,40,AODV,1001,n5,n7,7,253.000,258.098,5.098,1
3,medium,1.0,40,OLSR,1001,n3,n5,6,43.000,50.787,7.787,1
3,medium,1.0,40,OLSR,1001,n3,n5,6,103.000,111.689,8.689,1
3,medium,1.0,40,OLSR,1001,n5,n7,7,193.000,198.505,5.505,1
3,medium,1.0,40,OLSR,1001,n5,n7,7,253.000,258.098,5.098,1
3,medium,1.0,40,DSR,1001,n3,n5,6,43.000,50.787,7.787,1
3,medium,1.0,40,DSR,1001,n3,n5,6,103.000,111.689,8.689,1
3,medium,1.0,40,DSR,1001,n5,n7,7,193.000,198.505,5.505,1
3,medium,1.0,40,DSR,1001,n5,n7,7,253.000,258.098,5.098,1
3,medium,1.0,41,DSDV,1001,n5,n7,7,73.000,82.209,9.209,1
3,medium,1.0,41,DSDV,1001,n5,n7,7,133.000,138.098,5.098,1
3,medium,1.0,41,AODV,1001,n5,n7,7,73.000,82.209,9.209,1
3,medium,1.0,41,AODV,1001,n5,n7,7,133.000,138.098,5.098,1
3,medium,1.0,41,OLSR,1001,n5,n7,7,73.000,82.209,9.209,1
3,medium,1.0,41,OLSR,1001,n5,n7,7,133.000,138.098,5.098,1
3,medium,1.0,41,DSR,1001,n5,n7,7,73.000,82.209,9.209,1
3,medium,1.0,41,DSR,1001,n5,n7,7,133.000,138.098,5.098,1
3,medium,1.0,43,DSDV,1001,n5,n7,7,73.000,78.505,5.505,1
3,medium,1.0,43,DSDV,1001,n5,n7,7,133.000,138.178,5.178,1
3,medium,1.0,43,DSDV,1001,n5,n7,7,193.000,202.029,9.029,1
3,medium,1.0,43,DSDV,1001,n5,n7,7,253.000,260.422,7.422,1
3,medium,1.0,43,DSDV,1001,n5,n7,7,313.000,322.209,9.209,1
3,medium,1.0,43,AODV,1001,n5,n7,7,73.000,78.505,5.505,1
3,medium,1.0,43,AODV,1001,n5,n7,7,133.000,138.178,5.178,1
3,medium,1.0,43,AODV,1001,n5,n7,7,193.000,202.029,9.029,1
3,medium,1.0,43,AODV,1001,n5,n7,7,253.000,260.422,7.422,1
3,medium,1.0,43,AODV,1001,n5,n7,7,313.000,322.209,9.209,1
3,medium,1.0,43,OLSR,1001,n5,n7,7,73.000,78.505,5.505,1
3,medium,1.0,43,OLSR,1001,n5,n7,7,133.000,138.178,5.178,1
3,medium,1.0,43,OLSR,1001,n5,n7,7,193.000,202.029,9.029,1
3,medium,1.0,43,OLSR,1001,n5,n7,7,253.000,260.422,7.422,1
3,medium,1.0,43,OLSR,1001,n5,n7,7,313.000,322.209,9.209,1
3,medium,1.0,43,DSR,1001,n5,n7,7,73.000,78.505,5.505,1
3,medium,1.0,43,DSR,1001,n5,n7,7,133.000,138.178,5.178,1
3,medium,1.0,43,DSR,1001,n5,n7,7,193.000,202.029,9.029,1
3,medium,1.0,43,DSR,1001,n5,n7,7,253.000,260.422,7.422,1
3,medium,1.0,43,DSR,1001,n5,n7,7,313.000,322.209,9.209,1
3,medium,1.0,44,DSDV,1001,n3,n5,6,43.000,51.969,8.969,1
3,medium,1.0,44,DSDV,1001,n3,n5,6,103.000,108.505,5.505,1
3,medium,1.0,44,DSDV,1001,n3,n5,6,163.000,168.178,5.178,1
3,medium,1.0,44,DSDV,1001,n3,n5,6,223.000,232.029,9.029,1
3,medium,1.0,44,DSDV,1001,n3,n5,6,283.000,290.422,7.422,1
3,medium,1.0,44,DSDV,1001,n3,n5,6,343.000,352.209,9.209,1
3,medium,1.0,44,DSDV,1001,n5,n7,7,433.000,438.956,5.956,1
3,medium,1.0,44,DSDV,1001,n5,n7,7,493.000,502.675,9.675,1
3,medium,1.0,44,AODV,1001,n3,n5,6,43.000,51.969,8.969,1
3,medium,1.0,44,AODV,1001,n3,n5,6,103.000,108.505,5.505,1
3,medium,1.0,44,AODV,1001,n3,n5,6,163.000,168.178,5.178,1
3,medium,1.0,44,AODV,1001,n3,n5,6,223.000,232.029,9.029,1
3,medium,1.0,44,AODV,1001,n3,n5,6,283.000,290.422,7.422,1
3,medium,1.0,44,AODV,1001,n3,n5,6,343.000,352.209,9.209,1
3,medium,1.0,44,AODV,1001,n5,n7,7,433.000,438.956,5.956,1
3,medium,1.0,44,AODV,1001,n5,n7,7,493.000,502.675,9.675,1
3,medium,1.0,44,OLSR,1001,n3,n5,6,43.000,51.969,8.969,1
3,medium,1.0,44,OLSR,1001,n3,n5,6,103.000,108.505,5.505,1
3,medium,1.0,44,OLSR,1001,n3,n5,6,163.000,168.178,5.178,1
3,medium,1.0,44,OLSR,1001,n3,n5,6,223.000,232.029,9.029,1
3,medium,1.0,44,OLSR,1001,n3,n5,6,283.000,290.422,7.422,1
3,medium,1.0,44,OLSR,1001,n3,n5,6,343.000,352.209,9.209,1
3,medium,1.0,44,OLSR,1001,n5,n7,7,433.000,438.956,5.956,1
3,medium,1.0,44,OLSR,1001,n5,n7,7,493.000,502.675,9.675,1
3,medium,1.0,44,DSR,1001,n3,n5,6,43.000,51.969,8.969,1
3,medium,1.0,44,DSR,1001,n3,n5,6,103.000,108.505,5.505,1
3,medium,1.0,44,DSR,1001,n3,n5,6,163.000,168.178,5.178,1
3,medium,1.0,44,DSR,1001,n3,n5,6,223.000,232.029,9.029,1
3,medium,1.0,44,DSR,1001,n3,n5,6,283.000,290.422,7.422,1
3,medium,1.0,44,DSR,1001,n3,n5,6,343.000,352.209,9.209,1
3,medium,1.0,44,DSR,1001,n5,n7,7,433.000,438.956,5.956,1
3,medium,1.0,44,DSR,1001,n5,n7,7,493.000,502.675,9.675,1
3,medium,1.5,37,sim,1001,n3,n5,6,43.000,50.323,7.323,1
3,medium,1.5,37,sim,1001,n5,n7,7,133.000,138.378,5.378,1
3,medium,1.5,37,sim,1001,n5,n7,7,193.000,198.645,5.645,1
3,medium,1.5,37,sim,1001,n5,n7,7,253.000,260.182,7.182,1
3,medium,1.5,37,sim,1001,n5,n7,7,313.000,318.891,5.891,1
3,medium,1.5,37,sim,1001,n5,n7,7,373.000,379.156,6.156,1
3,medium,1.5,37,sim,1001,n5,n7,7,433.000,439.834,6.834,1
3,medium,1.5,37,AODV,1001,n3,n5,6,43.000,50.323,7.323,1
3,medium,1.5,37,AODV,1001,n5,n7,7,133.000,138.378,5.378,1
3,medium,1.5,37,AODV,1001,n5,n7,7,193.000,198.645,5.645,1
3,medium,1.5,37,AODV,1001,n5,n7,7,253.000,260.182,7.182,1
3,medium,1.5,37,AODV,1001,n5,n7,7,313.000,318.891,5.891,1
3,medium,1.5,37,AODV,1001,n5,n7,7,373.000,379.156,6.156,1
3,medium,1.5,37,AODV,1001,n5,n7,7,433.000,439.834,6.834,1
3,medium,1.5,37,OLSR,1001,n3,n5,6,43.000,50.323,7.323,1
3,medium,1.5,37,OLSR,1001,n5,n7,7,133.000,138.378,5.378,1
3,medium,1.5,37,OLSR,1001,n5,n7,7,193.000,198.645,5.645,1
3,medium,1.5,37,OLSR,1001,n5,n7,7,253.000,260.182,7.182,1
3,medium,1.5,37,OLSR,1001,n5,n7,7,313.000,318.891,5.891,1
3,medium,1.5,37,OLSR,1001,n5,n7,7,373.000,379.156,6.156,1
3,medium,1.5,37,OLSR,1001,n5,n7,7,433.000,439.834,6.834,1
3,medium,1.5,37,DSR,1001,n3,n5,6,43.000,50.323,7.323,1
3,medium,1.5,37,DSR,1001,n5,n7,7,133.000,138.378,5.378,1
3,medium,1.5,37,DSR,1001,n5,n7,7,193.000,198.645,5.645,1
3,medium,1.5,37,DSR,1001,n5,n7,7,253.000,260.182,7.182,1
3,medium,1.5,37,DSR,1001,n5,n7,7,313.000,318.891,5.891,1
3,medium,1.5,37,DSR,1001,n5,n7,7,373.000,379.156,6.156,1
3,medium,1.5,37,DSR,1001,n5,n7,7,433.000,439.834,6.834,1
3,medium,1.5,38,DSDV,1001,n5,n7,7,73.000,78.645,5.645,1
3,medium,1.5,38,DSDV,1001,n5,n7,7,133.000,139.976,6.976,1
3,medium,1.5,38,AODV,1001,n5,n7,7,73.000,78.645,5.645,1
3,medium,1.5,38,AODV,1001,n5,n7,7,133.000,139.976,6.976,1
3,medium,1.5,38,OLSR,1001,n5,n7,7,73.000,78.645,5.645,1
3,medium,1.5,38,OLSR,1001,n5,n7,7,133.000,139.976,6.976,1
3,medium,1.5,38,DSR,1001,n5,n7,7,73.000,78.645,5.645,1
3,medium,1.5,38,DSR,1001,n5,n7,7,133.000,139.976,6.976,1
3,medium,1.5,39,DSDV,1001,n5,n7,7,73.000,78.891,5.891,1
3,medium,1.5,39,DSDV,1001,n5,n7,7,133.000,142.437,9.437,1
3,medium,1.5,39,DSDV,1001,n5,n7,7,193.000,198.765,5.765,1
3,medium,1.5,39,DSDV,1001,n5,n7,7,253.000,259.976,6.976,1
3,medium,1.5,39,AODV,1001,n5,n7,7,73.000,78.891,5.891,1
3,medium,1.5,39,AODV,1001,n5,n7,7,133.000,142.437,9.437,1
3,medium,1.5,39,AODV,1001,n5,n7,7,193.000,198.765,5.765,1
3,medium,1.5,39,AODV,1001,n5,n7,7,253.000,259.976,6.976,1
3,medium,1.5,39,OLSR,1001,n5,n7,7,73.000,78.891,5.891,1
3,medium,1.5,39,OLSR,1001,n5,n7,7,133.000,142.437,9.437,1
3,medium,1.5,39,OLSR,1001,n5,n7,7,193.000,198.765,5.765,1
3,medium,1.5,39,OLSR,1001,n5,n7,7,253.000,259.976,6.976,1
3,medium,1.5,39,DSR,1001,n5,n7,7,73.000,78.891,5.891,1
3,medium,1.5,39,DSR,1001,n5,n7,7,133.000,142.437,9.437,1
3,medium,1.5,39,DSR,1001,n5,n7,7,193.000,198.765,5.765,1
3,medium,1.5,39,DSR,1001,n5,n7,7,253.000,259.976,6.976,1
3,medium,1.5,40,DSDV,1001,n3,n5,6,43.000,50.787,7.787,1
3,medium,1.5,40,DSDV,1001,n3,n5,6,103.000,111.689,8.689,1
3,medium,1.5,40,DSDV,1001,n5,n7,7,193.000,198.505,5.505,1
3,medium,1.5,40,DSDV,1001,n5,n7,7,253.000,258.098,5.098,1
3,medium,1.5,40,AODV,1001,n3,n5,6,43.000,50.787,7.787,1
3,medium,1.5,40,AODV,1001,n3,n5,6,103.000,111.689,8.689,1
3,medium,1.5,40,AODV,1001,n5,n7,7,193.000,198.505,5.505,1
3,medium,1.5,40,AODV,1001,n5,n7,7,253.000,258.098,5.098,1
3,medium,1.5,40,OLSR,1001,n3,n5,6,43.000,50.787,7.787,1
3,medium,1.5,40,OLSR,1001,n3,n5,6,103.000,111.689,8.689,1
3,medium,1.5,40,OLSR,1001,n5,n7,7,193.000,198.505,5.505,1
3,medium,1.5,40,OLSR,1001,n5,n7,7,253.000,258.098,5.098,1
3,medium,1.5,40,DSR,1001,n3,n5,6,43.000,50.787,7.787,1
3,medium,1.5,40,DSR,1001,n3,n5,6,103.000,111.689,8.689,1
3,medium,1.5,40,DSR,1001,n5,n7,7,193.000,198.505,5.505,1
3,medium,1.5,40,DSR,1001,n5,n7,7,253.000,258.098,5.098,1
3,medium,1.5,41,DSDV,1001,n5,n7,7,73.000,82.209,9.209,1
3,medium,1.5,41,DSDV,1001,n5,n7,7,133.000,138.098,5.098,1
3,medium,1.5,41,AODV,1001,n5,n7,7,73.000,82.209,9.209,1
3,medium,1.5,41,AODV,1001,n5,n7,7,133.000,138.098,5.098,1
3,medium,1.5,41,OLSR,1001,n5,n7,7,73.000,82.209,9.209,1
3,medium,1.5,41,OLSR,1001,n5,n7,7,133.000,138.098,5.098,1
3,medium,1.5,41,DSR,1001,n5,n7,7,73.000,82.209,9.209,1
3,medium,1.5,41,DSR,1001,n5,n7,7,133.000,138.098,5.098,1
3,medium,1.5,43,DSDV,1001,n5,n7,7,73.000,78.505,5.505,1
3,medium,1.5,43,DSDV,1001,n5,n7,7,133.000,138.178,5.178,1
3,medium,1.5,43,DSDV,1001,n5,n7,7,193.000,202.029,9.029,1
3,medium,1.5,43,DSDV,1001,n5,n7,7,253.000,260.422,7.422,1
3,medium,1.5,43,DSDV,1001,n5,n7,7,313.000,322.209,9.209,1
3,medium,1.5,43,AODV,1001,n5,n7,7,73.000,78.505,5.505,1
3,medium,1.5,43,AODV,1001,n5,n7,7,133.000,138.178,5.178,1
3,medium,1.5,43,AODV,1001,n5,n7,7,193.000,202.029,9.029,1
3,medium,1.5,43,AODV,1001,n5,n7,7,253.000,260.422,7.422,1
3,medium,1.5,43,AODV,1001,n5,n7,7,313.000,322.209,9.209,1
3,medium,1.5,43,OLSR,1001,n5,n7,7,73.000,78.505,5.505,1
3,medium,1.5,43,OLSR,1001,n5,n7,7,133.000,138.178,5.178,1
3,medium,1.5,43,OLSR,1001,n5,n7,7,193.000,202.029,9.029,1
3,medium,1.5,43,OLSR,1001,n5,n7,7,253.000,260.422,7.422,1
3,medium,1.5,43,OLSR,1001,n5,n7,7,313.000,322.209,9.209,1
3,medium,1.5,43,DSR,1001,n5,n7,7,73.000,78.505,5.505,1
3,medium,1.5,43,DSR,1001,n5,n7,7,133.000,138.178,5.178,1
3,medium,1.5,43,DSR,1001,n5,n7,7,193.000,202.029,9.029,1
3,medium,1.5,43,DSR,1001,n5,n7,7,253.000,260.422,7.422,1
3,medium,1.5,43,DSR,1001,n5,n7,7,313.000,322.209,9.209,1
3,medium,1.5,44,DSDV,1001,n3,n5,6,43.000,51.969,8.969,1
3,medium,1.5,44,DSDV,1001,n3,n5,6,103.000,108.505,5.505,1
3,medium,1.5,44,DSDV,1001,n3,n5,6,163.000,168.178,5.178,1
3,medium,1.5,44,DSDV,1001,n3,n5,6,223.000,232.029,9.029,1
3,medium,1.5,44,DSDV,1001,n3,n5,6,283.000,290.422,7.422,1
3,medium,1.5,44,DSDV,1001,n3,n5,6,343.000,352.209,9.209,1
3,medium,1.5,44,DSDV,1001,n5,n7,7,433.000,438.956,5.956,1
3,medium,1.5,44,DSDV,1001,n5,n7,7,493.000,502.675,9.675,1
3,medium,1.5,44,AODV,1001,n3,n5,6,43.000,51.969,8.969,1
3,medium,1.5,44,AODV,1001,n3,n5,6,103.000,108.505,5.505,1
3,medium,1.5,44,AODV,1001,n3,n5,6,163.000,168.178,5.178,1
3,medium,1.5,44,AODV,1001,n3,n5,6,223.000,232.029,9.029,1
3,medium,1.5,44,AODV,1001,n3,n5,6,283.000,290.422,7.422,1
3,medium,1.5,44,AODV,1001,n3,n5,6,343.000,352.209,9.209,1
3,medium,1.5,44,AODV,1001,n5,n7,7,433.000,438.956,5.956,1
3,medium,1.5,44,AODV,1001,n5,n7,7,493.000,502.675,9.675,1
3,medium,1.5,44,OLSR,1001,n3,n5,6,43.000,51.969,8.969,1
3,medium,1.5,44,OLSR,1001,n3,n5,6,103.000,108.505,5.505,1
3,medium,1.5,44,OLSR,1001,n3,n5,6,163.000,168.178,5.178,1
3,medium,1.5,44,OLSR,1001,n3,n5,6,223.000,232.029,9.029,1
3,medium,1.5,44,OLSR,1001,n3,n5,6,283.000,290.422,7.422,1
3,medium,1.5,44,OLSR,1001,n3,n5,6,343.000,352.209,9.209,1
3,medium,1.5,44,OLSR,1001,n5,n7,7,433.000,438.956,5.956,1
3,medium,1.5,44,OLSR,1001,n5,n7,7,493.000,502.675,9.675,1
3,medium,1.5,44,DSR,1001,n3,n5,6,43.000,51.969,8.969,1
3,medium,1.5,44,DSR,1001,n3,n5,6,103.000,108.505,5.505,1
3,medium,1.5,44,DSR,1001,n3,n5,6,163.000,168.178,5.178,1
3,medium,1.5,44,DSR,1001,n3,n5,6,223.000,232.029,9.029,1
3,medium,1.5,44,DSR,1001,n3,n5,6,283.000,290.422,7.422,1
3,medium,1.5,44,DSR,1001,n3,n5,6,343.000,352.209,9.209,1
3,medium,1.5,44,DSR,1001,n5,n7,7,433.000,438.956,5.956,1
3,medium,1.5,44,DSR,1001,n5,n7,7,493.000,502.675,9.675,1
3,medium,2.0,37,sim,1001,n3,n5,6,43.000,50.323,7.323,1
3,medium,2.0,37,sim,1001,n5,n7,7,133.000,138.378,5.378,1
3,medium,2.0,37,sim,1001,n5,n7,7,193.000,198.645,5.645,1
3,medium,2.0,37,sim,1001,n5,n7,7,253.000,260.182,7.182,1
3,medium,2.0,37,sim,1001,n5,n7,7,313.000,318.891,5.891,1
3,medium,2.0,37,sim,1001,n5,n7,7,373.000,379.156,6.156,1
3,medium,2.0,37,sim,1001,n5,n7,7,433.000,439.834,6.834,1
3,medium,2.0,37,AODV,1001,n3,n5,6,43.000,50.323,7.323,1
3,medium,2.0,37,AODV,1001,n5,n7,7,133.000,138.378,5.378,1
3,medium,2.0,37,AODV,1001,n5,n7,7,193.000,198.645,5.645,1
3,medium,2.0,37,AODV,1001,n5,n7,7,253.000,260.182,7.182,1
3,medium,2.0,37,AODV,1001,n5,n7,7,313.000,318.891,5.891,1
3,medium,2.0,37,AODV,1001,n5,n7,7,373.000,379.156,6.156,1
3,medium,2.0,37,AODV,1001,n5,n7,7,433.000,439.834,6.834,1
3,medium,2.0,37,OLSR,1001,n3,n5,6,43.000,50.323,7.323,1
3,medium,2.0,37,OLSR,1001,n5,n7,7,133.000,138.378,5.378,1
3,medium,2.0,37,OLSR,1001,n5,n7,7,193.000,198.645,5.645,1
3,medium,2.0,37,OLSR,1001,n5,n7,7,253.000,260.182,7.182,1
3,medium,2.0,37,OLSR,1001,n5,n7,7,313.000,318.891,5.891,1
3,medium,2.0,37,OLSR,1001,n5,n7,7,373.000,379.156,6.156,1
3,medium,2.0,37,OLSR,1001,n5,n7,7,433.000,439.834,6.834,1
3,medium,2.0,37,DSR,1001,n3,n5,6,43.000,50.323,7.323,1
3,medium,2.0,37,DSR,1001,n5,n7,7,133.000,138.378,5.378,1
3,medium,2.0,37,DSR,1001,n5,n7,7,193.000,198.645,5.645,1
3,medium,2.0,37,DSR,1001,n5,n7,7,253.000,260.182,7.182,1
3,medium,2.0,37,DSR,1001,n5,n7,7,313.000,318.891,5.891,1
3,medium,2.0,37,DSR,1001,n5,n7,7,373.000,379.156,6.156,1
3,medium,2.0,37,DSR,1001,n5,n7,7,433.000,439.834,6.834,1
3,medium,2.0,38,DSDV,1001,n5,n7,7,73.000,78.645,5.645,1
3,medium,2.0,38,DSDV,1001,n5,n7,7,133.000,139.976,6.976,1
3,medium,2.0,38,AODV,1001,n5,n7,7,73.000,78.645,5.645,1
3,medium,2.0,38,AODV,1001,n5,n7,7,133.000,139.976,6.976,1
3,medium,2.0,38,OLSR,1001,n5,n7,7,73.000,78.645,5.645,1
3,medium,2.0,38,OLSR,1001,n5,n7,7,133.000,139.976,6.976,1
3,medium,2.0,38,DSR,1001,n5,n7,7,73.000,78.645,5.645,1
3,medium,2.0,38,DSR,1001,n5,n7,7,133.000,139.976,6.976,1
3,medium,2.0,39,DSDV,1001,n5,n7,7,73.000,78.891,5.891,1
3,medium,2.0,39,DSDV,1001,n5,n7,7,133.000,142.437,9.437,1
3,medium,2.0,39,DSDV,1001,n5,n7,7,193.000,198.765,5.765,1
3,medium,2.0,39,DSDV,1001,n5,n7,7,253.000,259.976,6.976,1
3,medium,2.0,39,AODV,1001,n5,n7,7,73.000,78.891,5.891,1
3,medium,2.0,39,AODV,1001,n5,n7,7,133.000,142.437,9.437,1
3,medium,2.0,39,AODV,1001,n5,n7,7,193.000,198.765,5.765,1
3,medium,2.0,39,AODV,1001,n5,n7,7,253.000,259.976,6.976,1
3,medium,2.0,39,OLSR,1001,n5,n7,7,73.000,78.891,5.891,1
3,medium,2.0,39,OLSR,1001,n5,n7,7,133.000,142.437,9.437,1
3,medium,2.0,39,OLSR,1001,n5,n7,7,193.000,198.765,5.765,1
3,medium,2.0,39,OLSR,1001,n5,n7,7,253.000,259.976,6.976,1
3,medium,2.0,39,DSR,1001,n5,n7,7,73.000,78.891,5.891,1
3,medium,2.0,39,DSR,1001,n5,n7,7,133.000,142.437,9.437,1
3,medium,2.0,39,DSR,1001,n5,n7,7,193.000,198.765,5.765,1
3,medium,2.0,39,DSR,1001,n5,n7,7,253.000,259.976,6.976,1
3,medium,2.0,40,DSDV,1001,n3,n5,6,43.000,50.787,7.787,1
3,medium,2.0,40,DSDV,1001,n3,n5,6,103.000,111.689,8.689,1
3,medium,2.0,40,DSDV,1001,n5,n7,7,193.000,198.505,5.505,1
3,medium,2.0,40,DSDV,1001,n5,n7,7,253.000,258.098,5.098,1
3,medium,2.0,40,AODV,1001,n3,n5,6,43.000,50.787,7.787,1
3,medium,2.0,40,AODV,1001,n3,n5,6,103.000,111.689,8.689,1
3,medium,2.0,40,AODV,1001,n5,n7,7,193.000,198.505,5.505,1
3,medium,2.0,40,AODV,1001,n5,n7,7,253.000,258.098,5.098,1
3,medium,2.0,40,OLSR,1001,n3,n5,6,43.000,50.787,7.787,1
3,medium,2.0,40,OLSR,1001,n3,n5,6,103.000,111.689,8.689,1
3,medium,2.0,40,OLSR,1001,n5,n7,7,193.000,198.505,5.505,1
3,medium,2.0,40,OLSR,1001,n5,n7,7,253.000,258.098,5.098,1
3,medium,2.0,40,DSR,1001,n3,n5,6,43.000,50.787,7.787,1
3,medium,2.0,40,DSR,1001,n3,n5,6,103.000,111.689,8.689,1
3,medium,2.0,40,DSR,1001,n5,n7,7,193.000,198.505,5.505,1
3,medium,2.0,40,DSR,1001,n5,n7,7,253.000,258.098,5.098,1
3,medium,2.0,41,DSDV,1001,n5,n7,7,73.000,82.209,9.209,1
3,medium,2.0,41,DSDV,1001,n5,n7,7,133.000,138.098,5.098,1
3,medium,2.0,41,AODV,1001,n5,n7,7,73.000,82.209,9.209,1
3,medium,2.0,41,AODV,1001,n5,n7,7,133.000,138.098,5.098,1
3,medium,2.0,41,OLSR,1001,n5,n7,7,73.000,82.209,9.209,1
3,medium,2.0,41,OLSR,1001,n5,n7,7,133.000,138.098,5.098,1
3,medium,2.0,41,DSR,1001,n5,n7,7,73.000,82.209,9.209,1
3,medium,2.0,41,DSR,1001,n5,n7,7,133.000,138.098,5.098,1
3,medium,2.0,43,DSDV,1001,n5,n7,7,73.000,78.505,5.505,1
3,medium,2.0,43,DSDV,1001,n5,n7,7,133.000,138.178,5.178,1
3,medium,2.0,43,DSDV,1001,n5,n7,7,193.000,202.029,9.029,1
3,medium,2.0,43,DSDV,1001,n5,n7,7,253.000,260.422,7.422,1
3,medium,2.0,43,DSDV,1001,n5,n7,7,313.000,322.209,9.209,1
3,medium,2.0,43,AODV,1001,n5,n7,7,73.000,78.505,5.505,1
3,medium,2.0,43,AODV,1001,n5,n7,7,133.000,138.178,5.178,1
3,medium,2.0,43,AODV,1001,n5,n7,7,193.000,202.029,9.029,1
3,medium,2.0,43,AODV,1001,n5,n7,7,253.000,260.422,7.422,1
3,medium,2.0,43,AODV,1001,n5,n7,7,313.000,322.209,9.209,1
3,medium,2.0,43,OLSR,1001,n5,n7,7,73.000,78.505,5.505,1
3,medium,2.0,43,OLSR,1001,n5,n7,7,133.000,138.178,5.178,1
3,medium,2.0,43,OLSR,1001,n5,n7,7,193.000,202.029,9.029,1
3,medium,2.0,43,OLSR,1001,n5,n7,7,253.000,260.422,7.422,1
3,medium,2.0,43,OLSR,1001,n5,n7,7,313.000,322.209,9.209,1
3,medium,2.0,43,DSR,1001,n5,n7,7,73.000,78.505,5.505,1
3,medium,2.0,43,DSR,1001,n5,n7,7,133.000,138.178,5.178,1
3,medium,2.0,43,DSR,1001,n5,n7,7,193.000,202.029,9.029,1
3,medium,2.0,43,DSR,1001,n5,n7,7,253.000,260.422,7.422,1
3,medium,2.0,43,DSR,1001,n5,n7,7,313.000,322.209,9.209,1
3,medium,2.0,44,DSDV,1001,n3,n5,6,43.000,51.969,8.969,1
3,medium,2.0,44,DSDV,1001,n3,n5,6,103.000,108.505,5.505,1
3,medium,2.0,44,DSDV,1001,n3,n5,6,163.000,168.178,5.178,1
3,medium,2.0,44,DSDV,1001,n3,n5,6,223.000,232.029,9.029,1
3,medium,2.0,44,DSDV,1001,n3,n5,6,283.000,290.422,7.422,1
3,medium,2.0,44,DSDV,1001,n3,n5,6,343.000,352.209,9.209,1
3,medium,2.0,44,DSDV,1001,n5,n7,7,433.000,438.956,5.956,1
3,medium,2.0,44,DSDV,1001,n5,n7,7,493.000,502.675,9.675,1
3,medium,2.0,44,AODV,1001,n3,n5,6,43.000,51.969,8.969,1
3,medium,2.0,44,AODV,1001,n3,n5,6,103.000,108.505,5.505,1
3,medium,2.0,44,AODV,1001,n3,n5,6,163.000,168.178,5.178,1
3,medium,2.0,44,AODV,1001,n3,n5,6,223.000,232.029,9.029,1
3,medium,2.0,44,AODV,1001,n3,n5,6,283.000,290.422,7.422,1
3,medium,2.0,44,AODV,1001,n3,n5,6,343.000,352.209,9.209,1
3,medium,2.0,44,AODV,1001,n5,n7,7,433.000,438.956,5.956,1
3,medium,2.0,44,AODV,1001,n5,n7,7,493.000,502.675,9.675,1
3,medium,2.0,44,OLSR,1001,n3,n5,6,43.000,51.969,8.969,1
3,medium,2.0,44,OLSR,1001,n3,n5,6,103.000,108.505,5.505,1
3,medium,2.0,44,OLSR,1001,n3,n5,6,163.000,168.178,5.178,1
3,medium,2.0,44,OLSR,1001,n3,n5,6,223.000,232.029,9.029,1
3,medium,2.0,44,OLSR,1001,n3,n5,6,283.000,290.422,7.422,1
3,medium,2.0,44,OLSR,1001,n3,n5,6,343.000,352.209,9.209,1
3,medium,2.0,44,OLSR,1001,n5,n7,7,433.000,438.956,5.956,1
3,medium,2.0,44,OLSR,1001,n5,n7,7,493.000,502.675,9.675,1
3,medium,2.0,44,DSR,1001,n3,n5,6,43.000,51.969,8.969,1
3,medium,2.0,44,DSR,1001,n3,n5,6,103.000,108.505,5.505,1
3,medium,2.0,44,DSR,1001,n3,n5,6,163.000,168.178,5.178,1
3,medium,2.0,44,DSR,1001,n3,n5,6,223.000,232.029,9.029,1
3,medium,2.0,44,DSR,1001,n3,n5,6,283.000,290.422,7.422,1
3,medium,2.0,44,DSR,1001,n3,n5,6,343.000,352.209,9.209,1
3,medium,2.0,44,DSR,1001,n5,n7,7,433.000,438.956,5.956,1
3,medium,2.0,44,DSR,1001,n5,n7,7,493.000,502.675,9.675,1
3,medium,3.0,37,sim,1001,n3,n5,6,43.000,50.323,7.323,1
3,medium,3.0,37,sim,1001,n5,n7,7,133.000,138.378,5.378,1
3,medium,3.0,37,sim,1001,n5,n7,7,193.000,198.645,5.645,1
3,medium,3.0,37,sim,1001,n5,n7,7,253.000,260.182,7.182,1
3,medium,3.0,37,sim,1001,n5,n7,7,313.000,318.891,5.891,1
3,medium,3.0,37,sim,1001,n5,n7,7,373.000,379.156,6.156,1
3,medium,3.0,37,sim,1001,n5,n7,7,433.000,439.834,6.834,1
3,medium,3.0,37,AODV,1001,n3,n5,6,43.000,50.323,7.323,1
3,medium,3.0,37,AODV,1001,n5,n7,7,133.000,138.378,5.378,1
3,medium,3.0,37,AODV,1001,n5,n7,7,193.000,198.645,5.645,1
3,medium,3.0,37,AODV,1001,n5,n7,7,253.000,260.182,7.182,1
3,medium,3.0,37,AODV,1001,n5,n7,7,313.000,318.891,5.891,1
3,medium,3.0,37,AODV,1001,n5,n7,7,373.000,379.156,6.156,1
3,medium,3.0,37,AODV,1001,n5,n7,7,433.000,439.834,6.834,1
3,medium,3.0,37,OLSR,1001,n3,n5,6,43.000,50.323,7.323,1
3,medium,3.0,37,OLSR,1001,n5,n7,7,133.000,138.378,5.378,1
3,medium,3.0,37,OLSR,1001,n5,n7,7,193.000,198.645,5.645,1
3,medium,3.0,37,OLSR,1001,n5,n7,7,253.000,260.182,7.182,1
3,medium,3.0,37,OLSR,1001,n5,n7,7,313.000,318.891,5.891,1
3,medium,3.0,37,OLSR,1001,n5,n7,7,373.000,379.156,6.156,1
3,medium,3.0,37,OLSR,1001,n5,n7,7,433.000,439.834,6.834,1
3,medium,3.0,37,DSR,1001,n3,n5,6,43.000,50.323,7.323,1
3,medium,3.0,37,DSR,1001,n5,n7,7,133.000,138.378,5.378,1
3,medium,3.0,37,DSR,1001,n5,n7,7,193.000,198.645,5.645,1
3,medium,3.0,37,DSR,1001,n5,n7,7,253.000,260.182,7.182,1
3,medium,3.0,37,DSR,1001,n5,n7,7,313.000,318.891,5.891,1
3,medium,3.0,37,DSR,1001,n5,n7,7,373.000,379.156,6.156,1
3,medium,3.0,37,DSR,1001,n5,n7,7,433.000,439.834,6.834,1
3,medium,3.0,38,DSDV,1001,n5,n7,7,73.000,78.645,5.645,1
3,medium,3.0,38,DSDV,1001,n5,n7,7,133.000,139.976,6.976,1
3,medium,3.0,38,AODV,1001,n5,n7,7,73.000,78.645,5.645,1
3,medium,3.0,38,AODV,1001,n5,n7,7,133.000,139.976,6.976,1
3,medium,3.0,38,OLSR,1001,n5,n7,7,73.000,78.645,5.645,1
3,medium,3.0,38,OLSR,1001,n5,n7,7,133.000,139.976,6.976,1
3,medium,3.0,38,DSR,1001,n5,n7,7,73.000,78.645,5.645,1
3,medium,3.0,38,DSR,1001,n5,n7,7,133.000,139.976,6.976,1
3,medium,3.0,39,DSDV,1001,n5,n7,7,73.000,78.891,5.891,1
3,medium,3.0,39,DSDV,1001,n5,n7,7,133.000,142.437,9.437,1
3,medium,3.0,39,DSDV,1001,n5,n7,7,193.000,198.765,5.765,1
3,medium,3.0,39,DSDV,1001,n5,n7,7,253.000,259.976,6.976,1
3,medium,3.0,39,AODV,1001,n5,n7,7,73.000,78.891,5.891,1
3,medium,3.0,39,AODV,1001,n5,n7,7,133.000,142.437,9.437,1
3,medium,3.0,39,AODV,1001,n5,n7,7,193.000,198.765,5.765,1
3,medium,3.0,39,AODV,1001,n5,n7,7,253.000,259.976,6.976,1
3,medium,3.0,39,OLSR,1001,n5,n7,7,73.000,78.891,5.891,1
3,medium,3.0,39,OLSR,1001,n5,n7,7,133.000,142.437,9.437,1
3,medium,3.0,39,OLSR,1001,n5,n7,7,193.000,198.765,5.765,1
3,medium,3.0,39,OLSR,1001,n5,n7,7,253.000,259.976,6.976,1
3,medium,3.0,39,DSR,1001,n5,n7,7,73.000,78.891,5.891,1
3,medium,3.0,39,DSR,1001,n5,n7,7,133.000,142.437,9.437,1
3,medium,3.0,39,DSR,1001,n5,n7,7,193.000,198.765,5.765,1
3,medium,3.0,39,DSR,1001,n5,n7,7,253.000,259.976,6.976,1
3,medium,3.0,40,DSDV,1001,n3,n5,6,43.000,50.787,7.787,1
3,medium,3.0,40,DSDV,1001,n3,n5,6,103.000,111.689,8.689,1
3,medium,3.0,40,DSDV,1001,n5,n7,7,193.000,198.505,5.505,1
3,medium,3.0,40,DSDV,1001,n5,n7,7,253.000,258.098,5.098,1
3,medium,3.0,40,AODV,1001,n3,n5,6,43.000,50.787,7.787,1
3,medium,3.0,40,AODV,1001,n3,n5,6,103.000,111.689,8.689,1
3,medium,3.0,40,AODV,1001,n5,n7,7,193.000,198.505,5.505,1
3,medium,3.0,40,AODV,1001,n5,n7,7,253.000,258.098,5.098,1
3,medium,3.0,40,OLSR,1001,n3,n5,6,43.000,50.787,7.787,1
3,medium,3.0,40,OLSR,1001,n3,n5,6,103.000,111.689,8.689,1
3,medium,3.0,40,OLSR,1001,n5,n7,7,193.000,198.505,5.505,1
3,medium,3.0,40,OLSR,1001,n5,n7,7,253.000,258.098,5.098,1
3,medium,3.0,40,DSR,1001,n3,n5,6,43.000,50.787,7.787,1
3,medium,3.0,40,DSR,1001,n3,n5,6,103.000,111.689,8.689,1
3,medium,3.0,40,DSR,1001,n5,n7,7,193.000,198.505,5.505,1
3,medium,3.0,40,DSR,1001,n5,n7,7,253.000,258.098,5.098,1
3,medium,3.0,41,DSDV,1001,n5,n7,7,73.000,82.209,9.209,1
3,medium,3.0,41,DSDV,1001,n5,n7,7,133.000,138.098,5.098,1
3,medium,3.0,41,AODV,1001,n5,n7,7,73.000,82.209,9.209,1
3,medium,3.0,41,AODV,1001,n5,n7,7,133.000,138.098,5.098,1
3,medium,3.0,41,OLSR,1001,n5,n7,7,73.000,82.209,9.209,1
3,medium,3.0,41,OLSR,1001,n5,n7,7,133.000,138.098,5.098,1
3,medium,3.0,41,DSR,1001,n5,n7,7,73.000,82.209,9.209,1
3,medium,3.0,41,DSR,1001,n5,n7,7,133.000,138.098,5.098,1
3,medium,3.0,43,DSDV,1001,n5,n7,7,73.000,78.505,5.505,1
3,medium,3.0,43,DSDV,1001,n5,n7,7,133.000,138.178,5.178,1
3,medium,3.0,43,DSDV,1001,n5,n7,7,193.000,202.029,9.029,1
3,medium,3.0,43,DSDV,1001,n5,n7,7,253.000,260.422,7.422,1
3,medium,3.0,43,DSDV,1001,n5,n7,7,313.000,322.209,9.209,1
3,medium,3.0,43,AODV,1001,n5,n7,7,73.000,78.505,5.505,1
3,medium,3.0,43,AODV,1001,n5,n7,7,133.000,138.178,5.178,1
3,medium,3.0,43,AODV,1001,n5,n7,7,193.000,202.029,9.029,1
3,medium,3.0,43,AODV,1001,n5,n7,7,253.000,260.422,7.422,1
3,medium,3.0,43,AODV,1001,n5,n7,7,313.000,322.209,9.209,1
3,medium,3.0,43,OLSR,1001,n5,n7,7,73.000,78.505,5.505,1
3,medium,3.0,43,OLSR,1001,n5,n7,7,133.000,138.178,5.178,1
3,medium,3.0,43,OLSR,1001,n5,n7,7,193.000,202.029,9.029,1
3,medium,3.0,43,OLSR,1001,n5,n7,7,253.000,260.422,7.422,1
3,medium,3.0,43,OLSR,1001,n5,n7,7,313.000,322.209,9.209,1
3,medium,3.0,43,DSR,1001,n5,n7,7,73.000,78.505,5.505,1
3,medium,3.0,43,DSR,1001,n5,n7,7,133.000,138.178,5.178,1
3,medium,3.0,43,DSR,1001,n5,n7,7,193.000,202.029,9.029,1
3,medium,3.0,43,DSR,1001,n5,n7,7,253.000,260.422,7.422,1
3,medium,3.0,43,DSR,1001,n5,n7,7,313.000,322.209,9.209,1
3,medium,3.0,44,DSDV,1001,n3,n5,6,43.000,51.969,8.969,1
3,medium,3.0,44,DSDV,1001,n3,n5,6,103.000,108.505,5.505,1
3,medium,3.0,44,DSDV,1001,n3,n5,6,163.000,168.178,5.178,1
3,medium,3.0,44,DSDV,1001,n3,n5,6,223.000,232.029,9.029,1
3,medium,3.0,44,DSDV,1001,n3,n5,6,283.000,290.422,7.422,1
3,medium,3.0,44,DSDV,1001,n3,n5,6,343.000,352.209,9.209,1
3,medium,3.0,44,DSDV,1001,n5,n7,7,433.000,438.956,5.956,1
3,medium,3.0,44,DSDV,1001,n5,n7,7,493.000,502.675,9.675,1
3,medium,3.0,44,AODV,1001,n3,n5,6,43.000,51.969,8.969,1
3,medium,3.0,44,AODV,1001,n3,n5,6,103.000,108.505,5.505,1
3,medium,3.0,44,AODV,1001,n3,n5,6,163.000,168.178,5.178,1
3,medium,3.0,44,AODV,1001,n3,n5,6,223.000,232.029,9.029,1
3,medium,3.0,44,AODV,1001,n3,n5,6,283.000,290.422,7.422,1
3,medium,3.0,44,AODV,1001,n3,n5,6,343.000,352.209,9.209,1
3,medium,3.0,44,AODV,1001,n5,n7,7,433.000,438.956,5.956,1
3,medium,3.0,44,AODV,1001,n5,n7,7,493.000,502.675,9.675,1
3,medium,3.0,44,OLSR,1001,n3,n5,6,43.000,51.969,8.969,1
3,medium,3.0,44,OLSR,1001,n3,n5,6,103.000,108.505,5.505,1
3,medium,3.0,44,OLSR,1001,n3,n5,6,163.000,168.178,5.178,1
3,medium,3.0,44,OLSR,1001,n3,n5,6,223.000,232.029,9.029,1
3,medium,3.0,44,OLSR,1001,n3,n5,6,283.000,290.422,7.422,1
3,medium,3.0,44,OLSR,1001,n3,n5,6,343.000,352.209,9.209,1
3,medium,3.0,44,OLSR,1001,n5,n7,7,433.000,438.956,5.956,1
3,medium,3.0,44,OLSR,1001,n5,n7,7,493.000,502.675,9.675,1
3,medium,3.0,44,DSR,1001,n3,n5,6,43.000,51.969,8.969,1
3,medium,3.0,44,DSR,1001,n3,n5,6,103.000,108.505,5.505,1
3,medium,3.0,44,DSR,1001,n3,n5,6,163.000,168.178,5.178,1
3,medium,3.0,44,DSR,1001,n3,n5,6,223.000,232.029,9.029,1
3,medium,3.0,44,DSR,1001,n3,n5,6,283.000,290.422,7.422,1
3,medium,3.0,44,DSR,1001,n3,n5,6,343.000,352.209,9.209,1
3,medium,3.0,44,DSR,1001,n5,n7,7,433.000,438.956,5.956,1
3,medium,3.0,44,DSR,1001,n5,n7,7,493.000,502.675,9.675,1
3,medium,4.0,37,sim,1001,n3,n5,6,43.000,50.323,7.323,1
3,medium,4.0,37,sim,1001,n5,n7,7,133.000,138.378,5.378,1
3,medium,4.0,37,sim,1001,n5,n7,7,193.000,198.645,5.645,1
3,medium,4.0,37,sim,1001,n5,n7,7,253.000,260.182,7.182,1
3,medium,4.0,37,sim,1001,n5,n7,7,313.000,318.891,5.891,1
3,medium,4.0,37,sim,1001,n5,n7,7,373.000,379.156,6.156,1
3,medium,4.0,37,sim,1001,n5,n7,7,433.000,439.834,6.834,1
3,medium,4.0,37,AODV,1001,n3,n5,6,43.000,50.323,7.323,1
3,medium,4.0,37,AODV,1001,n5,n7,7,133.000,138.378,5.378,1
3,medium,4.0,37,AODV,1001,n5,n7,7,193.000,198.645,5.645,1
3,medium,4.0,37,AODV,1001,n5,n7,7,253.000,260.182,7.182,1
3,medium,4.0,37,AODV,1001,n5,n7,7,313.000,318.891,5.891,1
3,medium,4.0,37,AODV,1001,n5,n7,7,373.000,379.156,6.156,1
3,medium,4.0,37,AODV,1001,n5,n7,7,433.000,439.834,6.834,1
3,medium,4.0,37,OLSR,1001,n3,n5,6,43.000,50.323,7.323,1
3,medium,4.0,37,OLSR,1001,n5,n7,7,133.000,138.378,5.378,1
3,medium,4.0,37,OLSR,1001,n5,n7,7,193.000,198.645,5.645,1
3,medium,4.0,37,OLSR,1001,n5,n7,7,253.000,260.182,7.182,1
3,medium,4.0,37,OLSR,1001,n5,n7,7,313.000,318.891,5.891,1
3,medium,4.0,37,OLSR,1001,n5,n7,7,373.000,379.156,6.156,1
3,medium,4.0,37,OLSR,1001,n5,n7,7,433.000,439.834,6.834,1
3,medium,4.0,37,DSR,1001,n3,n5,6,43.000,50.323,7.323,1
3,medium,4.0,37,DSR,1001,n5,n7,7,133.000,138.378,5.378,1
3,medium,4.0,37,DSR,1001,n5,n7,7,193.000,198.645,5.645,1
3,medium,4.0,37,DSR,1001,n5,n7,7,253.000,260.182,7.182,1
3,medium,4.0,37,DSR,1001,n5,n7,7,313.000,318.891,5.891,1
3,medium,4.0,37,DSR,1001,n5,n7,7,373.000,379.156,6.156,1
3,medium,4.0,37,DSR,1001,n5,n7,7,433.000,439.834,6.834,1
3,medium,4.0,38,DSDV,1001,n5,n7,7,73.000,78.645,5.645,1
3,medium,4.0,38,DSDV,1001,n5,n7,7,133.000,139.976,6.976,1
3,medium,4.0,38,AODV,1001,n5,n7,7,73.000,78.645,5.645,1
3,medium,4.0,38,AODV,1001,n5,n7,7,133.000,139.976,6.976,1
3,medium,4.0,38,OLSR,1001,n5,n7,7,73.000,78.645,5.645,1
3,medium,4.0,38,OLSR,1001,n5,n7,7,133.000,139.976,6.976,1
3,medium,4.0,38,DSR,1001,n5,n7,7,73.000,78.645,5.645,1
3,medium,4.0,38,DSR,1001,n5,n7,7,133.000,139.976,6.976,1
3,medium,4.0,39,DSDV,1001,n5,n7,7,73.000,78.891,5.891,1
3,medium,4.0,39,DSDV,1001,n5,n7,7,133.000,142.437,9.437,1
3,medium,4.0,39,DSDV,1001,n5,n7,7,193.000,198.765,5.765,1
3,medium,4.0,39,DSDV,1001,n5,n7,7,253.000,259.976,6.976,1
3,medium,4.0,39,AODV,1001,n5,n7,7,73.000,78.891,5.891,1
3,medium,4.0,39,AODV,1001,n5,n7,7,133.000,142.437,9.437,1
3,medium,4.0,39,AODV,1001,n5,n7,7,193.000,198.765,5.765,1
3,medium,4.0,39,AODV,1001,n5,n7,7,253.000,259.976,6.976,1
3,medium,4.0,39,OLSR,1001,n5,n7,7,73.000,78.891,5.891,1
3,medium,4.0,39,OLSR,1001,n5,n7,7,133.000,142.437,9.437,1
3,medium,4.0,39,OLSR,1001,n5,n7,7,193.000,198.765,5.765,1
3,medium,4.0,39,OLSR,1001,n5,n7,7,253.000,259.976,6.976,1
3,medium,4.0,39,DSR,1001,n5,n7,7,73.000,78.891,5.891,1
3,medium,4.0,39,DSR,1001,n5,n7,7,133.000,142.437,9.437,1
3,medium,4.0,39,DSR,1001,n5,n7,7,193.000,198.765,5.765,1
3,medium,4.0,39,DSR,1001,n5,n7,7,253.000,259.976,6.976,1
3,medium,4.0,40,DSDV,1001,n3,n5,6,43.000,50.787,7.787,1
3,medium,4.0,40,DSDV,1001,n3,n5,6,103.000,111.689,8.689,1
3,medium,4.0,40,DSDV,1001,n5,n7,7,193.000,198.505,5.505,1
3,medium,4.0,40,DSDV,1001,n5,n7,7,253.000,258.098,5.098,1
3,medium,4.0,40,AODV,1001,n3,n5,6,43.000,50.787,7.787,1
3,medium,4.0,40,AODV,1001,n3,n5,6,103.000,111.689,8.689,1
3,medium,4.0,40,AODV,1001,n5,n7,7,193.000,198.505,5.505,1
3,medium,4.0,40,AODV,1001,n5,n7,7,253.000,258.098,5.098,1
3,medium,4.0,40,OLSR,1001,n3,n5,6,43.000,50.787,7.787,1
3,medium,4.0,40,OLSR,1001,n3,n5,6,103.000,111.689,8.689,1
3,medium,4.0,40,OLSR,1001,n5,n7,7,193.000,198.505,5.505,1
3,medium,4.0,40,OLSR,1001,n5,n7,7,253.000,258.098,5.098,1
3,medium,4.0,40,DSR,1001,n3,n5,6,43.000,50.787,7.787,1
3,medium,4.0,40,DSR,1001,n3,n5,6,103.000,111.689,8.689,1
3,medium,4.0,40,DSR,1001,n5,n7,7,193.000,198.505,5.505,1
3,medium,4.0,40,DSR,1001,n5,n7,7,253.000,258.098,5.098,1
3,medium,4.0,41,DSDV,1001,n5,n7,7,73.000,82.209,9.209,1
3,medium,4.0,41,DSDV,1001,n5,n7,7,133.000,138.098,5.098,1
3,medium,4.0,41,AODV,1001,n5,n7,7,73.000,82.209,9.209,1
3,medium,4.0,41,AODV,1001,n5,n7,7,133.000,138.098,5.098,1
3,medium,4.0,41,OLSR,1001,n5,n7,7,73.000,82.209,9.209,1
3,medium,4.0,41,OLSR,1001,n5,n7,7,133.000,138.098,5.098,1
3,medium,4.0,41,DSR,1001,n5,n7,7,73.000,82.209,9.209,1
3,medium,4.0,41,DSR,1001,n5,n7,7,133.000,138.098,5.098,1
3,medium,4.0,43,DSDV,1001,n5,n7,7,73.000,78.505,5.505,1
3,medium,4.0,43,DSDV,1001,n5,n7,7,133.000,138.178,5.178,1
3,medium,4.0,43,DSDV,1001,n5,n7,7,193.000,202.029,9.029,1
3,medium,4.0,43,DSDV,1001,n5,n7,7,253.000,260.422,7.422,1
3,medium,4.0,43,DSDV,1001,n5,n7,7,313.000,322.209,9.209,1
3,medium,4.0,43,AODV,1001,n5,n7,7,73.000,78.505,5.505,1
3,medium,4.0,43,AODV,1001,n5,n7,7,133.000,138.178,5.178,1
3,medium,4.0,43,AODV,1001,n5,n7,7,193.000,202.029,9.029,1
3,medium,4.0,43,AODV,1001,n5,n7,7,253.000,260.422,7.422,1
3,medium,4.0,43,AODV,1001,n5,n7,7,313.000,322.209,9.209,1
3,medium,4.0,43,OLSR,1001,n5,n7,7,73.000,78.505,5.505,1
3,medium,4.0,43,OLSR,1001,n5,n7,7,133.000,138.178,5.178,1
3,medium,4.0,43,OLSR,1001,n5,n7,7,193.000,202.029,9.029,1
3,medium,4.0,43,OLSR,1001,n5,n7,7,253.000,260.422,7.422,1
3,medium,4.0,43,OLSR,1001,n5,n7,7,313.000,322.209,9.209,1
3,medium,4.0,43,DSR,1001,n5,n7,7,73.000,78.505,5.505,1
3,medium,4.0,43,DSR,1001,n5,n7,7,133.000,138.178,5.178,1
3,medium,4.0,43,DSR,1001,n5,n7,7,193.000,202.029,9.029,1
3,medium,4.0,43,DSR,1001,n5,n7,7,253.000,260.422,7.422,1
3,medium,4.0,43,DSR,1001,n5,n7,7,313.000,322.209,9.209,1
3,medium,4.0,44,DSDV,1001,n3,n5,6,43.000,51.969,8.969,1
3,medium,4.0,44,DSDV,1001,n3,n5,6,103.000,108.505,5.505,1
3,medium,4.0,44,DSDV,1001,n3,n5,6,163.000,168.178,5.178,1
3,medium,4.0,44,DSDV,1001,n3,n5,6,223.000,232.029,9.029,1
3,medium,4.0,44,DSDV,1001,n3,n5,6,283.000,290.422,7.422,1
3,medium,4.0,44,DSDV,1001,n3,n5,6,343.000,352.209,9.209,1
3,medium,4.0,44,DSDV,1001,n5,n7,7,433.000,438.956,5.956,1
3,medium,4.0,44,DSDV,1001,n5,n7,7,493.000,502.675,9.675,1
3,medium,4.0,44,AODV,1001,n3,n5,6,43.000,51.969,8.969,1
3,medium,4.0,44,AODV,1001,n3,n5,6,103.000,108.505,5.505,1
3,medium,4.0,44,AODV,1001,n3,n5,6,163.000,168.178,5.178,1
3,medium,4.0,44,AODV,1001,n3,n5,6,223.000,232.029,9.029,1
3,medium,4.0,44,AODV,1001,n3,n5,6,283.000,290.422,7.422,1
3,medium,4.0,44,AODV,1001,n3,n5,6,343.000,352.209,9.209,1
3,medium,4.0,44,AODV,1001,n5,n7,7,433.000,438.956,5.956,1
3,medium,4.0,44,AODV,1001,n5,n7,7,493.000,502.675,9.675,1
3,medium,4.0,44,OLSR,1001,n3,n5,6,43.000,51.969,8.969,1
3,medium,4.0,44,OLSR,1001,n3,n5,6,103.000,108.505,5.505,1
3,medium,4.0,44,OLSR,1001,n3,n5,6,163.000,168.178,5.178,1
3,medium,4.0,44,OLSR,1001,n3,n5,6,223.000,232.029,9.029,1
3,medium,4.0,44,OLSR,1001,n3,n5,6,283.000,290.422,7.422,1
3,medium,4.0,44,OLSR,1001,n3,n5,6,343.000,352.209,9.209,1
3,medium,4.0,44,OLSR,1001,n5,n7,7,433.000,438.956,5.956,1
3,medium,4.0,44,OLSR,1001,n5,n7,7,493.000,502.675,9.675,1
3,medium,4.0,44,DSR,1001,n3,n5,6,43.000,51.969,8.969,1
3,medium,4.0,44,DSR,1001,n3,n5,6,103.000,108.505,5.505,1
3,medium,4.0,44,DSR,1001,n3,n5,6,163.000,168.178,5.178,1
3,medium,4.0,44,DSR,1001,n3,n5,6,223.000,232.029,9.029,1
3,medium,4.0,44,DSR,1001,n3,n5,6,283.000,290.422,7.422,1
3,medium,4.0,44,DSR,1001,n3,n5,6,343.000,352.209,9.209,1
3,medium,4.0,44,DSR,1001,n5,n7,7,433.000,438.956,5.956,1
3,medium,4.0,44,DSR,1001,n5,n7,7,493.000,502.675,9.675,1
3,medium,5.0,37,sim,1001,n3,n5,6,43.000,50.323,7.323,1
3,medium,5.0,37,sim,1001,n5,n7,7,133.000,138.378,5.378,1
3,medium,5.0,37,sim,1001,n5,n7,7,193.000,198.645,5.645,1
3,medium,5.0,37,sim,1001,n5,n7,7,253.000,260.182,7.182,1
3,medium,5.0,37,sim,1001,n5,n7,7,313.000,318.891,5.891,1
3,medium,5.0,37,sim,1001,n5,n7,7,373.000,379.156,6.156,1
3,medium,5.0,37,sim,1001,n5,n7,7,433.000,439.834,6.834,1
3,medium,5.0,37,AODV,1001,n3,n5,6,43.000,50.323,7.323,1
3,medium,5.0,37,AODV,1001,n5,n7,7,133.000,138.378,5.378,1
3,medium,5.0,37,AODV,1001,n5,n7,7,193.000,198.645,5.645,1
3,medium,5.0,37,AODV,1001,n5,n7,7,253.000,260.182,7.182,1
3,medium,5.0,37,AODV,1001,n5,n7,7,313.000,318.891,5.891,1
3,medium,5.0,37,AODV,1001,n5,n7,7,373.000,379.156,6.156,1
3,medium,5.0,37,AODV,1001,n5,n7,7,433.000,439.834,6.834,1
3,medium,5.0,37,OLSR,1001,n3,n5,6,43.000,50.323,7.323,1
3,medium,5.0,37,OLSR,1001,n5,n7,7,133.000,138.378,5.378,1
3,medium,5.0,37,OLSR,1001,n5,n7,7,193.000,198.645,5.645,1
3,medium,5.0,37,OLSR,1001,n5,n7,7,253.000,260.182,7.182,1
3,medium,5.0,37,OLSR,1001,n5,n7,7,313.000,318.891,5.891,1
3,medium,5.0,37,OLSR,1001,n5,n7,7,373.000,379.156,6.156,1
3,medium,5.0,37,OLSR,1001,n5,n7,7,433.000,439.834,6.834,1
3,medium,5.0,37,DSR,1001,n3,n5,6,43.000,50.323,7.323,1
3,medium,5.0,37,DSR,1001,n5,n7,7,133.000,138.378,5.378,1
3,medium,5.0,37,DSR,1001,n5,n7,7,193.000,198.645,5.645,1
3,medium,5.0,37,DSR,1001,n5,n7,7,253.000,260.182,7.182,1
3,medium,5.0,37,DSR,1001,n5,n7,7,313.000,318.891,5.891,1
3,medium,5.0,37,DSR,1001,n5,n7,7,373.000,379.156,6.156,1
3,medium,5.0,37,DSR,1001,n5,n7,7,433.000,439.834,6.834,1
3,medium,5.0,38,DSDV,1001,n5,n7,7,73.000,78.645,5.645,1
3,medium,5.0,38,DSDV,1001,n5,n7,7,133.000,139.976,6.976,1
3,medium,5.0,38,AODV,1001,n5,n7,7,73.000,78.645,5.645,1
3,medium,5.0,38,AODV,1001,n5,n7,7,133.000,139.976,6.976,1
3,medium,5.0,38,OLSR,1001,n5,n7,7,73.000,78.645,5.645,1
3,medium,5.0,38,OLSR,1001,n5,n7,7,133.000,139.976,6.976,1
3,medium,5.0,38,DSR,1001,n5,n7,7,73.000,78.645,5.645,1
3,medium,5.0,38,DSR,1001,n5,n7,7,133.000,139.976,6.976,1
3,medium,5.0,39,DSDV,1001,n5,n7,7,73.000,78.891,5.891,1
3,medium,5.0,39,DSDV,1001,n5,n7,7,133.000,142.437,9.437,1
3,medium,5.0,39,DSDV,1001,n5,n7,7,193.000,198.765,5.765,1
3,medium,5.0,39,DSDV,1001,n5,n7,7,253.000,259.976,6.976,1
3,medium,5.0,39,AODV,1001,n5,n7,7,73.000,78.891,5.891,1
3,medium,5.0,39,AODV,1001,n5,n7,7,133.000,142.437,9.437,1
3,medium,5.0,39,AODV,1001,n5,n7,7,193.000,198.765,5.765,1
3,medium,5.0,39,AODV,1001,n5,n7,7,253.000,259.976,6.976,1
3,medium,5.0,39,OLSR,1001,n5,n7,7,73.000,78.891,5.891,1
3,medium,5.0,39,OLSR,1001,n5,n7,7,133.000,142.437,9.437,1
3,medium,5.0,39,OLSR,1001,n5,n7,7,193.000,198.765,5.765,1
3,medium,5.0,39,OLSR,1001,n5,n7,7,253.000,259.976,6.976,1
3,medium,5.0,39,DSR,1001,n5,n7,7,73.000,78.891,5.891,1
3,medium,5.0,39,DSR,1001,n5,n7,7,133.000,142.437,9.437,1
3,medium,5.0,39,DSR,1001,n5,n7,7,193.000,198.765,5.765,1
3,medium,5.0,39,DSR,1001,n5,n7,7,253.000,259.976,6.976,1
3,medium,5.0,40,DSDV,1001,n3,n5,6,43.000,50.787,7.787,1
3,medium,5.0,40,DSDV,1001,n3,n5,6,103.000,111.689,8.689,1
3,medium,5.0,40,DSDV,1001,n5,n7,7,193.000,198.505,5.505,1
3,medium,5.0,40,DSDV,1001,n5,n7,7,253.000,258.098,5.098,1
3,medium,5.0,40,AODV,1001,n3,n5,6,43.000,50.787,7.787,1
3,medium,5.0,40,AODV,1001,n3,n5,6,103.000,111.689,8.689,1
3,medium,5.0,40,AODV,1001,n5,n7,7,193.000,198.505,5.505,1
3,medium,5.0,40,AODV,1001,n5,n7,7,253.000,258.098,5.098,1
3,medium,5.0,40,OLSR,1001,n3,n5,6,43.000,50.787,7.787,1
3,medium,5.0,40,OLSR,1001,n3,n5,6,103.000,111.689,8.689,1
3,medium,5.0,40,OLSR,1001,n5,n7,7,193.000,198.505,5.505,1
3,medium,5.0,40,OLSR,1001,n5,n7,7,253.000,258.098,5.098,1
3,medium,5.0,40,DSR,1001,n3,n5,6,43.000,50.787,7.787,1
3,medium,5.0,40,DSR,1001,n3,n5,6,103.000,111.689,8.689,1
3,medium,5.0,40,DSR,1001,n5,n7,7,193.000,198.505,5.505,1
3,medium,5.0,40,DSR,1001,n5,n7,7,253.000,258.098,5.098,1
3,medium,5.0,41,DSDV,1001,n5,n7,7,73.000,82.209,9.209,1
3,medium,5.0,41,DSDV,1001,n5,n7,7,133.000,138.098,5.098,1
3,medium,5.0,41,AODV,1001,n5,n7,7,73.000,82.209,9.209,1
3,medium,5.0,41,AODV,1001,n5,n7,7,133.000,138.098,5.098,1
3,medium,5.0,41,OLSR,1001,n5,n7,7,73.000,82.209,9.209,1
3,medium,5.0,41,OLSR,1001,n5,n7,7,133.000,138.098,5.098,1
3,medium,5.0,41,DSR,1001,n5,n7,7,73.000,82.209,9.209,1
3,medium,5.0,41,DSR,1001,n5,n7,7,133.000,138.098,5.098,1
3,medium,5.0,43,DSDV,1001,n5,n7,7,73.000,78.505,5.505,1
3,medium,5.0,43,DSDV,1001,n5,n7,7,133.000,138.178,5.178,1
3,medium,5.0,43,DSDV,1001,n5,n7,7,193.000,202.029,9.029,1
3,medium,5.0,43,DSDV,1001,n5,n7,7,253.000,260.422,7.422,1
3,medium,5.0,43,DSDV,1001,n5,n7,7,313.000,322.209,9.209,1
3,medium,5.0,43,AODV,1001,n5,n7,7,73.000,78.505,5.505,1
3,medium,5.0,43,AODV,1001,n5,n7,7,133.000,138.178,5.178,1
3,medium,5.0,43,AODV,1001,n5,n7,7,193.000,202.029,9.029,1
3,medium,5.0,43,AODV,1001,n5,n7,7,253.000,260.422,7.422,1
3,medium,5.0,43,AODV,1001,n5,n7,7,313.000,322.209,9.209,1
3,medium,5.0,43,OLSR,1001,n5,n7,7,73.000,78.505,5.505,1
3,medium,5.0,43,OLSR,1001,n5,n7,7,133.000,138.178,5.178,1
3,medium,5.0,43,OLSR,1001,n5,n7,7,193.000,202.029,9.029,1
3,medium,5.0,43,OLSR,1001,n5,n7,7,253.000,260.422,7.422,1
3,medium,5.0,43,OLSR,1001,n5,n7,7,313.000,322.209,9.209,1
3,medium,5.0,43,DSR,1001,n5,n7,7,73.000,78.505,5.505,1
3,medium,5.0,43,DSR,1001,n5,n7,7,133.000,138.178,5.178,1
3,medium,5.0,43,DSR,1001,n5,n7,7,193.000,202.029,9.029,1
3,medium,5.0,43,DSR,1001,n5,n7,7,253.000,260.422,7.422,1
3,medium,5.0,43,DSR,1001,n5,n7,7,313.000,322.209,9.209,1
3,medium,5.0,44,DSDV,1001,n3,n5,6,43.000,51.969,8.969,1
3,medium,5.0,44,DSDV,1001,n3,n5,6,103.000,108.505,5.505,1
3,medium,5.0,44,DSDV,1001,n3,n5,6,163.000,168.178,5.178,1
3,medium,5.0,44,DSDV,1001,n3,n5,6,223.000,232.029,9.029,1
3,medium,5.0,44,DSDV,1001,n3,n5,6,283.000,290.422,7.422,1
3,medium,5.0,44,DSDV,1001,n3,n5,6,343.000,352.209,9.209,1
3,medium,5.0,44,DSDV,1001,n5,n7,7,433.000,438.956,5.956,1
3,medium,5.0,44,DSDV,1001,n5,n7,7,493.000,502.675,9.675,1
3,medium,5.0,44,AODV,1001,n3,n5,6,43.000,51.969,8.969,1
3,medium,5.0,44,AODV,1001,n3,n5,6,103.000,108.505,5.505,1
3,medium,5.0,44,AODV,1001,n3,n5,6,163.000,168.178,5.178,1
3,medium,5.0,44,AODV,1001,n3,n5,6,223.000,232.029,9.029,1
3,medium,5.0,44,AODV,1001,n3,n5,6,283.000,290.422,7.422,1
3,medium,5.0,44,AODV,1001,n3,n5,6,343.000,352.209,9.209,1
3,medium,5.0,44,AODV,1001,n5,n7,7,433.000,438.956,5.956,1
3,medium,5.0,44,AODV,1001,n5,n7,7,493.000,502.675,9.675,1
3,medium,5.0,44,OLSR,1001,n3,n5,6,43.000,51.969,8.969,1
3,medium,5.0,44,OLSR,1001,n3,n5,6,103.000,108.505,5.505,1
3,medium,5.0,44,OLSR,1001,n3,n5,6,163.000,168.178,5.178,1
3,medium,5.0,44,OLSR,1001,n3,n5,6,223.000,232.029,9.029,1
3,medium,5.0,44,OLSR,1001,n3,n5,6,283.000,290.422,7.422,1
3,medium,5.0,44,OLSR,1001,n3,n5,6,343.000,352.209,9.209,1
3,medium,5.0,44,OLSR,1001,n5,n7,7,433.000,438.956,5.956,1
3,medium,5.0,44,OLSR,1001,n5,n7,7,493.000,502.675,9.675,1
3,medium,5.0,44,DSR,1001,n3,n5,6,43.000,51.969,8.969,1
3,medium,5.0,44,DSR,1001,n3,n5,6,103.000,108.505,5.505,1
3,medium,5.0,44,DSR,1001,n3,n5,6,163.000,168.178,5.178,1
3,medium,5.0,44,DSR,1001,n3,n5,6,223.000,232.029,9.029,1
3,medium,5.0,44,DSR,1001,n3,n5,6,283.000,290.422,7.422,1
3,medium,5.0,44,DSR,1001,n3,n5,6,343.000,352.209,9.209,1
3,medium,5.0,44,DSR,1001,n5,n7,7,433.000,438.956,5.956,1
3,medium,5.0,44,DSR,1001,n5,n7,7,493.000,502.675,9.675,1
3,medium,6.0,37,sim,1001,n3,n5,6,43.000,50.323,7.323,1
3,medium,6.0,37,sim,1001,n5,n7,7,133.000,138.378,5.378,1
3,medium,6.0,37,sim,1001,n5,n7,7,193.000,198.645,5.645,1
3,medium,6.0,37,sim,1001,n5,n7,7,253.000,260.182,7.182,1
3,medium,6.0,37,sim,1001,n5,n7,7,313.000,318.891,5.891,1
3,medium,6.0,37,sim,1001,n5,n7,7,373.000,379.156,6.156,1
3,medium,6.0,37,sim,1001,n5,n7,7,433.000,439.834,6.834,1
3,medium,6.0,37,AODV,1001,n3,n5,6,43.000,50.323,7.323,1
3,medium,6.0,37,AODV,1001,n5,n7,7,133.000,138.378,5.378,1
3,medium,6.0,37,AODV,1001,n5,n7,7,193.000,198.645,5.645,1
3,medium,6.0,37,AODV,1001,n5,n7,7,253.000,260.182,7.182,1
3,medium,6.0,37,AODV,1001,n5,n7,7,313.000,318.891,5.891,1
3,medium,6.0,37,AODV,1001,n5,n7,7,373.000,379.156,6.156,1
3,medium,6.0,37,AODV,1001,n5,n7,7,433.000,439.834,6.834,1
3,medium,6.0,37,OLSR,1001,n3,n5,6,43.000,50.323,7.323,1
3,medium,6.0,37,OLSR,1001,n5,n7,7,133.000,138.378,5.378,1
3,medium,6.0,37,OLSR,1001,n5,n7,7,193.000,198.645,5.645,1
3,medium,6.0,37,OLSR,1001,n5,n7,7,253.000,260.182,7.182,1
3,medium,6.0,37,OLSR,1001,n5,n7,7,313.000,318.891,5.891,1
3,medium,6.0,37,OLSR,1001,n5,n7,7,373.000,379.156,6.156,1
3,medium,6.0,37,OLSR,1001,n5,n7,7,433.000,439.834,6.834,1
3,medium,6.0,37,DSR,1001,n3,n5,6,43.000,50.323,7.323,1
3,medium,6.0,37,DSR,1001,n5,n7,7,133.000,138.378,5.378,1
3,medium,6.0,37,DSR,1001,n5,n7,7,193.000,198.645,5.645,1
3,medium,6.0,37,DSR,1001,n5,n7,7,253.000,260.182,7.182,1
3,medium,6.0,37,DSR,1001,n5,n7,7,313.000,318.891,5.891,1
3,medium,6.0,37,DSR,1001,n5,n7,7,373.000,379.156,6.156,1
3,medium,6.0,37,DSR,1001,n5,n7,7,433.000,439.834,6.834,1
3,medium,6.0,38,DSDV,1001,n5,n7,7,73.000,78.645,5.645,1
3,medium,6.0,38,DSDV,1001,n5,n7,7,133.000,139.976,6.976,1
3,medium,6.0,38,AODV,1001,n5,n7,7,73.000,78.645,5.645,1
3,medium,6.0,38,AODV,1001,n5,n7,7,133.000,139.976,6.976,1
3,medium,6.0,38,OLSR,1001,n5,n7,7,73.000,78.645,5.645,1
3,medium,6.0,38,OLSR,1001,n5,n7,7,133.000,139.976,6.976,1
3,medium,6.0,38,DSR,1001,n5,n7,7,73.000,78.645,5.645,1
3,medium,6.0,38,DSR,1001,n5,n7,7,133.000,139.976,6.976,1
3,medium,6.0,39,DSDV,1001,n5,n7,7,73.000,78.891,5.891,1
3,medium,6.0,39,DSDV,1001,n5,n7,7,133.000,142.437,9.437,1
3,medium,6.0,39,DSDV,1001,n5,n7,7,193.000,198.765,5.765,1
3,medium,6.0,39,DSDV,1001,n5,n7,7,253.000,259.976,6.976,1
3,medium,6.0,39,AODV,1001,n5,n7,7,73.000,78.891,5.891,1
3,medium,6.0,39,AODV,1001,n5,n7,7,133.000,142.437,9.437,1
3,medium,6.0,39,AODV,1001,n5,n7,7,193.000,198.765,5.765,1
3,medium,6.0,39,AODV,1001,n5,n7,7,253.000,259.976,6.976,1
3,medium,6.0,39,OLSR,1001,n5,n7,7,73.000,78.891,5.891,1
3,medium,6.0,39,OLSR,1001,n5,n7,7,133.000,142.437,9.437,1
3,medium,6.0,39,OLSR,1001,n5,n7,7,193.000,198.765,5.765,1
3,medium,6.0,39,OLSR,1001,n5,n7,7,253.000,259.976,6.976,1
3,medium,6.0,39,DSR,1001,n5,n7,7,73.000,78.891,5.891,1
3,medium,6.0,39,DSR,1001,n5,n7,7,133.000,142.437,9.437,1
3,medium,6.0,39,DSR,1001,n5,n7,7,193.000,198.765,5.765,1
3,medium,6.0,39,DSR,1001,n5,n7,7,253.000,259.976,6.976,1
3,medium,6.0,40,DSDV,1001,n3,n5,6,43.000,50.787,7.787,1
3,medium,6.0,40,DSDV,1001,n3,n5,6,103.000,111.689,8.689,1
3,medium,6.0,40,DSDV,1001,n5,n7,7,193.000,198.505,5.505,1
3,medium,6.0,40,DSDV,1001,n5,n7,7,253.000,258.098,5.098,1
3,medium,6.0,40,AODV,1001,n3,n5,6,43.000,50.787,7.787,1
3,medium,6.0,40,AODV,1001,n3,n5,6,103.000,111.689,8.689,1
3,medium,6.0,40,AODV,1001,n5,n7,7,193.000,198.505,5.505,1
3,medium,6.0,40,AODV,1001,n5,n7,7,253.000,258.098,5.098,1
3,medium,6.0,40,OLSR,1001,n3,n5,6,43.000,50.787,7.787,1
3,medium,6.0,40,OLSR,1001,n3,n5,6,103.000,111.689,8.689,1
3,medium,6.0,40,OLSR,1001,n5,n7,7,193.000,198.505,5.505,1
3,medium,6.0,40,OLSR,1001,n5,n7,7,253.000,258.098,5.098,1
3,medium,6.0,40,DSR,1001,n3,n5,6,43.000,50.787,7.787,1
3,medium,6.0,40,DSR,1001,n3,n5,6,103.000,111.689,8.689,1
3,medium,6.0,40,DSR,1001,n5,n7,7,193.000,198.505,5.505,1
3,medium,6.0,40,DSR,1001,n5,n7,7,253.000,258.098,5.098,1
3,medium,6.0,41,DSDV,1001,n5,n7,7,73.000,82.209,9.209,1
3,medium,6.0,41,DSDV,1001,n5,n7,7,133.000,138.098,5.098,1
3,medium,6.0,41,AODV,1001,n5,n7,7,73.000,82.209,9.209,1
3,medium,6.0,41,AODV,1001,n5,n7,7,133.000,138.098,5.098,1
3,medium,6.0,41,OLSR,1001,n5,n7,7,73.000,82.209,9.209,1
3,medium,6.0,41,OLSR,1001,n5,n7,7,133.000,138.098,5.098,1
3,medium,6.0,41,DSR,1001,n5,n7,7,73.000,82.209,9.209,1
3,medium,6.0,41,DSR,1001,n5,n7,7,133.000,138.098,5.098,1
3,medium,6.0,43,DSDV,1001,n5,n7,7,73.000,78.505,5.505,1
3,medium,6.0,43,DSDV,1001,n5,n7,7,133.000,138.178,5.178,1
3,medium,6.0,43,DSDV,1001,n5,n7,7,193.000,202.029,9.029,1
3,medium,6.0,43,DSDV,1001,n5,n7,7,253.000,260.422,7.422,1
3,medium,6.0,43,DSDV,1001,n5,n7,7,313.000,322.209,9.209,1
3,medium,6.0,43,AODV,1001,n5,n7,7,73.000,78.505,5.505,1
3,medium,6.0,43,AODV,1001,n5,n7,7,133.000,138.178,5.178,1
3,medium,6.0,43,AODV,1001,n5,n7,7,193.000,202.029,9.029,1
3,medium,6.0,43,AODV,1001,n5,n7,7,253.000,260.422,7.422,1
3,medium,6.0,43,AODV,1001,n5,n7,7,313.000,322.209,9.209,1
3,medium,6.0,43,OLSR,1001,n5,n7,7,73.000,78.505,5.505,1
3,medium,6.0,43,OLSR,1001,n5,n7,7,133.000,138.178,5.178,1
3,medium,6.0,43,OLSR,1001,n5,n7,7,193.000,202.029,9.029,1
3,medium,6.0,43,OLSR,1001,n5,n7,7,253.000,260.422,7.422,1
3,medium,6.0,43,OLSR,1001,n5,n7,7,313.000,322.209,9.209,1
3,medium,6.0,43,DSR,1001,n5,n7,7,73.000,78.505,5.505,1
3,medium,6.0,43,DSR,1001,n5,n7,7,133.000,138.178,5.178,1
3,medium,6.0,43,DSR,1001,n5,n7,7,193.000,202.029,9.029,1
3,medium,6.0,43,DSR,1001,n5,n7,7,253.000,260.422,7.422,1
3,medium,6.0,43,DSR,1001,n5,n7,7,313.000,322.209,9.209,1
3,medium,6.0,44,DSDV,1001,n3,n5,6,43.000,51.969,8.969,1
3,medium,6.0,44,DSDV,1001,n3,n5,6,103.000,108.505,5.505,1
3,medium,6.0,44,DSDV,1001,n3,n5,6,163.000,168.178,5.178,1
3,medium,6.0,44,DSDV,1001,n3,n5,6,223.000,232.029,9.029,1
3,medium,6.0,44,DSDV,1001,n3,n5,6,283.000,290.422,7.422,1
3,medium,6.0,44,DSDV,1001,n3,n5,6,343.000,352.209,9.209,1
3,medium,6.0,44,DSDV,1001,n5,n7,7,433.000,438.956,5.956,1
3,medium,6.0,44,DSDV,1001,n5,n7,7,493.000,502.675,9.675,1
3,medium,6.0,44,AODV,1001,n3,n5,6,43.000,51.969,8.969,1
3,medium,6.0,44,AODV,1001,n3,n5,6,103.000,108.505,5.505,1
3,medium,6.0,44,AODV,1001,n3,n5,6,163.000,168.178,5.178,1
3,medium,6.0,44,AODV,1001,n3,n5,6,223.000,232.029,9.029,1
3,medium,6.0,44,AODV,1001,n3,n5,6,283.000,290.422,7.422,1
3,medium,6.0,44,AODV,1001,n3,n5,6,343.000,352.209,9.209,1
3,medium,6.0,44,AODV,1001,n5,n7,7,433.000,438.956,5.956,1
3,medium,6.0,44,AODV,1001,n5,n7,7,493.000,502.675,9.675,1
3,medium,6.0,44,OLSR,1001,n3,n5,6,43.000,51.969,8.969,1
3,medium,6.0,44,OLSR,1001,n3,n5,6,103.000,108.505,5.505,1
3,medium,6.0,44,OLSR,1001,n3,n5,6,163.000,168.178,5.178,1
3,medium,6.0,44,OLSR,1001,n3,n5,6,223.000,232.029,9.029,1
3,medium,6.0,44,OLSR,1001,n3,n5,6,283.000,290.422,7.422,1
3,medium,6.0,44,OLSR,1001,n3,n5,6,343.000,352.209,9.209,1
3,medium,6.0,44,OLSR,1001,n5,n7,7,433.000,438.956,5.956,1
3,medium,6.0,44,OLSR,1001,n5,n7,7,493.000,502.675,9.675,1
3,medium,6.0,44,DSR,1001,n3,n5,6,43.000,51.969,8.969,1
3,medium,6.0,44,DSR,1001,n3,n5,6,103.000,108.505,5.505,1
3,medium,6.0,44,DSR,1001,n3,n5,6,163.000,168.178,5.178,1
3,medium,6.0,44,DSR,1001,n3,n5,6,223.000,232.029,9.029,1
3,medium,6.0,44,DSR,1001,n3,n5,6,283.000,290.422,7.422,1
3,medium,6.0,44,DSR,1001,n3,n5,6,343.000,352.209,9.209,1
3,medium,6.0,44,DSR,1001,n5,n7,7,433.000,438.956,5.956,1
3,medium,6.0,44,DSR,1001,n5,n7,7,493.000,502.675,9.675,1
3,medium,6.5,37,sim,1001,n3,n5,6,43.000,50.323,7.323,1
3,medium,6.5,37,sim,1001,n5,n7,7,133.000,138.378,5.378,1
3,medium,6.5,37,sim,1001,n5,n7,7,193.000,198.645,5.645,1
3,medium,6.5,37,sim,1001,n5,n7,7,253.000,260.182,7.182,1
3,medium,6.5,37,sim,1001,n5,n7,7,313.000,318.891,5.891,1
3,medium,6.5,37,sim,1001,n5,n7,7,373.000,379.156,6.156,1
3,medium,6.5,37,sim,1001,n5,n7,7,433.000,439.834,6.834,1
3,medium,6.5,37,AODV,1001,n3,n5,6,43.000,50.323,7.323,1
3,medium,6.5,37,AODV,1001,n5,n7,7,133.000,138.378,5.378,1
3,medium,6.5,37,AODV,1001,n5,n7,7,193.000,198.645,5.645,1
3,medium,6.5,37,AODV,1001,n5,n7,7,253.000,260.182,7.182,1
3,medium,6.5,37,AODV,1001,n5,n7,7,313.000,318.891,5.891,1
3,medium,6.5,37,AODV,1001,n5,n7,7,373.000,379.156,6.156,1
3,medium,6.5,37,AODV,1001,n5,n7,7,433.000,439.834,6.834,1
3,medium,6.5,37,OLSR,1001,n3,n5,6,43.000,50.323,7.323,1
3,medium,6.5,37,OLSR,1001,n5,n7,7,133.000,138.378,5.378,1
3,medium,6.5,37,OLSR,1001,n5,n7,7,193.000,198.645,5.645,1
3,medium,6.5,37,OLSR,1001,n5,n7,7,253.000,260.182,7.182,1
3,medium,6.5,37,OLSR,1001,n5,n7,7,313.000,318.891,5.891,1
3,medium,6.5,37,OLSR,1001,n5,n7,7,373.000,379.156,6.156,1
3,medium,6.5,37,OLSR,1001,n5,n7,7,433.000,439.834,6.834,1
3,medium,6.5,37,DSR,1001,n3,n5,6,43.000,50.323,7.323,1
3,medium,6.5,37,DSR,1001,n5,n7,7,133.000,138.378,5.378,1
3,medium,6.5,37,DSR,1001,n5,n7,7,193.000,198.645,5.645,1
3,medium,6.5,37,DSR,1001,n5,n7,7,253.000,260.182,7.182,1
3,medium,6.5,37,DSR,1001,n5,n7,7,313.000,318.891,5.891,1
3,medium,6.5,37,DSR,1001,n5,n7,7,373.000,379.156,6.156,1
3,medium,6.5,37,DSR,1001,n5,n7,7,433.000,439.834,6.834,1
3,medium,6.5,38,DSDV,1001,n5,n7,7,73.000,78.645,5.645,1
3,medium,6.5,38,DSDV,1001,n5,n7,7,133.000,139.976,6.976,1
3,medium,6.5,38,AODV,1001,n5,n7,7,73.000,78.645,5.645,1
3,medium,6.5,38,AODV,1001,n5,n7,7,133.000,139.976,6.976,1
3,medium,6.5,38,OLSR,1001,n5,n7,7,73.000,78.645,5.645,1
3,medium,6.5,38,OLSR,1001,n5,n7,7,133.000,139.976,6.976,1
3,medium,6.5,38,DSR,1001,n5,n7,7,73.000,78.645,5.645,1
3,medium,6.5,38,DSR,1001,n5,n7,7,133.000,139.976,6.976,1
3,medium,6.5,39,DSDV,1001,n5,n7,7,73.000,78.891,5.891,1
3,medium,6.5,39,DSDV,1001,n5,n7,7,133.000,142.437,9.437,1
3,medium,6.5,39,DSDV,1001,n5,n7,7,193.000,198.765,5.765,1
3,medium,6.5,39,DSDV,1001,n5,n7,7,253.000,259.976,6.976,1
3,medium,6.5,39,AODV,1001,n5,n7,7,73.000,78.891,5.891,1
3,medium,6.5,39,AODV,1001,n5,n7,7,133.000,142.437,9.437,1
3,medium,6.5,39,AODV,1001,n5,n7,7,193.000,198.765,5.765,1
3,medium,6.5,39,AODV,1001,n5,n7,7,253.000,259.976,6.976,1
3,medium,6.5,39,OLSR,1001,n5,n7,7,73.000,78.891,5.891,1
3,medium,6.5,39,OLSR,1001,n5,n7,7,133.000,142.437,9.437,1
3,medium,6.5,39,OLSR,1001,n5,n7,7,193.000,198.765,5.765,1
3,medium,6.5,39,OLSR,1001,n5,n7,7,253.000,259.976,6.976,1
3,medium,6.5,39,DSR,1001,n5,n7,7,73.000,78.891,5.891,1
3,medium,6.5,39,DSR,1001,n5,n7,7,133.000,142.437,9.437,1
3,medium,6.5,39,DSR,1001,n5,n7,7,193.000,198.765,5.765,1
3,medium,6.5,39,DSR,1001,n5,n7,7,253.000,259.976,6.976,1
3,medium,6.5,40,DSDV,1001,n3,n5,6,43.000,50.787,7.787,1
3,medium,6.5,40,DSDV,1001,n3,n5,6,103.000,111.689,8.689,1
3,medium,6.5,40,DSDV,1001,n5,n7,7,193.000,198.505,5.505,1
3,medium,6.5,40,DSDV,1001,n5,n7,7,253.000,258.098,5.098,1
3,medium,6.5,40,AODV,1001,n3,n5,6,43.000,50.787,7.787,1
3,medium,6.5,40,AODV,1001,n3,n5,6,103.000,111.689,8.689,1
3,medium,6.5,40,AODV,1001,n5,n7,7,193.000,198.505,5.505,1
3,medium,6.5,40,AODV,1001,n5,n7,7,253.000,258.098,5.098,1
3,medium,6.5,40,OLSR,1001,n3,n5,6,43.000,50.787,7.787,1
3,medium,6.5,40,OLSR,1001,n3,n5,6,103.000,111.689,8.689,1
3,medium,6.5,40,OLSR,1001,n5,n7,7,193.000,198.505,5.505,1
3,medium,6.5,40,OLSR,1001,n5,n7,7,253.000,258.098,5.098,1
3,medium,6.5,40,DSR,1001,n3,n5,6,43.000,50.787,7.787,1
3,medium,6.5,40,DSR,1001,n3,n5,6,103.000,111.689,8.689,1
3,medium,6.5,40,DSR,1001,n5,n7,7,193.000,198.505,5.505,1
3,medium,6.5,40,DSR,1001,n5,n7,7,253.000,258.098,5.098,1
3,medium,6.5,41,DSDV,1001,n5,n7,7,73.000,82.209,9.209,1
3,medium,6.5,41,DSDV,1001,n5,n7,7,133.000,138.098,5.098,1
3,medium,6.5,41,AODV,1001,n5,n7,7,73.000,82.209,9.209,1
3,medium,6.5,41,AODV,1001,n5,n7,7,133.000,138.098,5.098,1
3,medium,6.5,41,OLSR,1001,n5,n7,7,73.000,82.209,9.209,1
3,medium,6.5,41,OLSR,1001,n5,n7,7,133.000,138.098,5.098,1
3,medium,6.5,41,DSR,1001,n5,n7,7,73.000,82.209,9.209,1
3,medium,6.5,41,DSR,1001,n5,n7,7,133.000,138.098,5.098,1
3,medium,6.5,43,DSDV,1001,n5,n7,7,73.000,78.505,5.505,1
3,medium,6.5,43,DSDV,1001,n5,n7,7,133.000,138.178,5.178,1
3,medium,6.5,43,DSDV,1001,n5,n7,7,193.000,202.029,9.029,1
3,medium,6.5,43,DSDV,1001,n5,n7,7,253.000,260.422,7.422,1
3,medium,6.5,43,DSDV,1001,n5,n7,7,313.000,322.209,9.209,1
3,medium,6.5,43,AODV,1001,n5,n7,7,73.000,78.505,5.505,1
3,medium,6.5,43,AODV,1001,n5,n7,7,133.000,138.178,5.178,1
3,medium,6.5,43,AODV,1001,n5,n7,7,193.000,202.029,9.029,1
3,medium,6.5,43,AODV,1001,n5,n7,7,253.000,260.422,7.422,1
3,medium,6.5,43,AODV,1001,n5,n7,7,313.000,322.209,9.209,1
3,medium,6.5,43,OLSR,1001,n5,n7,7,73.000,78.505,5.505,1
3,medium,6.5,43,OLSR,1001,n5,n7,7,133.000,138.178,5.178,1
3,medium,6.5,43,OLSR,1001,n5,n7,7,193.000,202.029,9.029,1
3,medium,6.5,43,OLSR,1001,n5,n7,7,253.000,260.422,7.422,1
3,medium,6.5,43,OLSR,1001,n5,n7,7,313.000,322.209,9.209,1
3,medium,6.5,43,DSR,1001,n5,n7,7,73.000,78.505,5.505,1
3,medium,6.5,43,DSR,1001,n5,n7,7,133.000,138.178,5.178,1
3,medium,6.5,43,DSR,1001,n5,n7,7,193.000,202.029,9.029,1
3,medium,6.5,43,DSR,1001,n5,n7,7,253.000,260.422,7.422,1
3,medium,6.5,43,DSR,1001,n5,n7,7,313.000,322.209,9.209,1
3,medium,6.5,44,DSDV,1001,n3,n5,6,43.000,51.969,8.969,1
3,medium,6.5,44,DSDV,1001,n3,n5,6,103.000,108.505,5.505,1
3,medium,6.5,44,DSDV,1001,n3,n5,6,163.000,168.178,5.178,1
3,medium,6.5,44,DSDV,1001,n3,n5,6,223.000,232.029,9.029,1
3,medium,6.5,44,DSDV,1001,n3,n5,6,283.000,290.422,7.422,1
3,medium,6.5,44,DSDV,1001,n3,n5,6,343.000,352.209,9.209,1
3,medium,6.5,44,DSDV,1001,n5,n7,7,433.000,438.956,5.956,1
3,medium,6.5,44,DSDV,1001,n5,n7,7,493.000,502.675,9.675,1
3,medium,6.5,44,AODV,1001,n3,n5,6,43.000,51.969,8.969,1
3,medium,6.5,44,AODV,1001,n3,n5,6,103.000,108.505,5.505,1
3,medium,6.5,44,AODV,1001,n3,n5,6,163.000,168.178,5.178,1
3,medium,6.5,44,AODV,1001,n3,n5,6,223.000,232.029,9.029,1
3,medium,6.5,44,AODV,1001,n3,n5,6,283.000,290.422,7.422,1
3,medium,6.5,44,AODV,1001,n3,n5,6,343.000,352.209,9.209,1
3,medium,6.5,44,AODV,1001,n5,n7,7,433.000,438.956,5.956,1
3,medium,6.5,44,AODV,1001,n5,n7,7,493.000,502.675,9.675,1
3,medium,6.5,44,OLSR,1001,n3,n5,6,43.000,51.969,8.969,1
3,medium,6.5,44,OLSR,1001,n3,n5,6,103.000,108.505,5.505,1
3,medium,6.5,44,OLSR,1001,n3,n5,6,163.000,168.178,5.178,1
3,medium,6.5,44,OLSR,1001,n3,n5,6,223.000,232.029,9.029,1
3,medium,6.5,44,OLSR,1001,n3,n5,6,283.000,290.422,7.422,1
3,medium,6.5,44,OLSR,1001,n3,n5,6,343.000,352.209,9.209,1
3,medium,6.5,44,OLSR,1001,n5,n7,7,433.000,438.956,5.956,1
3,medium,6.5,44,OLSR,1001,n5,n7,7,493.000,502.675,9.675,1
3,medium,6.5,44,DSR,1001,n3,n5,6,43.000,51.969,8.969,1
3,medium,6.5,44,DSR,1001,n3,n5,6,103.000,108.505,5.505,1
3,medium,6.5,44,DSR,1001,n3,n5,6,163.000,168.178,5.178,1
3,medium,6.5,44,DSR,1001,n3,n5,6,223.000,232.029,9.029,1
3,medium,6.5,44,DSR,1001,n3,n5,6,283.000,290.422,7.422,1
3,medium,6.5,44,DSR,1001,n3,n5,6,343.000,352.209,9.209,1
3,medium,6.5,44,DSR,1001,n5,n7,7,433.000,438.956,5.956,1
3,medium,6.5,44,DSR,1001,n5,n7,7,493.000,502.675,9.675,1
3,medium,7.0,37,sim,1001,n3,n5,6,43.000,50.323,7.323,1
3,medium,7.0,37,sim,1001,n5,n7,7,133.000,138.378,5.378,1
3,medium,7.0,37,sim,1001,n5,n7,7,193.000,198.645,5.645,1
3,medium,7.0,37,sim,1001,n5,n7,7,253.000,260.182,7.182,1
3,medium,7.0,37,sim,1001,n5,n7,7,313.000,318.891,5.891,1
3,medium,7.0,37,sim,1001,n5,n7,7,373.000,379.156,6.156,1
3,medium,7.0,37,sim,1001,n5,n7,7,433.000,439.834,6.834,1
3,medium,7.0,37,AODV,1001,n3,n5,6,43.000,50.323,7.323,1
3,medium,7.0,37,AODV,1001,n5,n7,7,133.000,138.378,5.378,1
3,medium,7.0,37,AODV,1001,n5,n7,7,193.000,198.645,5.645,1
3,medium,7.0,37,AODV,1001,n5,n7,7,253.000,260.182,7.182,1
3,medium,7.0,37,AODV,1001,n5,n7,7,313.000,318.891,5.891,1
3,medium,7.0,37,AODV,1001,n5,n7,7,373.000,379.156,6.156,1
3,medium,7.0,37,AODV,1001,n5,n7,7,433.000,439.834,6.834,1
3,medium,7.0,37,OLSR,1001,n3,n5,6,43.000,50.323,7.323,1
3,medium,7.0,37,OLSR,1001,n5,n7,7,133.000,138.378,5.378,1
3,medium,7.0,37,OLSR,1001,n5,n7,7,193.000,198.645,5.645,1
3,medium,7.0,37,OLSR,1001,n5,n7,7,253.000,260.182,7.182,1
3,medium,7.0,37,OLSR,1001,n5,n7,7,313.000,318.891,5.891,1
3,medium,7.0,37,OLSR,1001,n5,n7,7,373.000,379.156,6.156,1
3,medium,7.0,37,OLSR,1001,n5,n7,7,433.000,439.834,6.834,1
3,medium,7.0,37,DSR,1001,n3,n5,6,43.000,50.323,7.323,1
3,medium,7.0,37,DSR,1001,n5,n7,7,133.000,138.378,5.378,1
3,medium,7.0,37,DSR,1001,n5,n7,7,193.000,198.645,5.645,1
3,medium,7.0,37,DSR,1001,n5,n7,7,253.000,260.182,7.182,1
3,medium,7.0,37,DSR,1001,n5,n7,7,313.000,318.891,5.891,1
3,medium,7.0,37,DSR,1001,n5,n7,7,373.000,379.156,6.156,1
3,medium,7.0,37,DSR,1001,n5,n7,7,433.000,439.834,6.834,1
3,medium,7.0,38,DSDV,1001,n5,n7,7,73.000,78.645,5.645,1
3,medium,7.0,38,DSDV,1001,n5,n7,7,133.000,139.976,6.976,1
3,medium,7.0,38,AODV,1001,n5,n7,7,73.000,78.645,5.645,1
3,medium,7.0,38,AODV,1001,n5,n7,7,133.000,139.976,6.976,1
3,medium,7.0,38,OLSR,1001,n5,n7,7,73.000,78.645,5.645,1
3,medium,7.0,38,OLSR,1001,n5,n7,7,133.000,139.976,6.976,1
3,medium,7.0,38,DSR,1001,n5,n7,7,73.000,78.645,5.645,1
3,medium,7.0,38,DSR,1001,n5,n7,7,133.000,139.976,6.976,1
3,medium,7.0,39,DSDV,1001,n5,n7,7,73.000,78.891,5.891,1
3,medium,7.0,39,DSDV,1001,n5,n7,7,133.000,142.437,9.437,1
3,medium,7.0,39,DSDV,1001,n5,n7,7,193.000,198.765,5.765,1
3,medium,7.0,39,DSDV,1001,n5,n7,7,253.000,259.976,6.976,1
3,medium,7.0,39,AODV,1001,n5,n7,7,73.000,78.891,5.891,1
3,medium,7.0,39,AODV,1001,n5,n7,7,133.000,142.437,9.437,1
3,medium,7.0,39,AODV,1001,n5,n7,7,193.000,198.765,5.765,1
3,medium,7.0,39,AODV,1001,n5,n7,7,253.000,259.976,6.976,1
3,medium,7.0,39,OLSR,1001,n5,n7,7,73.000,78.891,5.891,1
3,medium,7.0,39,OLSR,1001,n5,n7,7,133.000,142.437,9.437,1
3,medium,7.0,39,OLSR,1001,n5,n7,7,193.000,198.765,5.765,1
3,medium,7.0,39,OLSR,1001,n5,n7,7,253.000,259.976,6.976,1
3,medium,7.0,39,DSR,1001,n5,n7,7,73.000,78.891,5.891,1
3,medium,7.0,39,DSR,1001,n5,n7,7,133.000,142.437,9.437,1
3,medium,7.0,39,DSR,1001,n5,n7,7,193.000,198.765,5.765,1
3,medium,7.0,39,DSR,1001,n5,n7,7,253.000,259.976,6.976,1
3,medium,7.0,40,DSDV,1001,n3,n5,6,43.000,50.787,7.787,1
3,medium,7.0,40,DSDV,1001,n3,n5,6,103.000,111.689,8.689,1
3,medium,7.0,40,DSDV,1001,n5,n7,7,193.000,198.505,5.505,1
3,medium,7.0,40,DSDV,1001,n5,n7,7,253.000,258.098,5.098,1
3,medium,7.0,40,AODV,1001,n3,n5,6,43.000,50.787,7.787,1
3,medium,7.0,40,AODV,1001,n3,n5,6,103.000,111.689,8.689,1
3,medium,7.0,40,AODV,1001,n5,n7,7,193.000,198.505,5.505,1
3,medium,7.0,40,AODV,1001,n5,n7,7,253.000,258.098,5.098,1
3,medium,7.0,40,OLSR,1001,n3,n5,6,43.000,50.787,7.787,1
3,medium,7.0,40,OLSR,1001,n3,n5,6,103.000,111.689,8.689,1
3,medium,7.0,40,OLSR,1001,n5,n7,7,193.000,198.505,5.505,1
3,medium,7.0,40,OLSR,1001,n5,n7,7,253.000,258.098,5.098,1
3,medium,7.0,40,DSR,1001,n3,n5,6,43.000,50.787,7.787,1
3,medium,7.0,40,DSR,1001,n3,n5,6,103.000,111.689,8.689,1
3,medium,7.0,40,DSR,1001,n5,n7,7,193.000,198.505,5.505,1
3,medium,7.0,40,DSR,1001,n5,n7,7,253.000,258.098,5.098,1
3,medium,7.0,41,DSDV,1001,n5,n7,7,73.000,82.209,9.209,1
3,medium,7.0,41,DSDV,1001,n5,n7,7,133.000,138.098,5.098,1
3,medium,7.0,41,AODV,1001,n5,n7,7,73.000,82.209,9.209,1
3,medium,7.0,41,AODV,1001,n5,n7,7,133.000,138.098,5.098,1
3,medium,7.0,41,OLSR,1001,n5,n7,7,73.000,82.209,9.209,1
3,medium,7.0,41,OLSR,1001,n5,n7,7,133.000,138.098,5.098,1
3,medium,7.0,41,DSR,1001,n5,n7,7,73.000,82.209,9.209,1
3,medium,7.0,41,DSR,1001,n5,n7,7,133.000,138.098,5.098,1
3,medium,7.0,43,DSDV,1001,n5,n7,7,73.000,78.505,5.505,1
3,medium,7.0,43,DSDV,1001,n5,n7,7,133.000,138.178,5.178,1
3,medium,7.0,43,DSDV,1001,n5,n7,7,193.000,202.029,9.029,1
3,medium,7.0,43,DSDV,1001,n5,n7,7,253.000,260.422,7.422,1
3,medium,7.0,43,DSDV,1001,n5,n7,7,313.000,322.209,9.209,1
3,medium,7.0,43,AODV,1001,n5,n7,7,73.000,78.505,5.505,1
3,medium,7.0,43,AODV,1001,n5,n7,7,133.000,138.178,5.178,1
3,medium,7.0,43,AODV,1001,n5,n7,7,193.000,202.029,9.029,1
3,medium,7.0,43,AODV,1001,n5,n7,7,253.000,260.422,7.422,1
3,medium,7.0,43,AODV,1001,n5,n7,7,313.000,322.209,9.209,1
3,medium,7.0,43,OLSR,1001,n5,n7,7,73.000,78.505,5.505,1
3,medium,7.0,43,OLSR,1001,n5,n7,7,133.000,138.178,5.178,1
3,medium,7.0,43,OLSR,1001,n5,n7,7,193.000,202.029,9.029,1
3,medium,7.0,43,OLSR,1001,n5,n7,7,253.000,260.422,7.422,1
3,medium,7.0,43,OLSR,1001,n5,n7,7,313.000,322.209,9.209,1
3,medium,7.0,43,DSR,1001,n5,n7,7,73.000,78.505,5.505,1
3,medium,7.0,43,DSR,1001,n5,n7,7,133.000,138.178,5.178,1
3,medium,7.0,43,DSR,1001,n5,n7,7,193.000,202.029,9.029,1
3,medium,7.0,43,DSR,1001,n5,n7,7,253.000,260.422,7.422,1
3,medium,7.0,43,DSR,1001,n5,n7,7,313.000,322.209,9.209,1
3,medium,7.0,44,DSDV,1001,n3,n5,6,43.000,51.969,8.969,1
3,medium,7.0,44,DSDV,1001,n3,n5,6,103.000,108.505,5.505,1
3,medium,7.0,44,DSDV,1001,n3,n5,6,163.000,168.178,5.178,1
3,medium,7.0,44,DSDV,1001,n3,n5,6,223.000,232.029,9.029,1
3,medium,7.0,44,DSDV,1001,n3,n5,6,283.000,290.422,7.422,1
3,medium,7.0,44,DSDV,1001,n3,n5,6,343.000,352.209,9.209,1
3,medium,7.0,44,DSDV,1001,n5,n7,7,433.000,438.956,5.956,1
3,medium,7.0,44,DSDV,1001,n5,n7,7,493.000,502.675,9.675,1
3,medium,7.0,44,AODV,1001,n3,n5,6,43.000,51.969,8.969,1
3,medium,7.0,44,AODV,1001,n3,n5,6,103.000,108.505,5.505,1
3,medium,7.0,44,AODV,1001,n3,n5,6,163.000,168.178,5.178,1
3,medium,7.0,44,AODV,1001,n3,n5,6,223.000,232.029,9.029,1
3,medium,7.0,44,AODV,1001,n3,n5,6,283.000,290.422,7.422,1
3,medium,7.0,44,AODV,1001,n3,n5,6,343.000,352.209,9.209,1
3,medium,7.0,44,AODV,1001,n5,n7,7,433.000,438.956,5.956,1
3,medium,7.0,44,AODV,1001,n5,n7,7,493.000,502.675,9.675,1
3,medium,7.0,44,OLSR,1001,n3,n5,6,43.000,51.969,8.969,1
3,medium,7.0,44,OLSR,1001,n3,n5,6,103.000,108.505,5.505,1
3,medium,7.0,44,OLSR,1001,n3,n5,6,163.000,168.178,5.178,1
3,medium,7.0,44,OLSR,1001,n3,n5,6,223.000,232.029,9.029,1
3,medium,7.0,44,OLSR,1001,n3,n5,6,283.000,290.422,7.422,1
3,medium,7.0,44,OLSR,1001,n3,n5,6,343.000,352.209,9.209,1
3,medium,7.0,44,OLSR,1001,n5,n7,7,433.000,438.956,5.956,1
3,medium,7.0,44,OLSR,1001,n5,n7,7,493.000,502.675,9.675,1
3,medium,7.0,44,DSR,1001,n3,n5,6,43.000,51.969,8.969,1
3,medium,7.0,44,DSR,1001,n3,n5,6,103.000,108.505,5.505,1
3,medium,7.0,44,DSR,1001,n3,n5,6,163.000,168.178,5.178,1
3,medium,7.0,44,DSR,1001,n3,n5,6,223.000,232.029,9.029,1
3,medium,7.0,44,DSR,1001,n3,n5,6,283.000,290.422,7.422,1
3,medium,7.0,44,DSR,1001,n3,n5,6,343.000,352.209,9.209,1
3,medium,7.0,44,DSR,1001,n5,n7,7,433.000,438.956,5.956,1
3,medium,7.0,44,DSR,1001,n5,n7,7,493.000,502.675,9.675,1
3,medium,8.0,37,sim,1001,n3,n5,6,43.000,50.323,7.323,1
3,medium,8.0,37,sim,1001,n5,n7,7,133.000,138.378,5.378,1
3,medium,8.0,37,sim,1001,n5,n7,7,193.000,198.645,5.645,1
3,medium,8.0,37,sim,1001,n5,n7,7,253.000,260.182,7.182,1
3,medium,8.0,37,sim,1001,n5,n7,7,313.000,318.891,5.891,1
3,medium,8.0,37,sim,1001,n5,n7,7,373.000,379.156,6.156,1
3,medium,8.0,37,sim,1001,n5,n7,7,433.000,439.834,6.834,1
3,medium,8.0,37,AODV,1001,n3,n5,6,43.000,50.323,7.323,1
3,medium,8.0,37,AODV,1001,n5,n7,7,133.000,138.378,5.378,1
3,medium,8.0,37,AODV,1001,n5,n7,7,193.000,198.645,5.645,1
3,medium,8.0,37,AODV,1001,n5,n7,7,253.000,260.182,7.182,1
3,medium,8.0,37,AODV,1001,n5,n7,7,313.000,318.891,5.891,1
3,medium,8.0,37,AODV,1001,n5,n7,7,373.000,379.156,6.156,1
3,medium,8.0,37,AODV,1001,n5,n7,7,433.000,439.834,6.834,1
3,medium,8.0,37,OLSR,1001,n3,n5,6,43.000,50.323,7.323,1
3,medium,8.0,37,OLSR,1001,n5,n7,7,133.000,138.378,5.378,1
3,medium,8.0,37,OLSR,1001,n5,n7,7,193.000,198.645,5.645,1
3,medium,8.0,37,OLSR,1001,n5,n7,7,253.000,260.182,7.182,1
3,medium,8.0,37,OLSR,1001,n5,n7,7,313.000,318.891,5.891,1
3,medium,8.0,37,OLSR,1001,n5,n7,7,373.000,379.156,6.156,1
3,medium,8.0,37,OLSR,1001,n5,n7,7,433.000,439.834,6.834,1
3,medium,8.0,37,DSR,1001,n3,n5,6,43.000,50.323,7.323,1
3,medium,8.0,37,DSR,1001,n5,n7,7,133.000,138.378,5.378,1
3,medium,8.0,37,DSR,1001,n5,n7,7,193.000,198.645,5.645,1
3,medium,8.0,37,DSR,1001,n5,n7,7,253.000,260.182,7.182,1
3,medium,8.0,37,DSR,1001,n5,n7,7,313.000,318.891,5.891,1
3,medium,8.0,37,DSR,1001,n5,n7,7,373.000,379.156,6.156,1
3,medium,8.0,37,DSR,1001,n5,n7,7,433.000,439.834,6.834,1
3,medium,8.0,38,DSDV,1001,n5,n7,7,73.000,78.645,5.645,1
3,medium,8.0,38,DSDV,1001,n5,n7,7,133.000,139.976,6.976,1
3,medium,8.0,38,AODV,1001,n5,n7,7,73.000,78.645,5.645,1
3,medium,8.0,38,AODV,1001,n5,n7,7,133.000,139.976,6.976,1
3,medium,8.0,38,OLSR,1001,n5,n7,7,73.000,78.645,5.645,1
3,medium,8.0,38,OLSR,1001,n5,n7,7,133.000,139.976,6.976,1
3,medium,8.0,38,DSR,1001,n5,n7,7,73.000,78.645,5.645,1
3,medium,8.0,38,DSR,1001,n5,n7,7,133.000,139.976,6.976,1
3,medium,8.0,39,DSDV,1001,n5,n7,7,73.000,78.891,5.891,1
3,medium,8.0,39,DSDV,1001,n5,n7,7,133.000,142.437,9.437,1
3,medium,8.0,39,DSDV,1001,n5,n7,7,193.000,198.765,5.765,1
3,medium,8.0,39,DSDV,1001,n5,n7,7,253.000,259.976,6.976,1
3,medium,8.0,39,AODV,1001,n5,n7,7,73.000,78.891,5.891,1
3,medium,8.0,39,AODV,1001,n5,n7,7,133.000,142.437,9.437,1
3,medium,8.0,39,AODV,1001,n5,n7,7,193.000,198.765,5.765,1
3,medium,8.0,39,AODV,1001,n5,n7,7,253.000,259.976,6.976,1
3,medium,8.0,39,OLSR,1001,n5,n7,7,73.000,78.891,5.891,1
3,medium,8.0,39,OLSR,1001,n5,n7,7,133.000,142.437,9.437,1
3,medium,8.0,39,OLSR,1001,n5,n7,7,193.000,198.765,5.765,1
3,medium,8.0,39,OLSR,1001,n5,n7,7,253.000,259.976,6.976,1
3,medium,8.0,39,DSR,1001,n5,n7,7,73.000,78.891,5.891,1
3,medium,8.0,39,DSR,1001,n5,n7,7,133.000,142.437,9.437,1
3,medium,8.0,39,DSR,1001,n5,n7,7,193.000,198.765,5.765,1
3,medium,8.0,39,DSR,1001,n5,n7,7,253.000,259.976,6.976,1
3,medium,8.0,40,DSDV,1001,n3,n5,6,43.000,50.787,7.787,1
3,medium,8.0,40,DSDV,1001,n3,n5,6,103.000,111.689,8.689,1
3,medium,8.0,40,DSDV,1001,n5,n7,7,193.000,198.505,5.505,1
3,medium,8.0,40,DSDV,1001,n5,n7,7,253.000,258.098,5.098,1
3,medium,8.0,40,AODV,1001,n3,n5,6,43.000,50.787,7.787,1
3,medium,8.0,40,AODV,1001,n3,n5,6,103.000,111.689,8.689,1
3,medium,8.0,40,AODV,1001,n5,n7,7,193.000,198.505,5.505,1
3,medium,8.0,40,AODV,1001,n5,n7,7,253.000,258.098,5.098,1
3,medium,8.0,40,OLSR,1001,n3,n5,6,43.000,50.787,7.787,1
3,medium,8.0,40,OLSR,1001,n3,n5,6,103.000,111.689,8.689,1
3,medium,8.0,40,OLSR,1001,n5,n7,7,193.000,198.505,5.505,1
3,medium,8.0,40,OLSR,1001,n5,n7,7,253.000,258.098,5.098,1
3,medium,8.0,40,DSR,1001,n3,n5,6,43.000,50.787,7.787,1
3,medium,8.0,40,DSR,1001,n3,n5,6,103.000,111.689,8.689,1
3,medium,8.0,40,DSR,1001,n5,n7,7,193.000,198.505,5.505,1
3,medium,8.0,40,DSR,1001,n5,n7,7,253.000,258.098,5.098,1
3,medium,8.0,41,DSDV,1001,n5,n7,7,73.000,82.209,9.209,1
3,medium,8.0,41,DSDV,1001,n5,n7,7,133.000,138.098,5.098,1
3,medium,8.0,41,AODV,1001,n5,n7,7,73.000,82.209,9.209,1
3,medium,8.0,41,AODV,1001,n5,n7,7,133.000,138.098,5.098,1
3,medium,8.0,41,OLSR,1001,n5,n7,7,73.000,82.209,9.209,1
3,medium,8.0,41,OLSR,1001,n5,n7,7,133.000,138.098,5.098,1
3,medium,8.0,41,DSR,1001,n5,n7,7,73.000,82.209,9.209,1
3,medium,8.0,41,DSR,1001,n5,n7,7,133.000,138.098,5.098,1
3,medium,8.0,43,DSDV,1001,n5,n7,7,73.000,78.505,5.505,1
3,medium,8.0,43,DSDV,1001,n5,n7,7,133.000,138.178,5.178,1
3,medium,8.0,43,DSDV,1001,n5,n7,7,193.000,202.029,9.029,1
3,medium,8.0,43,DSDV,1001,n5,n7,7,253.000,260.422,7.422,1
3,medium,8.0,43,DSDV,1001,n5,n7,7,313.000,322.209,9.209,1
3,medium,8.0,43,AODV,1001,n5,n7,7,73.000,78.505,5.505,1
3,medium,8.0,43,AODV,1001,n5,n7,7,133.000,138.178,5.178,1
3,medium,8.0,43,AODV,1001,n5,n7,7,193.000,202.029,9.029,1
3,medium,8.0,43,AODV,1001,n5,n7,7,253.000,260.422,7.422,1
3,medium,8.0,43,AODV,1001,n5,n7,7,313.000,322.209,9.209,1
3,medium,8.0,43,OLSR,1001,n5,n7,7,73.000,78.505,5.505,1
3,medium,8.0,43,OLSR,1001,n5,n7,7,133.000,138.178,5.178,1
3,medium,8.0,43,OLSR,1001,n5,n7,7,193.000,202.029,9.029,1
3,medium,8.0,43,OLSR,1001,n5,n7,7,253.000,260.422,7.422,1
3,medium,8.0,43,OLSR,1001,n5,n7,7,313.000,322.209,9.209,1
3,medium,8.0,43,DSR,1001,n5,n7,7,73.000,78.505,5.505,1
3,medium,8.0,43,DSR,1001,n5,n7,7,133.000,138.178,5.178,1
3,medium,8.0,43,DSR,1001,n5,n7,7,193.000,202.029,9.029,1
3,medium,8.0,43,DSR,1001,n5,n7,7,253.000,260.422,7.422,1
3,medium,8.0,43,DSR,1001,n5,n7,7,313.000,322.209,9.209,1
3,medium,8.0,44,DSDV,1001,n3,n5,6,43.000,51.969,8.969,1
3,medium,8.0,44,DSDV,1001,n3,n5,6,103.000,108.505,5.505,1
3,medium,8.0,44,DSDV,1001,n3,n5,6,163.000,168.178,5.178,1
3,medium,8.0,44,DSDV,1001,n3,n5,6,223.000,232.029,9.029,1
3,medium,8.0,44,DSDV,1001,n3,n5,6,283.000,290.422,7.422,1
3,medium,8.0,44,DSDV,1001,n3,n5,6,343.000,352.209,9.209,1
3,medium,8.0,44,DSDV,1001,n5,n7,7,433.000,438.956,5.956,1
3,medium,8.0,44,DSDV,1001,n5,n7,7,493.000,502.675,9.675,1
3,medium,8.0,44,AODV,1001,n3,n5,6,43.000,51.969,8.969,1
3,medium,8.0,44,AODV,1001,n3,n5,6,103.000,108.505,5.505,1
3,medium,8.0,44,AODV,1001,n3,n5,6,163.000,168.178,5.178,1
3,medium,8.0,44,AODV,1001,n3,n5,6,223.000,232.029,9.029,1
3,medium,8.0,44,AODV,1001,n3,n5,6,283.000,290.422,7.422,1
3,medium,8.0,44,AODV,1001,n3,n5,6,343.000,352.209,9.209,1
3,medium,8.0,44,AODV,1001,n5,n7,7,433.000,438.956,5.956,1
3,medium,8.0,44,AODV,1001,n5,n7,7,493.000,502.675,9.675,1
3,medium,8.0,44,OLSR,1001,n3,n5,6,43.000,51.969,8.969,1
3,medium,8.0,44,OLSR,1001,n3,n5,6,103.000,108.505,5.505,1
3,medium,8.0,44,OLSR,1001,n3,n5,6,163.000,168.178,5.178,1
3,medium,8.0,44,OLSR,1001,n3,n5,6,223.000,232.029,9.029,1
3,medium,8.0,44,OLSR,1001,n3,n5,6,283.000,290.422,7.422,1
3,medium,8.0,44,OLSR,1001,n3,n5,6,343.000,352.209,9.209,1
3,medium,8.0,44,OLSR,1001,n5,n7,7,433.000,438.956,5.956,1
3,medium,8.0,44,OLSR,1001,n5,n7,7,493.000,502.675,9.675,1
3,medium,8.0,44,DSR,1001,n3,n5,6,43.000,51.969,8.969,1
3,medium,8.0,44,DSR,1001,n3,n5,6,103.000,108.505,5.505,1
3,medium,8.0,44,DSR,1001,n3,n5,6,163.000,168.178,5.178,1
3,medium,8.0,44,DSR,1001,n3,n5,6,223.000,232.029,9.029,1
3,medium,8.0,44,DSR,1001,n3,n5,6,283.000,290.422,7.422,1
3,medium,8.0,44,DSR,1001,n3,n5,6,343.000,352.209,9.209,1
3,medium,8.0,44,DSR,1001,n5,n7,7,433.000,438.956,5.956,1
3,medium,8.0,44,DSR,1001,n5,n7,7,493.000,502.675,9.675,1
3,medium,10.0,37,sim,1001,n3,n5,6,43.000,50.323,7.323,1
3,medium,10.0,37,sim,1001,n5,n7,7,133.000,138.378,5.378,1
3,medium,10.0,37,sim,1001,n5,n7,7,193.000,198.645,5.645,1
3,medium,10.0,37,sim,1001,n5,n7,7,253.000,260.182,7.182,1
3,medium,10.0,37,sim,1001,n5,n7,7,313.000,318.891,5.891,1
3,medium,10.0,37,sim,1001,n5,n7,7,373.000,379.156,6.156,1
3,medium,10.0,37,sim,1001,n5,n7,7,433.000,439.834,6.834,1
3,medium,10.0,37,AODV,1001,n3,n5,6,43.000,50.323,7.323,1
3,medium,10.0,37,AODV,1001,n5,n7,7,133.000,138.378,5.378,1
3,medium,10.0,37,AODV,1001,n5,n7,7,193.000,198.645,5.645,1
3,medium,10.0,37,AODV,1001,n5,n7,7,253.000,260.182,7.182,1
3,medium,10.0,37,AODV,1001,n5,n7,7,313.000,318.891,5.891,1
3,medium,10.0,37,AODV,1001,n5,n7,7,373.000,379.156,6.156,1
3,medium,10.0,37,AODV,1001,n5,n7,7,433.000,439.834,6.834,1
3,medium,10.0,37,OLSR,1001,n3,n5,6,43.000,50.323,7.323,1
3,medium,10.0,37,OLSR,1001,n5,n7,7,133.000,138.378,5.378,1
3,medium,10.0,37,OLSR,1001,n5,n7,7,193.000,198.645,5.645,1
3,medium,10.0,37,OLSR,1001,n5,n7,7,253.000,260.182,7.182,1
3,medium,10.0,37,OLSR,1001,n5,n7,7,313.000,318.891,5.891,1
3,medium,10.0,37,OLSR,1001,n5,n7,7,373.000,379.156,6.156,1
3,medium,10.0,37,OLSR,1001,n5,n7,7,433.000,439.834,6.834,1
3,medium,10.0,37,DSR,1001,n3,n5,6,43.000,50.323,7.323,1
3,medium,10.0,37,DSR,1001,n5,n7,7,133.000,138.378,5.378,1
3,medium,10.0,37,DSR,1001,n5,n7,7,193.000,198.645,5.645,1
3,medium,10.0,37,DSR,1001,n5,n7,7,253.000,260.182,7.182,1
3,medium,10.0,37,DSR,1001,n5,n7,7,313.000,318.891,5.891,1
3,medium,10.0,37,DSR,1001,n5,n7,7,373.000,379.156,6.156,1
3,medium,10.0,37,DSR,1001,n5,n7,7,433.000,439.834,6.834,1
3,medium,10.0,38,DSDV,1001,n5,n7,7,73.000,78.645,5.645,1
3,medium,10.0,38,DSDV,1001,n5,n7,7,133.000,139.976,6.976,1
3,medium,10.0,38,AODV,1001,n5,n7,7,73.000,78.645,5.645,1
3,medium,10.0,38,AODV,1001,n5,n7,7,133.000,139.976,6.976,1
3,medium,10.0,38,OLSR,1001,n5,n7,7,73.000,78.645,5.645,1
3,medium,10.0,38,OLSR,1001,n5,n7,7,133.000,139.976,6.976,1
3,medium,10.0,38,DSR,1001,n5,n7,7,73.000,78.645,5.645,1
3,medium,10.0,38,DSR,1001,n5,n7,7,133.000,139.976,6.976,1
3,medium,10.0,39,DSDV,1001,n5,n7,7,73.000,78.891,5.891,1
3,medium,10.0,39,DSDV,1001,n5,n7,7,133.000,142.437,9.437,1
3,medium,10.0,39,DSDV,1001,n5,n7,7,193.000,198.765,5.765,1
3,medium,10.0,39,DSDV,1001,n5,n7,7,253.000,259.976,6.976,1
3,medium,10.0,39,AODV,1001,n5,n7,7,73.000,78.891,5.891,1
3,medium,10.0,39,AODV,1001,n5,n7,7,133.000,142.437,9.437,1
3,medium,10.0,39,AODV,1001,n5,n7,7,193.000,198.765,5.765,1
3,medium,10.0,39,AODV,1001,n5,n7,7,253.000,259.976,6.976,1
3,medium,10.0,39,OLSR,1001,n5,n7,7,73.000,78.891,5.891,1
3,medium,10.0,39,OLSR,1001,n5,n7,7,133.000,142.437,9.437,1
3,medium,10.0,39,OLSR,1001,n5,n7,7,193.000,198.765,5.765,1
3,medium,10.0,39,OLSR,1001,n5,n7,7,253.000,259.976,6.976,1
3,medium,10.0,39,DSR,1001,n5,n7,7,73.000,78.891,5.891,1
3,medium,10.0,39,DSR,1001,n5,n7,7,133.000,142.437,9.437,1
3,medium,10.0,39,DSR,1001,n5,n7,7,193.000,198.765,5.765,1
3,medium,10.0,39,DSR,1001,n5,n7,7,253.000,259.976,6.976,1
3,medium,10.0,40,DSDV,1001,n3,n5,6,43.000,50.787,7.787,1
3,medium,10.0,40,DSDV,1001,n3,n5,6,103.000,111.689,8.689,1
3,medium,10.0,40,DSDV,1001,n5,n7,7,193.000,198.505,5.505,1
3,medium,10.0,40,DSDV,1001,n5,n7,7,253.000,258.098,5.098,1
3,medium,10.0,40,AODV,1001,n3,n5,6,43.000,50.787,7.787,1
3,medium,10.0,40,AODV,1001,n3,n5,6,103.000,111.689,8.689,1
3,medium,10.0,40,AODV,1001,n5,n7,7,193.000,198.505,5.505,1
3,medium,10.0,40,AODV,1001,n5,n7,7,253.000,258.098,5.098,1
3,medium,10.0,40,OLSR,1001,n3,n5,6,43.000,50.787,7.787,1
3,medium,10.0,40,OLSR,1001,n3,n5,6,103.000,111.689,8.689,1
3,medium,10.0,40,OLSR,1001,n5,n7,7,193.000,198.505,5.505,1
3,medium,10.0,40,OLSR,1001,n5,n7,7,253.000,258.098,5.098,1
3,medium,10.0,40,DSR,1001,n3,n5,6,43.000,50.787,7.787,1
3,medium,10.0,40,DSR,1001,n3,n5,6,103.000,111.689,8.689,1
3,medium,10.0,40,DSR,1001,n5,n7,7,193.000,198.505,5.505,1
3,medium,10.0,40,DSR,1001,n5,n7,7,253.000,258.098,5.098,1
3,medium,10.0,41,DSDV,1001,n5,n7,7,73.000,82.209,9.209,1
3,medium,10.0,41,DSDV,1001,n5,n7,7,133.000,138.098,5.098,1
3,medium,10.0,41,AODV,1001,n5,n7,7,73.000,82.209,9.209,1
3,medium,10.0,41,AODV,1001,n5,n7,7,133.000,138.098,5.098,1
3,medium,10.0,41,OLSR,1001,n5,n7,7,73.000,82.209,9.209,1
3,medium,10.0,41,OLSR,1001,n5,n7,7,133.000,138.098,5.098,1
3,medium,10.0,41,DSR,1001,n5,n7,7,73.000,82.209,9.209,1
3,medium,10.0,41,DSR,1001,n5,n7,7,133.000,138.098,5.098,1
3,medium,10.0,43,DSDV,1001,n5,n7,7,73.000,78.505,5.505,1
3,medium,10.0,43,DSDV,1001,n5,n7,7,133.000,138.178,5.178,1
3,medium,10.0,43,DSDV,1001,n5,n7,7,193.000,202.029,9.029,1
3,medium,10.0,43,DSDV,1001,n5,n7,7,253.000,260.422,7.422,1
3,medium,10.0,43,DSDV,1001,n5,n7,7,313.000,322.209,9.209,1
3,medium,10.0,43,AODV,1001,n5,n7,7,73.000,78.505,5.505,1
3,medium,10.0,43,AODV,1001,n5,n7,7,133.000,138.178,5.178,1
3,medium,10.0,43,AODV,1001,n5,n7,7,193.000,202.029,9.029,1
3,medium,10.0,43,AODV,1001,n5,n7,7,253.000,260.422,7.422,1
3,medium,10.0,43,AODV,1001,n5,n7,7,313.000,322.209,9.209,1
3,medium,10.0,43,OLSR,1001,n5,n7,7,73.000,78.505,5.505,1
3,medium,10.0,43,OLSR,1001,n5,n7,7,133.000,138.178,5.178,1
3,medium,10.0,43,OLSR,1001,n5,n7,7,193.000,202.029,9.029,1
3,medium,10.0,43,OLSR,1001,n5,n7,7,253.000,260.422,7.422,1
3,medium,10.0,43,OLSR,1001,n5,n7,7,313.000,322.209,9.209,1
3,medium,10.0,43,DSR,1001,n5,n7,7,73.000,78.505,5.505,1
3,medium,10.0,43,DSR,1001,n5,n7,7,133.000,138.178,5.178,1
3,medium,10.0,43,DSR,1001,n5,n7,7,193.000,202.029,9.029,1
3,medium,10.0,43,DSR,1001,n5,n7,7,253.000,260.422,7.422,1
3,medium,10.0,43,DSR,1001,n5,n7,7,313.000,322.209,9.209,1
3,medium,10.0,44,DSDV,1001,n3,n5,6,43.000,51.969,8.969,1
3,medium,10.0,44,DSDV,1001,n3,n5,6,103.000,108.505,5.505,1
3,medium,10.0,44,DSDV,1001,n3,n5,6,163.000,168.178,5.178,1
3,medium,10.0,44,DSDV,1001,n3,n5,6,223.000,232.029,9.029,1
3,medium,10.0,44,DSDV,1001,n3,n5,6,283.000,290.422,7.422,1
3,medium,10.0,44,DSDV,1001,n3,n5,6,343.000,352.209,9.209,1
3,medium,10.0,44,DSDV,1001,n5,n7,7,433.000,438.956,5.956,1
3,medium,10.0,44,DSDV,1001,n5,n7,7,493.000,502.675,9.675,1
3,medium,10.0,44,AODV,1001,n3,n5,6,43.000,51.969,8.969,1
3,medium,10.0,44,AODV,1001,n3,n5,6,103.000,108.505,5.505,1
3,medium,10.0,44,AODV,1001,n3,n5,6,163.000,168.178,5.178,1
3,medium,10.0,44,AODV,1001,n3,n5,6,223.000,232.029,9.029,1
3,medium,10.0,44,AODV,1001,n3,n5,6,283.000,290.422,7.422,1
3,medium,10.0,44,AODV,1001,n3,n5,6,343.000,352.209,9.209,1
3,medium,10.0,44,AODV,1001,n5,n7,7,433.000,438.956,5.956,1
3,medium,10.0,44,AODV,1001,n5,n7,7,493.000,502.675,9.675,1
3,medium,10.0,44,OLSR,1001,n3,n5,6,43.000,51.969,8.969,1
3,medium,10.0,44,OLSR,1001,n3,n5,6,103.000,108.505,5.505,1
3,medium,10.0,44,OLSR,1001,n3,n5,6,163.000,168.178,5.178,1
3,medium,10.0,44,OLSR,1001,n3,n5,6,223.000,232.029,9.029,1
3,medium,10.0,44,OLSR,1001,n3,n5,6,283.000,290.422,7.422,1
3,medium,10.0,44,OLSR,1001,n3,n5,6,343.000,352.209,9.209,1
3,medium,10.0,44,OLSR,1001,n5,n7,7,433.000,438.956,5.956,1
3,medium,10.0,44,OLSR,1001,n5,n7,7,493.000,502.675,9.675,1
3,medium,10.0,44,DSR,1001,n3,n5,6,43.000,51.969,8.969,1
3,medium,10.0,44,DSR,1001,n3,n5,6,103.000,108.505,5.505,1
3,medium,10.0,44,DSR,1001,n3,n5,6,163.000,168.178,5.178,1
3,medium,10.0,44,DSR,1001,n3,n5,6,223.000,232.029,9.029,1
3,medium,10.0,44,DSR,1001,n3,n5,6,283.000,290.422,7.422,1
3,medium,10.0,44,DSR,1001,n3,n5,6,343.000,352.209,9.209,1
3,medium,10.0,44,DSR,1001,n5,n7,7,433.000,438.956,5.956,1
3,medium,10.0,44,DSR,1001,n5,n7,7,493.000,502.675,9.675,1
